split,label,label_name,subtype,aug_type,distortion_type,source_file,output_file
train,0,clean,standard_clean,none,,data\split\train\FAMILY-1\CHILD\FM001_C2.png,data\classifier_v4\train\clean\std_clean_0000__FAMILY-1__CHILD__FM001_C2.png
train,0,clean,standard_clean,none,,data\split\train\FAMILY-1\CHILD\FM001_C3.png,data\classifier_v4\train\clean\std_clean_0001__FAMILY-1__CHILD__FM001_C3.png
train,0,clean,standard_clean,none,,data\split\train\FAMILY-1\CHILD\FM001_C4.png,data\classifier_v4\train\clean\std_clean_0002__FAMILY-1__CHILD__FM001_C4.png
train,0,clean,standard_clean,none,,data\split\train\FAMILY-1\CHILD\FM001_C5.png,data\classifier_v4\train\clean\std_clean_0003__FAMILY-1__CHILD__FM001_C5.png
train,0,clean,standard_clean,none,,data\split\train\FAMILY-1\FATHER\FM001_F1.png,data\classifier_v4\train\clean\std_clean_0004__FAMILY-1__FATHER__FM001_F1.png
train,0,clean,standard_clean,none,,data\split\train\FAMILY-1\FATHER\FM001_F2.png,data\classifier_v4\train\clean\std_clean_0005__FAMILY-1__FATHER__FM001_F2.png
train,0,clean,standard_clean,none,,data\split\train\FAMILY-1\FATHER\FM001_F4.png,data\classifier_v4\train\clean\std_clean_0006__FAMILY-1__FATHER__FM001_F4.png
train,0,clean,standard_clean,none,,data\split\train\FAMILY-1\FATHER\FM001_F5.png,data\classifier_v4\train\clean\std_clean_0007__FAMILY-1__FATHER__FM001_F5.png
train,0,clean,standard_clean,none,,data\split\train\FAMILY-1\MOTHER\FM001_M1.png,data\classifier_v4\train\clean\std_clean_0008__FAMILY-1__MOTHER__FM001_M1.png
train,0,clean,standard_clean,none,,data\split\train\FAMILY-1\MOTHER\FM001_M2.png,data\classifier_v4\train\clean\std_clean_0009__FAMILY-1__MOTHER__FM001_M2.png
train,0,clean,standard_clean,none,,data\split\train\FAMILY-1\MOTHER\FM001_M4.png,data\classifier_v4\train\clean\std_clean_0010__FAMILY-1__MOTHER__FM001_M4.png
train,0,clean,standard_clean,none,,data\split\train\FAMILY-10\CHILD\FM010_C2.png,data\classifier_v4\train\clean\std_clean_0011__FAMILY-10__CHILD__FM010_C2.png
train,0,clean,standard_clean,none,,data\split\train\FAMILY-10\CHILD\FM010_C4.png,data\classifier_v4\train\clean\std_clean_0012__FAMILY-10__CHILD__FM010_C4.png
train,0,clean,standard_clean,none,,data\split\train\FAMILY-10\CHILD\FM010_C5.png,data\classifier_v4\train\clean\std_clean_0013__FAMILY-10__CHILD__FM010_C5.png
train,0,clean,standard_clean,none,,data\split\train\FAMILY-10\FATHER\FM010_F5.png,data\classifier_v4\train\clean\std_clean_0014__FAMILY-10__FATHER__FM010_F5.png
train,0,clean,standard_clean,none,,data\split\train\FAMILY-10\MOTHER\FM010_M1.png,data\classifier_v4\train\clean\std_clean_0015__FAMILY-10__MOTHER__FM010_M1.png
train,0,clean,standard_clean,none,,data\split\train\FAMILY-10\MOTHER\FM010_M2.png,data\classifier_v4\train\clean\std_clean_0016__FAMILY-10__MOTHER__FM010_M2.png
train,0,clean,standard_clean,none,,data\split\train\FAMILY-10\MOTHER\FM010_M3.png,data\classifier_v4\train\clean\std_clean_0017__FAMILY-10__MOTHER__FM010_M3.png
train,0,clean,standard_clean,none,,data\split\train\FAMILY-10\MOTHER\FM010_M4.png,data\classifier_v4\train\clean\std_clean_0018__FAMILY-10__MOTHER__FM010_M4.png
train,0,clean,standard_clean,none,,data\split\train\FAMILY-100\CHILD\FM100_C2.png,data\classifier_v4\train\clean\std_clean_0019__FAMILY-100__CHILD__FM100_C2.png
train,0,clean,standard_clean,none,,data\split\train\FAMILY-100\CHILD\FM100_C3.png,data\classifier_v4\train\clean\std_clean_0020__FAMILY-100__CHILD__FM100_C3.png
train,0,clean,standard_clean,none,,data\split\train\FAMILY-100\CHILD\FM100_C4.png,data\classifier_v4\train\clean\std_clean_0021__FAMILY-100__CHILD__FM100_C4.png
train,0,clean,standard_clean,none,,data\split\train\FAMILY-100\FATHER\FM100_F4.png,data\classifier_v4\train\clean\std_clean_0022__FAMILY-100__FATHER__FM100_F4.png
train,0,clean,standard_clean,none,,data\split\train\FAMILY-100\MOTHER\FM100_M2.png,data\classifier_v4\train\clean\std_clean_0023__FAMILY-100__MOTHER__FM100_M2.png
train,0,clean,standard_clean,none,,data\split\train\FAMILY-100\MOTHER\FM100_M4.png,data\classifier_v4\train\clean\std_clean_0024__FAMILY-100__MOTHER__FM100_M4.png
train,0,clean,standard_clean,none,,data\split\train\FAMILY-100\MOTHER\FM100_M5.png,data\classifier_v4\train\clean\std_clean_0025__FAMILY-100__MOTHER__FM100_M5.png
train,0,clean,standard_clean,none,,data\split\train\FAMILY-11\CHILD\FM011_C1.png,data\classifier_v4\train\clean\std_clean_0026__FAMILY-11__CHILD__FM011_C1.png
train,0,clean,standard_clean,none,,data\split\train\FAMILY-11\FATHER\FM011_F3.png,data\classifier_v4\train\clean\std_clean_0027__FAMILY-11__FATHER__FM011_F3.png
train,0,clean,standard_clean,none,,data\split\train\FAMILY-11\FATHER\FM011_F4.png,data\classifier_v4\train\clean\std_clean_0028__FAMILY-11__FATHER__FM011_F4.png
train,0,clean,standard_clean,none,,data\split\train\FAMILY-11\FATHER\FM011_F5.png,data\classifier_v4\train\clean\std_clean_0029__FAMILY-11__FATHER__FM011_F5.png
train,0,clean,standard_clean,none,,data\split\train\FAMILY-11\MOTHER\FM011_M5.png,data\classifier_v4\train\clean\std_clean_0030__FAMILY-11__MOTHER__FM011_M5.png
train,0,clean,standard_clean,none,,data\split\train\FAMILY-16\CHILD\FM016_C3.png,data\classifier_v4\train\clean\std_clean_0031__FAMILY-16__CHILD__FM016_C3.png
train,0,clean,standard_clean,none,,data\split\train\FAMILY-16\CHILD\FM016_C4.png,data\classifier_v4\train\clean\std_clean_0032__FAMILY-16__CHILD__FM016_C4.png
train,0,clean,standard_clean,none,,data\split\train\FAMILY-16\CHILD\FM016_C5.png,data\classifier_v4\train\clean\std_clean_0033__FAMILY-16__CHILD__FM016_C5.png
train,0,clean,standard_clean,none,,data\split\train\FAMILY-16\FATHER\FM016_F4.png,data\classifier_v4\train\clean\std_clean_0034__FAMILY-16__FATHER__FM016_F4.png
train,0,clean,standard_clean,none,,data\split\train\FAMILY-16\MOTHER\FM016_M4.png,data\classifier_v4\train\clean\std_clean_0035__FAMILY-16__MOTHER__FM016_M4.png
train,0,clean,standard_clean,none,,data\split\train\FAMILY-17\CHILD\FM017_C1.png,data\classifier_v4\train\clean\std_clean_0036__FAMILY-17__CHILD__FM017_C1.png
train,0,clean,standard_clean,none,,data\split\train\FAMILY-17\CHILD\FM017_C2.png,data\classifier_v4\train\clean\std_clean_0037__FAMILY-17__CHILD__FM017_C2.png
train,0,clean,standard_clean,none,,data\split\train\FAMILY-17\CHILD\FM017_C3.png,data\classifier_v4\train\clean\std_clean_0038__FAMILY-17__CHILD__FM017_C3.png
train,0,clean,standard_clean,none,,data\split\train\FAMILY-17\CHILD\FM017_C4.png,data\classifier_v4\train\clean\std_clean_0039__FAMILY-17__CHILD__FM017_C4.png
train,0,clean,standard_clean,none,,data\split\train\FAMILY-17\FATHER\FM017_F4.png,data\classifier_v4\train\clean\std_clean_0040__FAMILY-17__FATHER__FM017_F4.png
train,0,clean,standard_clean,none,,data\split\train\FAMILY-17\FATHER\FM017_F5.png,data\classifier_v4\train\clean\std_clean_0041__FAMILY-17__FATHER__FM017_F5.png
train,0,clean,standard_clean,none,,data\split\train\FAMILY-17\MOTHER\FM017_M1.png,data\classifier_v4\train\clean\std_clean_0042__FAMILY-17__MOTHER__FM017_M1.png
train,0,clean,standard_clean,none,,data\split\train\FAMILY-17\MOTHER\FM017_M2.png,data\classifier_v4\train\clean\std_clean_0043__FAMILY-17__MOTHER__FM017_M2.png
train,0,clean,standard_clean,none,,data\split\train\FAMILY-17\MOTHER\FM017_M3.png,data\classifier_v4\train\clean\std_clean_0044__FAMILY-17__MOTHER__FM017_M3.png
train,0,clean,standard_clean,none,,data\split\train\FAMILY-17\MOTHER\FM017_M5.png,data\classifier_v4\train\clean\std_clean_0045__FAMILY-17__MOTHER__FM017_M5.png
train,0,clean,standard_clean,none,,data\split\train\FAMILY-18\CHILD\FM018_C2.png,data\classifier_v4\train\clean\std_clean_0046__FAMILY-18__CHILD__FM018_C2.png
train,0,clean,standard_clean,none,,data\split\train\FAMILY-18\CHILD\FM018_C5.png,data\classifier_v4\train\clean\std_clean_0047__FAMILY-18__CHILD__FM018_C5.png
train,0,clean,standard_clean,none,,data\split\train\FAMILY-18\FATHER\FM018_F4.png,data\classifier_v4\train\clean\std_clean_0048__FAMILY-18__FATHER__FM018_F4.png
train,0,clean,standard_clean,none,,data\split\train\FAMILY-18\MOTHER\FM018_M2.png,data\classifier_v4\train\clean\std_clean_0049__FAMILY-18__MOTHER__FM018_M2.png
train,0,clean,standard_clean,none,,data\split\train\FAMILY-18\MOTHER\FM018_M5.png,data\classifier_v4\train\clean\std_clean_0050__FAMILY-18__MOTHER__FM018_M5.png
train,0,clean,standard_clean,none,,data\split\train\FAMILY-19\CHILD\FM019_C1.png,data\classifier_v4\train\clean\std_clean_0051__FAMILY-19__CHILD__FM019_C1.png
train,0,clean,standard_clean,none,,data\split\train\FAMILY-19\CHILD\FM019_C2.png,data\classifier_v4\train\clean\std_clean_0052__FAMILY-19__CHILD__FM019_C2.png
train,0,clean,standard_clean,none,,data\split\train\FAMILY-19\CHILD\FM019_C5.png,data\classifier_v4\train\clean\std_clean_0053__FAMILY-19__CHILD__FM019_C5.png
train,0,clean,standard_clean,none,,data\split\train\FAMILY-19\FATHER\FM019_F2.png,data\classifier_v4\train\clean\std_clean_0054__FAMILY-19__FATHER__FM019_F2.png
train,0,clean,standard_clean,none,,data\split\train\FAMILY-19\FATHER\FM019_F4.png,data\classifier_v4\train\clean\std_clean_0055__FAMILY-19__FATHER__FM019_F4.png
train,0,clean,standard_clean,none,,data\split\train\FAMILY-19\FATHER\FM019_F5.png,data\classifier_v4\train\clean\std_clean_0056__FAMILY-19__FATHER__FM019_F5.png
train,0,clean,standard_clean,none,,data\split\train\FAMILY-19\MOTHER\FM019_M4.png,data\classifier_v4\train\clean\std_clean_0057__FAMILY-19__MOTHER__FM019_M4.png
train,0,clean,standard_clean,none,,data\split\train\FAMILY-2\CHILD\FM002_C2.png,data\classifier_v4\train\clean\std_clean_0058__FAMILY-2__CHILD__FM002_C2.png
train,0,clean,standard_clean,none,,data\split\train\FAMILY-2\FATHER\FM002_F1.png,data\classifier_v4\train\clean\std_clean_0059__FAMILY-2__FATHER__FM002_F1.png
train,0,clean,standard_clean,none,,data\split\train\FAMILY-2\FATHER\FM002_F2.png,data\classifier_v4\train\clean\std_clean_0060__FAMILY-2__FATHER__FM002_F2.png
train,0,clean,standard_clean,none,,data\split\train\FAMILY-2\FATHER\FM002_F4.png,data\classifier_v4\train\clean\std_clean_0061__FAMILY-2__FATHER__FM002_F4.png
train,0,clean,standard_clean,none,,data\split\train\FAMILY-2\FATHER\FM002_F5.png,data\classifier_v4\train\clean\std_clean_0062__FAMILY-2__FATHER__FM002_F5.png
train,0,clean,standard_clean,none,,data\split\train\FAMILY-2\MOTHER\FM002_M1.png,data\classifier_v4\train\clean\std_clean_0063__FAMILY-2__MOTHER__FM002_M1.png
train,0,clean,standard_clean,none,,data\split\train\FAMILY-2\MOTHER\FM002_M2.png,data\classifier_v4\train\clean\std_clean_0064__FAMILY-2__MOTHER__FM002_M2.png
train,0,clean,standard_clean,none,,data\split\train\FAMILY-21\CHILD\FM021_C2.png,data\classifier_v4\train\clean\std_clean_0065__FAMILY-21__CHILD__FM021_C2.png
train,0,clean,standard_clean,none,,data\split\train\FAMILY-21\CHILD\FM021_C3.png,data\classifier_v4\train\clean\std_clean_0066__FAMILY-21__CHILD__FM021_C3.png
train,0,clean,standard_clean,none,,data\split\train\FAMILY-21\CHILD\FM021_C4.png,data\classifier_v4\train\clean\std_clean_0067__FAMILY-21__CHILD__FM021_C4.png
train,0,clean,standard_clean,none,,data\split\train\FAMILY-21\CHILD\FM021_C5.png,data\classifier_v4\train\clean\std_clean_0068__FAMILY-21__CHILD__FM021_C5.png
train,0,clean,standard_clean,none,,data\split\train\FAMILY-21\FATHER\FM021_F2.png,data\classifier_v4\train\clean\std_clean_0069__FAMILY-21__FATHER__FM021_F2.png
train,0,clean,standard_clean,none,,data\split\train\FAMILY-21\FATHER\FM021_F3.png,data\classifier_v4\train\clean\std_clean_0070__FAMILY-21__FATHER__FM021_F3.png
train,0,clean,standard_clean,none,,data\split\train\FAMILY-21\FATHER\FM021_F5.png,data\classifier_v4\train\clean\std_clean_0071__FAMILY-21__FATHER__FM021_F5.png
train,0,clean,standard_clean,none,,data\split\train\FAMILY-21\MOTHER\FM021_M1.png,data\classifier_v4\train\clean\std_clean_0072__FAMILY-21__MOTHER__FM021_M1.png
train,0,clean,standard_clean,none,,data\split\train\FAMILY-21\MOTHER\FM021_M5.png,data\classifier_v4\train\clean\std_clean_0073__FAMILY-21__MOTHER__FM021_M5.png
train,0,clean,standard_clean,none,,data\split\train\FAMILY-22\CHILD\FM022_C1.png,data\classifier_v4\train\clean\std_clean_0074__FAMILY-22__CHILD__FM022_C1.png
train,0,clean,standard_clean,none,,data\split\train\FAMILY-22\CHILD\FM022_C2.png,data\classifier_v4\train\clean\std_clean_0075__FAMILY-22__CHILD__FM022_C2.png
train,0,clean,standard_clean,none,,data\split\train\FAMILY-22\CHILD\FM022_C4.png,data\classifier_v4\train\clean\std_clean_0076__FAMILY-22__CHILD__FM022_C4.png
train,0,clean,standard_clean,none,,data\split\train\FAMILY-22\FATHER\FM022_F2.png,data\classifier_v4\train\clean\std_clean_0077__FAMILY-22__FATHER__FM022_F2.png
train,0,clean,standard_clean,none,,data\split\train\FAMILY-22\MOTHER\FM022_M1.png,data\classifier_v4\train\clean\std_clean_0078__FAMILY-22__MOTHER__FM022_M1.png
train,0,clean,standard_clean,none,,data\split\train\FAMILY-22\MOTHER\FM022_M2.png,data\classifier_v4\train\clean\std_clean_0079__FAMILY-22__MOTHER__FM022_M2.png
train,0,clean,standard_clean,none,,data\split\train\FAMILY-22\MOTHER\FM022_M5.png,data\classifier_v4\train\clean\std_clean_0080__FAMILY-22__MOTHER__FM022_M5.png
train,0,clean,standard_clean,none,,data\split\train\FAMILY-24\CHILD\FM024_C1.png,data\classifier_v4\train\clean\std_clean_0081__FAMILY-24__CHILD__FM024_C1.png
train,0,clean,standard_clean,none,,data\split\train\FAMILY-24\CHILD\FM024_C4.png,data\classifier_v4\train\clean\std_clean_0082__FAMILY-24__CHILD__FM024_C4.png
train,0,clean,standard_clean,none,,data\split\train\FAMILY-24\FATHER\FM024_F1.png,data\classifier_v4\train\clean\std_clean_0083__FAMILY-24__FATHER__FM024_F1.png
train,0,clean,standard_clean,none,,data\split\train\FAMILY-24\FATHER\FM024_F2.png,data\classifier_v4\train\clean\std_clean_0084__FAMILY-24__FATHER__FM024_F2.png
train,0,clean,standard_clean,none,,data\split\train\FAMILY-24\MOTHER\FM024_M1.png,data\classifier_v4\train\clean\std_clean_0085__FAMILY-24__MOTHER__FM024_M1.png
train,0,clean,standard_clean,none,,data\split\train\FAMILY-24\MOTHER\FM024_M3.png,data\classifier_v4\train\clean\std_clean_0086__FAMILY-24__MOTHER__FM024_M3.png
train,0,clean,standard_clean,none,,data\split\train\FAMILY-25\CHILD\FM025_C3.png,data\classifier_v4\train\clean\std_clean_0087__FAMILY-25__CHILD__FM025_C3.png
train,0,clean,standard_clean,none,,data\split\train\FAMILY-25\CHILD\FM025_C5.png,data\classifier_v4\train\clean\std_clean_0088__FAMILY-25__CHILD__FM025_C5.png
train,0,clean,standard_clean,none,,data\split\train\FAMILY-25\FATHER\FM025_F2.png,data\classifier_v4\train\clean\std_clean_0089__FAMILY-25__FATHER__FM025_F2.png
train,0,clean,standard_clean,none,,data\split\train\FAMILY-25\FATHER\FM025_F3.png,data\classifier_v4\train\clean\std_clean_0090__FAMILY-25__FATHER__FM025_F3.png
train,0,clean,standard_clean,none,,data\split\train\FAMILY-25\MOTHER\FM025_M1.png,data\classifier_v4\train\clean\std_clean_0091__FAMILY-25__MOTHER__FM025_M1.png
train,0,clean,standard_clean,none,,data\split\train\FAMILY-25\MOTHER\FM025_M2.png,data\classifier_v4\train\clean\std_clean_0092__FAMILY-25__MOTHER__FM025_M2.png
train,0,clean,standard_clean,none,,data\split\train\FAMILY-25\MOTHER\FM025_M3.png,data\classifier_v4\train\clean\std_clean_0093__FAMILY-25__MOTHER__FM025_M3.png
train,0,clean,standard_clean,none,,data\split\train\FAMILY-25\MOTHER\FM025_M4.png,data\classifier_v4\train\clean\std_clean_0094__FAMILY-25__MOTHER__FM025_M4.png
train,0,clean,standard_clean,none,,data\split\train\FAMILY-26\CHILD\FM026_C1.png,data\classifier_v4\train\clean\std_clean_0095__FAMILY-26__CHILD__FM026_C1.png
train,0,clean,standard_clean,none,,data\split\train\FAMILY-26\CHILD\FM026_C2.png,data\classifier_v4\train\clean\std_clean_0096__FAMILY-26__CHILD__FM026_C2.png
train,0,clean,standard_clean,none,,data\split\train\FAMILY-26\FATHER\FM026_F3.png,data\classifier_v4\train\clean\std_clean_0097__FAMILY-26__FATHER__FM026_F3.png
train,0,clean,standard_clean,none,,data\split\train\FAMILY-26\FATHER\FM026_F4.png,data\classifier_v4\train\clean\std_clean_0098__FAMILY-26__FATHER__FM026_F4.png
train,0,clean,standard_clean,none,,data\split\train\FAMILY-26\MOTHER\FM026_M1.png,data\classifier_v4\train\clean\std_clean_0099__FAMILY-26__MOTHER__FM026_M1.png
train,0,clean,standard_clean,none,,data\split\train\FAMILY-26\MOTHER\FM026_M3.png,data\classifier_v4\train\clean\std_clean_0100__FAMILY-26__MOTHER__FM026_M3.png
train,0,clean,standard_clean,none,,data\split\train\FAMILY-26\MOTHER\FM026_M5.png,data\classifier_v4\train\clean\std_clean_0101__FAMILY-26__MOTHER__FM026_M5.png
train,0,clean,standard_clean,none,,data\split\train\FAMILY-27\CHILD\FM027_C1.png,data\classifier_v4\train\clean\std_clean_0102__FAMILY-27__CHILD__FM027_C1.png
train,0,clean,standard_clean,none,,data\split\train\FAMILY-27\CHILD\FM027_C3.png,data\classifier_v4\train\clean\std_clean_0103__FAMILY-27__CHILD__FM027_C3.png
train,0,clean,standard_clean,none,,data\split\train\FAMILY-27\CHILD\FM027_C4.png,data\classifier_v4\train\clean\std_clean_0104__FAMILY-27__CHILD__FM027_C4.png
train,0,clean,standard_clean,none,,data\split\train\FAMILY-27\CHILD\FM027_C5.png,data\classifier_v4\train\clean\std_clean_0105__FAMILY-27__CHILD__FM027_C5.png
train,0,clean,standard_clean,none,,data\split\train\FAMILY-27\FATHER\FM027_F1.png,data\classifier_v4\train\clean\std_clean_0106__FAMILY-27__FATHER__FM027_F1.png
train,0,clean,standard_clean,none,,data\split\train\FAMILY-27\FATHER\FM027_F2.png,data\classifier_v4\train\clean\std_clean_0107__FAMILY-27__FATHER__FM027_F2.png
train,0,clean,standard_clean,none,,data\split\train\FAMILY-27\FATHER\FM027_F3.png,data\classifier_v4\train\clean\std_clean_0108__FAMILY-27__FATHER__FM027_F3.png
train,0,clean,standard_clean,none,,data\split\train\FAMILY-27\MOTHER\FM027_M1.png,data\classifier_v4\train\clean\std_clean_0109__FAMILY-27__MOTHER__FM027_M1.png
train,0,clean,standard_clean,none,,data\split\train\FAMILY-27\MOTHER\FM027_M2.png,data\classifier_v4\train\clean\std_clean_0110__FAMILY-27__MOTHER__FM027_M2.png
train,0,clean,standard_clean,none,,data\split\train\FAMILY-27\MOTHER\FM027_M4.png,data\classifier_v4\train\clean\std_clean_0111__FAMILY-27__MOTHER__FM027_M4.png
train,0,clean,standard_clean,none,,data\split\train\FAMILY-27\MOTHER\FM027_M5.png,data\classifier_v4\train\clean\std_clean_0112__FAMILY-27__MOTHER__FM027_M5.png
train,0,clean,standard_clean,none,,data\split\train\FAMILY-28\CHILD\FM028_C4.png,data\classifier_v4\train\clean\std_clean_0113__FAMILY-28__CHILD__FM028_C4.png
train,0,clean,standard_clean,none,,data\split\train\FAMILY-28\CHILD\FM028_C5.png,data\classifier_v4\train\clean\std_clean_0114__FAMILY-28__CHILD__FM028_C5.png
train,0,clean,standard_clean,none,,data\split\train\FAMILY-28\FATHER\FM028_F1.png,data\classifier_v4\train\clean\std_clean_0115__FAMILY-28__FATHER__FM028_F1.png
train,0,clean,standard_clean,none,,data\split\train\FAMILY-28\FATHER\FM028_F2.png,data\classifier_v4\train\clean\std_clean_0116__FAMILY-28__FATHER__FM028_F2.png
train,0,clean,standard_clean,none,,data\split\train\FAMILY-28\FATHER\FM028_F4.png,data\classifier_v4\train\clean\std_clean_0117__FAMILY-28__FATHER__FM028_F4.png
train,0,clean,standard_clean,none,,data\split\train\FAMILY-28\MOTHER\FM028_M2.png,data\classifier_v4\train\clean\std_clean_0118__FAMILY-28__MOTHER__FM028_M2.png
train,0,clean,standard_clean,none,,data\split\train\FAMILY-28\MOTHER\FM028_M3.png,data\classifier_v4\train\clean\std_clean_0119__FAMILY-28__MOTHER__FM028_M3.png
train,0,clean,standard_clean,none,,data\split\train\FAMILY-28\MOTHER\FM028_M4.png,data\classifier_v4\train\clean\std_clean_0120__FAMILY-28__MOTHER__FM028_M4.png
train,0,clean,standard_clean,none,,data\split\train\FAMILY-28\MOTHER\FM028_M5.png,data\classifier_v4\train\clean\std_clean_0121__FAMILY-28__MOTHER__FM028_M5.png
train,0,clean,standard_clean,none,,data\split\train\FAMILY-29\CHILD\FM029_C1.png,data\classifier_v4\train\clean\std_clean_0122__FAMILY-29__CHILD__FM029_C1.png
train,0,clean,standard_clean,none,,data\split\train\FAMILY-29\CHILD\FM029_C2.png,data\classifier_v4\train\clean\std_clean_0123__FAMILY-29__CHILD__FM029_C2.png
train,0,clean,standard_clean,none,,data\split\train\FAMILY-29\CHILD\FM029_C3.png,data\classifier_v4\train\clean\std_clean_0124__FAMILY-29__CHILD__FM029_C3.png
train,0,clean,standard_clean,none,,data\split\train\FAMILY-29\CHILD\FM029_C5.png,data\classifier_v4\train\clean\std_clean_0125__FAMILY-29__CHILD__FM029_C5.png
train,0,clean,standard_clean,none,,data\split\train\FAMILY-29\FATHER\FM029_F2.png,data\classifier_v4\train\clean\std_clean_0126__FAMILY-29__FATHER__FM029_F2.png
train,0,clean,standard_clean,none,,data\split\train\FAMILY-29\MOTHER\FM029_M1.png,data\classifier_v4\train\clean\std_clean_0127__FAMILY-29__MOTHER__FM029_M1.png
train,0,clean,standard_clean,none,,data\split\train\FAMILY-29\MOTHER\FM029_M4.png,data\classifier_v4\train\clean\std_clean_0128__FAMILY-29__MOTHER__FM029_M4.png
train,0,clean,standard_clean,none,,data\split\train\FAMILY-3\CHILD\FM003_C3.png,data\classifier_v4\train\clean\std_clean_0129__FAMILY-3__CHILD__FM003_C3.png
train,0,clean,standard_clean,none,,data\split\train\FAMILY-3\FATHER\FM003_F3.png,data\classifier_v4\train\clean\std_clean_0130__FAMILY-3__FATHER__FM003_F3.png
train,0,clean,standard_clean,none,,data\split\train\FAMILY-3\FATHER\FM003_F5.png,data\classifier_v4\train\clean\std_clean_0131__FAMILY-3__FATHER__FM003_F5.png
train,0,clean,standard_clean,none,,data\split\train\FAMILY-3\MOTHER\FM003_M5.png,data\classifier_v4\train\clean\std_clean_0132__FAMILY-3__MOTHER__FM003_M5.png
train,0,clean,standard_clean,none,,data\split\train\FAMILY-30\CHILD\FM030_C2.png,data\classifier_v4\train\clean\std_clean_0133__FAMILY-30__CHILD__FM030_C2.png
train,0,clean,standard_clean,none,,data\split\train\FAMILY-30\CHILD\FM030_C5.png,data\classifier_v4\train\clean\std_clean_0134__FAMILY-30__CHILD__FM030_C5.png
train,0,clean,standard_clean,none,,data\split\train\FAMILY-30\FATHER\FM030_F1.png,data\classifier_v4\train\clean\std_clean_0135__FAMILY-30__FATHER__FM030_F1.png
train,0,clean,standard_clean,none,,data\split\train\FAMILY-30\FATHER\FM030_F2.png,data\classifier_v4\train\clean\std_clean_0136__FAMILY-30__FATHER__FM030_F2.png
train,0,clean,standard_clean,none,,data\split\train\FAMILY-30\FATHER\FM030_F3.png,data\classifier_v4\train\clean\std_clean_0137__FAMILY-30__FATHER__FM030_F3.png
train,0,clean,standard_clean,none,,data\split\train\FAMILY-30\MOTHER\FM030_M3.png,data\classifier_v4\train\clean\std_clean_0138__FAMILY-30__MOTHER__FM030_M3.png
train,0,clean,standard_clean,none,,data\split\train\FAMILY-32\CHILD\FM032_C2.png,data\classifier_v4\train\clean\std_clean_0139__FAMILY-32__CHILD__FM032_C2.png
train,0,clean,standard_clean,none,,data\split\train\FAMILY-32\CHILD\FM032_C4.png,data\classifier_v4\train\clean\std_clean_0140__FAMILY-32__CHILD__FM032_C4.png
train,0,clean,standard_clean,none,,data\split\train\FAMILY-32\CHILD\FM032_C5.png,data\classifier_v4\train\clean\std_clean_0141__FAMILY-32__CHILD__FM032_C5.png
train,0,clean,standard_clean,none,,data\split\train\FAMILY-32\FATHER\FM032_F1.png,data\classifier_v4\train\clean\std_clean_0142__FAMILY-32__FATHER__FM032_F1.png
train,0,clean,standard_clean,none,,data\split\train\FAMILY-32\MOTHER\FM032_M3.png,data\classifier_v4\train\clean\std_clean_0143__FAMILY-32__MOTHER__FM032_M3.png
train,0,clean,standard_clean,none,,data\split\train\FAMILY-32\MOTHER\FM032_M4.png,data\classifier_v4\train\clean\std_clean_0144__FAMILY-32__MOTHER__FM032_M4.png
train,0,clean,standard_clean,none,,data\split\train\FAMILY-33\CHILD\FM033_C1.png,data\classifier_v4\train\clean\std_clean_0145__FAMILY-33__CHILD__FM033_C1.png
train,0,clean,standard_clean,none,,data\split\train\FAMILY-33\FATHER\FM033_F1.png,data\classifier_v4\train\clean\std_clean_0146__FAMILY-33__FATHER__FM033_F1.png
train,0,clean,standard_clean,none,,data\split\train\FAMILY-33\FATHER\FM033_F4.png,data\classifier_v4\train\clean\std_clean_0147__FAMILY-33__FATHER__FM033_F4.png
train,0,clean,standard_clean,none,,data\split\train\FAMILY-33\FATHER\FM033_F5.png,data\classifier_v4\train\clean\std_clean_0148__FAMILY-33__FATHER__FM033_F5.png
train,0,clean,standard_clean,none,,data\split\train\FAMILY-33\MOTHER\FM033_M1.png,data\classifier_v4\train\clean\std_clean_0149__FAMILY-33__MOTHER__FM033_M1.png
train,0,clean,standard_clean,none,,data\split\train\FAMILY-33\MOTHER\FM033_M4.png,data\classifier_v4\train\clean\std_clean_0150__FAMILY-33__MOTHER__FM033_M4.png
train,0,clean,standard_clean,none,,data\split\train\FAMILY-33\MOTHER\FM033_M5.png,data\classifier_v4\train\clean\std_clean_0151__FAMILY-33__MOTHER__FM033_M5.png
train,0,clean,standard_clean,none,,data\split\train\FAMILY-34\CHILD\FM034_C1.png,data\classifier_v4\train\clean\std_clean_0152__FAMILY-34__CHILD__FM034_C1.png
train,0,clean,standard_clean,none,,data\split\train\FAMILY-34\CHILD\FM034_C2.png,data\classifier_v4\train\clean\std_clean_0153__FAMILY-34__CHILD__FM034_C2.png
train,0,clean,standard_clean,none,,data\split\train\FAMILY-34\CHILD\FM034_C5.png,data\classifier_v4\train\clean\std_clean_0154__FAMILY-34__CHILD__FM034_C5.png
train,0,clean,standard_clean,none,,data\split\train\FAMILY-34\FATHER\FM034_F1.png,data\classifier_v4\train\clean\std_clean_0155__FAMILY-34__FATHER__FM034_F1.png
train,0,clean,standard_clean,none,,data\split\train\FAMILY-34\MOTHER\FM034_M2.png,data\classifier_v4\train\clean\std_clean_0156__FAMILY-34__MOTHER__FM034_M2.png
train,0,clean,standard_clean,none,,data\split\train\FAMILY-38\CHILD\FM038_C2.png,data\classifier_v4\train\clean\std_clean_0157__FAMILY-38__CHILD__FM038_C2.png
train,0,clean,standard_clean,none,,data\split\train\FAMILY-38\CHILD\FM038_C3.png,data\classifier_v4\train\clean\std_clean_0158__FAMILY-38__CHILD__FM038_C3.png
train,0,clean,standard_clean,none,,data\split\train\FAMILY-38\CHILD\FM038_C4.png,data\classifier_v4\train\clean\std_clean_0159__FAMILY-38__CHILD__FM038_C4.png
train,0,clean,standard_clean,none,,data\split\train\FAMILY-38\CHILD\FM038_C5.png,data\classifier_v4\train\clean\std_clean_0160__FAMILY-38__CHILD__FM038_C5.png
train,0,clean,standard_clean,none,,data\split\train\FAMILY-38\FATHER\FM038_F5.png,data\classifier_v4\train\clean\std_clean_0161__FAMILY-38__FATHER__FM038_F5.png
train,0,clean,standard_clean,none,,data\split\train\FAMILY-38\MOTHER\FM038_M2.png,data\classifier_v4\train\clean\std_clean_0162__FAMILY-38__MOTHER__FM038_M2.png
train,0,clean,standard_clean,none,,data\split\train\FAMILY-38\MOTHER\FM038_M3.png,data\classifier_v4\train\clean\std_clean_0163__FAMILY-38__MOTHER__FM038_M3.png
train,0,clean,standard_clean,none,,data\split\train\FAMILY-38\MOTHER\FM038_M5.png,data\classifier_v4\train\clean\std_clean_0164__FAMILY-38__MOTHER__FM038_M5.png
train,0,clean,standard_clean,none,,data\split\train\FAMILY-39\CHILD\FM039_C1.png,data\classifier_v4\train\clean\std_clean_0165__FAMILY-39__CHILD__FM039_C1.png
train,0,clean,standard_clean,none,,data\split\train\FAMILY-39\CHILD\FM039_C3.png,data\classifier_v4\train\clean\std_clean_0166__FAMILY-39__CHILD__FM039_C3.png
train,0,clean,standard_clean,none,,data\split\train\FAMILY-39\FATHER\FM039_F1.png,data\classifier_v4\train\clean\std_clean_0167__FAMILY-39__FATHER__FM039_F1.png
train,0,clean,standard_clean,none,,data\split\train\FAMILY-39\FATHER\FM039_F2.png,data\classifier_v4\train\clean\std_clean_0168__FAMILY-39__FATHER__FM039_F2.png
train,0,clean,standard_clean,none,,data\split\train\FAMILY-39\FATHER\FM039_F5.png,data\classifier_v4\train\clean\std_clean_0169__FAMILY-39__FATHER__FM039_F5.png
train,0,clean,standard_clean,none,,data\split\train\FAMILY-39\MOTHER\FM039_M5.png,data\classifier_v4\train\clean\std_clean_0170__FAMILY-39__MOTHER__FM039_M5.png
train,0,clean,standard_clean,none,,data\split\train\FAMILY-4\CHILD\FM004_C4.png,data\classifier_v4\train\clean\std_clean_0171__FAMILY-4__CHILD__FM004_C4.png
train,0,clean,standard_clean,none,,data\split\train\FAMILY-4\FATHER\FM004_F1.png,data\classifier_v4\train\clean\std_clean_0172__FAMILY-4__FATHER__FM004_F1.png
train,0,clean,standard_clean,none,,data\split\train\FAMILY-4\FATHER\FM004_F4.png,data\classifier_v4\train\clean\std_clean_0173__FAMILY-4__FATHER__FM004_F4.png
train,0,clean,standard_clean,none,,data\split\train\FAMILY-4\MOTHER\FM004_M3.png,data\classifier_v4\train\clean\std_clean_0174__FAMILY-4__MOTHER__FM004_M3.png
train,0,clean,standard_clean,none,,data\split\train\FAMILY-4\MOTHER\FM004_M5.png,data\classifier_v4\train\clean\std_clean_0175__FAMILY-4__MOTHER__FM004_M5.png
train,0,clean,standard_clean,none,,data\split\train\FAMILY-40\CHILD\FM040_C1.png,data\classifier_v4\train\clean\std_clean_0176__FAMILY-40__CHILD__FM040_C1.png
train,0,clean,standard_clean,none,,data\split\train\FAMILY-40\CHILD\FM040_C2.png,data\classifier_v4\train\clean\std_clean_0177__FAMILY-40__CHILD__FM040_C2.png
train,0,clean,standard_clean,none,,data\split\train\FAMILY-40\CHILD\FM040_C5.png,data\classifier_v4\train\clean\std_clean_0178__FAMILY-40__CHILD__FM040_C5.png
train,0,clean,standard_clean,none,,data\split\train\FAMILY-40\FATHER\FM040_F3.png,data\classifier_v4\train\clean\std_clean_0179__FAMILY-40__FATHER__FM040_F3.png
train,0,clean,standard_clean,none,,data\split\train\FAMILY-40\FATHER\FM040_F4.png,data\classifier_v4\train\clean\std_clean_0180__FAMILY-40__FATHER__FM040_F4.png
train,0,clean,standard_clean,none,,data\split\train\FAMILY-40\MOTHER\FM040_M2.png,data\classifier_v4\train\clean\std_clean_0181__FAMILY-40__MOTHER__FM040_M2.png
train,0,clean,standard_clean,none,,data\split\train\FAMILY-40\MOTHER\FM040_M3.png,data\classifier_v4\train\clean\std_clean_0182__FAMILY-40__MOTHER__FM040_M3.png
train,0,clean,standard_clean,none,,data\split\train\FAMILY-40\MOTHER\FM040_M4.png,data\classifier_v4\train\clean\std_clean_0183__FAMILY-40__MOTHER__FM040_M4.png
train,0,clean,standard_clean,none,,data\split\train\FAMILY-41\FATHER\FM041_F1.png,data\classifier_v4\train\clean\std_clean_0184__FAMILY-41__FATHER__FM041_F1.png
train,0,clean,standard_clean,none,,data\split\train\FAMILY-41\FATHER\FM041_F3.png,data\classifier_v4\train\clean\std_clean_0185__FAMILY-41__FATHER__FM041_F3.png
train,0,clean,standard_clean,none,,data\split\train\FAMILY-41\FATHER\FM041_F5.png,data\classifier_v4\train\clean\std_clean_0186__FAMILY-41__FATHER__FM041_F5.png
train,0,clean,standard_clean,none,,data\split\train\FAMILY-41\MOTHER\FM041_M4.png,data\classifier_v4\train\clean\std_clean_0187__FAMILY-41__MOTHER__FM041_M4.png
train,0,clean,standard_clean,none,,data\split\train\FAMILY-43\CHILD\FM043_C1.png,data\classifier_v4\train\clean\std_clean_0188__FAMILY-43__CHILD__FM043_C1.png
train,0,clean,standard_clean,none,,data\split\train\FAMILY-43\CHILD\FM043_C2.png,data\classifier_v4\train\clean\std_clean_0189__FAMILY-43__CHILD__FM043_C2.png
train,0,clean,standard_clean,none,,data\split\train\FAMILY-43\CHILD\FM043_C4.png,data\classifier_v4\train\clean\std_clean_0190__FAMILY-43__CHILD__FM043_C4.png
train,0,clean,standard_clean,none,,data\split\train\FAMILY-43\CHILD\FM043_C5.png,data\classifier_v4\train\clean\std_clean_0191__FAMILY-43__CHILD__FM043_C5.png
train,0,clean,standard_clean,none,,data\split\train\FAMILY-43\FATHER\FM043_F2.png,data\classifier_v4\train\clean\std_clean_0192__FAMILY-43__FATHER__FM043_F2.png
train,0,clean,standard_clean,none,,data\split\train\FAMILY-43\FATHER\FM043_F3.png,data\classifier_v4\train\clean\std_clean_0193__FAMILY-43__FATHER__FM043_F3.png
train,0,clean,standard_clean,none,,data\split\train\FAMILY-43\FATHER\FM043_F5.png,data\classifier_v4\train\clean\std_clean_0194__FAMILY-43__FATHER__FM043_F5.png
train,0,clean,standard_clean,none,,data\split\train\FAMILY-43\MOTHER\FM043_M5.png,data\classifier_v4\train\clean\std_clean_0195__FAMILY-43__MOTHER__FM043_M5.png
train,0,clean,standard_clean,none,,data\split\train\FAMILY-44\CHILD\FM044_C1.png,data\classifier_v4\train\clean\std_clean_0196__FAMILY-44__CHILD__FM044_C1.png
train,0,clean,standard_clean,none,,data\split\train\FAMILY-44\CHILD\FM044_C2.png,data\classifier_v4\train\clean\std_clean_0197__FAMILY-44__CHILD__FM044_C2.png
train,0,clean,standard_clean,none,,data\split\train\FAMILY-44\CHILD\FM044_C3.png,data\classifier_v4\train\clean\std_clean_0198__FAMILY-44__CHILD__FM044_C3.png
train,0,clean,standard_clean,none,,data\split\train\FAMILY-44\CHILD\FM044_C5.png,data\classifier_v4\train\clean\std_clean_0199__FAMILY-44__CHILD__FM044_C5.png
train,0,clean,standard_clean,none,,data\split\train\FAMILY-44\FATHER\FM044_F2.png,data\classifier_v4\train\clean\std_clean_0200__FAMILY-44__FATHER__FM044_F2.png
train,0,clean,standard_clean,none,,data\split\train\FAMILY-44\FATHER\FM044_F4.png,data\classifier_v4\train\clean\std_clean_0201__FAMILY-44__FATHER__FM044_F4.png
train,0,clean,standard_clean,none,,data\split\train\FAMILY-44\FATHER\FM044_F5.png,data\classifier_v4\train\clean\std_clean_0202__FAMILY-44__FATHER__FM044_F5.png
train,0,clean,standard_clean,none,,data\split\train\FAMILY-44\MOTHER\FM044_M1.png,data\classifier_v4\train\clean\std_clean_0203__FAMILY-44__MOTHER__FM044_M1.png
train,0,clean,standard_clean,none,,data\split\train\FAMILY-44\MOTHER\FM044_M2.png,data\classifier_v4\train\clean\std_clean_0204__FAMILY-44__MOTHER__FM044_M2.png
train,0,clean,standard_clean,none,,data\split\train\FAMILY-44\MOTHER\FM044_M3.png,data\classifier_v4\train\clean\std_clean_0205__FAMILY-44__MOTHER__FM044_M3.png
train,0,clean,standard_clean,none,,data\split\train\FAMILY-44\MOTHER\FM044_M4.png,data\classifier_v4\train\clean\std_clean_0206__FAMILY-44__MOTHER__FM044_M4.png
train,0,clean,standard_clean,none,,data\split\train\FAMILY-46\CHILD\FM046_C5.png,data\classifier_v4\train\clean\std_clean_0207__FAMILY-46__CHILD__FM046_C5.png
train,0,clean,standard_clean,none,,data\split\train\FAMILY-46\FATHER\FM046_F1.png,data\classifier_v4\train\clean\std_clean_0208__FAMILY-46__FATHER__FM046_F1.png
train,0,clean,standard_clean,none,,data\split\train\FAMILY-46\FATHER\FM046_F2.png,data\classifier_v4\train\clean\std_clean_0209__FAMILY-46__FATHER__FM046_F2.png
train,0,clean,standard_clean,none,,data\split\train\FAMILY-46\FATHER\FM046_F5.png,data\classifier_v4\train\clean\std_clean_0210__FAMILY-46__FATHER__FM046_F5.png
train,0,clean,standard_clean,none,,data\split\train\FAMILY-46\MOTHER\FM046_M2.png,data\classifier_v4\train\clean\std_clean_0211__FAMILY-46__MOTHER__FM046_M2.png
train,0,clean,standard_clean,none,,data\split\train\FAMILY-46\MOTHER\FM046_M5.png,data\classifier_v4\train\clean\std_clean_0212__FAMILY-46__MOTHER__FM046_M5.png
train,0,clean,standard_clean,none,,data\split\train\FAMILY-47\CHILD\FM047_C2.png,data\classifier_v4\train\clean\std_clean_0213__FAMILY-47__CHILD__FM047_C2.png
train,0,clean,standard_clean,none,,data\split\train\FAMILY-47\CHILD\FM047_C5.png,data\classifier_v4\train\clean\std_clean_0214__FAMILY-47__CHILD__FM047_C5.png
train,0,clean,standard_clean,none,,data\split\train\FAMILY-47\FATHER\FM047_F1.png,data\classifier_v4\train\clean\std_clean_0215__FAMILY-47__FATHER__FM047_F1.png
train,0,clean,standard_clean,none,,data\split\train\FAMILY-47\FATHER\FM047_F2.png,data\classifier_v4\train\clean\std_clean_0216__FAMILY-47__FATHER__FM047_F2.png
train,0,clean,standard_clean,none,,data\split\train\FAMILY-47\FATHER\FM047_F3.png,data\classifier_v4\train\clean\std_clean_0217__FAMILY-47__FATHER__FM047_F3.png
train,0,clean,standard_clean,none,,data\split\train\FAMILY-47\FATHER\FM047_F4.png,data\classifier_v4\train\clean\std_clean_0218__FAMILY-47__FATHER__FM047_F4.png
train,0,clean,standard_clean,none,,data\split\train\FAMILY-47\FATHER\FM047_F5.png,data\classifier_v4\train\clean\std_clean_0219__FAMILY-47__FATHER__FM047_F5.png
train,0,clean,standard_clean,none,,data\split\train\FAMILY-47\MOTHER\FM047_M1.png,data\classifier_v4\train\clean\std_clean_0220__FAMILY-47__MOTHER__FM047_M1.png
train,0,clean,standard_clean,none,,data\split\train\FAMILY-47\MOTHER\FM047_M3.png,data\classifier_v4\train\clean\std_clean_0221__FAMILY-47__MOTHER__FM047_M3.png
train,0,clean,standard_clean,none,,data\split\train\FAMILY-49\CHILD\FM049_C1.png,data\classifier_v4\train\clean\std_clean_0222__FAMILY-49__CHILD__FM049_C1.png
train,0,clean,standard_clean,none,,data\split\train\FAMILY-49\CHILD\FM049_C3.png,data\classifier_v4\train\clean\std_clean_0223__FAMILY-49__CHILD__FM049_C3.png
train,0,clean,standard_clean,none,,data\split\train\FAMILY-49\CHILD\FM049_C4.png,data\classifier_v4\train\clean\std_clean_0224__FAMILY-49__CHILD__FM049_C4.png
train,0,clean,standard_clean,none,,data\split\train\FAMILY-49\FATHER\FM049_F2.png,data\classifier_v4\train\clean\std_clean_0225__FAMILY-49__FATHER__FM049_F2.png
train,0,clean,standard_clean,none,,data\split\train\FAMILY-49\FATHER\FM049_F3.png,data\classifier_v4\train\clean\std_clean_0226__FAMILY-49__FATHER__FM049_F3.png
train,0,clean,standard_clean,none,,data\split\train\FAMILY-49\FATHER\FM049_F4.png,data\classifier_v4\train\clean\std_clean_0227__FAMILY-49__FATHER__FM049_F4.png
train,0,clean,standard_clean,none,,data\split\train\FAMILY-49\FATHER\FM049_F5.png,data\classifier_v4\train\clean\std_clean_0228__FAMILY-49__FATHER__FM049_F5.png
train,0,clean,standard_clean,none,,data\split\train\FAMILY-49\MOTHER\FM049_M1.png,data\classifier_v4\train\clean\std_clean_0229__FAMILY-49__MOTHER__FM049_M1.png
train,0,clean,standard_clean,none,,data\split\train\FAMILY-49\MOTHER\FM049_M3.png,data\classifier_v4\train\clean\std_clean_0230__FAMILY-49__MOTHER__FM049_M3.png
train,0,clean,standard_clean,none,,data\split\train\FAMILY-49\MOTHER\FM049_M5.png,data\classifier_v4\train\clean\std_clean_0231__FAMILY-49__MOTHER__FM049_M5.png
train,0,clean,standard_clean,none,,data\split\train\FAMILY-5\CHILD\FM005_C2.png,data\classifier_v4\train\clean\std_clean_0232__FAMILY-5__CHILD__FM005_C2.png
train,0,clean,standard_clean,none,,data\split\train\FAMILY-5\FATHER\FM005_F1.png,data\classifier_v4\train\clean\std_clean_0233__FAMILY-5__FATHER__FM005_F1.png
train,0,clean,standard_clean,none,,data\split\train\FAMILY-5\FATHER\FM005_F2.png,data\classifier_v4\train\clean\std_clean_0234__FAMILY-5__FATHER__FM005_F2.png
train,0,clean,standard_clean,none,,data\split\train\FAMILY-5\FATHER\FM005_F4.png,data\classifier_v4\train\clean\std_clean_0235__FAMILY-5__FATHER__FM005_F4.png
train,0,clean,standard_clean,none,,data\split\train\FAMILY-5\MOTHER\FM005_M2.png,data\classifier_v4\train\clean\std_clean_0236__FAMILY-5__MOTHER__FM005_M2.png
train,0,clean,standard_clean,none,,data\split\train\FAMILY-5\MOTHER\FM005_M3.png,data\classifier_v4\train\clean\std_clean_0237__FAMILY-5__MOTHER__FM005_M3.png
train,0,clean,standard_clean,none,,data\split\train\FAMILY-5\MOTHER\FM005_M5.png,data\classifier_v4\train\clean\std_clean_0238__FAMILY-5__MOTHER__FM005_M5.png
train,0,clean,standard_clean,none,,data\split\train\FAMILY-51\CHILD\FM051_C2.png,data\classifier_v4\train\clean\std_clean_0239__FAMILY-51__CHILD__FM051_C2.png
train,0,clean,standard_clean,none,,data\split\train\FAMILY-51\CHILD\FM051_C3.png,data\classifier_v4\train\clean\std_clean_0240__FAMILY-51__CHILD__FM051_C3.png
train,0,clean,standard_clean,none,,data\split\train\FAMILY-51\CHILD\FM051_C4.png,data\classifier_v4\train\clean\std_clean_0241__FAMILY-51__CHILD__FM051_C4.png
train,0,clean,standard_clean,none,,data\split\train\FAMILY-51\FATHER\FM051_F1.png,data\classifier_v4\train\clean\std_clean_0242__FAMILY-51__FATHER__FM051_F1.png
train,0,clean,standard_clean,none,,data\split\train\FAMILY-51\FATHER\FM051_F2.png,data\classifier_v4\train\clean\std_clean_0243__FAMILY-51__FATHER__FM051_F2.png
train,0,clean,standard_clean,none,,data\split\train\FAMILY-51\FATHER\FM051_F5.png,data\classifier_v4\train\clean\std_clean_0244__FAMILY-51__FATHER__FM051_F5.png
train,0,clean,standard_clean,none,,data\split\train\FAMILY-51\MOTHER\FM051_M1.png,data\classifier_v4\train\clean\std_clean_0245__FAMILY-51__MOTHER__FM051_M1.png
train,0,clean,standard_clean,none,,data\split\train\FAMILY-51\MOTHER\FM051_M2.png,data\classifier_v4\train\clean\std_clean_0246__FAMILY-51__MOTHER__FM051_M2.png
train,0,clean,standard_clean,none,,data\split\train\FAMILY-51\MOTHER\FM051_M4.png,data\classifier_v4\train\clean\std_clean_0247__FAMILY-51__MOTHER__FM051_M4.png
train,0,clean,standard_clean,none,,data\split\train\FAMILY-52\CHILD\FM052_C1.png,data\classifier_v4\train\clean\std_clean_0248__FAMILY-52__CHILD__FM052_C1.png
train,0,clean,standard_clean,none,,data\split\train\FAMILY-52\CHILD\FM052_C2.png,data\classifier_v4\train\clean\std_clean_0249__FAMILY-52__CHILD__FM052_C2.png
train,0,clean,standard_clean,none,,data\split\train\FAMILY-52\CHILD\FM052_C4.png,data\classifier_v4\train\clean\std_clean_0250__FAMILY-52__CHILD__FM052_C4.png
train,0,clean,standard_clean,none,,data\split\train\FAMILY-52\FATHER\FM052_F1.png,data\classifier_v4\train\clean\std_clean_0251__FAMILY-52__FATHER__FM052_F1.png
train,0,clean,standard_clean,none,,data\split\train\FAMILY-52\FATHER\FM052_F2.png,data\classifier_v4\train\clean\std_clean_0252__FAMILY-52__FATHER__FM052_F2.png
train,0,clean,standard_clean,none,,data\split\train\FAMILY-52\MOTHER\FM052_M2.png,data\classifier_v4\train\clean\std_clean_0253__FAMILY-52__MOTHER__FM052_M2.png
train,0,clean,standard_clean,none,,data\split\train\FAMILY-52\MOTHER\FM052_M3.png,data\classifier_v4\train\clean\std_clean_0254__FAMILY-52__MOTHER__FM052_M3.png
train,0,clean,standard_clean,none,,data\split\train\FAMILY-52\MOTHER\FM052_M5.png,data\classifier_v4\train\clean\std_clean_0255__FAMILY-52__MOTHER__FM052_M5.png
train,0,clean,standard_clean,none,,data\split\train\FAMILY-53\CHILD\FM053_C4.png,data\classifier_v4\train\clean\std_clean_0256__FAMILY-53__CHILD__FM053_C4.png
train,0,clean,standard_clean,none,,data\split\train\FAMILY-53\FATHER\FM053_F1.png,data\classifier_v4\train\clean\std_clean_0257__FAMILY-53__FATHER__FM053_F1.png
train,0,clean,standard_clean,none,,data\split\train\FAMILY-53\MOTHER\FM053_M3.png,data\classifier_v4\train\clean\std_clean_0258__FAMILY-53__MOTHER__FM053_M3.png
train,0,clean,standard_clean,none,,data\split\train\FAMILY-53\MOTHER\FM053_M4.png,data\classifier_v4\train\clean\std_clean_0259__FAMILY-53__MOTHER__FM053_M4.png
train,0,clean,standard_clean,none,,data\split\train\FAMILY-53\MOTHER\FM053_M5.png,data\classifier_v4\train\clean\std_clean_0260__FAMILY-53__MOTHER__FM053_M5.png
train,0,clean,standard_clean,none,,data\split\train\FAMILY-56\CHILD\FM056_C1.png,data\classifier_v4\train\clean\std_clean_0261__FAMILY-56__CHILD__FM056_C1.png
train,0,clean,standard_clean,none,,data\split\train\FAMILY-56\CHILD\FM056_C2.png,data\classifier_v4\train\clean\std_clean_0262__FAMILY-56__CHILD__FM056_C2.png
train,0,clean,standard_clean,none,,data\split\train\FAMILY-56\CHILD\FM056_C3.png,data\classifier_v4\train\clean\std_clean_0263__FAMILY-56__CHILD__FM056_C3.png
train,0,clean,standard_clean,none,,data\split\train\FAMILY-56\CHILD\FM056_C4.png,data\classifier_v4\train\clean\std_clean_0264__FAMILY-56__CHILD__FM056_C4.png
train,0,clean,standard_clean,none,,data\split\train\FAMILY-56\CHILD\FM056_C5.png,data\classifier_v4\train\clean\std_clean_0265__FAMILY-56__CHILD__FM056_C5.png
train,0,clean,standard_clean,none,,data\split\train\FAMILY-56\FATHER\FM056_F1.png,data\classifier_v4\train\clean\std_clean_0266__FAMILY-56__FATHER__FM056_F1.png
train,0,clean,standard_clean,none,,data\split\train\FAMILY-56\FATHER\FM056_F3.png,data\classifier_v4\train\clean\std_clean_0267__FAMILY-56__FATHER__FM056_F3.png
train,0,clean,standard_clean,none,,data\split\train\FAMILY-56\FATHER\FM056_F5.png,data\classifier_v4\train\clean\std_clean_0268__FAMILY-56__FATHER__FM056_F5.png
train,0,clean,standard_clean,none,,data\split\train\FAMILY-56\MOTHER\FM056_M2.png,data\classifier_v4\train\clean\std_clean_0269__FAMILY-56__MOTHER__FM056_M2.png
train,0,clean,standard_clean,none,,data\split\train\FAMILY-57\CHILD\FM057_C1.png,data\classifier_v4\train\clean\std_clean_0270__FAMILY-57__CHILD__FM057_C1.png
train,0,clean,standard_clean,none,,data\split\train\FAMILY-57\CHILD\FM057_C2.png,data\classifier_v4\train\clean\std_clean_0271__FAMILY-57__CHILD__FM057_C2.png
train,0,clean,standard_clean,none,,data\split\train\FAMILY-57\CHILD\FM057_C3.png,data\classifier_v4\train\clean\std_clean_0272__FAMILY-57__CHILD__FM057_C3.png
train,0,clean,standard_clean,none,,data\split\train\FAMILY-57\CHILD\FM057_C4.png,data\classifier_v4\train\clean\std_clean_0273__FAMILY-57__CHILD__FM057_C4.png
train,0,clean,standard_clean,none,,data\split\train\FAMILY-57\CHILD\FM057_C5.png,data\classifier_v4\train\clean\std_clean_0274__FAMILY-57__CHILD__FM057_C5.png
train,0,clean,standard_clean,none,,data\split\train\FAMILY-57\FATHER\FM057_F1.png,data\classifier_v4\train\clean\std_clean_0275__FAMILY-57__FATHER__FM057_F1.png
train,0,clean,standard_clean,none,,data\split\train\FAMILY-57\FATHER\FM057_F3.png,data\classifier_v4\train\clean\std_clean_0276__FAMILY-57__FATHER__FM057_F3.png
train,0,clean,standard_clean,none,,data\split\train\FAMILY-57\FATHER\FM057_F4.png,data\classifier_v4\train\clean\std_clean_0277__FAMILY-57__FATHER__FM057_F4.png
train,0,clean,standard_clean,none,,data\split\train\FAMILY-57\FATHER\FM057_F5.png,data\classifier_v4\train\clean\std_clean_0278__FAMILY-57__FATHER__FM057_F5.png
train,0,clean,standard_clean,none,,data\split\train\FAMILY-57\MOTHER\FM057_M3.png,data\classifier_v4\train\clean\std_clean_0279__FAMILY-57__MOTHER__FM057_M3.png
train,0,clean,standard_clean,none,,data\split\train\FAMILY-57\MOTHER\FM057_M4.png,data\classifier_v4\train\clean\std_clean_0280__FAMILY-57__MOTHER__FM057_M4.png
train,0,clean,standard_clean,none,,data\split\train\FAMILY-57\MOTHER\FM057_M5.png,data\classifier_v4\train\clean\std_clean_0281__FAMILY-57__MOTHER__FM057_M5.png
train,0,clean,standard_clean,none,,data\split\train\FAMILY-58\CHILD\FM058_C4.png,data\classifier_v4\train\clean\std_clean_0282__FAMILY-58__CHILD__FM058_C4.png
train,0,clean,standard_clean,none,,data\split\train\FAMILY-58\FATHER\FM058_F3.png,data\classifier_v4\train\clean\std_clean_0283__FAMILY-58__FATHER__FM058_F3.png
train,0,clean,standard_clean,none,,data\split\train\FAMILY-58\FATHER\FM058_F4.png,data\classifier_v4\train\clean\std_clean_0284__FAMILY-58__FATHER__FM058_F4.png
train,0,clean,standard_clean,none,,data\split\train\FAMILY-58\FATHER\FM058_F5.png,data\classifier_v4\train\clean\std_clean_0285__FAMILY-58__FATHER__FM058_F5.png
train,0,clean,standard_clean,none,,data\split\train\FAMILY-58\MOTHER\FM058_M2.png,data\classifier_v4\train\clean\std_clean_0286__FAMILY-58__MOTHER__FM058_M2.png
train,0,clean,standard_clean,none,,data\split\train\FAMILY-58\MOTHER\FM058_M3.png,data\classifier_v4\train\clean\std_clean_0287__FAMILY-58__MOTHER__FM058_M3.png
train,0,clean,standard_clean,none,,data\split\train\FAMILY-58\MOTHER\FM058_M4.png,data\classifier_v4\train\clean\std_clean_0288__FAMILY-58__MOTHER__FM058_M4.png
train,0,clean,standard_clean,none,,data\split\train\FAMILY-58\MOTHER\FM058_M5.png,data\classifier_v4\train\clean\std_clean_0289__FAMILY-58__MOTHER__FM058_M5.png
train,0,clean,standard_clean,none,,data\split\train\FAMILY-6\CHILD\FM006_C3.png,data\classifier_v4\train\clean\std_clean_0290__FAMILY-6__CHILD__FM006_C3.png
train,0,clean,standard_clean,none,,data\split\train\FAMILY-6\CHILD\FM006_C4.png,data\classifier_v4\train\clean\std_clean_0291__FAMILY-6__CHILD__FM006_C4.png
train,0,clean,standard_clean,none,,data\split\train\FAMILY-6\CHILD\FM006_C5.png,data\classifier_v4\train\clean\std_clean_0292__FAMILY-6__CHILD__FM006_C5.png
train,0,clean,standard_clean,none,,data\split\train\FAMILY-6\MOTHER\FM006_M1.png,data\classifier_v4\train\clean\std_clean_0293__FAMILY-6__MOTHER__FM006_M1.png
train,0,clean,standard_clean,none,,data\split\train\FAMILY-6\MOTHER\FM006_M2.png,data\classifier_v4\train\clean\std_clean_0294__FAMILY-6__MOTHER__FM006_M2.png
train,0,clean,standard_clean,none,,data\split\train\FAMILY-60\CHILD\FM060_C1.png,data\classifier_v4\train\clean\std_clean_0295__FAMILY-60__CHILD__FM060_C1.png
train,0,clean,standard_clean,none,,data\split\train\FAMILY-60\CHILD\FM060_C3.png,data\classifier_v4\train\clean\std_clean_0296__FAMILY-60__CHILD__FM060_C3.png
train,0,clean,standard_clean,none,,data\split\train\FAMILY-60\FATHER\FM060_F1.png,data\classifier_v4\train\clean\std_clean_0297__FAMILY-60__FATHER__FM060_F1.png
train,0,clean,standard_clean,none,,data\split\train\FAMILY-60\FATHER\FM060_F4.png,data\classifier_v4\train\clean\std_clean_0298__FAMILY-60__FATHER__FM060_F4.png
train,0,clean,standard_clean,none,,data\split\train\FAMILY-60\MOTHER\FM060_M1.png,data\classifier_v4\train\clean\std_clean_0299__FAMILY-60__MOTHER__FM060_M1.png
train,0,clean,standard_clean,none,,data\split\train\FAMILY-60\MOTHER\FM060_M2.png,data\classifier_v4\train\clean\std_clean_0300__FAMILY-60__MOTHER__FM060_M2.png
train,0,clean,standard_clean,none,,data\split\train\FAMILY-60\MOTHER\FM060_M3.png,data\classifier_v4\train\clean\std_clean_0301__FAMILY-60__MOTHER__FM060_M3.png
train,0,clean,standard_clean,none,,data\split\train\FAMILY-60\MOTHER\FM060_M4.png,data\classifier_v4\train\clean\std_clean_0302__FAMILY-60__MOTHER__FM060_M4.png
train,0,clean,standard_clean,none,,data\split\train\FAMILY-60\MOTHER\FM060_M5.png,data\classifier_v4\train\clean\std_clean_0303__FAMILY-60__MOTHER__FM060_M5.png
train,0,clean,standard_clean,none,,data\split\train\FAMILY-61\CHILD\FM061_C2.png,data\classifier_v4\train\clean\std_clean_0304__FAMILY-61__CHILD__FM061_C2.png
train,0,clean,standard_clean,none,,data\split\train\FAMILY-61\CHILD\FM061_C5.png,data\classifier_v4\train\clean\std_clean_0305__FAMILY-61__CHILD__FM061_C5.png
train,0,clean,standard_clean,none,,data\split\train\FAMILY-61\FATHER\FM061_F1.png,data\classifier_v4\train\clean\std_clean_0306__FAMILY-61__FATHER__FM061_F1.png
train,0,clean,standard_clean,none,,data\split\train\FAMILY-61\FATHER\FM061_F2.png,data\classifier_v4\train\clean\std_clean_0307__FAMILY-61__FATHER__FM061_F2.png
train,0,clean,standard_clean,none,,data\split\train\FAMILY-61\FATHER\FM061_F3.png,data\classifier_v4\train\clean\std_clean_0308__FAMILY-61__FATHER__FM061_F3.png
train,0,clean,standard_clean,none,,data\split\train\FAMILY-61\FATHER\FM061_F4.png,data\classifier_v4\train\clean\std_clean_0309__FAMILY-61__FATHER__FM061_F4.png
train,0,clean,standard_clean,none,,data\split\train\FAMILY-61\MOTHER\FM061_M1.png,data\classifier_v4\train\clean\std_clean_0310__FAMILY-61__MOTHER__FM061_M1.png
train,0,clean,standard_clean,none,,data\split\train\FAMILY-61\MOTHER\FM061_M3.png,data\classifier_v4\train\clean\std_clean_0311__FAMILY-61__MOTHER__FM061_M3.png
train,0,clean,standard_clean,none,,data\split\train\FAMILY-61\MOTHER\FM061_M4.png,data\classifier_v4\train\clean\std_clean_0312__FAMILY-61__MOTHER__FM061_M4.png
train,0,clean,standard_clean,none,,data\split\train\FAMILY-62\CHILD\FM062_C1.png,data\classifier_v4\train\clean\std_clean_0313__FAMILY-62__CHILD__FM062_C1.png
train,0,clean,standard_clean,none,,data\split\train\FAMILY-62\CHILD\FM062_C4.png,data\classifier_v4\train\clean\std_clean_0314__FAMILY-62__CHILD__FM062_C4.png
train,0,clean,standard_clean,none,,data\split\train\FAMILY-62\CHILD\FM062_C5.png,data\classifier_v4\train\clean\std_clean_0315__FAMILY-62__CHILD__FM062_C5.png
train,0,clean,standard_clean,none,,data\split\train\FAMILY-62\FATHER\FM062_F1.png,data\classifier_v4\train\clean\std_clean_0316__FAMILY-62__FATHER__FM062_F1.png
train,0,clean,standard_clean,none,,data\split\train\FAMILY-62\FATHER\FM062_F5.png,data\classifier_v4\train\clean\std_clean_0317__FAMILY-62__FATHER__FM062_F5.png
train,0,clean,standard_clean,none,,data\split\train\FAMILY-62\MOTHER\FM062_M2.png,data\classifier_v4\train\clean\std_clean_0318__FAMILY-62__MOTHER__FM062_M2.png
train,0,clean,standard_clean,none,,data\split\train\FAMILY-62\MOTHER\FM062_M3.png,data\classifier_v4\train\clean\std_clean_0319__FAMILY-62__MOTHER__FM062_M3.png
train,0,clean,standard_clean,none,,data\split\train\FAMILY-63\CHILD\FM063_C3.png,data\classifier_v4\train\clean\std_clean_0320__FAMILY-63__CHILD__FM063_C3.png
train,0,clean,standard_clean,none,,data\split\train\FAMILY-63\CHILD\FM063_C5.png,data\classifier_v4\train\clean\std_clean_0321__FAMILY-63__CHILD__FM063_C5.png
train,0,clean,standard_clean,none,,data\split\train\FAMILY-63\FATHER\FM063_F3.png,data\classifier_v4\train\clean\std_clean_0322__FAMILY-63__FATHER__FM063_F3.png
train,0,clean,standard_clean,none,,data\split\train\FAMILY-63\FATHER\FM063_F5.png,data\classifier_v4\train\clean\std_clean_0323__FAMILY-63__FATHER__FM063_F5.png
train,0,clean,standard_clean,none,,data\split\train\FAMILY-63\MOTHER\FM063_M2.png,data\classifier_v4\train\clean\std_clean_0324__FAMILY-63__MOTHER__FM063_M2.png
train,0,clean,standard_clean,none,,data\split\train\FAMILY-63\MOTHER\FM063_M5.png,data\classifier_v4\train\clean\std_clean_0325__FAMILY-63__MOTHER__FM063_M5.png
train,0,clean,standard_clean,none,,data\split\train\FAMILY-64\CHILD\FM064_C1.png,data\classifier_v4\train\clean\std_clean_0326__FAMILY-64__CHILD__FM064_C1.png
train,0,clean,standard_clean,none,,data\split\train\FAMILY-64\CHILD\FM064_C3.png,data\classifier_v4\train\clean\std_clean_0327__FAMILY-64__CHILD__FM064_C3.png
train,0,clean,standard_clean,none,,data\split\train\FAMILY-64\CHILD\FM064_C4.png,data\classifier_v4\train\clean\std_clean_0328__FAMILY-64__CHILD__FM064_C4.png
train,0,clean,standard_clean,none,,data\split\train\FAMILY-64\FATHER\FM064_F1.png,data\classifier_v4\train\clean\std_clean_0329__FAMILY-64__FATHER__FM064_F1.png
train,0,clean,standard_clean,none,,data\split\train\FAMILY-64\FATHER\FM064_F3.png,data\classifier_v4\train\clean\std_clean_0330__FAMILY-64__FATHER__FM064_F3.png
train,0,clean,standard_clean,none,,data\split\train\FAMILY-64\FATHER\FM064_F5.png,data\classifier_v4\train\clean\std_clean_0331__FAMILY-64__FATHER__FM064_F5.png
train,0,clean,standard_clean,none,,data\split\train\FAMILY-64\MOTHER\FM064_M1.png,data\classifier_v4\train\clean\std_clean_0332__FAMILY-64__MOTHER__FM064_M1.png
train,0,clean,standard_clean,none,,data\split\train\FAMILY-64\MOTHER\FM064_M2.png,data\classifier_v4\train\clean\std_clean_0333__FAMILY-64__MOTHER__FM064_M2.png
train,0,clean,standard_clean,none,,data\split\train\FAMILY-64\MOTHER\FM064_M4.png,data\classifier_v4\train\clean\std_clean_0334__FAMILY-64__MOTHER__FM064_M4.png
train,0,clean,standard_clean,none,,data\split\train\FAMILY-69\CHILD\FM069_C1.png,data\classifier_v4\train\clean\std_clean_0335__FAMILY-69__CHILD__FM069_C1.png
train,0,clean,standard_clean,none,,data\split\train\FAMILY-69\CHILD\FM069_C4.png,data\classifier_v4\train\clean\std_clean_0336__FAMILY-69__CHILD__FM069_C4.png
train,0,clean,standard_clean,none,,data\split\train\FAMILY-69\FATHER\FM069_F1.png,data\classifier_v4\train\clean\std_clean_0337__FAMILY-69__FATHER__FM069_F1.png
train,0,clean,standard_clean,none,,data\split\train\FAMILY-69\FATHER\FM069_F3.png,data\classifier_v4\train\clean\std_clean_0338__FAMILY-69__FATHER__FM069_F3.png
train,0,clean,standard_clean,none,,data\split\train\FAMILY-69\FATHER\FM069_F4.png,data\classifier_v4\train\clean\std_clean_0339__FAMILY-69__FATHER__FM069_F4.png
train,0,clean,standard_clean,none,,data\split\train\FAMILY-69\MOTHER\FM069_M2.png,data\classifier_v4\train\clean\std_clean_0340__FAMILY-69__MOTHER__FM069_M2.png
train,0,clean,standard_clean,none,,data\split\train\FAMILY-69\MOTHER\FM069_M3.png,data\classifier_v4\train\clean\std_clean_0341__FAMILY-69__MOTHER__FM069_M3.png
train,0,clean,standard_clean,none,,data\split\train\FAMILY-69\MOTHER\FM069_M5.png,data\classifier_v4\train\clean\std_clean_0342__FAMILY-69__MOTHER__FM069_M5.png
train,0,clean,standard_clean,none,,data\split\train\FAMILY-70\CHILD\FM070_C1.png,data\classifier_v4\train\clean\std_clean_0343__FAMILY-70__CHILD__FM070_C1.png
train,0,clean,standard_clean,none,,data\split\train\FAMILY-70\CHILD\FM070_C4.png,data\classifier_v4\train\clean\std_clean_0344__FAMILY-70__CHILD__FM070_C4.png
train,0,clean,standard_clean,none,,data\split\train\FAMILY-70\FATHER\FM070_F1.png,data\classifier_v4\train\clean\std_clean_0345__FAMILY-70__FATHER__FM070_F1.png
train,0,clean,standard_clean,none,,data\split\train\FAMILY-70\FATHER\FM070_F4.png,data\classifier_v4\train\clean\std_clean_0346__FAMILY-70__FATHER__FM070_F4.png
train,0,clean,standard_clean,none,,data\split\train\FAMILY-70\FATHER\FM070_F5.png,data\classifier_v4\train\clean\std_clean_0347__FAMILY-70__FATHER__FM070_F5.png
train,0,clean,standard_clean,none,,data\split\train\FAMILY-70\MOTHER\FM070_M3.png,data\classifier_v4\train\clean\std_clean_0348__FAMILY-70__MOTHER__FM070_M3.png
train,0,clean,standard_clean,none,,data\split\train\FAMILY-70\MOTHER\FM070_M4.png,data\classifier_v4\train\clean\std_clean_0349__FAMILY-70__MOTHER__FM070_M4.png
train,0,clean,standard_clean,none,,data\split\train\FAMILY-70\MOTHER\FM070_M5.png,data\classifier_v4\train\clean\std_clean_0350__FAMILY-70__MOTHER__FM070_M5.png
train,0,clean,standard_clean,none,,data\split\train\FAMILY-71\CHILD\FM071_C2.png,data\classifier_v4\train\clean\std_clean_0351__FAMILY-71__CHILD__FM071_C2.png
train,0,clean,standard_clean,none,,data\split\train\FAMILY-71\FATHER\FM071_F1.png,data\classifier_v4\train\clean\std_clean_0352__FAMILY-71__FATHER__FM071_F1.png
train,0,clean,standard_clean,none,,data\split\train\FAMILY-71\FATHER\FM071_F3.png,data\classifier_v4\train\clean\std_clean_0353__FAMILY-71__FATHER__FM071_F3.png
train,0,clean,standard_clean,none,,data\split\train\FAMILY-71\MOTHER\FM071_M1.png,data\classifier_v4\train\clean\std_clean_0354__FAMILY-71__MOTHER__FM071_M1.png
train,0,clean,standard_clean,none,,data\split\train\FAMILY-71\MOTHER\FM071_M2.png,data\classifier_v4\train\clean\std_clean_0355__FAMILY-71__MOTHER__FM071_M2.png
train,0,clean,standard_clean,none,,data\split\train\FAMILY-71\MOTHER\FM071_M5.png,data\classifier_v4\train\clean\std_clean_0356__FAMILY-71__MOTHER__FM071_M5.png
train,0,clean,standard_clean,none,,data\split\train\FAMILY-72\CHILD\FM072_C1.png,data\classifier_v4\train\clean\std_clean_0357__FAMILY-72__CHILD__FM072_C1.png
train,0,clean,standard_clean,none,,data\split\train\FAMILY-72\CHILD\FM072_C2.png,data\classifier_v4\train\clean\std_clean_0358__FAMILY-72__CHILD__FM072_C2.png
train,0,clean,standard_clean,none,,data\split\train\FAMILY-72\CHILD\FM072_C3.png,data\classifier_v4\train\clean\std_clean_0359__FAMILY-72__CHILD__FM072_C3.png
train,0,clean,standard_clean,none,,data\split\train\FAMILY-72\FATHER\FM072_F3.png,data\classifier_v4\train\clean\std_clean_0360__FAMILY-72__FATHER__FM072_F3.png
train,0,clean,standard_clean,none,,data\split\train\FAMILY-72\FATHER\FM072_F4.png,data\classifier_v4\train\clean\std_clean_0361__FAMILY-72__FATHER__FM072_F4.png
train,0,clean,standard_clean,none,,data\split\train\FAMILY-72\FATHER\FM072_F5.png,data\classifier_v4\train\clean\std_clean_0362__FAMILY-72__FATHER__FM072_F5.png
train,0,clean,standard_clean,none,,data\split\train\FAMILY-72\MOTHER\FM072_M1.png,data\classifier_v4\train\clean\std_clean_0363__FAMILY-72__MOTHER__FM072_M1.png
train,0,clean,standard_clean,none,,data\split\train\FAMILY-72\MOTHER\FM072_M3.png,data\classifier_v4\train\clean\std_clean_0364__FAMILY-72__MOTHER__FM072_M3.png
train,0,clean,standard_clean,none,,data\split\train\FAMILY-73\CHILD\FM073_C3.png,data\classifier_v4\train\clean\std_clean_0365__FAMILY-73__CHILD__FM073_C3.png
train,0,clean,standard_clean,none,,data\split\train\FAMILY-73\CHILD\FM073_C4.png,data\classifier_v4\train\clean\std_clean_0366__FAMILY-73__CHILD__FM073_C4.png
train,0,clean,standard_clean,none,,data\split\train\FAMILY-73\CHILD\FM073_C5.png,data\classifier_v4\train\clean\std_clean_0367__FAMILY-73__CHILD__FM073_C5.png
train,0,clean,standard_clean,none,,data\split\train\FAMILY-73\FATHER\FM073_F1.png,data\classifier_v4\train\clean\std_clean_0368__FAMILY-73__FATHER__FM073_F1.png
train,0,clean,standard_clean,none,,data\split\train\FAMILY-73\FATHER\FM073_F2.png,data\classifier_v4\train\clean\std_clean_0369__FAMILY-73__FATHER__FM073_F2.png
train,0,clean,standard_clean,none,,data\split\train\FAMILY-73\FATHER\FM073_F3.png,data\classifier_v4\train\clean\std_clean_0370__FAMILY-73__FATHER__FM073_F3.png
train,0,clean,standard_clean,none,,data\split\train\FAMILY-73\FATHER\FM073_F4.png,data\classifier_v4\train\clean\std_clean_0371__FAMILY-73__FATHER__FM073_F4.png
train,0,clean,standard_clean,none,,data\split\train\FAMILY-73\FATHER\FM073_F5.png,data\classifier_v4\train\clean\std_clean_0372__FAMILY-73__FATHER__FM073_F5.png
train,0,clean,standard_clean,none,,data\split\train\FAMILY-73\MOTHER\FM073_M1.png,data\classifier_v4\train\clean\std_clean_0373__FAMILY-73__MOTHER__FM073_M1.png
train,0,clean,standard_clean,none,,data\split\train\FAMILY-73\MOTHER\FM073_M2.png,data\classifier_v4\train\clean\std_clean_0374__FAMILY-73__MOTHER__FM073_M2.png
train,0,clean,standard_clean,none,,data\split\train\FAMILY-73\MOTHER\FM073_M3.png,data\classifier_v4\train\clean\std_clean_0375__FAMILY-73__MOTHER__FM073_M3.png
train,0,clean,standard_clean,none,,data\split\train\FAMILY-73\MOTHER\FM073_M4.png,data\classifier_v4\train\clean\std_clean_0376__FAMILY-73__MOTHER__FM073_M4.png
train,0,clean,standard_clean,none,,data\split\train\FAMILY-73\MOTHER\FM073_M5.png,data\classifier_v4\train\clean\std_clean_0377__FAMILY-73__MOTHER__FM073_M5.png
train,0,clean,standard_clean,none,,data\split\train\FAMILY-74\CHILD\FM074_C3.png,data\classifier_v4\train\clean\std_clean_0378__FAMILY-74__CHILD__FM074_C3.png
train,0,clean,standard_clean,none,,data\split\train\FAMILY-74\CHILD\FM074_C4.png,data\classifier_v4\train\clean\std_clean_0379__FAMILY-74__CHILD__FM074_C4.png
train,0,clean,standard_clean,none,,data\split\train\FAMILY-74\FATHER\FM074_F2.png,data\classifier_v4\train\clean\std_clean_0380__FAMILY-74__FATHER__FM074_F2.png
train,0,clean,standard_clean,none,,data\split\train\FAMILY-74\FATHER\FM074_F3.png,data\classifier_v4\train\clean\std_clean_0381__FAMILY-74__FATHER__FM074_F3.png
train,0,clean,standard_clean,none,,data\split\train\FAMILY-74\FATHER\FM074_F5.png,data\classifier_v4\train\clean\std_clean_0382__FAMILY-74__FATHER__FM074_F5.png
train,0,clean,standard_clean,none,,data\split\train\FAMILY-74\MOTHER\FM074_M5.png,data\classifier_v4\train\clean\std_clean_0383__FAMILY-74__MOTHER__FM074_M5.png
train,0,clean,standard_clean,none,,data\split\train\FAMILY-76\CHILD\FM076_C2.png,data\classifier_v4\train\clean\std_clean_0384__FAMILY-76__CHILD__FM076_C2.png
train,0,clean,standard_clean,none,,data\split\train\FAMILY-76\CHILD\FM076_C3.png,data\classifier_v4\train\clean\std_clean_0385__FAMILY-76__CHILD__FM076_C3.png
train,0,clean,standard_clean,none,,data\split\train\FAMILY-76\FATHER\FM076_F3.png,data\classifier_v4\train\clean\std_clean_0386__FAMILY-76__FATHER__FM076_F3.png
train,0,clean,standard_clean,none,,data\split\train\FAMILY-76\FATHER\FM076_F4.png,data\classifier_v4\train\clean\std_clean_0387__FAMILY-76__FATHER__FM076_F4.png
train,0,clean,standard_clean,none,,data\split\train\FAMILY-76\MOTHER\FM076_M3.png,data\classifier_v4\train\clean\std_clean_0388__FAMILY-76__MOTHER__FM076_M3.png
train,0,clean,standard_clean,none,,data\split\train\FAMILY-76\MOTHER\FM076_M4.png,data\classifier_v4\train\clean\std_clean_0389__FAMILY-76__MOTHER__FM076_M4.png
train,0,clean,standard_clean,none,,data\split\train\FAMILY-77\CHILD\FM077_C3.png,data\classifier_v4\train\clean\std_clean_0390__FAMILY-77__CHILD__FM077_C3.png
train,0,clean,standard_clean,none,,data\split\train\FAMILY-77\CHILD\FM077_C4.png,data\classifier_v4\train\clean\std_clean_0391__FAMILY-77__CHILD__FM077_C4.png
train,0,clean,standard_clean,none,,data\split\train\FAMILY-77\CHILD\FM077_C5.png,data\classifier_v4\train\clean\std_clean_0392__FAMILY-77__CHILD__FM077_C5.png
train,0,clean,standard_clean,none,,data\split\train\FAMILY-77\MOTHER\FM077_M1.png,data\classifier_v4\train\clean\std_clean_0393__FAMILY-77__MOTHER__FM077_M1.png
train,0,clean,standard_clean,none,,data\split\train\FAMILY-77\MOTHER\FM077_M2.png,data\classifier_v4\train\clean\std_clean_0394__FAMILY-77__MOTHER__FM077_M2.png
train,0,clean,standard_clean,none,,data\split\train\FAMILY-77\MOTHER\FM077_M4.png,data\classifier_v4\train\clean\std_clean_0395__FAMILY-77__MOTHER__FM077_M4.png
train,0,clean,standard_clean,none,,data\split\train\FAMILY-79\CHILD\FM079_C1.png,data\classifier_v4\train\clean\std_clean_0396__FAMILY-79__CHILD__FM079_C1.png
train,0,clean,standard_clean,none,,data\split\train\FAMILY-79\CHILD\FM079_C3.png,data\classifier_v4\train\clean\std_clean_0397__FAMILY-79__CHILD__FM079_C3.png
train,0,clean,standard_clean,none,,data\split\train\FAMILY-79\CHILD\FM079_C4.png,data\classifier_v4\train\clean\std_clean_0398__FAMILY-79__CHILD__FM079_C4.png
train,0,clean,standard_clean,none,,data\split\train\FAMILY-79\CHILD\FM079_C5.png,data\classifier_v4\train\clean\std_clean_0399__FAMILY-79__CHILD__FM079_C5.png
train,0,clean,standard_clean,none,,data\split\train\FAMILY-79\FATHER\FM079_F1.png,data\classifier_v4\train\clean\std_clean_0400__FAMILY-79__FATHER__FM079_F1.png
train,0,clean,standard_clean,none,,data\split\train\FAMILY-79\MOTHER\FM079_M1.png,data\classifier_v4\train\clean\std_clean_0401__FAMILY-79__MOTHER__FM079_M1.png
train,0,clean,standard_clean,none,,data\split\train\FAMILY-79\MOTHER\FM079_M2.png,data\classifier_v4\train\clean\std_clean_0402__FAMILY-79__MOTHER__FM079_M2.png
train,0,clean,standard_clean,none,,data\split\train\FAMILY-79\MOTHER\FM079_M3.png,data\classifier_v4\train\clean\std_clean_0403__FAMILY-79__MOTHER__FM079_M3.png
train,0,clean,standard_clean,none,,data\split\train\FAMILY-79\MOTHER\FM079_M4.png,data\classifier_v4\train\clean\std_clean_0404__FAMILY-79__MOTHER__FM079_M4.png
train,0,clean,standard_clean,none,,data\split\train\FAMILY-79\MOTHER\FM079_M5.png,data\classifier_v4\train\clean\std_clean_0405__FAMILY-79__MOTHER__FM079_M5.png
train,0,clean,standard_clean,none,,data\split\train\FAMILY-8\CHILD\FM008_C3.png,data\classifier_v4\train\clean\std_clean_0406__FAMILY-8__CHILD__FM008_C3.png
train,0,clean,standard_clean,none,,data\split\train\FAMILY-8\CHILD\FM008_C4.png,data\classifier_v4\train\clean\std_clean_0407__FAMILY-8__CHILD__FM008_C4.png
train,0,clean,standard_clean,none,,data\split\train\FAMILY-8\CHILD\FM008_C5.png,data\classifier_v4\train\clean\std_clean_0408__FAMILY-8__CHILD__FM008_C5.png
train,0,clean,standard_clean,none,,data\split\train\FAMILY-8\FATHER\FM008_F1.png,data\classifier_v4\train\clean\std_clean_0409__FAMILY-8__FATHER__FM008_F1.png
train,0,clean,standard_clean,none,,data\split\train\FAMILY-8\FATHER\FM008_F3.png,data\classifier_v4\train\clean\std_clean_0410__FAMILY-8__FATHER__FM008_F3.png
train,0,clean,standard_clean,none,,data\split\train\FAMILY-8\FATHER\FM008_F5.png,data\classifier_v4\train\clean\std_clean_0411__FAMILY-8__FATHER__FM008_F5.png
train,0,clean,standard_clean,none,,data\split\train\FAMILY-8\MOTHER\FM008_M2.png,data\classifier_v4\train\clean\std_clean_0412__FAMILY-8__MOTHER__FM008_M2.png
train,0,clean,standard_clean,none,,data\split\train\FAMILY-8\MOTHER\FM008_M5.png,data\classifier_v4\train\clean\std_clean_0413__FAMILY-8__MOTHER__FM008_M5.png
train,0,clean,standard_clean,none,,data\split\train\FAMILY-80\CHILD\FM080_C1.png,data\classifier_v4\train\clean\std_clean_0414__FAMILY-80__CHILD__FM080_C1.png
train,0,clean,standard_clean,none,,data\split\train\FAMILY-80\CHILD\FM080_C4.png,data\classifier_v4\train\clean\std_clean_0415__FAMILY-80__CHILD__FM080_C4.png
train,0,clean,standard_clean,none,,data\split\train\FAMILY-80\FATHER\FM080_F1.png,data\classifier_v4\train\clean\std_clean_0416__FAMILY-80__FATHER__FM080_F1.png
train,0,clean,standard_clean,none,,data\split\train\FAMILY-80\MOTHER\FM080_M2.png,data\classifier_v4\train\clean\std_clean_0417__FAMILY-80__MOTHER__FM080_M2.png
train,0,clean,standard_clean,none,,data\split\train\FAMILY-80\MOTHER\FM080_M5.png,data\classifier_v4\train\clean\std_clean_0418__FAMILY-80__MOTHER__FM080_M5.png
train,0,clean,standard_clean,none,,data\split\train\FAMILY-81\CHILD\FM081_C2.png,data\classifier_v4\train\clean\std_clean_0419__FAMILY-81__CHILD__FM081_C2.png
train,0,clean,standard_clean,none,,data\split\train\FAMILY-81\CHILD\FM081_C3.png,data\classifier_v4\train\clean\std_clean_0420__FAMILY-81__CHILD__FM081_C3.png
train,0,clean,standard_clean,none,,data\split\train\FAMILY-81\CHILD\FM081_C4.png,data\classifier_v4\train\clean\std_clean_0421__FAMILY-81__CHILD__FM081_C4.png
train,0,clean,standard_clean,none,,data\split\train\FAMILY-81\FATHER\FM081_F5.png,data\classifier_v4\train\clean\std_clean_0422__FAMILY-81__FATHER__FM081_F5.png
train,0,clean,standard_clean,none,,data\split\train\FAMILY-81\MOTHER\FM081_M3.png,data\classifier_v4\train\clean\std_clean_0423__FAMILY-81__MOTHER__FM081_M3.png
train,0,clean,standard_clean,none,,data\split\train\FAMILY-81\MOTHER\FM081_M5.png,data\classifier_v4\train\clean\std_clean_0424__FAMILY-81__MOTHER__FM081_M5.png
train,0,clean,standard_clean,none,,data\split\train\FAMILY-82\CHILD\FM082_C1.png,data\classifier_v4\train\clean\std_clean_0425__FAMILY-82__CHILD__FM082_C1.png
train,0,clean,standard_clean,none,,data\split\train\FAMILY-82\CHILD\FM082_C2.png,data\classifier_v4\train\clean\std_clean_0426__FAMILY-82__CHILD__FM082_C2.png
train,0,clean,standard_clean,none,,data\split\train\FAMILY-82\CHILD\FM082_C4.png,data\classifier_v4\train\clean\std_clean_0427__FAMILY-82__CHILD__FM082_C4.png
train,0,clean,standard_clean,none,,data\split\train\FAMILY-82\CHILD\FM082_C5.png,data\classifier_v4\train\clean\std_clean_0428__FAMILY-82__CHILD__FM082_C5.png
train,0,clean,standard_clean,none,,data\split\train\FAMILY-82\FATHER\FM082_F1.png,data\classifier_v4\train\clean\std_clean_0429__FAMILY-82__FATHER__FM082_F1.png
train,0,clean,standard_clean,none,,data\split\train\FAMILY-82\FATHER\FM082_F2.png,data\classifier_v4\train\clean\std_clean_0430__FAMILY-82__FATHER__FM082_F2.png
train,0,clean,standard_clean,none,,data\split\train\FAMILY-82\FATHER\FM082_F3.png,data\classifier_v4\train\clean\std_clean_0431__FAMILY-82__FATHER__FM082_F3.png
train,0,clean,standard_clean,none,,data\split\train\FAMILY-82\FATHER\FM082_F4.png,data\classifier_v4\train\clean\std_clean_0432__FAMILY-82__FATHER__FM082_F4.png
train,0,clean,standard_clean,none,,data\split\train\FAMILY-82\MOTHER\FM082_M5.png,data\classifier_v4\train\clean\std_clean_0433__FAMILY-82__MOTHER__FM082_M5.png
train,0,clean,standard_clean,none,,data\split\train\FAMILY-84\CHILD\FM084_C1.png,data\classifier_v4\train\clean\std_clean_0434__FAMILY-84__CHILD__FM084_C1.png
train,0,clean,standard_clean,none,,data\split\train\FAMILY-84\CHILD\FM084_C3.png,data\classifier_v4\train\clean\std_clean_0435__FAMILY-84__CHILD__FM084_C3.png
train,0,clean,standard_clean,none,,data\split\train\FAMILY-84\FATHER\FM084_F2.png,data\classifier_v4\train\clean\std_clean_0436__FAMILY-84__FATHER__FM084_F2.png
train,0,clean,standard_clean,none,,data\split\train\FAMILY-84\FATHER\FM084_F4.png,data\classifier_v4\train\clean\std_clean_0437__FAMILY-84__FATHER__FM084_F4.png
train,0,clean,standard_clean,none,,data\split\train\FAMILY-84\MOTHER\FM084_M1.png,data\classifier_v4\train\clean\std_clean_0438__FAMILY-84__MOTHER__FM084_M1.png
train,0,clean,standard_clean,none,,data\split\train\FAMILY-84\MOTHER\FM084_M3.png,data\classifier_v4\train\clean\std_clean_0439__FAMILY-84__MOTHER__FM084_M3.png
train,0,clean,standard_clean,none,,data\split\train\FAMILY-85\CHILD\FM085_C3.png,data\classifier_v4\train\clean\std_clean_0440__FAMILY-85__CHILD__FM085_C3.png
train,0,clean,standard_clean,none,,data\split\train\FAMILY-85\FATHER\FM085_F2.png,data\classifier_v4\train\clean\std_clean_0441__FAMILY-85__FATHER__FM085_F2.png
train,0,clean,standard_clean,none,,data\split\train\FAMILY-85\FATHER\FM085_F3.png,data\classifier_v4\train\clean\std_clean_0442__FAMILY-85__FATHER__FM085_F3.png
train,0,clean,standard_clean,none,,data\split\train\FAMILY-85\MOTHER\FM085_M4.png,data\classifier_v4\train\clean\std_clean_0443__FAMILY-85__MOTHER__FM085_M4.png
train,0,clean,standard_clean,none,,data\split\train\FAMILY-87\CHILD\FM087_C1.png,data\classifier_v4\train\clean\std_clean_0444__FAMILY-87__CHILD__FM087_C1.png
train,0,clean,standard_clean,none,,data\split\train\FAMILY-87\CHILD\FM087_C2.png,data\classifier_v4\train\clean\std_clean_0445__FAMILY-87__CHILD__FM087_C2.png
train,0,clean,standard_clean,none,,data\split\train\FAMILY-87\CHILD\FM087_C5.png,data\classifier_v4\train\clean\std_clean_0446__FAMILY-87__CHILD__FM087_C5.png
train,0,clean,standard_clean,none,,data\split\train\FAMILY-87\FATHER\FM087_F1.png,data\classifier_v4\train\clean\std_clean_0447__FAMILY-87__FATHER__FM087_F1.png
train,0,clean,standard_clean,none,,data\split\train\FAMILY-87\FATHER\FM087_F2.png,data\classifier_v4\train\clean\std_clean_0448__FAMILY-87__FATHER__FM087_F2.png
train,0,clean,standard_clean,none,,data\split\train\FAMILY-87\MOTHER\FM087_M1.png,data\classifier_v4\train\clean\std_clean_0449__FAMILY-87__MOTHER__FM087_M1.png
train,0,clean,standard_clean,none,,data\split\train\FAMILY-87\MOTHER\FM087_M4.png,data\classifier_v4\train\clean\std_clean_0450__FAMILY-87__MOTHER__FM087_M4.png
train,0,clean,standard_clean,none,,data\split\train\FAMILY-88\CHILD\FM088_C2.png,data\classifier_v4\train\clean\std_clean_0451__FAMILY-88__CHILD__FM088_C2.png
train,0,clean,standard_clean,none,,data\split\train\FAMILY-88\FATHER\FM088_F3.png,data\classifier_v4\train\clean\std_clean_0452__FAMILY-88__FATHER__FM088_F3.png
train,0,clean,standard_clean,none,,data\split\train\FAMILY-88\MOTHER\FM088_M1.png,data\classifier_v4\train\clean\std_clean_0453__FAMILY-88__MOTHER__FM088_M1.png
train,0,clean,standard_clean,none,,data\split\train\FAMILY-88\MOTHER\FM088_M3.png,data\classifier_v4\train\clean\std_clean_0454__FAMILY-88__MOTHER__FM088_M3.png
train,0,clean,standard_clean,none,,data\split\train\FAMILY-90\CHILD\FM090_C1.png,data\classifier_v4\train\clean\std_clean_0455__FAMILY-90__CHILD__FM090_C1.png
train,0,clean,standard_clean,none,,data\split\train\FAMILY-90\CHILD\FM090_C2.png,data\classifier_v4\train\clean\std_clean_0456__FAMILY-90__CHILD__FM090_C2.png
train,0,clean,standard_clean,none,,data\split\train\FAMILY-90\CHILD\FM090_C4.png,data\classifier_v4\train\clean\std_clean_0457__FAMILY-90__CHILD__FM090_C4.png
train,0,clean,standard_clean,none,,data\split\train\FAMILY-90\CHILD\FM090_C5.png,data\classifier_v4\train\clean\std_clean_0458__FAMILY-90__CHILD__FM090_C5.png
train,0,clean,standard_clean,none,,data\split\train\FAMILY-90\FATHER\FM090_F1.png,data\classifier_v4\train\clean\std_clean_0459__FAMILY-90__FATHER__FM090_F1.png
train,0,clean,standard_clean,none,,data\split\train\FAMILY-90\FATHER\FM090_F2.png,data\classifier_v4\train\clean\std_clean_0460__FAMILY-90__FATHER__FM090_F2.png
train,0,clean,standard_clean,none,,data\split\train\FAMILY-90\FATHER\FM090_F3.png,data\classifier_v4\train\clean\std_clean_0461__FAMILY-90__FATHER__FM090_F3.png
train,0,clean,standard_clean,none,,data\split\train\FAMILY-90\FATHER\FM090_F4.png,data\classifier_v4\train\clean\std_clean_0462__FAMILY-90__FATHER__FM090_F4.png
train,0,clean,standard_clean,none,,data\split\train\FAMILY-90\MOTHER\FM090_M1.png,data\classifier_v4\train\clean\std_clean_0463__FAMILY-90__MOTHER__FM090_M1.png
train,0,clean,standard_clean,none,,data\split\train\FAMILY-90\MOTHER\FM090_M3.png,data\classifier_v4\train\clean\std_clean_0464__FAMILY-90__MOTHER__FM090_M3.png
train,0,clean,standard_clean,none,,data\split\train\FAMILY-92\CHILD\FM092_C1.png,data\classifier_v4\train\clean\std_clean_0465__FAMILY-92__CHILD__FM092_C1.png
train,0,clean,standard_clean,none,,data\split\train\FAMILY-92\CHILD\FM092_C3.png,data\classifier_v4\train\clean\std_clean_0466__FAMILY-92__CHILD__FM092_C3.png
train,0,clean,standard_clean,none,,data\split\train\FAMILY-92\CHILD\FM092_C4.png,data\classifier_v4\train\clean\std_clean_0467__FAMILY-92__CHILD__FM092_C4.png
train,0,clean,standard_clean,none,,data\split\train\FAMILY-92\CHILD\FM092_C5.png,data\classifier_v4\train\clean\std_clean_0468__FAMILY-92__CHILD__FM092_C5.png
train,0,clean,standard_clean,none,,data\split\train\FAMILY-92\FATHER\FM092_F4.png,data\classifier_v4\train\clean\std_clean_0469__FAMILY-92__FATHER__FM092_F4.png
train,0,clean,standard_clean,none,,data\split\train\FAMILY-92\FATHER\FM092_F5.png,data\classifier_v4\train\clean\std_clean_0470__FAMILY-92__FATHER__FM092_F5.png
train,0,clean,standard_clean,none,,data\split\train\FAMILY-92\MOTHER\FM092_M3.png,data\classifier_v4\train\clean\std_clean_0471__FAMILY-92__MOTHER__FM092_M3.png
train,0,clean,standard_clean,none,,data\split\train\FAMILY-93\CHILD\FM093_C1.png,data\classifier_v4\train\clean\std_clean_0472__FAMILY-93__CHILD__FM093_C1.png
train,0,clean,standard_clean,none,,data\split\train\FAMILY-93\CHILD\FM093_C3.png,data\classifier_v4\train\clean\std_clean_0473__FAMILY-93__CHILD__FM093_C3.png
train,0,clean,standard_clean,none,,data\split\train\FAMILY-93\CHILD\FM093_C4.png,data\classifier_v4\train\clean\std_clean_0474__FAMILY-93__CHILD__FM093_C4.png
train,0,clean,standard_clean,none,,data\split\train\FAMILY-93\FATHER\FM093_F1.png,data\classifier_v4\train\clean\std_clean_0475__FAMILY-93__FATHER__FM093_F1.png
train,0,clean,standard_clean,none,,data\split\train\FAMILY-93\FATHER\FM093_F2.png,data\classifier_v4\train\clean\std_clean_0476__FAMILY-93__FATHER__FM093_F2.png
train,0,clean,standard_clean,none,,data\split\train\FAMILY-93\FATHER\FM093_F3.png,data\classifier_v4\train\clean\std_clean_0477__FAMILY-93__FATHER__FM093_F3.png
train,0,clean,standard_clean,none,,data\split\train\FAMILY-93\FATHER\FM093_F4.png,data\classifier_v4\train\clean\std_clean_0478__FAMILY-93__FATHER__FM093_F4.png
train,0,clean,standard_clean,none,,data\split\train\FAMILY-93\MOTHER\FM093_M1.png,data\classifier_v4\train\clean\std_clean_0479__FAMILY-93__MOTHER__FM093_M1.png
train,0,clean,standard_clean,none,,data\split\train\FAMILY-93\MOTHER\FM093_M2.png,data\classifier_v4\train\clean\std_clean_0480__FAMILY-93__MOTHER__FM093_M2.png
train,0,clean,standard_clean,none,,data\split\train\FAMILY-93\MOTHER\FM093_M5.png,data\classifier_v4\train\clean\std_clean_0481__FAMILY-93__MOTHER__FM093_M5.png
train,0,clean,standard_clean,none,,data\split\train\FAMILY-94\CHILD\FM094_C1.png,data\classifier_v4\train\clean\std_clean_0482__FAMILY-94__CHILD__FM094_C1.png
train,0,clean,standard_clean,none,,data\split\train\FAMILY-94\CHILD\FM094_C4.png,data\classifier_v4\train\clean\std_clean_0483__FAMILY-94__CHILD__FM094_C4.png
train,0,clean,standard_clean,none,,data\split\train\FAMILY-94\CHILD\FM094_C5.png,data\classifier_v4\train\clean\std_clean_0484__FAMILY-94__CHILD__FM094_C5.png
train,0,clean,standard_clean,none,,data\split\train\FAMILY-94\FATHER\FM094_F1.png,data\classifier_v4\train\clean\std_clean_0485__FAMILY-94__FATHER__FM094_F1.png
train,0,clean,standard_clean,none,,data\split\train\FAMILY-94\FATHER\FM094_F4.png,data\classifier_v4\train\clean\std_clean_0486__FAMILY-94__FATHER__FM094_F4.png
train,0,clean,standard_clean,none,,data\split\train\FAMILY-94\FATHER\FM094_F5.png,data\classifier_v4\train\clean\std_clean_0487__FAMILY-94__FATHER__FM094_F5.png
train,0,clean,standard_clean,none,,data\split\train\FAMILY-94\MOTHER\FM094_M2.png,data\classifier_v4\train\clean\std_clean_0488__FAMILY-94__MOTHER__FM094_M2.png
train,0,clean,standard_clean,none,,data\split\train\FAMILY-94\MOTHER\FM094_M5.png,data\classifier_v4\train\clean\std_clean_0489__FAMILY-94__MOTHER__FM094_M5.png
train,0,clean,standard_clean,none,,data\split\train\FAMILY-95\CHILD\FM095_C3.png,data\classifier_v4\train\clean\std_clean_0490__FAMILY-95__CHILD__FM095_C3.png
train,0,clean,standard_clean,none,,data\split\train\FAMILY-95\CHILD\FM095_C4.png,data\classifier_v4\train\clean\std_clean_0491__FAMILY-95__CHILD__FM095_C4.png
train,0,clean,standard_clean,none,,data\split\train\FAMILY-95\CHILD\FM095_C5.png,data\classifier_v4\train\clean\std_clean_0492__FAMILY-95__CHILD__FM095_C5.png
train,0,clean,standard_clean,none,,data\split\train\FAMILY-95\FATHER\FM095_F2.png,data\classifier_v4\train\clean\std_clean_0493__FAMILY-95__FATHER__FM095_F2.png
train,0,clean,standard_clean,none,,data\split\train\FAMILY-95\FATHER\FM095_F3.png,data\classifier_v4\train\clean\std_clean_0494__FAMILY-95__FATHER__FM095_F3.png
train,0,clean,standard_clean,none,,data\split\train\FAMILY-95\FATHER\FM095_F4.png,data\classifier_v4\train\clean\std_clean_0495__FAMILY-95__FATHER__FM095_F4.png
train,0,clean,standard_clean,none,,data\split\train\FAMILY-95\MOTHER\FM095_M1.png,data\classifier_v4\train\clean\std_clean_0496__FAMILY-95__MOTHER__FM095_M1.png
train,0,clean,standard_clean,none,,data\split\train\FAMILY-95\MOTHER\FM095_M3.png,data\classifier_v4\train\clean\std_clean_0497__FAMILY-95__MOTHER__FM095_M3.png
train,0,clean,standard_clean,none,,data\split\train\FAMILY-95\MOTHER\FM095_M5.png,data\classifier_v4\train\clean\std_clean_0498__FAMILY-95__MOTHER__FM095_M5.png
train,0,clean,standard_clean,none,,data\split\train\FAMILY-96\CHILD\FM096_C1.png,data\classifier_v4\train\clean\std_clean_0499__FAMILY-96__CHILD__FM096_C1.png
train,0,clean,standard_clean,none,,data\split\train\FAMILY-96\CHILD\FM096_C2.png,data\classifier_v4\train\clean\std_clean_0500__FAMILY-96__CHILD__FM096_C2.png
train,0,clean,standard_clean,none,,data\split\train\FAMILY-96\CHILD\FM096_C3.png,data\classifier_v4\train\clean\std_clean_0501__FAMILY-96__CHILD__FM096_C3.png
train,0,clean,standard_clean,none,,data\split\train\FAMILY-96\CHILD\FM096_C5.png,data\classifier_v4\train\clean\std_clean_0502__FAMILY-96__CHILD__FM096_C5.png
train,0,clean,standard_clean,none,,data\split\train\FAMILY-96\FATHER\FM096_F1.png,data\classifier_v4\train\clean\std_clean_0503__FAMILY-96__FATHER__FM096_F1.png
train,0,clean,standard_clean,none,,data\split\train\FAMILY-96\FATHER\FM096_F4.png,data\classifier_v4\train\clean\std_clean_0504__FAMILY-96__FATHER__FM096_F4.png
train,0,clean,standard_clean,none,,data\split\train\FAMILY-96\MOTHER\FM096_M2.png,data\classifier_v4\train\clean\std_clean_0505__FAMILY-96__MOTHER__FM096_M2.png
train,0,clean,standard_clean,none,,data\split\train\FAMILY-96\MOTHER\FM096_M3.png,data\classifier_v4\train\clean\std_clean_0506__FAMILY-96__MOTHER__FM096_M3.png
train,0,clean,standard_clean,none,,data\split\train\FAMILY-96\MOTHER\FM096_M4.png,data\classifier_v4\train\clean\std_clean_0507__FAMILY-96__MOTHER__FM096_M4.png
train,0,clean,standard_clean,none,,data\split\train\FAMILY-97\CHILD\FM097_C2.png,data\classifier_v4\train\clean\std_clean_0508__FAMILY-97__CHILD__FM097_C2.png
train,0,clean,standard_clean,none,,data\split\train\FAMILY-97\CHILD\FM097_C3.png,data\classifier_v4\train\clean\std_clean_0509__FAMILY-97__CHILD__FM097_C3.png
train,0,clean,standard_clean,none,,data\split\train\FAMILY-97\CHILD\FM097_C4.png,data\classifier_v4\train\clean\std_clean_0510__FAMILY-97__CHILD__FM097_C4.png
train,0,clean,standard_clean,none,,data\split\train\FAMILY-97\FATHER\FM097_F2.png,data\classifier_v4\train\clean\std_clean_0511__FAMILY-97__FATHER__FM097_F2.png
train,0,clean,standard_clean,none,,data\split\train\FAMILY-97\FATHER\FM097_F4.png,data\classifier_v4\train\clean\std_clean_0512__FAMILY-97__FATHER__FM097_F4.png
train,0,clean,standard_clean,none,,data\split\train\FAMILY-97\MOTHER\FM097_M1.png,data\classifier_v4\train\clean\std_clean_0513__FAMILY-97__MOTHER__FM097_M1.png
train,0,clean,standard_clean,none,,data\split\train\FAMILY-97\MOTHER\FM097_M2.png,data\classifier_v4\train\clean\std_clean_0514__FAMILY-97__MOTHER__FM097_M2.png
train,0,clean,standard_clean,none,,data\split\train\FAMILY-97\MOTHER\FM097_M3.png,data\classifier_v4\train\clean\std_clean_0515__FAMILY-97__MOTHER__FM097_M3.png
train,0,clean,standard_clean,none,,data\split\train\FAMILY-97\MOTHER\FM097_M5.png,data\classifier_v4\train\clean\std_clean_0516__FAMILY-97__MOTHER__FM097_M5.png
train,0,clean,standard_clean,none,,data\split\train\FAMILY-98\CHILD\FM098_C2.png,data\classifier_v4\train\clean\std_clean_0517__FAMILY-98__CHILD__FM098_C2.png
train,0,clean,standard_clean,none,,data\split\train\FAMILY-98\CHILD\FM098_C3.png,data\classifier_v4\train\clean\std_clean_0518__FAMILY-98__CHILD__FM098_C3.png
train,0,clean,standard_clean,none,,data\split\train\FAMILY-98\CHILD\FM098_C4.png,data\classifier_v4\train\clean\std_clean_0519__FAMILY-98__CHILD__FM098_C4.png
train,0,clean,standard_clean,none,,data\split\train\FAMILY-98\CHILD\FM098_C5.png,data\classifier_v4\train\clean\std_clean_0520__FAMILY-98__CHILD__FM098_C5.png
train,0,clean,standard_clean,none,,data\split\train\FAMILY-98\FATHER\FM098_F2.png,data\classifier_v4\train\clean\std_clean_0521__FAMILY-98__FATHER__FM098_F2.png
train,0,clean,standard_clean,none,,data\split\train\FAMILY-98\FATHER\FM098_F4.png,data\classifier_v4\train\clean\std_clean_0522__FAMILY-98__FATHER__FM098_F4.png
train,0,clean,standard_clean,none,,data\split\train\FAMILY-98\MOTHER\FM098_M1.png,data\classifier_v4\train\clean\std_clean_0523__FAMILY-98__MOTHER__FM098_M1.png
train,0,clean,standard_clean,none,,data\split\train\FAMILY-98\MOTHER\FM098_M5.png,data\classifier_v4\train\clean\std_clean_0524__FAMILY-98__MOTHER__FM098_M5.png
train,0,clean,quality_augmented_clean,faint,,data\split\train\FAMILY-32\MOTHER\FM032_M2.png,data\classifier_v4\train\clean\aug_faint_0000__FAMILY-32__MOTHER__FM032_M2.png
train,0,clean,quality_augmented_clean,faint,,data\split\train\FAMILY-74\MOTHER\FM074_M3.png,data\classifier_v4\train\clean\aug_faint_0001__FAMILY-74__MOTHER__FM074_M3.png
train,0,clean,quality_augmented_clean,faint,,data\split\train\FAMILY-3\CHILD\FM003_C5.png,data\classifier_v4\train\clean\aug_faint_0002__FAMILY-3__CHILD__FM003_C5.png
train,0,clean,quality_augmented_clean,faint,,data\split\train\FAMILY-57\MOTHER\FM057_M1.png,data\classifier_v4\train\clean\aug_faint_0003__FAMILY-57__MOTHER__FM057_M1.png
train,0,clean,quality_augmented_clean,faint,,data\split\train\FAMILY-63\MOTHER\FM063_M1.png,data\classifier_v4\train\clean\aug_faint_0004__FAMILY-63__MOTHER__FM063_M1.png
train,0,clean,quality_augmented_clean,faint,,data\split\train\FAMILY-8\CHILD\FM008_C2.png,data\classifier_v4\train\clean\aug_faint_0005__FAMILY-8__CHILD__FM008_C2.png
train,0,clean,quality_augmented_clean,faint,,data\split\train\FAMILY-95\CHILD\FM095_C1.png,data\classifier_v4\train\clean\aug_faint_0006__FAMILY-95__CHILD__FM095_C1.png
train,0,clean,quality_augmented_clean,faint,,data\split\train\FAMILY-63\FATHER\FM063_F2.png,data\classifier_v4\train\clean\aug_faint_0007__FAMILY-63__FATHER__FM063_F2.png
train,0,clean,quality_augmented_clean,faint,,data\split\train\FAMILY-18\CHILD\FM018_C3.png,data\classifier_v4\train\clean\aug_faint_0008__FAMILY-18__CHILD__FM018_C3.png
train,0,clean,quality_augmented_clean,faint,,data\split\train\FAMILY-92\MOTHER\FM092_M2.png,data\classifier_v4\train\clean\aug_faint_0009__FAMILY-92__MOTHER__FM092_M2.png
train,0,clean,quality_augmented_clean,faint,,data\split\train\FAMILY-32\CHILD\FM032_C3.png,data\classifier_v4\train\clean\aug_faint_0010__FAMILY-32__CHILD__FM032_C3.png
train,0,clean,quality_augmented_clean,faint,,data\split\train\FAMILY-52\FATHER\FM052_F3.png,data\classifier_v4\train\clean\aug_faint_0011__FAMILY-52__FATHER__FM052_F3.png
train,0,clean,quality_augmented_clean,faint,,data\split\train\FAMILY-76\CHILD\FM076_C4.png,data\classifier_v4\train\clean\aug_faint_0012__FAMILY-76__CHILD__FM076_C4.png
train,0,clean,quality_augmented_clean,faint,,data\split\train\FAMILY-98\FATHER\FM098_F5.png,data\classifier_v4\train\clean\aug_faint_0013__FAMILY-98__FATHER__FM098_F5.png
train,0,clean,quality_augmented_clean,faint,,data\split\train\FAMILY-44\CHILD\FM044_C4.png,data\classifier_v4\train\clean\aug_faint_0014__FAMILY-44__CHILD__FM044_C4.png
train,0,clean,quality_augmented_clean,faint,,data\split\train\FAMILY-88\CHILD\FM088_C4.png,data\classifier_v4\train\clean\aug_faint_0015__FAMILY-88__CHILD__FM088_C4.png
train,0,clean,quality_augmented_clean,faint,,data\split\train\FAMILY-8\FATHER\FM008_F4.png,data\classifier_v4\train\clean\aug_faint_0016__FAMILY-8__FATHER__FM008_F4.png
train,0,clean,quality_augmented_clean,faint,,data\split\train\FAMILY-46\FATHER\FM046_F4.png,data\classifier_v4\train\clean\aug_faint_0017__FAMILY-46__FATHER__FM046_F4.png
train,0,clean,quality_augmented_clean,faint,,data\split\train\FAMILY-63\FATHER\FM063_F1.png,data\classifier_v4\train\clean\aug_faint_0018__FAMILY-63__FATHER__FM063_F1.png
train,0,clean,quality_augmented_clean,faint,,data\split\train\FAMILY-82\MOTHER\FM082_M1.png,data\classifier_v4\train\clean\aug_faint_0019__FAMILY-82__MOTHER__FM082_M1.png
train,0,clean,quality_augmented_clean,faint,,data\split\train\FAMILY-25\CHILD\FM025_C4.png,data\classifier_v4\train\clean\aug_faint_0020__FAMILY-25__CHILD__FM025_C4.png
train,0,clean,quality_augmented_clean,faint,,data\split\train\FAMILY-43\FATHER\FM043_F4.png,data\classifier_v4\train\clean\aug_faint_0021__FAMILY-43__FATHER__FM043_F4.png
train,0,clean,quality_augmented_clean,faint,,data\split\train\FAMILY-58\CHILD\FM058_C2.png,data\classifier_v4\train\clean\aug_faint_0022__FAMILY-58__CHILD__FM058_C2.png
train,0,clean,quality_augmented_clean,faint,,data\split\train\FAMILY-84\CHILD\FM084_C2.png,data\classifier_v4\train\clean\aug_faint_0023__FAMILY-84__CHILD__FM084_C2.png
train,0,clean,quality_augmented_clean,faint,,data\split\train\FAMILY-51\MOTHER\FM051_M3.png,data\classifier_v4\train\clean\aug_faint_0024__FAMILY-51__MOTHER__FM051_M3.png
train,0,clean,quality_augmented_clean,faint,,data\split\train\FAMILY-2\FATHER\FM002_F3.png,data\classifier_v4\train\clean\aug_faint_0025__FAMILY-2__FATHER__FM002_F3.png
train,0,clean,quality_augmented_clean,faint,,data\split\train\FAMILY-25\CHILD\FM025_C2.png,data\classifier_v4\train\clean\aug_faint_0026__FAMILY-25__CHILD__FM025_C2.png
train,0,clean,quality_augmented_clean,faint,,data\split\train\FAMILY-62\FATHER\FM062_F4.png,data\classifier_v4\train\clean\aug_faint_0027__FAMILY-62__FATHER__FM062_F4.png
train,0,clean,quality_augmented_clean,faint,,data\split\train\FAMILY-17\CHILD\FM017_C5.png,data\classifier_v4\train\clean\aug_faint_0028__FAMILY-17__CHILD__FM017_C5.png
train,0,clean,quality_augmented_clean,faint,,data\split\train\FAMILY-11\MOTHER\FM011_M1.png,data\classifier_v4\train\clean\aug_faint_0029__FAMILY-11__MOTHER__FM011_M1.png
train,0,clean,quality_augmented_clean,faint,,data\split\train\FAMILY-53\MOTHER\FM053_M1.png,data\classifier_v4\train\clean\aug_faint_0030__FAMILY-53__MOTHER__FM053_M1.png
train,0,clean,quality_augmented_clean,faint,,data\split\train\FAMILY-32\MOTHER\FM032_M5.png,data\classifier_v4\train\clean\aug_faint_0031__FAMILY-32__MOTHER__FM032_M5.png
train,0,clean,quality_augmented_clean,faint,,data\split\train\FAMILY-85\MOTHER\FM085_M3.png,data\classifier_v4\train\clean\aug_faint_0032__FAMILY-85__MOTHER__FM085_M3.png
train,0,clean,quality_augmented_clean,faint,,data\split\train\FAMILY-60\CHILD\FM060_C4.png,data\classifier_v4\train\clean\aug_faint_0033__FAMILY-60__CHILD__FM060_C4.png
train,0,clean,quality_augmented_clean,faint,,data\split\train\FAMILY-76\CHILD\FM076_C5.png,data\classifier_v4\train\clean\aug_faint_0034__FAMILY-76__CHILD__FM076_C5.png
train,0,clean,quality_augmented_clean,faint,,data\split\train\FAMILY-18\FATHER\FM018_F5.png,data\classifier_v4\train\clean\aug_faint_0035__FAMILY-18__FATHER__FM018_F5.png
train,0,clean,quality_augmented_clean,faint,,data\split\train\FAMILY-30\CHILD\FM030_C1.png,data\classifier_v4\train\clean\aug_faint_0036__FAMILY-30__CHILD__FM030_C1.png
train,0,clean,quality_augmented_clean,faint,,data\split\train\FAMILY-77\FATHER\FM077_F4.png,data\classifier_v4\train\clean\aug_faint_0037__FAMILY-77__FATHER__FM077_F4.png
train,0,clean,quality_augmented_clean,faint,,data\split\train\FAMILY-93\CHILD\FM093_C5.png,data\classifier_v4\train\clean\aug_faint_0038__FAMILY-93__CHILD__FM093_C5.png
train,0,clean,quality_augmented_clean,faint,,data\split\train\FAMILY-6\FATHER\FM006_F4.png,data\classifier_v4\train\clean\aug_faint_0039__FAMILY-6__FATHER__FM006_F4.png
train,0,clean,quality_augmented_clean,faint,,data\split\train\FAMILY-70\FATHER\FM070_F3.png,data\classifier_v4\train\clean\aug_faint_0040__FAMILY-70__FATHER__FM070_F3.png
train,0,clean,quality_augmented_clean,faint,,data\split\train\FAMILY-11\FATHER\FM011_F2.png,data\classifier_v4\train\clean\aug_faint_0041__FAMILY-11__FATHER__FM011_F2.png
train,0,clean,quality_augmented_clean,faint,,data\split\train\FAMILY-81\FATHER\FM081_F1.png,data\classifier_v4\train\clean\aug_faint_0042__FAMILY-81__FATHER__FM081_F1.png
train,0,clean,quality_augmented_clean,faint,,data\split\train\FAMILY-26\FATHER\FM026_F1.png,data\classifier_v4\train\clean\aug_faint_0043__FAMILY-26__FATHER__FM026_F1.png
train,0,clean,quality_augmented_clean,faint,,data\split\train\FAMILY-16\CHILD\FM016_C2.png,data\classifier_v4\train\clean\aug_faint_0044__FAMILY-16__CHILD__FM016_C2.png
train,0,clean,quality_augmented_clean,faint,,data\split\train\FAMILY-70\CHILD\FM070_C5.png,data\classifier_v4\train\clean\aug_faint_0045__FAMILY-70__CHILD__FM070_C5.png
train,0,clean,quality_augmented_clean,faint,,data\split\train\FAMILY-80\CHILD\FM080_C5.png,data\classifier_v4\train\clean\aug_faint_0046__FAMILY-80__CHILD__FM080_C5.png
train,0,clean,quality_augmented_clean,faint,,data\split\train\FAMILY-82\MOTHER\FM082_M3.png,data\classifier_v4\train\clean\aug_faint_0047__FAMILY-82__MOTHER__FM082_M3.png
train,0,clean,quality_augmented_clean,faint,,data\split\train\FAMILY-64\FATHER\FM064_F4.png,data\classifier_v4\train\clean\aug_faint_0048__FAMILY-64__FATHER__FM064_F4.png
train,0,clean,quality_augmented_clean,faint,,data\split\train\FAMILY-1\MOTHER\FM001_M5.png,data\classifier_v4\train\clean\aug_faint_0049__FAMILY-1__MOTHER__FM001_M5.png
train,0,clean,quality_augmented_clean,faint,,data\split\train\FAMILY-90\MOTHER\FM090_M5.png,data\classifier_v4\train\clean\aug_faint_0050__FAMILY-90__MOTHER__FM090_M5.png
train,0,clean,quality_augmented_clean,faint,,data\split\train\FAMILY-81\MOTHER\FM081_M4.png,data\classifier_v4\train\clean\aug_faint_0051__FAMILY-81__MOTHER__FM081_M4.png
train,0,clean,quality_augmented_clean,faint,,data\split\train\FAMILY-70\CHILD\FM070_C3.png,data\classifier_v4\train\clean\aug_faint_0052__FAMILY-70__CHILD__FM070_C3.png
train,0,clean,quality_augmented_clean,faint,,data\split\train\FAMILY-80\CHILD\FM080_C3.png,data\classifier_v4\train\clean\aug_faint_0053__FAMILY-80__CHILD__FM080_C3.png
train,0,clean,quality_augmented_clean,faint,,data\split\train\FAMILY-25\CHILD\FM025_C1.png,data\classifier_v4\train\clean\aug_faint_0054__FAMILY-25__CHILD__FM025_C1.png
train,0,clean,quality_augmented_clean,faint,,data\split\train\FAMILY-40\CHILD\FM040_C4.png,data\classifier_v4\train\clean\aug_faint_0055__FAMILY-40__CHILD__FM040_C4.png
train,0,clean,quality_augmented_clean,faint,,data\split\train\FAMILY-4\CHILD\FM004_C2.png,data\classifier_v4\train\clean\aug_faint_0056__FAMILY-4__CHILD__FM004_C2.png
train,0,clean,quality_augmented_clean,faint,,data\split\train\FAMILY-80\MOTHER\FM080_M4.png,data\classifier_v4\train\clean\aug_faint_0057__FAMILY-80__MOTHER__FM080_M4.png
train,0,clean,quality_augmented_clean,faint,,data\split\train\FAMILY-72\MOTHER\FM072_M2.png,data\classifier_v4\train\clean\aug_faint_0058__FAMILY-72__MOTHER__FM072_M2.png
train,0,clean,quality_augmented_clean,faint,,data\split\train\FAMILY-38\CHILD\FM038_C1.png,data\classifier_v4\train\clean\aug_faint_0059__FAMILY-38__CHILD__FM038_C1.png
train,0,clean,quality_augmented_clean,faint,,data\split\train\FAMILY-41\MOTHER\FM041_M3.png,data\classifier_v4\train\clean\aug_faint_0060__FAMILY-41__MOTHER__FM041_M3.png
train,0,clean,quality_augmented_clean,faint,,data\split\train\FAMILY-71\CHILD\FM071_C4.png,data\classifier_v4\train\clean\aug_faint_0061__FAMILY-71__CHILD__FM071_C4.png
train,0,clean,quality_augmented_clean,faint,,data\split\train\FAMILY-40\FATHER\FM040_F5.png,data\classifier_v4\train\clean\aug_faint_0062__FAMILY-40__FATHER__FM040_F5.png
train,0,clean,quality_augmented_clean,faint,,data\split\train\FAMILY-84\MOTHER\FM084_M2.png,data\classifier_v4\train\clean\aug_faint_0063__FAMILY-84__MOTHER__FM084_M2.png
train,0,clean,quality_augmented_clean,faint,,data\split\train\FAMILY-85\FATHER\FM085_F4.png,data\classifier_v4\train\clean\aug_faint_0064__FAMILY-85__FATHER__FM085_F4.png
train,0,clean,quality_augmented_clean,faint,,data\split\train\FAMILY-80\FATHER\FM080_F2.png,data\classifier_v4\train\clean\aug_faint_0065__FAMILY-80__FATHER__FM080_F2.png
train,0,clean,quality_augmented_clean,faint,,data\split\train\FAMILY-32\FATHER\FM032_F2.png,data\classifier_v4\train\clean\aug_faint_0066__FAMILY-32__FATHER__FM032_F2.png
train,0,clean,quality_augmented_clean,faint,,data\split\train\FAMILY-82\MOTHER\FM082_M4.png,data\classifier_v4\train\clean\aug_faint_0067__FAMILY-82__MOTHER__FM082_M4.png
train,0,clean,quality_augmented_clean,faint,,data\split\train\FAMILY-3\FATHER\FM003_F1.png,data\classifier_v4\train\clean\aug_faint_0068__FAMILY-3__FATHER__FM003_F1.png
train,0,clean,quality_augmented_clean,faint,,data\split\train\FAMILY-79\FATHER\FM079_F5.png,data\classifier_v4\train\clean\aug_faint_0069__FAMILY-79__FATHER__FM079_F5.png
train,0,clean,quality_augmented_clean,faint,,data\split\train\FAMILY-5\FATHER\FM005_F5.png,data\classifier_v4\train\clean\aug_faint_0070__FAMILY-5__FATHER__FM005_F5.png
train,0,clean,quality_augmented_clean,faint,,data\split\train\FAMILY-10\MOTHER\FM010_M5.png,data\classifier_v4\train\clean\aug_faint_0071__FAMILY-10__MOTHER__FM010_M5.png
train,0,clean,quality_augmented_clean,faint,,data\split\train\FAMILY-53\FATHER\FM053_F3.png,data\classifier_v4\train\clean\aug_faint_0072__FAMILY-53__FATHER__FM053_F3.png
train,0,clean,quality_augmented_clean,faint,,data\split\train\FAMILY-43\MOTHER\FM043_M2.png,data\classifier_v4\train\clean\aug_faint_0073__FAMILY-43__MOTHER__FM043_M2.png
train,0,clean,quality_augmented_clean,faint,,data\split\train\FAMILY-18\FATHER\FM018_F3.png,data\classifier_v4\train\clean\aug_faint_0074__FAMILY-18__FATHER__FM018_F3.png
train,0,clean,quality_augmented_clean,faint,,data\split\train\FAMILY-21\MOTHER\FM021_M2.png,data\classifier_v4\train\clean\aug_faint_0075__FAMILY-21__MOTHER__FM021_M2.png
train,0,clean,quality_augmented_clean,faint,,data\split\train\FAMILY-38\FATHER\FM038_F4.png,data\classifier_v4\train\clean\aug_faint_0076__FAMILY-38__FATHER__FM038_F4.png
train,0,clean,quality_augmented_clean,faint,,data\split\train\FAMILY-69\CHILD\FM069_C2.png,data\classifier_v4\train\clean\aug_faint_0077__FAMILY-69__CHILD__FM069_C2.png
train,0,clean,quality_augmented_clean,faint,,data\split\train\FAMILY-74\MOTHER\FM074_M2.png,data\classifier_v4\train\clean\aug_faint_0078__FAMILY-74__MOTHER__FM074_M2.png
train,0,clean,quality_augmented_clean,faint,,data\split\train\FAMILY-40\FATHER\FM040_F2.png,data\classifier_v4\train\clean\aug_faint_0079__FAMILY-40__FATHER__FM040_F2.png
train,0,clean,quality_augmented_clean,faint,,data\split\train\FAMILY-40\FATHER\FM040_F1.png,data\classifier_v4\train\clean\aug_faint_0080__FAMILY-40__FATHER__FM040_F1.png
train,0,clean,quality_augmented_clean,faint,,data\split\train\FAMILY-4\CHILD\FM004_C3.png,data\classifier_v4\train\clean\aug_faint_0081__FAMILY-4__CHILD__FM004_C3.png
train,0,clean,quality_augmented_clean,faint,,data\split\train\FAMILY-81\FATHER\FM081_F3.png,data\classifier_v4\train\clean\aug_faint_0082__FAMILY-81__FATHER__FM081_F3.png
train,0,clean,quality_augmented_clean,faint,,data\split\train\FAMILY-4\FATHER\FM004_F5.png,data\classifier_v4\train\clean\aug_faint_0083__FAMILY-4__FATHER__FM004_F5.png
train,0,clean,quality_augmented_clean,faint,,data\split\train\FAMILY-92\FATHER\FM092_F2.png,data\classifier_v4\train\clean\aug_faint_0084__FAMILY-92__FATHER__FM092_F2.png
train,0,clean,quality_augmented_clean,faint,,data\split\train\FAMILY-34\FATHER\FM034_F3.png,data\classifier_v4\train\clean\aug_faint_0085__FAMILY-34__FATHER__FM034_F3.png
train,0,clean,quality_augmented_clean,faint,,data\split\train\FAMILY-94\MOTHER\FM094_M3.png,data\classifier_v4\train\clean\aug_faint_0086__FAMILY-94__MOTHER__FM094_M3.png
train,0,clean,quality_augmented_clean,faint,,data\split\train\FAMILY-30\FATHER\FM030_F4.png,data\classifier_v4\train\clean\aug_faint_0087__FAMILY-30__FATHER__FM030_F4.png
train,0,clean,quality_augmented_clean,faint,,data\split\train\FAMILY-19\CHILD\FM019_C3.png,data\classifier_v4\train\clean\aug_faint_0088__FAMILY-19__CHILD__FM019_C3.png
train,0,clean,quality_augmented_clean,faint,,data\split\train\FAMILY-5\CHILD\FM005_C5.png,data\classifier_v4\train\clean\aug_faint_0089__FAMILY-5__CHILD__FM005_C5.png
train,0,clean,quality_augmented_clean,faint,,data\split\train\FAMILY-5\MOTHER\FM005_M4.png,data\classifier_v4\train\clean\aug_faint_0090__FAMILY-5__MOTHER__FM005_M4.png
train,0,clean,quality_augmented_clean,faint,,data\split\train\FAMILY-92\MOTHER\FM092_M4.png,data\classifier_v4\train\clean\aug_faint_0091__FAMILY-92__MOTHER__FM092_M4.png
train,0,clean,quality_augmented_clean,faint,,data\split\train\FAMILY-84\FATHER\FM084_F5.png,data\classifier_v4\train\clean\aug_faint_0092__FAMILY-84__FATHER__FM084_F5.png
train,0,clean,quality_augmented_clean,faint,,data\split\train\FAMILY-80\CHILD\FM080_C2.png,data\classifier_v4\train\clean\aug_faint_0093__FAMILY-80__CHILD__FM080_C2.png
train,0,clean,quality_augmented_clean,faint,,data\split\train\FAMILY-88\CHILD\FM088_C5.png,data\classifier_v4\train\clean\aug_faint_0094__FAMILY-88__CHILD__FM088_C5.png
train,0,clean,quality_augmented_clean,faint,,data\split\train\FAMILY-62\CHILD\FM062_C2.png,data\classifier_v4\train\clean\aug_faint_0095__FAMILY-62__CHILD__FM062_C2.png
train,0,clean,quality_augmented_clean,faint,,data\split\train\FAMILY-61\MOTHER\FM061_M2.png,data\classifier_v4\train\clean\aug_faint_0096__FAMILY-61__MOTHER__FM061_M2.png
train,0,clean,quality_augmented_clean,faint,,data\split\train\FAMILY-5\CHILD\FM005_C4.png,data\classifier_v4\train\clean\aug_faint_0097__FAMILY-5__CHILD__FM005_C4.png
train,0,clean,quality_augmented_clean,faint,,data\split\train\FAMILY-71\MOTHER\FM071_M4.png,data\classifier_v4\train\clean\aug_faint_0098__FAMILY-71__MOTHER__FM071_M4.png
train,0,clean,quality_augmented_clean,faint,,data\split\train\FAMILY-46\MOTHER\FM046_M1.png,data\classifier_v4\train\clean\aug_faint_0099__FAMILY-46__MOTHER__FM046_M1.png
train,0,clean,quality_augmented_clean,faint,,data\split\train\FAMILY-81\MOTHER\FM081_M2.png,data\classifier_v4\train\clean\aug_faint_0100__FAMILY-81__MOTHER__FM081_M2.png
train,0,clean,quality_augmented_clean,faint,,data\split\train\FAMILY-95\CHILD\FM095_C2.png,data\classifier_v4\train\clean\aug_faint_0101__FAMILY-95__CHILD__FM095_C2.png
train,0,clean,quality_augmented_clean,faint,,data\split\train\FAMILY-85\CHILD\FM085_C1.png,data\classifier_v4\train\clean\aug_faint_0102__FAMILY-85__CHILD__FM085_C1.png
train,0,clean,quality_augmented_clean,faint,,data\split\train\FAMILY-5\FATHER\FM005_F3.png,data\classifier_v4\train\clean\aug_faint_0103__FAMILY-5__FATHER__FM005_F3.png
train,0,clean,quality_augmented_clean,faint,,data\split\train\FAMILY-47\MOTHER\FM047_M5.png,data\classifier_v4\train\clean\aug_faint_0104__FAMILY-47__MOTHER__FM047_M5.png
train,0,clean,quality_augmented_clean,faint,,data\split\train\FAMILY-8\MOTHER\FM008_M3.png,data\classifier_v4\train\clean\aug_faint_0105__FAMILY-8__MOTHER__FM008_M3.png
train,0,clean,quality_augmented_clean,faint,,data\split\train\FAMILY-19\MOTHER\FM019_M1.png,data\classifier_v4\train\clean\aug_faint_0106__FAMILY-19__MOTHER__FM019_M1.png
train,0,clean,quality_augmented_clean,faint,,data\split\train\FAMILY-77\MOTHER\FM077_M3.png,data\classifier_v4\train\clean\aug_faint_0107__FAMILY-77__MOTHER__FM077_M3.png
train,0,clean,quality_augmented_clean,faint,,data\split\train\FAMILY-62\MOTHER\FM062_M1.png,data\classifier_v4\train\clean\aug_faint_0108__FAMILY-62__MOTHER__FM062_M1.png
train,0,clean,quality_augmented_clean,faint,,data\split\train\FAMILY-6\CHILD\FM006_C1.png,data\classifier_v4\train\clean\aug_faint_0109__FAMILY-6__CHILD__FM006_C1.png
train,0,clean,quality_augmented_clean,faint,,data\split\train\FAMILY-34\MOTHER\FM034_M3.png,data\classifier_v4\train\clean\aug_faint_0110__FAMILY-34__MOTHER__FM034_M3.png
train,0,clean,quality_augmented_clean,faint,,data\split\train\FAMILY-30\MOTHER\FM030_M4.png,data\classifier_v4\train\clean\aug_faint_0111__FAMILY-30__MOTHER__FM030_M4.png
train,0,clean,quality_augmented_clean,faint,,data\split\train\FAMILY-29\MOTHER\FM029_M3.png,data\classifier_v4\train\clean\aug_faint_0112__FAMILY-29__MOTHER__FM029_M3.png
train,0,clean,quality_augmented_clean,faint,,data\split\train\FAMILY-6\FATHER\FM006_F5.png,data\classifier_v4\train\clean\aug_faint_0113__FAMILY-6__FATHER__FM006_F5.png
train,0,clean,quality_augmented_clean,faint,,data\split\train\FAMILY-96\FATHER\FM096_F3.png,data\classifier_v4\train\clean\aug_faint_0114__FAMILY-96__FATHER__FM096_F3.png
train,0,clean,quality_augmented_clean,faint,,data\split\train\FAMILY-88\FATHER\FM088_F2.png,data\classifier_v4\train\clean\aug_faint_0115__FAMILY-88__FATHER__FM088_F2.png
train,0,clean,quality_augmented_clean,faint,,data\split\train\FAMILY-26\FATHER\FM026_F2.png,data\classifier_v4\train\clean\aug_faint_0116__FAMILY-26__FATHER__FM026_F2.png
train,0,clean,quality_augmented_clean,faint,,data\split\train\FAMILY-93\MOTHER\FM093_M3.png,data\classifier_v4\train\clean\aug_faint_0117__FAMILY-93__MOTHER__FM093_M3.png
train,0,clean,quality_augmented_clean,faint,,data\split\train\FAMILY-51\MOTHER\FM051_M5.png,data\classifier_v4\train\clean\aug_faint_0118__FAMILY-51__MOTHER__FM051_M5.png
train,0,clean,quality_augmented_clean,faint,,data\split\train\FAMILY-71\FATHER\FM071_F4.png,data\classifier_v4\train\clean\aug_faint_0119__FAMILY-71__FATHER__FM071_F4.png
train,0,clean,quality_augmented_clean,faint,,data\split\train\FAMILY-88\MOTHER\FM088_M2.png,data\classifier_v4\train\clean\aug_faint_0120__FAMILY-88__MOTHER__FM088_M2.png
train,0,clean,quality_augmented_clean,faint,,data\split\train\FAMILY-41\FATHER\FM041_F4.png,data\classifier_v4\train\clean\aug_faint_0121__FAMILY-41__FATHER__FM041_F4.png
train,0,clean,quality_augmented_clean,faint,,data\split\train\FAMILY-24\FATHER\FM024_F4.png,data\classifier_v4\train\clean\aug_faint_0122__FAMILY-24__FATHER__FM024_F4.png
train,0,clean,quality_augmented_clean,faint,,data\split\train\FAMILY-77\CHILD\FM077_C2.png,data\classifier_v4\train\clean\aug_faint_0123__FAMILY-77__CHILD__FM077_C2.png
train,0,clean,quality_augmented_clean,faint,,data\split\train\FAMILY-62\CHILD\FM062_C3.png,data\classifier_v4\train\clean\aug_faint_0124__FAMILY-62__CHILD__FM062_C3.png
train,0,clean,quality_augmented_clean,faint,,data\split\train\FAMILY-6\FATHER\FM006_F2.png,data\classifier_v4\train\clean\aug_faint_0125__FAMILY-6__FATHER__FM006_F2.png
train,0,clean,quality_augmented_clean,faint,,data\split\train\FAMILY-93\CHILD\FM093_C2.png,data\classifier_v4\train\clean\aug_faint_0126__FAMILY-93__CHILD__FM093_C2.png
train,0,clean,quality_augmented_clean,faint,,data\split\train\FAMILY-88\MOTHER\FM088_M5.png,data\classifier_v4\train\clean\aug_faint_0127__FAMILY-88__MOTHER__FM088_M5.png
train,0,clean,quality_augmented_clean,faint,,data\split\train\FAMILY-3\MOTHER\FM003_M2.png,data\classifier_v4\train\clean\aug_faint_0128__FAMILY-3__MOTHER__FM003_M2.png
train,0,clean,quality_augmented_clean,faint,,data\split\train\FAMILY-43\MOTHER\FM043_M1.png,data\classifier_v4\train\clean\aug_faint_0129__FAMILY-43__MOTHER__FM043_M1.png
train,0,clean,quality_augmented_clean,faint,,data\split\train\FAMILY-84\MOTHER\FM084_M5.png,data\classifier_v4\train\clean\aug_faint_0130__FAMILY-84__MOTHER__FM084_M5.png
train,0,clean,quality_augmented_clean,faint,,data\split\train\FAMILY-76\FATHER\FM076_F2.png,data\classifier_v4\train\clean\aug_faint_0131__FAMILY-76__FATHER__FM076_F2.png
train,0,clean,quality_augmented_clean,faint,,data\split\train\FAMILY-32\FATHER\FM032_F3.png,data\classifier_v4\train\clean\aug_faint_0132__FAMILY-32__FATHER__FM032_F3.png
train,0,clean,quality_augmented_clean,faint,,data\split\train\FAMILY-21\CHILD\FM021_C1.png,data\classifier_v4\train\clean\aug_faint_0133__FAMILY-21__CHILD__FM021_C1.png
train,0,clean,quality_augmented_clean,faint,,data\split\train\FAMILY-41\MOTHER\FM041_M1.png,data\classifier_v4\train\clean\aug_faint_0134__FAMILY-41__MOTHER__FM041_M1.png
train,0,clean,quality_augmented_clean,faint,,data\split\train\FAMILY-53\FATHER\FM053_F2.png,data\classifier_v4\train\clean\aug_faint_0135__FAMILY-53__FATHER__FM053_F2.png
train,0,clean,quality_augmented_clean,faint,,data\split\train\FAMILY-3\MOTHER\FM003_M1.png,data\classifier_v4\train\clean\aug_faint_0136__FAMILY-3__MOTHER__FM003_M1.png
train,0,clean,quality_augmented_clean,faint,,data\split\train\FAMILY-80\MOTHER\FM080_M1.png,data\classifier_v4\train\clean\aug_faint_0137__FAMILY-80__MOTHER__FM080_M1.png
train,0,clean,quality_augmented_clean,faint,,data\split\train\FAMILY-16\FATHER\FM016_F2.png,data\classifier_v4\train\clean\aug_faint_0138__FAMILY-16__FATHER__FM016_F2.png
train,0,clean,quality_augmented_clean,faint,,data\split\train\FAMILY-41\CHILD\FM041_C1.png,data\classifier_v4\train\clean\aug_faint_0139__FAMILY-41__CHILD__FM041_C1.png
train,0,clean,quality_augmented_clean,faint,,data\split\train\FAMILY-77\FATHER\FM077_F2.png,data\classifier_v4\train\clean\aug_faint_0140__FAMILY-77__FATHER__FM077_F2.png
train,0,clean,quality_augmented_clean,faint,,data\split\train\FAMILY-51\CHILD\FM051_C5.png,data\classifier_v4\train\clean\aug_faint_0141__FAMILY-51__CHILD__FM051_C5.png
train,0,clean,quality_augmented_clean,faint,,data\split\train\FAMILY-70\CHILD\FM070_C2.png,data\classifier_v4\train\clean\aug_faint_0142__FAMILY-70__CHILD__FM070_C2.png
train,0,clean,quality_augmented_clean,faint,,data\split\train\FAMILY-61\MOTHER\FM061_M5.png,data\classifier_v4\train\clean\aug_faint_0143__FAMILY-61__MOTHER__FM061_M5.png
train,0,clean,quality_augmented_clean,faint,,data\split\train\FAMILY-4\FATHER\FM004_F2.png,data\classifier_v4\train\clean\aug_faint_0144__FAMILY-4__FATHER__FM004_F2.png
train,0,clean,quality_augmented_clean,faint,,data\split\train\FAMILY-98\CHILD\FM098_C1.png,data\classifier_v4\train\clean\aug_faint_0145__FAMILY-98__CHILD__FM098_C1.png
train,0,clean,quality_augmented_clean,faint,,data\split\train\FAMILY-57\MOTHER\FM057_M2.png,data\classifier_v4\train\clean\aug_faint_0146__FAMILY-57__MOTHER__FM057_M2.png
train,0,clean,quality_augmented_clean,faint,,data\split\train\FAMILY-69\MOTHER\FM069_M4.png,data\classifier_v4\train\clean\aug_faint_0147__FAMILY-69__MOTHER__FM069_M4.png
train,0,clean,quality_augmented_clean,faint,,data\split\train\FAMILY-38\FATHER\FM038_F2.png,data\classifier_v4\train\clean\aug_faint_0148__FAMILY-38__FATHER__FM038_F2.png
train,0,clean,quality_augmented_clean,faint,,data\split\train\FAMILY-56\MOTHER\FM056_M3.png,data\classifier_v4\train\clean\aug_faint_0149__FAMILY-56__MOTHER__FM056_M3.png
train,0,clean,quality_augmented_clean,faint,,data\split\train\FAMILY-96\MOTHER\FM096_M5.png,data\classifier_v4\train\clean\aug_faint_0150__FAMILY-96__MOTHER__FM096_M5.png
train,0,clean,quality_augmented_clean,faint,,data\split\train\FAMILY-3\CHILD\FM003_C1.png,data\classifier_v4\train\clean\aug_faint_0151__FAMILY-3__CHILD__FM003_C1.png
train,0,clean,quality_augmented_clean,faint,,data\split\train\FAMILY-58\CHILD\FM058_C1.png,data\classifier_v4\train\clean\aug_faint_0152__FAMILY-58__CHILD__FM058_C1.png
train,0,clean,quality_augmented_clean,faint,,data\split\train\FAMILY-100\MOTHER\FM100_M1.png,data\classifier_v4\train\clean\aug_faint_0153__FAMILY-100__MOTHER__FM100_M1.png
train,0,clean,quality_augmented_clean,faint,,data\split\train\FAMILY-11\CHILD\FM011_C3.png,data\classifier_v4\train\clean\aug_faint_0154__FAMILY-11__CHILD__FM011_C3.png
train,0,clean,quality_augmented_clean,faint,,data\split\train\FAMILY-47\CHILD\FM047_C4.png,data\classifier_v4\train\clean\aug_faint_0155__FAMILY-47__CHILD__FM047_C4.png
train,0,clean,quality_augmented_clean,faint,,data\split\train\FAMILY-98\MOTHER\FM098_M2.png,data\classifier_v4\train\clean\aug_faint_0156__FAMILY-98__MOTHER__FM098_M2.png
train,0,clean,quality_augmented_clean,faint,,data\split\train\FAMILY-38\MOTHER\FM038_M4.png,data\classifier_v4\train\clean\aug_faint_0157__FAMILY-38__MOTHER__FM038_M4.png
train,0,clean,quality_augmented_clean,faint,,data\split\train\FAMILY-26\FATHER\FM026_F5.png,data\classifier_v4\train\clean\aug_faint_0158__FAMILY-26__FATHER__FM026_F5.png
train,0,clean,quality_augmented_clean,faint,,data\split\train\FAMILY-70\MOTHER\FM070_M1.png,data\classifier_v4\train\clean\aug_faint_0159__FAMILY-70__MOTHER__FM070_M1.png
train,0,clean,quality_augmented_clean,faint,,data\split\train\FAMILY-84\CHILD\FM084_C5.png,data\classifier_v4\train\clean\aug_faint_0160__FAMILY-84__CHILD__FM084_C5.png
train,0,clean,quality_augmented_clean,faint,,data\split\train\FAMILY-88\MOTHER\FM088_M4.png,data\classifier_v4\train\clean\aug_faint_0161__FAMILY-88__MOTHER__FM088_M4.png
train,0,clean,quality_augmented_clean,faint,,data\split\train\FAMILY-94\FATHER\FM094_F3.png,data\classifier_v4\train\clean\aug_faint_0162__FAMILY-94__FATHER__FM094_F3.png
train,0,clean,quality_augmented_clean,faint,,data\split\train\FAMILY-60\FATHER\FM060_F5.png,data\classifier_v4\train\clean\aug_faint_0163__FAMILY-60__FATHER__FM060_F5.png
train,0,clean,quality_augmented_clean,faint,,data\split\train\FAMILY-34\MOTHER\FM034_M1.png,data\classifier_v4\train\clean\aug_faint_0164__FAMILY-34__MOTHER__FM034_M1.png
train,0,clean,quality_augmented_clean,faint,,data\split\train\FAMILY-51\FATHER\FM051_F3.png,data\classifier_v4\train\clean\aug_faint_0165__FAMILY-51__FATHER__FM051_F3.png
train,0,clean,quality_augmented_clean,faint,,data\split\train\FAMILY-5\MOTHER\FM005_M1.png,data\classifier_v4\train\clean\aug_faint_0166__FAMILY-5__MOTHER__FM005_M1.png
train,0,clean,quality_augmented_clean,faint,,data\split\train\FAMILY-49\FATHER\FM049_F1.png,data\classifier_v4\train\clean\aug_faint_0167__FAMILY-49__FATHER__FM049_F1.png
train,0,clean,quality_augmented_clean,faint,,data\split\train\FAMILY-92\FATHER\FM092_F1.png,data\classifier_v4\train\clean\aug_faint_0168__FAMILY-92__FATHER__FM092_F1.png
train,0,clean,quality_augmented_clean,faint,,data\split\train\FAMILY-47\MOTHER\FM047_M4.png,data\classifier_v4\train\clean\aug_faint_0169__FAMILY-47__MOTHER__FM047_M4.png
train,0,clean,quality_augmented_clean,faint,,data\split\train\FAMILY-18\MOTHER\FM018_M4.png,data\classifier_v4\train\clean\aug_faint_0170__FAMILY-18__MOTHER__FM018_M4.png
train,0,clean,quality_augmented_clean,faint,,data\split\train\FAMILY-73\CHILD\FM073_C2.png,data\classifier_v4\train\clean\aug_faint_0171__FAMILY-73__CHILD__FM073_C2.png
train,0,clean,quality_augmented_clean,faint,,data\split\train\FAMILY-43\MOTHER\FM043_M3.png,data\classifier_v4\train\clean\aug_faint_0172__FAMILY-43__MOTHER__FM043_M3.png
train,0,clean,quality_augmented_clean,faint,,data\split\train\FAMILY-39\FATHER\FM039_F4.png,data\classifier_v4\train\clean\aug_faint_0173__FAMILY-39__FATHER__FM039_F4.png
train,0,clean,quality_augmented_clean,faint,,data\split\train\FAMILY-72\CHILD\FM072_C4.png,data\classifier_v4\train\clean\aug_faint_0174__FAMILY-72__CHILD__FM072_C4.png
train,0,clean,quality_augmented_clean,overinked,,data\split\train\FAMILY-73\CHILD\FM073_C1.png,data\classifier_v4\train\clean\aug_overinked_0175__FAMILY-73__CHILD__FM073_C1.png
train,0,clean,quality_augmented_clean,overinked,,data\split\train\FAMILY-61\CHILD\FM061_C4.png,data\classifier_v4\train\clean\aug_overinked_0176__FAMILY-61__CHILD__FM061_C4.png
train,0,clean,quality_augmented_clean,overinked,,data\split\train\FAMILY-28\CHILD\FM028_C3.png,data\classifier_v4\train\clean\aug_overinked_0177__FAMILY-28__CHILD__FM028_C3.png
train,0,clean,quality_augmented_clean,overinked,,data\split\train\FAMILY-29\MOTHER\FM029_M5.png,data\classifier_v4\train\clean\aug_overinked_0178__FAMILY-29__MOTHER__FM029_M5.png
train,0,clean,quality_augmented_clean,overinked,,data\split\train\FAMILY-71\MOTHER\FM071_M3.png,data\classifier_v4\train\clean\aug_overinked_0179__FAMILY-71__MOTHER__FM071_M3.png
train,0,clean,quality_augmented_clean,overinked,,data\split\train\FAMILY-11\CHILD\FM011_C4.png,data\classifier_v4\train\clean\aug_overinked_0180__FAMILY-11__CHILD__FM011_C4.png
train,0,clean,quality_augmented_clean,overinked,,data\split\train\FAMILY-33\FATHER\FM033_F2.png,data\classifier_v4\train\clean\aug_overinked_0181__FAMILY-33__FATHER__FM033_F2.png
train,0,clean,quality_augmented_clean,overinked,,data\split\train\FAMILY-53\CHILD\FM053_C5.png,data\classifier_v4\train\clean\aug_overinked_0182__FAMILY-53__CHILD__FM053_C5.png
train,0,clean,quality_augmented_clean,overinked,,data\split\train\FAMILY-81\MOTHER\FM081_M1.png,data\classifier_v4\train\clean\aug_overinked_0183__FAMILY-81__MOTHER__FM081_M1.png
train,0,clean,quality_augmented_clean,overinked,,data\split\train\FAMILY-93\FATHER\FM093_F5.png,data\classifier_v4\train\clean\aug_overinked_0184__FAMILY-93__FATHER__FM093_F5.png
train,0,clean,quality_augmented_clean,overinked,,data\split\train\FAMILY-69\FATHER\FM069_F5.png,data\classifier_v4\train\clean\aug_overinked_0185__FAMILY-69__FATHER__FM069_F5.png
train,0,clean,quality_augmented_clean,overinked,,data\split\train\FAMILY-97\FATHER\FM097_F3.png,data\classifier_v4\train\clean\aug_overinked_0186__FAMILY-97__FATHER__FM097_F3.png
train,0,clean,quality_augmented_clean,overinked,,data\split\train\FAMILY-26\MOTHER\FM026_M2.png,data\classifier_v4\train\clean\aug_overinked_0187__FAMILY-26__MOTHER__FM026_M2.png
train,0,clean,quality_augmented_clean,overinked,,data\split\train\FAMILY-24\CHILD\FM024_C5.png,data\classifier_v4\train\clean\aug_overinked_0188__FAMILY-24__CHILD__FM024_C5.png
train,0,clean,quality_augmented_clean,overinked,,data\split\train\FAMILY-22\FATHER\FM022_F1.png,data\classifier_v4\train\clean\aug_overinked_0189__FAMILY-22__FATHER__FM022_F1.png
train,0,clean,quality_augmented_clean,overinked,,data\split\train\FAMILY-74\FATHER\FM074_F1.png,data\classifier_v4\train\clean\aug_overinked_0190__FAMILY-74__FATHER__FM074_F1.png
train,0,clean,quality_augmented_clean,overinked,,data\split\train\FAMILY-90\CHILD\FM090_C3.png,data\classifier_v4\train\clean\aug_overinked_0191__FAMILY-90__CHILD__FM090_C3.png
train,0,clean,quality_augmented_clean,overinked,,data\split\train\FAMILY-38\FATHER\FM038_F3.png,data\classifier_v4\train\clean\aug_overinked_0192__FAMILY-38__FATHER__FM038_F3.png
train,0,clean,quality_augmented_clean,overinked,,data\split\train\FAMILY-19\FATHER\FM019_F3.png,data\classifier_v4\train\clean\aug_overinked_0193__FAMILY-19__FATHER__FM019_F3.png
train,0,clean,quality_augmented_clean,overinked,,data\split\train\FAMILY-41\MOTHER\FM041_M5.png,data\classifier_v4\train\clean\aug_overinked_0194__FAMILY-41__MOTHER__FM041_M5.png
train,0,clean,quality_augmented_clean,overinked,,data\split\train\FAMILY-18\CHILD\FM018_C1.png,data\classifier_v4\train\clean\aug_overinked_0195__FAMILY-18__CHILD__FM018_C1.png
train,0,clean,quality_augmented_clean,overinked,,data\split\train\FAMILY-64\FATHER\FM064_F2.png,data\classifier_v4\train\clean\aug_overinked_0196__FAMILY-64__FATHER__FM064_F2.png
train,0,clean,quality_augmented_clean,overinked,,data\split\train\FAMILY-58\CHILD\FM058_C3.png,data\classifier_v4\train\clean\aug_overinked_0197__FAMILY-58__CHILD__FM058_C3.png
train,0,clean,quality_augmented_clean,overinked,,data\split\train\FAMILY-87\FATHER\FM087_F3.png,data\classifier_v4\train\clean\aug_overinked_0198__FAMILY-87__FATHER__FM087_F3.png
train,0,clean,quality_augmented_clean,overinked,,data\split\train\FAMILY-64\CHILD\FM064_C5.png,data\classifier_v4\train\clean\aug_overinked_0199__FAMILY-64__CHILD__FM064_C5.png
train,0,clean,quality_augmented_clean,overinked,,data\split\train\FAMILY-16\FATHER\FM016_F1.png,data\classifier_v4\train\clean\aug_overinked_0200__FAMILY-16__FATHER__FM016_F1.png
train,0,clean,quality_augmented_clean,overinked,,data\split\train\FAMILY-61\CHILD\FM061_C1.png,data\classifier_v4\train\clean\aug_overinked_0201__FAMILY-61__CHILD__FM061_C1.png
train,0,clean,quality_augmented_clean,overinked,,data\split\train\FAMILY-82\CHILD\FM082_C3.png,data\classifier_v4\train\clean\aug_overinked_0202__FAMILY-82__CHILD__FM082_C3.png
train,0,clean,quality_augmented_clean,overinked,,data\split\train\FAMILY-21\MOTHER\FM021_M3.png,data\classifier_v4\train\clean\aug_overinked_0203__FAMILY-21__MOTHER__FM021_M3.png
train,0,clean,quality_augmented_clean,overinked,,data\split\train\FAMILY-82\FATHER\FM082_F5.png,data\classifier_v4\train\clean\aug_overinked_0204__FAMILY-82__FATHER__FM082_F5.png
train,0,clean,quality_augmented_clean,overinked,,data\split\train\FAMILY-16\MOTHER\FM016_M1.png,data\classifier_v4\train\clean\aug_overinked_0205__FAMILY-16__MOTHER__FM016_M1.png
train,0,clean,quality_augmented_clean,overinked,,data\split\train\FAMILY-72\MOTHER\FM072_M5.png,data\classifier_v4\train\clean\aug_overinked_0206__FAMILY-72__MOTHER__FM072_M5.png
train,0,clean,quality_augmented_clean,overinked,,data\split\train\FAMILY-69\CHILD\FM069_C3.png,data\classifier_v4\train\clean\aug_overinked_0207__FAMILY-69__CHILD__FM069_C3.png
train,0,clean,quality_augmented_clean,overinked,,data\split\train\FAMILY-34\CHILD\FM034_C4.png,data\classifier_v4\train\clean\aug_overinked_0208__FAMILY-34__CHILD__FM034_C4.png
train,0,clean,quality_augmented_clean,overinked,,data\split\train\FAMILY-97\FATHER\FM097_F5.png,data\classifier_v4\train\clean\aug_overinked_0209__FAMILY-97__FATHER__FM097_F5.png
train,0,clean,quality_augmented_clean,overinked,,data\split\train\FAMILY-80\FATHER\FM080_F3.png,data\classifier_v4\train\clean\aug_overinked_0210__FAMILY-80__FATHER__FM080_F3.png
train,0,clean,quality_augmented_clean,overinked,,data\split\train\FAMILY-2\CHILD\FM002_C4.png,data\classifier_v4\train\clean\aug_overinked_0211__FAMILY-2__CHILD__FM002_C4.png
train,0,clean,quality_augmented_clean,overinked,,data\split\train\FAMILY-94\MOTHER\FM094_M1.png,data\classifier_v4\train\clean\aug_overinked_0212__FAMILY-94__MOTHER__FM094_M1.png
train,0,clean,quality_augmented_clean,overinked,,data\split\train\FAMILY-71\CHILD\FM071_C3.png,data\classifier_v4\train\clean\aug_overinked_0213__FAMILY-71__CHILD__FM071_C3.png
train,0,clean,quality_augmented_clean,overinked,,data\split\train\FAMILY-25\FATHER\FM025_F4.png,data\classifier_v4\train\clean\aug_overinked_0214__FAMILY-25__FATHER__FM025_F4.png
train,0,clean,quality_augmented_clean,overinked,,data\split\train\FAMILY-33\CHILD\FM033_C5.png,data\classifier_v4\train\clean\aug_overinked_0215__FAMILY-33__CHILD__FM033_C5.png
train,0,clean,quality_augmented_clean,overinked,,data\split\train\FAMILY-62\MOTHER\FM062_M5.png,data\classifier_v4\train\clean\aug_overinked_0216__FAMILY-62__MOTHER__FM062_M5.png
train,0,clean,quality_augmented_clean,overinked,,data\split\train\FAMILY-46\MOTHER\FM046_M3.png,data\classifier_v4\train\clean\aug_overinked_0217__FAMILY-46__MOTHER__FM046_M3.png
train,0,clean,quality_augmented_clean,overinked,,data\split\train\FAMILY-41\CHILD\FM041_C3.png,data\classifier_v4\train\clean\aug_overinked_0218__FAMILY-41__CHILD__FM041_C3.png
train,0,clean,quality_augmented_clean,overinked,,data\split\train\FAMILY-79\FATHER\FM079_F3.png,data\classifier_v4\train\clean\aug_overinked_0219__FAMILY-79__FATHER__FM079_F3.png
train,0,clean,quality_augmented_clean,overinked,,data\split\train\FAMILY-46\FATHER\FM046_F3.png,data\classifier_v4\train\clean\aug_overinked_0220__FAMILY-46__FATHER__FM046_F3.png
train,0,clean,quality_augmented_clean,overinked,,data\split\train\FAMILY-11\CHILD\FM011_C2.png,data\classifier_v4\train\clean\aug_overinked_0221__FAMILY-11__CHILD__FM011_C2.png
train,0,clean,quality_augmented_clean,overinked,,data\split\train\FAMILY-2\CHILD\FM002_C1.png,data\classifier_v4\train\clean\aug_overinked_0222__FAMILY-2__CHILD__FM002_C1.png
train,0,clean,quality_augmented_clean,overinked,,data\split\train\FAMILY-5\CHILD\FM005_C3.png,data\classifier_v4\train\clean\aug_overinked_0223__FAMILY-5__CHILD__FM005_C3.png
train,0,clean,quality_augmented_clean,overinked,,data\split\train\FAMILY-6\MOTHER\FM006_M3.png,data\classifier_v4\train\clean\aug_overinked_0224__FAMILY-6__MOTHER__FM006_M3.png
train,0,clean,quality_augmented_clean,overinked,,data\split\train\FAMILY-76\FATHER\FM076_F1.png,data\classifier_v4\train\clean\aug_overinked_0225__FAMILY-76__FATHER__FM076_F1.png
train,0,clean,quality_augmented_clean,overinked,,data\split\train\FAMILY-98\MOTHER\FM098_M4.png,data\classifier_v4\train\clean\aug_overinked_0226__FAMILY-98__MOTHER__FM098_M4.png
train,0,clean,quality_augmented_clean,overinked,,data\split\train\FAMILY-39\MOTHER\FM039_M2.png,data\classifier_v4\train\clean\aug_overinked_0227__FAMILY-39__MOTHER__FM039_M2.png
train,0,clean,quality_augmented_clean,overinked,,data\split\train\FAMILY-52\MOTHER\FM052_M4.png,data\classifier_v4\train\clean\aug_overinked_0228__FAMILY-52__MOTHER__FM052_M4.png
train,0,clean,quality_augmented_clean,overinked,,data\split\train\FAMILY-62\FATHER\FM062_F2.png,data\classifier_v4\train\clean\aug_overinked_0229__FAMILY-62__FATHER__FM062_F2.png
train,0,clean,quality_augmented_clean,overinked,,data\split\train\FAMILY-63\CHILD\FM063_C2.png,data\classifier_v4\train\clean\aug_overinked_0230__FAMILY-63__CHILD__FM063_C2.png
train,0,clean,quality_augmented_clean,overinked,,data\split\train\FAMILY-79\FATHER\FM079_F2.png,data\classifier_v4\train\clean\aug_overinked_0231__FAMILY-79__FATHER__FM079_F2.png
train,0,clean,quality_augmented_clean,overinked,,data\split\train\FAMILY-30\CHILD\FM030_C4.png,data\classifier_v4\train\clean\aug_overinked_0232__FAMILY-30__CHILD__FM030_C4.png
train,0,clean,quality_augmented_clean,overinked,,data\split\train\FAMILY-34\FATHER\FM034_F5.png,data\classifier_v4\train\clean\aug_overinked_0233__FAMILY-34__FATHER__FM034_F5.png
train,0,clean,quality_augmented_clean,overinked,,data\split\train\FAMILY-58\FATHER\FM058_F1.png,data\classifier_v4\train\clean\aug_overinked_0234__FAMILY-58__FATHER__FM058_F1.png
train,0,clean,quality_augmented_clean,overinked,,data\split\train\FAMILY-69\CHILD\FM069_C5.png,data\classifier_v4\train\clean\aug_overinked_0235__FAMILY-69__CHILD__FM069_C5.png
train,0,clean,quality_augmented_clean,overinked,,data\split\train\FAMILY-49\CHILD\FM049_C2.png,data\classifier_v4\train\clean\aug_overinked_0236__FAMILY-49__CHILD__FM049_C2.png
train,0,clean,quality_augmented_clean,overinked,,data\split\train\FAMILY-34\MOTHER\FM034_M5.png,data\classifier_v4\train\clean\aug_overinked_0237__FAMILY-34__MOTHER__FM034_M5.png
train,0,clean,quality_augmented_clean,overinked,,data\split\train\FAMILY-30\MOTHER\FM030_M1.png,data\classifier_v4\train\clean\aug_overinked_0238__FAMILY-30__MOTHER__FM030_M1.png
train,0,clean,quality_augmented_clean,overinked,,data\split\train\FAMILY-84\FATHER\FM084_F3.png,data\classifier_v4\train\clean\aug_overinked_0239__FAMILY-84__FATHER__FM084_F3.png
train,0,clean,quality_augmented_clean,overinked,,data\split\train\FAMILY-87\MOTHER\FM087_M3.png,data\classifier_v4\train\clean\aug_overinked_0240__FAMILY-87__MOTHER__FM087_M3.png
train,0,clean,quality_augmented_clean,overinked,,data\split\train\FAMILY-96\FATHER\FM096_F5.png,data\classifier_v4\train\clean\aug_overinked_0241__FAMILY-96__FATHER__FM096_F5.png
train,0,clean,quality_augmented_clean,overinked,,data\split\train\FAMILY-25\FATHER\FM025_F1.png,data\classifier_v4\train\clean\aug_overinked_0242__FAMILY-25__FATHER__FM025_F1.png
train,0,clean,quality_augmented_clean,overinked,,data\split\train\FAMILY-4\MOTHER\FM004_M4.png,data\classifier_v4\train\clean\aug_overinked_0243__FAMILY-4__MOTHER__FM004_M4.png
train,0,clean,quality_augmented_clean,overinked,,data\split\train\FAMILY-98\FATHER\FM098_F1.png,data\classifier_v4\train\clean\aug_overinked_0244__FAMILY-98__FATHER__FM098_F1.png
train,0,clean,quality_augmented_clean,overinked,,data\split\train\FAMILY-62\FATHER\FM062_F3.png,data\classifier_v4\train\clean\aug_overinked_0245__FAMILY-62__FATHER__FM062_F3.png
train,0,clean,quality_augmented_clean,overinked,,data\split\train\FAMILY-11\MOTHER\FM011_M3.png,data\classifier_v4\train\clean\aug_overinked_0246__FAMILY-11__MOTHER__FM011_M3.png
train,0,clean,quality_augmented_clean,overinked,,data\split\train\FAMILY-96\FATHER\FM096_F2.png,data\classifier_v4\train\clean\aug_overinked_0247__FAMILY-96__FATHER__FM096_F2.png
train,0,clean,quality_augmented_clean,overinked,,data\split\train\FAMILY-60\CHILD\FM060_C5.png,data\classifier_v4\train\clean\aug_overinked_0248__FAMILY-60__CHILD__FM060_C5.png
train,0,clean,quality_augmented_clean,overinked,,data\split\train\FAMILY-69\FATHER\FM069_F2.png,data\classifier_v4\train\clean\aug_overinked_0249__FAMILY-69__FATHER__FM069_F2.png
train,0,clean,quality_augmented_clean,overinked,,data\split\train\FAMILY-11\FATHER\FM011_F1.png,data\classifier_v4\train\clean\aug_overinked_0250__FAMILY-11__FATHER__FM011_F1.png
train,0,clean,quality_augmented_clean,overinked,,data\split\train\FAMILY-82\MOTHER\FM082_M2.png,data\classifier_v4\train\clean\aug_overinked_0251__FAMILY-82__MOTHER__FM082_M2.png
train,0,clean,quality_augmented_clean,overinked,,data\split\train\FAMILY-88\FATHER\FM088_F1.png,data\classifier_v4\train\clean\aug_overinked_0252__FAMILY-88__FATHER__FM088_F1.png
train,0,clean,quality_augmented_clean,overinked,,data\split\train\FAMILY-46\CHILD\FM046_C2.png,data\classifier_v4\train\clean\aug_overinked_0253__FAMILY-46__CHILD__FM046_C2.png
train,0,clean,quality_augmented_clean,overinked,,data\split\train\FAMILY-44\FATHER\FM044_F3.png,data\classifier_v4\train\clean\aug_overinked_0254__FAMILY-44__FATHER__FM044_F3.png
train,0,clean,quality_augmented_clean,overinked,,data\split\train\FAMILY-24\CHILD\FM024_C2.png,data\classifier_v4\train\clean\aug_overinked_0255__FAMILY-24__CHILD__FM024_C2.png
train,0,clean,quality_augmented_clean,overinked,,data\split\train\FAMILY-46\CHILD\FM046_C3.png,data\classifier_v4\train\clean\aug_overinked_0256__FAMILY-46__CHILD__FM046_C3.png
train,0,clean,quality_augmented_clean,overinked,,data\split\train\FAMILY-74\MOTHER\FM074_M1.png,data\classifier_v4\train\clean\aug_overinked_0257__FAMILY-74__MOTHER__FM074_M1.png
train,0,clean,quality_augmented_clean,overinked,,data\split\train\FAMILY-40\MOTHER\FM040_M1.png,data\classifier_v4\train\clean\aug_overinked_0258__FAMILY-40__MOTHER__FM040_M1.png
train,0,clean,quality_augmented_clean,overinked,,data\split\train\FAMILY-8\MOTHER\FM008_M4.png,data\classifier_v4\train\clean\aug_overinked_0259__FAMILY-8__MOTHER__FM008_M4.png
train,0,clean,quality_augmented_clean,overinked,,data\split\train\FAMILY-16\MOTHER\FM016_M2.png,data\classifier_v4\train\clean\aug_overinked_0260__FAMILY-16__MOTHER__FM016_M2.png
train,0,clean,quality_augmented_clean,overinked,,data\split\train\FAMILY-95\MOTHER\FM095_M4.png,data\classifier_v4\train\clean\aug_overinked_0261__FAMILY-95__MOTHER__FM095_M4.png
train,0,clean,quality_augmented_clean,overinked,,data\split\train\FAMILY-60\FATHER\FM060_F3.png,data\classifier_v4\train\clean\aug_overinked_0262__FAMILY-60__FATHER__FM060_F3.png
train,0,clean,quality_augmented_clean,overinked,,data\split\train\FAMILY-38\MOTHER\FM038_M1.png,data\classifier_v4\train\clean\aug_overinked_0263__FAMILY-38__MOTHER__FM038_M1.png
train,0,clean,quality_augmented_clean,overinked,,data\split\train\FAMILY-56\FATHER\FM056_F2.png,data\classifier_v4\train\clean\aug_overinked_0264__FAMILY-56__FATHER__FM056_F2.png
train,0,clean,quality_augmented_clean,overinked,,data\split\train\FAMILY-10\FATHER\FM010_F4.png,data\classifier_v4\train\clean\aug_overinked_0265__FAMILY-10__FATHER__FM010_F4.png
train,0,clean,quality_augmented_clean,overinked,,data\split\train\FAMILY-32\MOTHER\FM032_M1.png,data\classifier_v4\train\clean\aug_overinked_0266__FAMILY-32__MOTHER__FM032_M1.png
train,0,clean,quality_augmented_clean,overinked,,data\split\train\FAMILY-18\MOTHER\FM018_M1.png,data\classifier_v4\train\clean\aug_overinked_0267__FAMILY-18__MOTHER__FM018_M1.png
train,0,clean,quality_augmented_clean,overinked,,data\split\train\FAMILY-97\CHILD\FM097_C1.png,data\classifier_v4\train\clean\aug_overinked_0268__FAMILY-97__CHILD__FM097_C1.png
train,0,clean,quality_augmented_clean,overinked,,data\split\train\FAMILY-47\CHILD\FM047_C3.png,data\classifier_v4\train\clean\aug_overinked_0269__FAMILY-47__CHILD__FM047_C3.png
train,0,clean,quality_augmented_clean,overinked,,data\split\train\FAMILY-81\FATHER\FM081_F4.png,data\classifier_v4\train\clean\aug_overinked_0270__FAMILY-81__FATHER__FM081_F4.png
train,0,clean,quality_augmented_clean,overinked,,data\split\train\FAMILY-72\FATHER\FM072_F1.png,data\classifier_v4\train\clean\aug_overinked_0271__FAMILY-72__FATHER__FM072_F1.png
train,0,clean,quality_augmented_clean,overinked,,data\split\train\FAMILY-27\MOTHER\FM027_M3.png,data\classifier_v4\train\clean\aug_overinked_0272__FAMILY-27__MOTHER__FM027_M3.png
train,0,clean,quality_augmented_clean,overinked,,data\split\train\FAMILY-85\MOTHER\FM085_M5.png,data\classifier_v4\train\clean\aug_overinked_0273__FAMILY-85__MOTHER__FM085_M5.png
train,0,clean,quality_augmented_clean,overinked,,data\split\train\FAMILY-24\MOTHER\FM024_M2.png,data\classifier_v4\train\clean\aug_overinked_0274__FAMILY-24__MOTHER__FM024_M2.png
train,0,clean,quality_augmented_clean,overinked,,data\split\train\FAMILY-18\FATHER\FM018_F1.png,data\classifier_v4\train\clean\aug_overinked_0275__FAMILY-18__FATHER__FM018_F1.png
train,0,clean,quality_augmented_clean,overinked,,data\split\train\FAMILY-29\FATHER\FM029_F1.png,data\classifier_v4\train\clean\aug_overinked_0276__FAMILY-29__FATHER__FM029_F1.png
train,0,clean,quality_augmented_clean,overinked,,data\split\train\FAMILY-39\MOTHER\FM039_M4.png,data\classifier_v4\train\clean\aug_overinked_0277__FAMILY-39__MOTHER__FM039_M4.png
train,0,clean,quality_augmented_clean,overinked,,data\split\train\FAMILY-74\FATHER\FM074_F4.png,data\classifier_v4\train\clean\aug_overinked_0278__FAMILY-74__FATHER__FM074_F4.png
train,0,clean,quality_augmented_clean,overinked,,data\split\train\FAMILY-100\FATHER\FM100_F2.png,data\classifier_v4\train\clean\aug_overinked_0279__FAMILY-100__FATHER__FM100_F2.png
train,0,clean,quality_augmented_clean,overinked,,data\split\train\FAMILY-88\FATHER\FM088_F4.png,data\classifier_v4\train\clean\aug_overinked_0280__FAMILY-88__FATHER__FM088_F4.png
train,0,clean,quality_augmented_clean,overinked,,data\split\train\FAMILY-18\FATHER\FM018_F2.png,data\classifier_v4\train\clean\aug_overinked_0281__FAMILY-18__FATHER__FM018_F2.png
train,0,clean,quality_augmented_clean,overinked,,data\split\train\FAMILY-22\FATHER\FM022_F3.png,data\classifier_v4\train\clean\aug_overinked_0282__FAMILY-22__FATHER__FM022_F3.png
train,0,clean,quality_augmented_clean,overinked,,data\split\train\FAMILY-17\FATHER\FM017_F3.png,data\classifier_v4\train\clean\aug_overinked_0283__FAMILY-17__FATHER__FM017_F3.png
train,0,clean,quality_augmented_clean,overinked,,data\split\train\FAMILY-100\MOTHER\FM100_M3.png,data\classifier_v4\train\clean\aug_overinked_0284__FAMILY-100__MOTHER__FM100_M3.png
train,0,clean,quality_augmented_clean,overinked,,data\split\train\FAMILY-26\CHILD\FM026_C3.png,data\classifier_v4\train\clean\aug_overinked_0285__FAMILY-26__CHILD__FM026_C3.png
train,0,clean,quality_augmented_clean,overinked,,data\split\train\FAMILY-1\CHILD\FM001_C1.png,data\classifier_v4\train\clean\aug_overinked_0286__FAMILY-1__CHILD__FM001_C1.png
train,0,clean,quality_augmented_clean,overinked,,data\split\train\FAMILY-46\CHILD\FM046_C1.png,data\classifier_v4\train\clean\aug_overinked_0287__FAMILY-46__CHILD__FM046_C1.png
train,0,clean,quality_augmented_clean,overinked,,data\split\train\FAMILY-3\FATHER\FM003_F4.png,data\classifier_v4\train\clean\aug_overinked_0288__FAMILY-3__FATHER__FM003_F4.png
train,0,clean,quality_augmented_clean,overinked,,data\split\train\FAMILY-18\MOTHER\FM018_M3.png,data\classifier_v4\train\clean\aug_overinked_0289__FAMILY-18__MOTHER__FM018_M3.png
train,0,clean,quality_augmented_clean,overinked,,data\split\train\FAMILY-6\MOTHER\FM006_M4.png,data\classifier_v4\train\clean\aug_overinked_0290__FAMILY-6__MOTHER__FM006_M4.png
train,0,clean,quality_augmented_clean,overinked,,data\split\train\FAMILY-79\FATHER\FM079_F4.png,data\classifier_v4\train\clean\aug_overinked_0291__FAMILY-79__FATHER__FM079_F4.png
train,0,clean,quality_augmented_clean,overinked,,data\split\train\FAMILY-56\MOTHER\FM056_M1.png,data\classifier_v4\train\clean\aug_overinked_0292__FAMILY-56__MOTHER__FM056_M1.png
train,0,clean,quality_augmented_clean,overinked,,data\split\train\FAMILY-51\CHILD\FM051_C1.png,data\classifier_v4\train\clean\aug_overinked_0293__FAMILY-51__CHILD__FM051_C1.png
train,0,clean,quality_augmented_clean,overinked,,data\split\train\FAMILY-71\CHILD\FM071_C1.png,data\classifier_v4\train\clean\aug_overinked_0294__FAMILY-71__CHILD__FM071_C1.png
train,0,clean,quality_augmented_clean,overinked,,data\split\train\FAMILY-81\FATHER\FM081_F2.png,data\classifier_v4\train\clean\aug_overinked_0295__FAMILY-81__FATHER__FM081_F2.png
train,0,clean,quality_augmented_clean,overinked,,data\split\train\FAMILY-22\CHILD\FM022_C5.png,data\classifier_v4\train\clean\aug_overinked_0296__FAMILY-22__CHILD__FM022_C5.png
train,0,clean,quality_augmented_clean,overinked,,data\split\train\FAMILY-25\MOTHER\FM025_M5.png,data\classifier_v4\train\clean\aug_overinked_0297__FAMILY-25__MOTHER__FM025_M5.png
train,0,clean,quality_augmented_clean,overinked,,data\split\train\FAMILY-63\MOTHER\FM063_M4.png,data\classifier_v4\train\clean\aug_overinked_0298__FAMILY-63__MOTHER__FM063_M4.png
train,0,clean,quality_augmented_clean,overinked,,data\split\train\FAMILY-4\MOTHER\FM004_M1.png,data\classifier_v4\train\clean\aug_overinked_0299__FAMILY-4__MOTHER__FM004_M1.png
train,0,clean,quality_augmented_clean,overinked,,data\split\train\FAMILY-52\CHILD\FM052_C5.png,data\classifier_v4\train\clean\aug_overinked_0300__FAMILY-52__CHILD__FM052_C5.png
train,0,clean,quality_augmented_clean,overinked,,data\split\train\FAMILY-97\CHILD\FM097_C5.png,data\classifier_v4\train\clean\aug_overinked_0301__FAMILY-97__CHILD__FM097_C5.png
train,0,clean,quality_augmented_clean,overinked,,data\split\train\FAMILY-56\FATHER\FM056_F4.png,data\classifier_v4\train\clean\aug_overinked_0302__FAMILY-56__FATHER__FM056_F4.png
train,0,clean,quality_augmented_clean,overinked,,data\split\train\FAMILY-52\FATHER\FM052_F4.png,data\classifier_v4\train\clean\aug_overinked_0303__FAMILY-52__FATHER__FM052_F4.png
train,0,clean,quality_augmented_clean,overinked,,data\split\train\FAMILY-22\FATHER\FM022_F4.png,data\classifier_v4\train\clean\aug_overinked_0304__FAMILY-22__FATHER__FM022_F4.png
train,0,clean,quality_augmented_clean,overinked,,data\split\train\FAMILY-19\MOTHER\FM019_M3.png,data\classifier_v4\train\clean\aug_overinked_0305__FAMILY-19__MOTHER__FM019_M3.png
train,0,clean,quality_augmented_clean,overinked,,data\split\train\FAMILY-19\FATHER\FM019_F1.png,data\classifier_v4\train\clean\aug_overinked_0306__FAMILY-19__FATHER__FM019_F1.png
train,0,clean,quality_augmented_clean,overinked,,data\split\train\FAMILY-3\FATHER\FM003_F2.png,data\classifier_v4\train\clean\aug_overinked_0307__FAMILY-3__FATHER__FM003_F2.png
train,0,clean,quality_augmented_clean,overinked,,data\split\train\FAMILY-39\CHILD\FM039_C5.png,data\classifier_v4\train\clean\aug_overinked_0308__FAMILY-39__CHILD__FM039_C5.png
train,0,clean,quality_augmented_clean,overinked,,data\split\train\FAMILY-16\MOTHER\FM016_M5.png,data\classifier_v4\train\clean\aug_overinked_0309__FAMILY-16__MOTHER__FM016_M5.png
train,0,clean,quality_augmented_clean,overinked,,data\split\train\FAMILY-72\MOTHER\FM072_M4.png,data\classifier_v4\train\clean\aug_overinked_0310__FAMILY-72__MOTHER__FM072_M4.png
train,0,clean,quality_augmented_clean,overinked,,data\split\train\FAMILY-28\CHILD\FM028_C1.png,data\classifier_v4\train\clean\aug_overinked_0311__FAMILY-28__CHILD__FM028_C1.png
train,0,clean,quality_augmented_clean,overinked,,data\split\train\FAMILY-63\CHILD\FM063_C4.png,data\classifier_v4\train\clean\aug_overinked_0312__FAMILY-63__CHILD__FM063_C4.png
train,0,clean,quality_augmented_clean,overinked,,data\split\train\FAMILY-43\CHILD\FM043_C3.png,data\classifier_v4\train\clean\aug_overinked_0313__FAMILY-43__CHILD__FM043_C3.png
train,0,clean,quality_augmented_clean,overinked,,data\split\train\FAMILY-76\MOTHER\FM076_M1.png,data\classifier_v4\train\clean\aug_overinked_0314__FAMILY-76__MOTHER__FM076_M1.png
train,0,clean,quality_augmented_clean,overinked,,data\split\train\FAMILY-24\FATHER\FM024_F5.png,data\classifier_v4\train\clean\aug_overinked_0315__FAMILY-24__FATHER__FM024_F5.png
train,0,clean,quality_augmented_clean,overinked,,data\split\train\FAMILY-28\FATHER\FM028_F5.png,data\classifier_v4\train\clean\aug_overinked_0316__FAMILY-28__FATHER__FM028_F5.png
train,0,clean,quality_augmented_clean,overinked,,data\split\train\FAMILY-19\CHILD\FM019_C4.png,data\classifier_v4\train\clean\aug_overinked_0317__FAMILY-19__CHILD__FM019_C4.png
train,0,clean,quality_augmented_clean,overinked,,data\split\train\FAMILY-87\MOTHER\FM087_M2.png,data\classifier_v4\train\clean\aug_overinked_0318__FAMILY-87__MOTHER__FM087_M2.png
train,0,clean,quality_augmented_clean,overinked,,data\split\train\FAMILY-28\MOTHER\FM028_M1.png,data\classifier_v4\train\clean\aug_overinked_0319__FAMILY-28__MOTHER__FM028_M1.png
train,0,clean,quality_augmented_clean,overinked,,data\split\train\FAMILY-93\MOTHER\FM093_M4.png,data\classifier_v4\train\clean\aug_overinked_0320__FAMILY-93__MOTHER__FM093_M4.png
train,0,clean,quality_augmented_clean,overinked,,data\split\train\FAMILY-100\CHILD\FM100_C1.png,data\classifier_v4\train\clean\aug_overinked_0321__FAMILY-100__CHILD__FM100_C1.png
train,0,clean,quality_augmented_clean,overinked,,data\split\train\FAMILY-92\MOTHER\FM092_M1.png,data\classifier_v4\train\clean\aug_overinked_0322__FAMILY-92__MOTHER__FM092_M1.png
train,0,clean,quality_augmented_clean,overinked,,data\split\train\FAMILY-56\MOTHER\FM056_M4.png,data\classifier_v4\train\clean\aug_overinked_0323__FAMILY-56__MOTHER__FM056_M4.png
train,0,clean,quality_augmented_clean,overinked,,data\split\train\FAMILY-60\CHILD\FM060_C2.png,data\classifier_v4\train\clean\aug_overinked_0324__FAMILY-60__CHILD__FM060_C2.png
train,0,clean,quality_augmented_clean,overinked,,data\split\train\FAMILY-11\MOTHER\FM011_M2.png,data\classifier_v4\train\clean\aug_overinked_0325__FAMILY-11__MOTHER__FM011_M2.png
train,0,clean,quality_augmented_clean,overinked,,data\split\train\FAMILY-51\FATHER\FM051_F4.png,data\classifier_v4\train\clean\aug_overinked_0326__FAMILY-51__FATHER__FM051_F4.png
train,0,clean,quality_augmented_clean,overinked,,data\split\train\FAMILY-33\MOTHER\FM033_M2.png,data\classifier_v4\train\clean\aug_overinked_0327__FAMILY-33__MOTHER__FM033_M2.png
train,0,clean,quality_augmented_clean,overinked,,data\split\train\FAMILY-61\CHILD\FM061_C3.png,data\classifier_v4\train\clean\aug_overinked_0328__FAMILY-61__CHILD__FM061_C3.png
train,0,clean,quality_augmented_clean,overinked,,data\split\train\FAMILY-100\CHILD\FM100_C5.png,data\classifier_v4\train\clean\aug_overinked_0329__FAMILY-100__CHILD__FM100_C5.png
train,0,clean,quality_augmented_clean,overinked,,data\split\train\FAMILY-72\CHILD\FM072_C5.png,data\classifier_v4\train\clean\aug_overinked_0330__FAMILY-72__CHILD__FM072_C5.png
train,0,clean,quality_augmented_clean,overinked,,data\split\train\FAMILY-32\FATHER\FM032_F5.png,data\classifier_v4\train\clean\aug_overinked_0331__FAMILY-32__FATHER__FM032_F5.png
train,0,clean,quality_augmented_clean,overinked,,data\split\train\FAMILY-80\FATHER\FM080_F5.png,data\classifier_v4\train\clean\aug_overinked_0332__FAMILY-80__FATHER__FM080_F5.png
train,0,clean,quality_augmented_clean,overinked,,data\split\train\FAMILY-100\FATHER\FM100_F5.png,data\classifier_v4\train\clean\aug_overinked_0333__FAMILY-100__FATHER__FM100_F5.png
train,0,clean,quality_augmented_clean,overinked,,data\split\train\FAMILY-22\FATHER\FM022_F5.png,data\classifier_v4\train\clean\aug_overinked_0334__FAMILY-22__FATHER__FM022_F5.png
train,0,clean,quality_augmented_clean,overinked,,data\split\train\FAMILY-21\FATHER\FM021_F1.png,data\classifier_v4\train\clean\aug_overinked_0335__FAMILY-21__FATHER__FM021_F1.png
train,0,clean,quality_augmented_clean,overinked,,data\split\train\FAMILY-53\CHILD\FM053_C1.png,data\classifier_v4\train\clean\aug_overinked_0336__FAMILY-53__CHILD__FM053_C1.png
train,0,clean,quality_augmented_clean,overinked,,data\split\train\FAMILY-60\FATHER\FM060_F2.png,data\classifier_v4\train\clean\aug_overinked_0337__FAMILY-60__FATHER__FM060_F2.png
train,0,clean,quality_augmented_clean,overinked,,data\split\train\FAMILY-27\FATHER\FM027_F4.png,data\classifier_v4\train\clean\aug_overinked_0338__FAMILY-27__FATHER__FM027_F4.png
train,0,clean,quality_augmented_clean,overinked,,data\split\train\FAMILY-43\FATHER\FM043_F1.png,data\classifier_v4\train\clean\aug_overinked_0339__FAMILY-43__FATHER__FM043_F1.png
train,0,clean,quality_augmented_clean,overinked,,data\split\train\FAMILY-62\MOTHER\FM062_M4.png,data\classifier_v4\train\clean\aug_overinked_0340__FAMILY-62__MOTHER__FM062_M4.png
train,0,clean,quality_augmented_clean,overinked,,data\split\train\FAMILY-2\MOTHER\FM002_M3.png,data\classifier_v4\train\clean\aug_overinked_0341__FAMILY-2__MOTHER__FM002_M3.png
train,0,clean,quality_augmented_clean,overinked,,data\split\train\FAMILY-63\FATHER\FM063_F4.png,data\classifier_v4\train\clean\aug_overinked_0342__FAMILY-63__FATHER__FM063_F4.png
train,0,clean,quality_augmented_clean,overinked,,data\split\train\FAMILY-10\FATHER\FM010_F3.png,data\classifier_v4\train\clean\aug_overinked_0343__FAMILY-10__FATHER__FM010_F3.png
train,0,clean,quality_augmented_clean,overinked,,data\split\train\FAMILY-33\CHILD\FM033_C3.png,data\classifier_v4\train\clean\aug_overinked_0344__FAMILY-33__CHILD__FM033_C3.png
train,0,clean,quality_augmented_clean,overinked,,data\split\train\FAMILY-33\CHILD\FM033_C4.png,data\classifier_v4\train\clean\aug_overinked_0345__FAMILY-33__CHILD__FM033_C4.png
train,0,clean,quality_augmented_clean,overinked,,data\split\train\FAMILY-58\FATHER\FM058_F2.png,data\classifier_v4\train\clean\aug_overinked_0346__FAMILY-58__FATHER__FM058_F2.png
train,0,clean,quality_augmented_clean,overinked,,data\split\train\FAMILY-84\CHILD\FM084_C4.png,data\classifier_v4\train\clean\aug_overinked_0347__FAMILY-84__CHILD__FM084_C4.png
train,0,clean,quality_augmented_clean,overinked,,data\split\train\FAMILY-41\MOTHER\FM041_M2.png,data\classifier_v4\train\clean\aug_overinked_0348__FAMILY-41__MOTHER__FM041_M2.png
train,0,clean,quality_augmented_clean,overinked,,data\split\train\FAMILY-47\MOTHER\FM047_M2.png,data\classifier_v4\train\clean\aug_overinked_0349__FAMILY-47__MOTHER__FM047_M2.png
train,0,clean,quality_augmented_clean,partial,,data\split\train\FAMILY-4\CHILD\FM004_C5.png,data\classifier_v4\train\clean\aug_partial_0350__FAMILY-4__CHILD__FM004_C5.png
train,0,clean,quality_augmented_clean,partial,,data\split\train\FAMILY-30\MOTHER\FM030_M2.png,data\classifier_v4\train\clean\aug_partial_0351__FAMILY-30__MOTHER__FM030_M2.png
train,0,clean,quality_augmented_clean,partial,,data\split\train\FAMILY-30\CHILD\FM030_C3.png,data\classifier_v4\train\clean\aug_partial_0352__FAMILY-30__CHILD__FM030_C3.png
train,0,clean,quality_augmented_clean,partial,,data\split\train\FAMILY-85\CHILD\FM085_C5.png,data\classifier_v4\train\clean\aug_partial_0353__FAMILY-85__CHILD__FM085_C5.png
train,0,clean,quality_augmented_clean,partial,,data\split\train\FAMILY-97\MOTHER\FM097_M4.png,data\classifier_v4\train\clean\aug_partial_0354__FAMILY-97__MOTHER__FM097_M4.png
train,0,clean,quality_augmented_clean,partial,,data\split\train\FAMILY-29\MOTHER\FM029_M2.png,data\classifier_v4\train\clean\aug_partial_0355__FAMILY-29__MOTHER__FM029_M2.png
train,0,clean,quality_augmented_clean,partial,,data\split\train\FAMILY-81\CHILD\FM081_C5.png,data\classifier_v4\train\clean\aug_partial_0356__FAMILY-81__CHILD__FM081_C5.png
train,0,clean,quality_augmented_clean,partial,,data\split\train\FAMILY-10\CHILD\FM010_C3.png,data\classifier_v4\train\clean\aug_partial_0357__FAMILY-10__CHILD__FM010_C3.png
train,0,clean,quality_augmented_clean,partial,,data\split\train\FAMILY-27\CHILD\FM027_C2.png,data\classifier_v4\train\clean\aug_partial_0358__FAMILY-27__CHILD__FM027_C2.png
train,0,clean,quality_augmented_clean,partial,,data\split\train\FAMILY-33\CHILD\FM033_C2.png,data\classifier_v4\train\clean\aug_partial_0359__FAMILY-33__CHILD__FM033_C2.png
train,0,clean,quality_augmented_clean,partial,,data\split\train\FAMILY-21\FATHER\FM021_F4.png,data\classifier_v4\train\clean\aug_partial_0360__FAMILY-21__FATHER__FM021_F4.png
train,0,clean,quality_augmented_clean,partial,,data\split\train\FAMILY-30\MOTHER\FM030_M5.png,data\classifier_v4\train\clean\aug_partial_0361__FAMILY-30__MOTHER__FM030_M5.png
train,0,clean,quality_augmented_clean,partial,,data\split\train\FAMILY-19\MOTHER\FM019_M2.png,data\classifier_v4\train\clean\aug_partial_0362__FAMILY-19__MOTHER__FM019_M2.png
train,0,clean,quality_augmented_clean,partial,,data\split\train\FAMILY-71\FATHER\FM071_F5.png,data\classifier_v4\train\clean\aug_partial_0363__FAMILY-71__FATHER__FM071_F5.png
train,0,clean,quality_augmented_clean,partial,,data\split\train\FAMILY-90\MOTHER\FM090_M2.png,data\classifier_v4\train\clean\aug_partial_0364__FAMILY-90__MOTHER__FM090_M2.png
train,0,clean,quality_augmented_clean,partial,,data\split\train\FAMILY-24\MOTHER\FM024_M4.png,data\classifier_v4\train\clean\aug_partial_0365__FAMILY-24__MOTHER__FM024_M4.png
train,0,clean,quality_augmented_clean,partial,,data\split\train\FAMILY-32\CHILD\FM032_C1.png,data\classifier_v4\train\clean\aug_partial_0366__FAMILY-32__CHILD__FM032_C1.png
train,0,clean,quality_augmented_clean,partial,,data\split\train\FAMILY-87\CHILD\FM087_C3.png,data\classifier_v4\train\clean\aug_partial_0367__FAMILY-87__CHILD__FM087_C3.png
train,0,clean,quality_augmented_clean,partial,,data\split\train\FAMILY-39\MOTHER\FM039_M3.png,data\classifier_v4\train\clean\aug_partial_0368__FAMILY-39__MOTHER__FM039_M3.png
train,0,clean,quality_augmented_clean,partial,,data\split\train\FAMILY-56\MOTHER\FM056_M5.png,data\classifier_v4\train\clean\aug_partial_0369__FAMILY-56__MOTHER__FM056_M5.png
train,0,clean,quality_augmented_clean,partial,,data\split\train\FAMILY-92\MOTHER\FM092_M5.png,data\classifier_v4\train\clean\aug_partial_0370__FAMILY-92__MOTHER__FM092_M5.png
train,0,clean,quality_augmented_clean,partial,,data\split\train\FAMILY-58\CHILD\FM058_C5.png,data\classifier_v4\train\clean\aug_partial_0371__FAMILY-58__CHILD__FM058_C5.png
train,0,clean,quality_augmented_clean,partial,,data\split\train\FAMILY-27\FATHER\FM027_F5.png,data\classifier_v4\train\clean\aug_partial_0372__FAMILY-27__FATHER__FM027_F5.png
train,0,clean,quality_augmented_clean,partial,,data\split\train\FAMILY-71\CHILD\FM071_C5.png,data\classifier_v4\train\clean\aug_partial_0373__FAMILY-71__CHILD__FM071_C5.png
train,0,clean,quality_augmented_clean,partial,,data\split\train\FAMILY-10\FATHER\FM010_F2.png,data\classifier_v4\train\clean\aug_partial_0374__FAMILY-10__FATHER__FM010_F2.png
train,0,clean,quality_augmented_clean,partial,,data\split\train\FAMILY-53\FATHER\FM053_F5.png,data\classifier_v4\train\clean\aug_partial_0375__FAMILY-53__FATHER__FM053_F5.png
train,0,clean,quality_augmented_clean,partial,,data\split\train\FAMILY-44\FATHER\FM044_F1.png,data\classifier_v4\train\clean\aug_partial_0376__FAMILY-44__FATHER__FM044_F1.png
train,0,clean,quality_augmented_clean,partial,,data\split\train\FAMILY-49\MOTHER\FM049_M4.png,data\classifier_v4\train\clean\aug_partial_0377__FAMILY-49__MOTHER__FM049_M4.png
train,0,clean,quality_augmented_clean,partial,,data\split\train\FAMILY-34\MOTHER\FM034_M4.png,data\classifier_v4\train\clean\aug_partial_0378__FAMILY-34__MOTHER__FM034_M4.png
train,0,clean,quality_augmented_clean,partial,,data\split\train\FAMILY-63\MOTHER\FM063_M3.png,data\classifier_v4\train\clean\aug_partial_0379__FAMILY-63__MOTHER__FM063_M3.png
train,0,clean,quality_augmented_clean,partial,,data\split\train\FAMILY-16\CHILD\FM016_C1.png,data\classifier_v4\train\clean\aug_partial_0380__FAMILY-16__CHILD__FM016_C1.png
train,0,clean,quality_augmented_clean,partial,,data\split\train\FAMILY-33\FATHER\FM033_F3.png,data\classifier_v4\train\clean\aug_partial_0381__FAMILY-33__FATHER__FM033_F3.png
train,0,clean,quality_augmented_clean,partial,,data\split\train\FAMILY-64\CHILD\FM064_C2.png,data\classifier_v4\train\clean\aug_partial_0382__FAMILY-64__CHILD__FM064_C2.png
train,0,clean,quality_augmented_clean,partial,,data\split\train\FAMILY-88\CHILD\FM088_C3.png,data\classifier_v4\train\clean\aug_partial_0383__FAMILY-88__CHILD__FM088_C3.png
train,0,clean,quality_augmented_clean,partial,,data\split\train\FAMILY-46\MOTHER\FM046_M4.png,data\classifier_v4\train\clean\aug_partial_0384__FAMILY-46__MOTHER__FM046_M4.png
train,0,clean,quality_augmented_clean,partial,,data\split\train\FAMILY-18\CHILD\FM018_C4.png,data\classifier_v4\train\clean\aug_partial_0385__FAMILY-18__CHILD__FM018_C4.png
train,0,clean,quality_augmented_clean,partial,,data\split\train\FAMILY-17\FATHER\FM017_F2.png,data\classifier_v4\train\clean\aug_partial_0386__FAMILY-17__FATHER__FM017_F2.png
train,0,clean,quality_augmented_clean,partial,,data\split\train\FAMILY-57\FATHER\FM057_F2.png,data\classifier_v4\train\clean\aug_partial_0387__FAMILY-57__FATHER__FM057_F2.png
train,0,clean,quality_augmented_clean,partial,,data\split\train\FAMILY-34\CHILD\FM034_C3.png,data\classifier_v4\train\clean\aug_partial_0388__FAMILY-34__CHILD__FM034_C3.png
train,0,clean,quality_augmented_clean,partial,,data\split\train\FAMILY-46\CHILD\FM046_C4.png,data\classifier_v4\train\clean\aug_partial_0389__FAMILY-46__CHILD__FM046_C4.png
train,0,clean,quality_augmented_clean,partial,,data\split\train\FAMILY-49\MOTHER\FM049_M2.png,data\classifier_v4\train\clean\aug_partial_0390__FAMILY-49__MOTHER__FM049_M2.png
train,0,clean,quality_augmented_clean,partial,,data\split\train\FAMILY-100\FATHER\FM100_F3.png,data\classifier_v4\train\clean\aug_partial_0391__FAMILY-100__FATHER__FM100_F3.png
train,0,clean,quality_augmented_clean,partial,,data\split\train\FAMILY-40\CHILD\FM040_C3.png,data\classifier_v4\train\clean\aug_partial_0392__FAMILY-40__CHILD__FM040_C3.png
train,0,clean,quality_augmented_clean,partial,,data\split\train\FAMILY-87\FATHER\FM087_F5.png,data\classifier_v4\train\clean\aug_partial_0393__FAMILY-87__FATHER__FM087_F5.png
train,0,clean,quality_augmented_clean,partial,,data\split\train\FAMILY-10\CHILD\FM010_C1.png,data\classifier_v4\train\clean\aug_partial_0394__FAMILY-10__CHILD__FM010_C1.png
train,0,clean,quality_augmented_clean,partial,,data\split\train\FAMILY-49\CHILD\FM049_C5.png,data\classifier_v4\train\clean\aug_partial_0395__FAMILY-49__CHILD__FM049_C5.png
train,0,clean,quality_augmented_clean,partial,,data\split\train\FAMILY-74\MOTHER\FM074_M4.png,data\classifier_v4\train\clean\aug_partial_0396__FAMILY-74__MOTHER__FM074_M4.png
train,0,clean,quality_augmented_clean,partial,,data\split\train\FAMILY-26\CHILD\FM026_C4.png,data\classifier_v4\train\clean\aug_partial_0397__FAMILY-26__CHILD__FM026_C4.png
train,0,clean,quality_augmented_clean,partial,,data\split\train\FAMILY-77\MOTHER\FM077_M5.png,data\classifier_v4\train\clean\aug_partial_0398__FAMILY-77__MOTHER__FM077_M5.png
train,0,clean,quality_augmented_clean,partial,,data\split\train\FAMILY-6\MOTHER\FM006_M5.png,data\classifier_v4\train\clean\aug_partial_0399__FAMILY-6__MOTHER__FM006_M5.png
train,0,clean,quality_augmented_clean,partial,,data\split\train\FAMILY-61\FATHER\FM061_F5.png,data\classifier_v4\train\clean\aug_partial_0400__FAMILY-61__FATHER__FM061_F5.png
train,0,clean,quality_augmented_clean,partial,,data\split\train\FAMILY-2\MOTHER\FM002_M5.png,data\classifier_v4\train\clean\aug_partial_0401__FAMILY-2__MOTHER__FM002_M5.png
train,0,clean,quality_augmented_clean,partial,,data\split\train\FAMILY-28\CHILD\FM028_C2.png,data\classifier_v4\train\clean\aug_partial_0402__FAMILY-28__CHILD__FM028_C2.png
train,0,clean,quality_augmented_clean,partial,,data\split\train\FAMILY-85\CHILD\FM085_C4.png,data\classifier_v4\train\clean\aug_partial_0403__FAMILY-85__CHILD__FM085_C4.png
train,0,clean,quality_augmented_clean,partial,,data\split\train\FAMILY-44\MOTHER\FM044_M5.png,data\classifier_v4\train\clean\aug_partial_0404__FAMILY-44__MOTHER__FM044_M5.png
train,0,clean,quality_augmented_clean,partial,,data\split\train\FAMILY-87\FATHER\FM087_F4.png,data\classifier_v4\train\clean\aug_partial_0405__FAMILY-87__FATHER__FM087_F4.png
train,0,clean,quality_augmented_clean,partial,,data\split\train\FAMILY-76\MOTHER\FM076_M5.png,data\classifier_v4\train\clean\aug_partial_0406__FAMILY-76__MOTHER__FM076_M5.png
train,0,clean,quality_augmented_clean,partial,,data\split\train\FAMILY-1\FATHER\FM001_F3.png,data\classifier_v4\train\clean\aug_partial_0407__FAMILY-1__FATHER__FM001_F3.png
train,0,clean,quality_augmented_clean,partial,,data\split\train\FAMILY-74\CHILD\FM074_C5.png,data\classifier_v4\train\clean\aug_partial_0408__FAMILY-74__CHILD__FM074_C5.png
train,0,clean,quality_augmented_clean,partial,,data\split\train\FAMILY-3\MOTHER\FM003_M3.png,data\classifier_v4\train\clean\aug_partial_0409__FAMILY-3__MOTHER__FM003_M3.png
train,0,clean,quality_augmented_clean,partial,,data\split\train\FAMILY-22\CHILD\FM022_C3.png,data\classifier_v4\train\clean\aug_partial_0410__FAMILY-22__CHILD__FM022_C3.png
train,0,clean,quality_augmented_clean,partial,,data\split\train\FAMILY-77\FATHER\FM077_F3.png,data\classifier_v4\train\clean\aug_partial_0411__FAMILY-77__FATHER__FM077_F3.png
train,0,clean,quality_augmented_clean,partial,,data\split\train\FAMILY-3\CHILD\FM003_C2.png,data\classifier_v4\train\clean\aug_partial_0412__FAMILY-3__CHILD__FM003_C2.png
train,0,clean,quality_augmented_clean,partial,,data\split\train\FAMILY-94\MOTHER\FM094_M4.png,data\classifier_v4\train\clean\aug_partial_0413__FAMILY-94__MOTHER__FM094_M4.png
train,0,clean,quality_augmented_clean,partial,,data\split\train\FAMILY-77\FATHER\FM077_F5.png,data\classifier_v4\train\clean\aug_partial_0414__FAMILY-77__FATHER__FM077_F5.png
train,0,clean,quality_augmented_clean,partial,,data\split\train\FAMILY-87\MOTHER\FM087_M5.png,data\classifier_v4\train\clean\aug_partial_0415__FAMILY-87__MOTHER__FM087_M5.png
train,0,clean,quality_augmented_clean,partial,,data\split\train\FAMILY-90\FATHER\FM090_F5.png,data\classifier_v4\train\clean\aug_partial_0416__FAMILY-90__FATHER__FM090_F5.png
train,0,clean,quality_augmented_clean,partial,,data\split\train\FAMILY-30\FATHER\FM030_F5.png,data\classifier_v4\train\clean\aug_partial_0417__FAMILY-30__FATHER__FM030_F5.png
train,0,clean,quality_augmented_clean,partial,,data\split\train\FAMILY-74\CHILD\FM074_C2.png,data\classifier_v4\train\clean\aug_partial_0418__FAMILY-74__CHILD__FM074_C2.png
train,0,clean,quality_augmented_clean,partial,,data\split\train\FAMILY-69\MOTHER\FM069_M1.png,data\classifier_v4\train\clean\aug_partial_0419__FAMILY-69__MOTHER__FM069_M1.png
train,0,clean,quality_augmented_clean,partial,,data\split\train\FAMILY-24\FATHER\FM024_F3.png,data\classifier_v4\train\clean\aug_partial_0420__FAMILY-24__FATHER__FM024_F3.png
train,0,clean,quality_augmented_clean,partial,,data\split\train\FAMILY-17\MOTHER\FM017_M4.png,data\classifier_v4\train\clean\aug_partial_0421__FAMILY-17__MOTHER__FM017_M4.png
train,0,clean,quality_augmented_clean,partial,,data\split\train\FAMILY-85\MOTHER\FM085_M2.png,data\classifier_v4\train\clean\aug_partial_0422__FAMILY-85__MOTHER__FM085_M2.png
train,0,clean,quality_augmented_clean,partial,,data\split\train\FAMILY-52\MOTHER\FM052_M1.png,data\classifier_v4\train\clean\aug_partial_0423__FAMILY-52__MOTHER__FM052_M1.png
train,0,clean,quality_augmented_clean,partial,,data\split\train\FAMILY-24\MOTHER\FM024_M5.png,data\classifier_v4\train\clean\aug_partial_0424__FAMILY-24__MOTHER__FM024_M5.png
train,0,clean,quality_augmented_clean,partial,,data\split\train\FAMILY-41\CHILD\FM041_C4.png,data\classifier_v4\train\clean\aug_partial_0425__FAMILY-41__CHILD__FM041_C4.png
train,0,clean,quality_augmented_clean,partial,,data\split\train\FAMILY-17\FATHER\FM017_F1.png,data\classifier_v4\train\clean\aug_partial_0426__FAMILY-17__FATHER__FM017_F1.png
train,0,clean,quality_augmented_clean,partial,,data\split\train\FAMILY-34\FATHER\FM034_F4.png,data\classifier_v4\train\clean\aug_partial_0427__FAMILY-34__FATHER__FM034_F4.png
train,0,clean,quality_augmented_clean,partial,,data\split\train\FAMILY-39\CHILD\FM039_C2.png,data\classifier_v4\train\clean\aug_partial_0428__FAMILY-39__CHILD__FM039_C2.png
train,0,clean,quality_augmented_clean,partial,,data\split\train\FAMILY-64\MOTHER\FM064_M3.png,data\classifier_v4\train\clean\aug_partial_0429__FAMILY-64__MOTHER__FM064_M3.png
train,0,clean,quality_augmented_clean,partial,,data\split\train\FAMILY-47\CHILD\FM047_C1.png,data\classifier_v4\train\clean\aug_partial_0430__FAMILY-47__CHILD__FM047_C1.png
train,0,clean,quality_augmented_clean,partial,,data\split\train\FAMILY-85\FATHER\FM085_F5.png,data\classifier_v4\train\clean\aug_partial_0431__FAMILY-85__FATHER__FM085_F5.png
train,0,clean,quality_augmented_clean,partial,,data\split\train\FAMILY-21\MOTHER\FM021_M4.png,data\classifier_v4\train\clean\aug_partial_0432__FAMILY-21__MOTHER__FM021_M4.png
train,0,clean,quality_augmented_clean,partial,,data\split\train\FAMILY-85\FATHER\FM085_F1.png,data\classifier_v4\train\clean\aug_partial_0433__FAMILY-85__FATHER__FM085_F1.png
train,0,clean,quality_augmented_clean,partial,,data\split\train\FAMILY-94\CHILD\FM094_C2.png,data\classifier_v4\train\clean\aug_partial_0434__FAMILY-94__CHILD__FM094_C2.png
train,0,clean,quality_augmented_clean,partial,,data\split\train\FAMILY-52\CHILD\FM052_C3.png,data\classifier_v4\train\clean\aug_partial_0435__FAMILY-52__CHILD__FM052_C3.png
train,0,clean,quality_augmented_clean,partial,,data\split\train\FAMILY-2\MOTHER\FM002_M4.png,data\classifier_v4\train\clean\aug_partial_0436__FAMILY-2__MOTHER__FM002_M4.png
train,0,clean,quality_augmented_clean,partial,,data\split\train\FAMILY-33\MOTHER\FM033_M3.png,data\classifier_v4\train\clean\aug_partial_0437__FAMILY-33__MOTHER__FM033_M3.png
train,0,clean,quality_augmented_clean,partial,,data\split\train\FAMILY-53\CHILD\FM053_C3.png,data\classifier_v4\train\clean\aug_partial_0438__FAMILY-53__CHILD__FM053_C3.png
train,0,clean,quality_augmented_clean,partial,,data\split\train\FAMILY-6\FATHER\FM006_F1.png,data\classifier_v4\train\clean\aug_partial_0439__FAMILY-6__FATHER__FM006_F1.png
train,0,clean,quality_augmented_clean,partial,,data\split\train\FAMILY-28\FATHER\FM028_F3.png,data\classifier_v4\train\clean\aug_partial_0440__FAMILY-28__FATHER__FM028_F3.png
train,0,clean,quality_augmented_clean,partial,,data\split\train\FAMILY-85\MOTHER\FM085_M1.png,data\classifier_v4\train\clean\aug_partial_0441__FAMILY-85__MOTHER__FM085_M1.png
train,0,clean,quality_augmented_clean,partial,,data\split\train\FAMILY-97\FATHER\FM097_F1.png,data\classifier_v4\train\clean\aug_partial_0442__FAMILY-97__FATHER__FM097_F1.png
train,0,clean,quality_augmented_clean,partial,,data\split\train\FAMILY-94\FATHER\FM094_F2.png,data\classifier_v4\train\clean\aug_partial_0443__FAMILY-94__FATHER__FM094_F2.png
train,0,clean,quality_augmented_clean,partial,,data\split\train\FAMILY-16\MOTHER\FM016_M3.png,data\classifier_v4\train\clean\aug_partial_0444__FAMILY-16__MOTHER__FM016_M3.png
train,0,clean,quality_augmented_clean,partial,,data\split\train\FAMILY-80\FATHER\FM080_F4.png,data\classifier_v4\train\clean\aug_partial_0445__FAMILY-80__FATHER__FM080_F4.png
train,0,clean,quality_augmented_clean,partial,,data\split\train\FAMILY-70\FATHER\FM070_F2.png,data\classifier_v4\train\clean\aug_partial_0446__FAMILY-70__FATHER__FM070_F2.png
train,0,clean,quality_augmented_clean,partial,,data\split\train\FAMILY-1\MOTHER\FM001_M3.png,data\classifier_v4\train\clean\aug_partial_0447__FAMILY-1__MOTHER__FM001_M3.png
train,0,clean,quality_augmented_clean,partial,,data\split\train\FAMILY-96\CHILD\FM096_C4.png,data\classifier_v4\train\clean\aug_partial_0448__FAMILY-96__CHILD__FM096_C4.png
train,0,clean,quality_augmented_clean,partial,,data\split\train\FAMILY-84\FATHER\FM084_F1.png,data\classifier_v4\train\clean\aug_partial_0449__FAMILY-84__FATHER__FM084_F1.png
train,0,clean,quality_augmented_clean,partial,,data\split\train\FAMILY-84\MOTHER\FM084_M4.png,data\classifier_v4\train\clean\aug_partial_0450__FAMILY-84__MOTHER__FM084_M4.png
train,0,clean,quality_augmented_clean,partial,,data\split\train\FAMILY-39\FATHER\FM039_F3.png,data\classifier_v4\train\clean\aug_partial_0451__FAMILY-39__FATHER__FM039_F3.png
train,0,clean,quality_augmented_clean,partial,,data\split\train\FAMILY-96\MOTHER\FM096_M1.png,data\classifier_v4\train\clean\aug_partial_0452__FAMILY-96__MOTHER__FM096_M1.png
train,0,clean,quality_augmented_clean,partial,,data\split\train\FAMILY-95\FATHER\FM095_F5.png,data\classifier_v4\train\clean\aug_partial_0453__FAMILY-95__FATHER__FM095_F5.png
train,0,clean,quality_augmented_clean,partial,,data\split\train\FAMILY-29\FATHER\FM029_F3.png,data\classifier_v4\train\clean\aug_partial_0454__FAMILY-29__FATHER__FM029_F3.png
train,0,clean,quality_augmented_clean,partial,,data\split\train\FAMILY-39\CHILD\FM039_C4.png,data\classifier_v4\train\clean\aug_partial_0455__FAMILY-39__CHILD__FM039_C4.png
train,0,clean,quality_augmented_clean,partial,,data\split\train\FAMILY-34\FATHER\FM034_F2.png,data\classifier_v4\train\clean\aug_partial_0456__FAMILY-34__FATHER__FM034_F2.png
train,0,clean,quality_augmented_clean,partial,,data\split\train\FAMILY-52\FATHER\FM052_F5.png,data\classifier_v4\train\clean\aug_partial_0457__FAMILY-52__FATHER__FM052_F5.png
train,0,clean,quality_augmented_clean,partial,,data\split\train\FAMILY-29\FATHER\FM029_F5.png,data\classifier_v4\train\clean\aug_partial_0458__FAMILY-29__FATHER__FM029_F5.png
train,0,clean,quality_augmented_clean,partial,,data\split\train\FAMILY-90\MOTHER\FM090_M4.png,data\classifier_v4\train\clean\aug_partial_0459__FAMILY-90__MOTHER__FM090_M4.png
train,0,clean,quality_augmented_clean,partial,,data\split\train\FAMILY-32\FATHER\FM032_F4.png,data\classifier_v4\train\clean\aug_partial_0460__FAMILY-32__FATHER__FM032_F4.png
train,0,clean,quality_augmented_clean,partial,,data\split\train\FAMILY-8\FATHER\FM008_F2.png,data\classifier_v4\train\clean\aug_partial_0461__FAMILY-8__FATHER__FM008_F2.png
train,0,clean,quality_augmented_clean,partial,,data\split\train\FAMILY-76\CHILD\FM076_C1.png,data\classifier_v4\train\clean\aug_partial_0462__FAMILY-76__CHILD__FM076_C1.png
train,0,clean,quality_augmented_clean,partial,,data\split\train\FAMILY-22\MOTHER\FM022_M4.png,data\classifier_v4\train\clean\aug_partial_0463__FAMILY-22__MOTHER__FM022_M4.png
train,0,clean,quality_augmented_clean,partial,,data\split\train\FAMILY-100\FATHER\FM100_F1.png,data\classifier_v4\train\clean\aug_partial_0464__FAMILY-100__FATHER__FM100_F1.png
train,0,clean,quality_augmented_clean,partial,,data\split\train\FAMILY-41\FATHER\FM041_F2.png,data\classifier_v4\train\clean\aug_partial_0465__FAMILY-41__FATHER__FM041_F2.png
train,0,clean,quality_augmented_clean,partial,,data\split\train\FAMILY-6\FATHER\FM006_F3.png,data\classifier_v4\train\clean\aug_partial_0466__FAMILY-6__FATHER__FM006_F3.png
train,0,clean,quality_augmented_clean,partial,,data\split\train\FAMILY-41\CHILD\FM041_C2.png,data\classifier_v4\train\clean\aug_partial_0467__FAMILY-41__CHILD__FM041_C2.png
train,0,clean,quality_augmented_clean,partial,,data\split\train\FAMILY-29\FATHER\FM029_F4.png,data\classifier_v4\train\clean\aug_partial_0468__FAMILY-29__FATHER__FM029_F4.png
train,0,clean,quality_augmented_clean,partial,,data\split\train\FAMILY-76\FATHER\FM076_F5.png,data\classifier_v4\train\clean\aug_partial_0469__FAMILY-76__FATHER__FM076_F5.png
train,0,clean,quality_augmented_clean,partial,,data\split\train\FAMILY-72\FATHER\FM072_F2.png,data\classifier_v4\train\clean\aug_partial_0470__FAMILY-72__FATHER__FM072_F2.png
train,0,clean,quality_augmented_clean,partial,,data\split\train\FAMILY-41\CHILD\FM041_C5.png,data\classifier_v4\train\clean\aug_partial_0471__FAMILY-41__CHILD__FM041_C5.png
train,0,clean,quality_augmented_clean,partial,,data\split\train\FAMILY-53\FATHER\FM053_F4.png,data\classifier_v4\train\clean\aug_partial_0472__FAMILY-53__FATHER__FM053_F4.png
train,0,clean,quality_augmented_clean,partial,,data\split\train\FAMILY-98\MOTHER\FM098_M3.png,data\classifier_v4\train\clean\aug_partial_0473__FAMILY-98__MOTHER__FM098_M3.png
train,0,clean,quality_augmented_clean,partial,,data\split\train\FAMILY-81\CHILD\FM081_C1.png,data\classifier_v4\train\clean\aug_partial_0474__FAMILY-81__CHILD__FM081_C1.png
train,0,clean,quality_augmented_clean,partial,,data\split\train\FAMILY-4\CHILD\FM004_C1.png,data\classifier_v4\train\clean\aug_partial_0475__FAMILY-4__CHILD__FM004_C1.png
train,0,clean,quality_augmented_clean,partial,,data\split\train\FAMILY-94\CHILD\FM094_C3.png,data\classifier_v4\train\clean\aug_partial_0476__FAMILY-94__CHILD__FM094_C3.png
train,0,clean,quality_augmented_clean,partial,,data\split\train\FAMILY-64\MOTHER\FM064_M5.png,data\classifier_v4\train\clean\aug_partial_0477__FAMILY-64__MOTHER__FM064_M5.png
train,0,clean,quality_augmented_clean,partial,,data\split\train\FAMILY-88\CHILD\FM088_C1.png,data\classifier_v4\train\clean\aug_partial_0478__FAMILY-88__CHILD__FM088_C1.png
train,0,clean,quality_augmented_clean,partial,,data\split\train\FAMILY-29\CHILD\FM029_C4.png,data\classifier_v4\train\clean\aug_partial_0479__FAMILY-29__CHILD__FM029_C4.png
train,0,clean,quality_augmented_clean,partial,,data\split\train\FAMILY-88\FATHER\FM088_F5.png,data\classifier_v4\train\clean\aug_partial_0480__FAMILY-88__FATHER__FM088_F5.png
train,0,clean,quality_augmented_clean,partial,,data\split\train\FAMILY-92\CHILD\FM092_C2.png,data\classifier_v4\train\clean\aug_partial_0481__FAMILY-92__CHILD__FM092_C2.png
train,0,clean,quality_augmented_clean,partial,,data\split\train\FAMILY-22\MOTHER\FM022_M3.png,data\classifier_v4\train\clean\aug_partial_0482__FAMILY-22__MOTHER__FM022_M3.png
train,0,clean,quality_augmented_clean,partial,,data\split\train\FAMILY-10\FATHER\FM010_F1.png,data\classifier_v4\train\clean\aug_partial_0483__FAMILY-10__FATHER__FM010_F1.png
train,0,clean,quality_augmented_clean,partial,,data\split\train\FAMILY-76\MOTHER\FM076_M2.png,data\classifier_v4\train\clean\aug_partial_0484__FAMILY-76__MOTHER__FM076_M2.png
train,0,clean,quality_augmented_clean,partial,,data\split\train\FAMILY-26\MOTHER\FM026_M4.png,data\classifier_v4\train\clean\aug_partial_0485__FAMILY-26__MOTHER__FM026_M4.png
train,0,clean,quality_augmented_clean,partial,,data\split\train\FAMILY-85\CHILD\FM085_C2.png,data\classifier_v4\train\clean\aug_partial_0486__FAMILY-85__CHILD__FM085_C2.png
train,0,clean,quality_augmented_clean,partial,,data\split\train\FAMILY-71\FATHER\FM071_F2.png,data\classifier_v4\train\clean\aug_partial_0487__FAMILY-71__FATHER__FM071_F2.png
train,0,clean,quality_augmented_clean,partial,,data\split\train\FAMILY-43\MOTHER\FM043_M4.png,data\classifier_v4\train\clean\aug_partial_0488__FAMILY-43__MOTHER__FM043_M4.png
train,0,clean,quality_augmented_clean,partial,,data\split\train\FAMILY-70\MOTHER\FM070_M2.png,data\classifier_v4\train\clean\aug_partial_0489__FAMILY-70__MOTHER__FM070_M2.png
train,0,clean,quality_augmented_clean,partial,,data\split\train\FAMILY-11\MOTHER\FM011_M4.png,data\classifier_v4\train\clean\aug_partial_0490__FAMILY-11__MOTHER__FM011_M4.png
train,0,clean,quality_augmented_clean,partial,,data\split\train\FAMILY-53\CHILD\FM053_C2.png,data\classifier_v4\train\clean\aug_partial_0491__FAMILY-53__CHILD__FM053_C2.png
train,0,clean,quality_augmented_clean,partial,,data\split\train\FAMILY-92\FATHER\FM092_F3.png,data\classifier_v4\train\clean\aug_partial_0492__FAMILY-92__FATHER__FM092_F3.png
train,0,clean,quality_augmented_clean,partial,,data\split\train\FAMILY-6\CHILD\FM006_C2.png,data\classifier_v4\train\clean\aug_partial_0493__FAMILY-6__CHILD__FM006_C2.png
train,0,clean,quality_augmented_clean,partial,,data\split\train\FAMILY-40\MOTHER\FM040_M5.png,data\classifier_v4\train\clean\aug_partial_0494__FAMILY-40__MOTHER__FM040_M5.png
train,0,clean,quality_augmented_clean,partial,,data\split\train\FAMILY-19\MOTHER\FM019_M5.png,data\classifier_v4\train\clean\aug_partial_0495__FAMILY-19__MOTHER__FM019_M5.png
train,0,clean,quality_augmented_clean,partial,,data\split\train\FAMILY-25\FATHER\FM025_F5.png,data\classifier_v4\train\clean\aug_partial_0496__FAMILY-25__FATHER__FM025_F5.png
train,0,clean,quality_augmented_clean,partial,,data\split\train\FAMILY-8\MOTHER\FM008_M1.png,data\classifier_v4\train\clean\aug_partial_0497__FAMILY-8__MOTHER__FM008_M1.png
train,0,clean,quality_augmented_clean,partial,,data\split\train\FAMILY-39\MOTHER\FM039_M1.png,data\classifier_v4\train\clean\aug_partial_0498__FAMILY-39__MOTHER__FM039_M1.png
train,0,clean,quality_augmented_clean,partial,,data\split\train\FAMILY-2\CHILD\FM002_C3.png,data\classifier_v4\train\clean\aug_partial_0499__FAMILY-2__CHILD__FM002_C3.png
train,0,clean,quality_augmented_clean,partial,,data\split\train\FAMILY-38\FATHER\FM038_F1.png,data\classifier_v4\train\clean\aug_partial_0500__FAMILY-38__FATHER__FM038_F1.png
train,0,clean,quality_augmented_clean,partial,,data\split\train\FAMILY-95\MOTHER\FM095_M2.png,data\classifier_v4\train\clean\aug_partial_0501__FAMILY-95__MOTHER__FM095_M2.png
train,0,clean,quality_augmented_clean,partial,,data\split\train\FAMILY-3\MOTHER\FM003_M4.png,data\classifier_v4\train\clean\aug_partial_0502__FAMILY-3__MOTHER__FM003_M4.png
train,0,clean,quality_augmented_clean,partial,,data\split\train\FAMILY-16\FATHER\FM016_F3.png,data\classifier_v4\train\clean\aug_partial_0503__FAMILY-16__FATHER__FM016_F3.png
train,0,clean,quality_augmented_clean,partial,,data\split\train\FAMILY-77\CHILD\FM077_C1.png,data\classifier_v4\train\clean\aug_partial_0504__FAMILY-77__CHILD__FM077_C1.png
train,0,clean,quality_augmented_clean,partial,,data\split\train\FAMILY-87\CHILD\FM087_C4.png,data\classifier_v4\train\clean\aug_partial_0505__FAMILY-87__CHILD__FM087_C4.png
train,0,clean,quality_augmented_clean,partial,,data\split\train\FAMILY-53\MOTHER\FM053_M2.png,data\classifier_v4\train\clean\aug_partial_0506__FAMILY-53__MOTHER__FM053_M2.png
train,0,clean,quality_augmented_clean,partial,,data\split\train\FAMILY-98\FATHER\FM098_F3.png,data\classifier_v4\train\clean\aug_partial_0507__FAMILY-98__FATHER__FM098_F3.png
train,0,clean,quality_augmented_clean,partial,,data\split\train\FAMILY-16\FATHER\FM016_F5.png,data\classifier_v4\train\clean\aug_partial_0508__FAMILY-16__FATHER__FM016_F5.png
train,0,clean,quality_augmented_clean,partial,,data\split\train\FAMILY-4\MOTHER\FM004_M2.png,data\classifier_v4\train\clean\aug_partial_0509__FAMILY-4__MOTHER__FM004_M2.png
train,0,clean,quality_augmented_clean,partial,,data\split\train\FAMILY-26\CHILD\FM026_C5.png,data\classifier_v4\train\clean\aug_partial_0510__FAMILY-26__CHILD__FM026_C5.png
train,0,clean,quality_augmented_clean,partial,,data\split\train\FAMILY-4\FATHER\FM004_F3.png,data\classifier_v4\train\clean\aug_partial_0511__FAMILY-4__FATHER__FM004_F3.png
train,0,clean,quality_augmented_clean,partial,,data\split\train\FAMILY-24\CHILD\FM024_C3.png,data\classifier_v4\train\clean\aug_partial_0512__FAMILY-24__CHILD__FM024_C3.png
train,0,clean,quality_augmented_clean,partial,,data\split\train\FAMILY-77\FATHER\FM077_F1.png,data\classifier_v4\train\clean\aug_partial_0513__FAMILY-77__FATHER__FM077_F1.png
train,0,clean,quality_augmented_clean,partial,,data\split\train\FAMILY-2\CHILD\FM002_C5.png,data\classifier_v4\train\clean\aug_partial_0514__FAMILY-2__CHILD__FM002_C5.png
train,0,clean,quality_augmented_clean,partial,,data\split\train\FAMILY-3\CHILD\FM003_C4.png,data\classifier_v4\train\clean\aug_partial_0515__FAMILY-3__CHILD__FM003_C4.png
train,0,clean,quality_augmented_clean,partial,,data\split\train\FAMILY-80\MOTHER\FM080_M3.png,data\classifier_v4\train\clean\aug_partial_0516__FAMILY-80__MOTHER__FM080_M3.png
train,0,clean,quality_augmented_clean,partial,,data\split\train\FAMILY-74\CHILD\FM074_C1.png,data\classifier_v4\train\clean\aug_partial_0517__FAMILY-74__CHILD__FM074_C1.png
train,0,clean,quality_augmented_clean,partial,,data\split\train\FAMILY-79\CHILD\FM079_C2.png,data\classifier_v4\train\clean\aug_partial_0518__FAMILY-79__CHILD__FM079_C2.png
train,0,clean,quality_augmented_clean,partial,,data\split\train\FAMILY-95\FATHER\FM095_F1.png,data\classifier_v4\train\clean\aug_partial_0519__FAMILY-95__FATHER__FM095_F1.png
train,0,clean,quality_augmented_clean,partial,,data\split\train\FAMILY-58\MOTHER\FM058_M1.png,data\classifier_v4\train\clean\aug_partial_0520__FAMILY-58__MOTHER__FM058_M1.png
train,0,clean,quality_augmented_clean,partial,,data\split\train\FAMILY-63\CHILD\FM063_C1.png,data\classifier_v4\train\clean\aug_partial_0521__FAMILY-63__CHILD__FM063_C1.png
train,0,clean,quality_augmented_clean,partial,,data\split\train\FAMILY-11\CHILD\FM011_C5.png,data\classifier_v4\train\clean\aug_partial_0522__FAMILY-11__CHILD__FM011_C5.png
train,0,clean,quality_augmented_clean,partial,,data\split\train\FAMILY-8\CHILD\FM008_C1.png,data\classifier_v4\train\clean\aug_partial_0523__FAMILY-8__CHILD__FM008_C1.png
train,0,clean,quality_augmented_clean,partial,,data\split\train\FAMILY-5\CHILD\FM005_C1.png,data\classifier_v4\train\clean\aug_partial_0524__FAMILY-5__CHILD__FM005_C1.png
train,1,distorted,standard_v3_distorted,none,elastic,data\classifier_v3\train\distorted\FAMILY-10__CHILD__FM010_C1__elastic.png,data\classifier_v4\train\distorted\std_dist_0000__elastic__FAMILY-10__CHILD__FM010_C1__elastic.png
train,1,distorted,standard_v3_distorted,none,elastic,data\classifier_v3\train\distorted\FAMILY-10__MOTHER__FM010_M3__elastic.png,data\classifier_v4\train\distorted\std_dist_0001__elastic__FAMILY-10__MOTHER__FM010_M3__elastic.png
train,1,distorted,standard_v3_distorted,none,elastic,data\classifier_v3\train\distorted\FAMILY-10__MOTHER__FM010_M4__elastic.png,data\classifier_v4\train\distorted\std_dist_0002__elastic__FAMILY-10__MOTHER__FM010_M4__elastic.png
train,1,distorted,standard_v3_distorted,none,elastic,data\classifier_v3\train\distorted\FAMILY-11__CHILD__FM011_C2__elastic.png,data\classifier_v4\train\distorted\std_dist_0003__elastic__FAMILY-11__CHILD__FM011_C2__elastic.png
train,1,distorted,standard_v3_distorted,none,elastic,data\classifier_v3\train\distorted\FAMILY-11__FATHER__FM011_F4__elastic.png,data\classifier_v4\train\distorted\std_dist_0004__elastic__FAMILY-11__FATHER__FM011_F4__elastic.png
train,1,distorted,standard_v3_distorted,none,elastic,data\classifier_v3\train\distorted\FAMILY-11__MOTHER__FM011_M1__elastic.png,data\classifier_v4\train\distorted\std_dist_0005__elastic__FAMILY-11__MOTHER__FM011_M1__elastic.png
train,1,distorted,standard_v3_distorted,none,elastic,data\classifier_v3\train\distorted\FAMILY-16__CHILD__FM016_C1__elastic.png,data\classifier_v4\train\distorted\std_dist_0006__elastic__FAMILY-16__CHILD__FM016_C1__elastic.png
train,1,distorted,standard_v3_distorted,none,elastic,data\classifier_v3\train\distorted\FAMILY-16__CHILD__FM016_C5__elastic.png,data\classifier_v4\train\distorted\std_dist_0007__elastic__FAMILY-16__CHILD__FM016_C5__elastic.png
train,1,distorted,standard_v3_distorted,none,elastic,data\classifier_v3\train\distorted\FAMILY-16__FATHER__FM016_F2__elastic.png,data\classifier_v4\train\distorted\std_dist_0008__elastic__FAMILY-16__FATHER__FM016_F2__elastic.png
train,1,distorted,standard_v3_distorted,none,elastic,data\classifier_v3\train\distorted\FAMILY-16__MOTHER__FM016_M2__elastic.png,data\classifier_v4\train\distorted\std_dist_0009__elastic__FAMILY-16__MOTHER__FM016_M2__elastic.png
train,1,distorted,standard_v3_distorted,none,elastic,data\classifier_v3\train\distorted\FAMILY-17__FATHER__FM017_F2__elastic.png,data\classifier_v4\train\distorted\std_dist_0010__elastic__FAMILY-17__FATHER__FM017_F2__elastic.png
train,1,distorted,standard_v3_distorted,none,elastic,data\classifier_v3\train\distorted\FAMILY-17__FATHER__FM017_F3__elastic.png,data\classifier_v4\train\distorted\std_dist_0011__elastic__FAMILY-17__FATHER__FM017_F3__elastic.png
train,1,distorted,standard_v3_distorted,none,elastic,data\classifier_v3\train\distorted\FAMILY-17__MOTHER__FM017_M2__elastic.png,data\classifier_v4\train\distorted\std_dist_0012__elastic__FAMILY-17__MOTHER__FM017_M2__elastic.png
train,1,distorted,standard_v3_distorted,none,elastic,data\classifier_v3\train\distorted\FAMILY-17__MOTHER__FM017_M3__elastic.png,data\classifier_v4\train\distorted\std_dist_0013__elastic__FAMILY-17__MOTHER__FM017_M3__elastic.png
train,1,distorted,standard_v3_distorted,none,elastic,data\classifier_v3\train\distorted\FAMILY-18__CHILD__FM018_C5__elastic.png,data\classifier_v4\train\distorted\std_dist_0014__elastic__FAMILY-18__CHILD__FM018_C5__elastic.png
train,1,distorted,standard_v3_distorted,none,elastic,data\classifier_v3\train\distorted\FAMILY-18__FATHER__FM018_F2__elastic.png,data\classifier_v4\train\distorted\std_dist_0015__elastic__FAMILY-18__FATHER__FM018_F2__elastic.png
train,1,distorted,standard_v3_distorted,none,elastic,data\classifier_v3\train\distorted\FAMILY-18__FATHER__FM018_F3__elastic.png,data\classifier_v4\train\distorted\std_dist_0016__elastic__FAMILY-18__FATHER__FM018_F3__elastic.png
train,1,distorted,standard_v3_distorted,none,elastic,data\classifier_v3\train\distorted\FAMILY-18__MOTHER__FM018_M2__elastic.png,data\classifier_v4\train\distorted\std_dist_0017__elastic__FAMILY-18__MOTHER__FM018_M2__elastic.png
train,1,distorted,standard_v3_distorted,none,elastic,data\classifier_v3\train\distorted\FAMILY-19__FATHER__FM019_F2__elastic.png,data\classifier_v4\train\distorted\std_dist_0018__elastic__FAMILY-19__FATHER__FM019_F2__elastic.png
train,1,distorted,standard_v3_distorted,none,elastic,data\classifier_v3\train\distorted\FAMILY-21__CHILD__FM021_C4__elastic.png,data\classifier_v4\train\distorted\std_dist_0019__elastic__FAMILY-21__CHILD__FM021_C4__elastic.png
train,1,distorted,standard_v3_distorted,none,elastic,data\classifier_v3\train\distorted\FAMILY-21__FATHER__FM021_F5__elastic.png,data\classifier_v4\train\distorted\std_dist_0020__elastic__FAMILY-21__FATHER__FM021_F5__elastic.png
train,1,distorted,standard_v3_distorted,none,elastic,data\classifier_v3\train\distorted\FAMILY-21__MOTHER__FM021_M1__elastic.png,data\classifier_v4\train\distorted\std_dist_0021__elastic__FAMILY-21__MOTHER__FM021_M1__elastic.png
train,1,distorted,standard_v3_distorted,none,elastic,data\classifier_v3\train\distorted\FAMILY-22__CHILD__FM022_C3__elastic.png,data\classifier_v4\train\distorted\std_dist_0022__elastic__FAMILY-22__CHILD__FM022_C3__elastic.png
train,1,distorted,standard_v3_distorted,none,elastic,data\classifier_v3\train\distorted\FAMILY-22__MOTHER__FM022_M2__elastic.png,data\classifier_v4\train\distorted\std_dist_0023__elastic__FAMILY-22__MOTHER__FM022_M2__elastic.png
train,1,distorted,standard_v3_distorted,none,elastic,data\classifier_v3\train\distorted\FAMILY-24__FATHER__FM024_F2__elastic.png,data\classifier_v4\train\distorted\std_dist_0024__elastic__FAMILY-24__FATHER__FM024_F2__elastic.png
train,1,distorted,standard_v3_distorted,none,elastic,data\classifier_v3\train\distorted\FAMILY-24__FATHER__FM024_F3__elastic.png,data\classifier_v4\train\distorted\std_dist_0025__elastic__FAMILY-24__FATHER__FM024_F3__elastic.png
train,1,distorted,standard_v3_distorted,none,elastic,data\classifier_v3\train\distorted\FAMILY-25__FATHER__FM025_F2__elastic.png,data\classifier_v4\train\distorted\std_dist_0026__elastic__FAMILY-25__FATHER__FM025_F2__elastic.png
train,1,distorted,standard_v3_distorted,none,elastic,data\classifier_v3\train\distorted\FAMILY-25__FATHER__FM025_F5__elastic.png,data\classifier_v4\train\distorted\std_dist_0027__elastic__FAMILY-25__FATHER__FM025_F5__elastic.png
train,1,distorted,standard_v3_distorted,none,elastic,data\classifier_v3\train\distorted\FAMILY-26__CHILD__FM026_C5__elastic.png,data\classifier_v4\train\distorted\std_dist_0028__elastic__FAMILY-26__CHILD__FM026_C5__elastic.png
train,1,distorted,standard_v3_distorted,none,elastic,data\classifier_v3\train\distorted\FAMILY-26__FATHER__FM026_F3__elastic.png,data\classifier_v4\train\distorted\std_dist_0029__elastic__FAMILY-26__FATHER__FM026_F3__elastic.png
train,1,distorted,standard_v3_distorted,none,elastic,data\classifier_v3\train\distorted\FAMILY-26__MOTHER__FM026_M4__elastic.png,data\classifier_v4\train\distorted\std_dist_0030__elastic__FAMILY-26__MOTHER__FM026_M4__elastic.png
train,1,distorted,standard_v3_distorted,none,elastic,data\classifier_v3\train\distorted\FAMILY-27__MOTHER__FM027_M1__elastic.png,data\classifier_v4\train\distorted\std_dist_0031__elastic__FAMILY-27__MOTHER__FM027_M1__elastic.png
train,1,distorted,standard_v3_distorted,none,elastic,data\classifier_v3\train\distorted\FAMILY-27__MOTHER__FM027_M2__elastic.png,data\classifier_v4\train\distorted\std_dist_0032__elastic__FAMILY-27__MOTHER__FM027_M2__elastic.png
train,1,distorted,standard_v3_distorted,none,elastic,data\classifier_v3\train\distorted\FAMILY-28__FATHER__FM028_F3__elastic.png,data\classifier_v4\train\distorted\std_dist_0033__elastic__FAMILY-28__FATHER__FM028_F3__elastic.png
train,1,distorted,standard_v3_distorted,none,elastic,data\classifier_v3\train\distorted\FAMILY-28__FATHER__FM028_F4__elastic.png,data\classifier_v4\train\distorted\std_dist_0034__elastic__FAMILY-28__FATHER__FM028_F4__elastic.png
train,1,distorted,standard_v3_distorted,none,elastic,data\classifier_v3\train\distorted\FAMILY-28__MOTHER__FM028_M1__elastic.png,data\classifier_v4\train\distorted\std_dist_0035__elastic__FAMILY-28__MOTHER__FM028_M1__elastic.png
train,1,distorted,standard_v3_distorted,none,elastic,data\classifier_v3\train\distorted\FAMILY-29__FATHER__FM029_F3__elastic.png,data\classifier_v4\train\distorted\std_dist_0036__elastic__FAMILY-29__FATHER__FM029_F3__elastic.png
train,1,distorted,standard_v3_distorted,none,elastic,data\classifier_v3\train\distorted\FAMILY-29__FATHER__FM029_F5__elastic.png,data\classifier_v4\train\distorted\std_dist_0037__elastic__FAMILY-29__FATHER__FM029_F5__elastic.png
train,1,distorted,standard_v3_distorted,none,elastic,data\classifier_v3\train\distorted\FAMILY-29__MOTHER__FM029_M2__elastic.png,data\classifier_v4\train\distorted\std_dist_0038__elastic__FAMILY-29__MOTHER__FM029_M2__elastic.png
train,1,distorted,standard_v3_distorted,none,elastic,data\classifier_v3\train\distorted\FAMILY-29__MOTHER__FM029_M4__elastic.png,data\classifier_v4\train\distorted\std_dist_0039__elastic__FAMILY-29__MOTHER__FM029_M4__elastic.png
train,1,distorted,standard_v3_distorted,none,elastic,data\classifier_v3\train\distorted\FAMILY-2__CHILD__FM002_C1__elastic.png,data\classifier_v4\train\distorted\std_dist_0040__elastic__FAMILY-2__CHILD__FM002_C1__elastic.png
train,1,distorted,standard_v3_distorted,none,elastic,data\classifier_v3\train\distorted\FAMILY-2__CHILD__FM002_C3__elastic.png,data\classifier_v4\train\distorted\std_dist_0041__elastic__FAMILY-2__CHILD__FM002_C3__elastic.png
train,1,distorted,standard_v3_distorted,none,elastic,data\classifier_v3\train\distorted\FAMILY-2__CHILD__FM002_C5__elastic.png,data\classifier_v4\train\distorted\std_dist_0042__elastic__FAMILY-2__CHILD__FM002_C5__elastic.png
train,1,distorted,standard_v3_distorted,none,elastic,data\classifier_v3\train\distorted\FAMILY-2__FATHER__FM002_F4__elastic.png,data\classifier_v4\train\distorted\std_dist_0043__elastic__FAMILY-2__FATHER__FM002_F4__elastic.png
train,1,distorted,standard_v3_distorted,none,elastic,data\classifier_v3\train\distorted\FAMILY-2__MOTHER__FM002_M3__elastic.png,data\classifier_v4\train\distorted\std_dist_0044__elastic__FAMILY-2__MOTHER__FM002_M3__elastic.png
train,1,distorted,standard_v3_distorted,none,elastic,data\classifier_v3\train\distorted\FAMILY-2__MOTHER__FM002_M5__elastic.png,data\classifier_v4\train\distorted\std_dist_0045__elastic__FAMILY-2__MOTHER__FM002_M5__elastic.png
train,1,distorted,standard_v3_distorted,none,elastic,data\classifier_v3\train\distorted\FAMILY-30__CHILD__FM030_C1__elastic.png,data\classifier_v4\train\distorted\std_dist_0046__elastic__FAMILY-30__CHILD__FM030_C1__elastic.png
train,1,distorted,standard_v3_distorted,none,elastic,data\classifier_v3\train\distorted\FAMILY-30__CHILD__FM030_C4__elastic.png,data\classifier_v4\train\distorted\std_dist_0047__elastic__FAMILY-30__CHILD__FM030_C4__elastic.png
train,1,distorted,standard_v3_distorted,none,elastic,data\classifier_v3\train\distorted\FAMILY-30__FATHER__FM030_F5__elastic.png,data\classifier_v4\train\distorted\std_dist_0048__elastic__FAMILY-30__FATHER__FM030_F5__elastic.png
train,1,distorted,standard_v3_distorted,none,elastic,data\classifier_v3\train\distorted\FAMILY-30__MOTHER__FM030_M3__elastic.png,data\classifier_v4\train\distorted\std_dist_0049__elastic__FAMILY-30__MOTHER__FM030_M3__elastic.png
train,1,distorted,standard_v3_distorted,none,elastic,data\classifier_v3\train\distorted\FAMILY-32__MOTHER__FM032_M1__elastic.png,data\classifier_v4\train\distorted\std_dist_0050__elastic__FAMILY-32__MOTHER__FM032_M1__elastic.png
train,1,distorted,standard_v3_distorted,none,elastic,data\classifier_v3\train\distorted\FAMILY-32__MOTHER__FM032_M3__elastic.png,data\classifier_v4\train\distorted\std_dist_0051__elastic__FAMILY-32__MOTHER__FM032_M3__elastic.png
train,1,distorted,standard_v3_distorted,none,elastic,data\classifier_v3\train\distorted\FAMILY-32__MOTHER__FM032_M5__elastic.png,data\classifier_v4\train\distorted\std_dist_0052__elastic__FAMILY-32__MOTHER__FM032_M5__elastic.png
train,1,distorted,standard_v3_distorted,none,elastic,data\classifier_v3\train\distorted\FAMILY-33__CHILD__FM033_C2__elastic.png,data\classifier_v4\train\distorted\std_dist_0053__elastic__FAMILY-33__CHILD__FM033_C2__elastic.png
train,1,distorted,standard_v3_distorted,none,elastic,data\classifier_v3\train\distorted\FAMILY-33__FATHER__FM033_F4__elastic.png,data\classifier_v4\train\distorted\std_dist_0054__elastic__FAMILY-33__FATHER__FM033_F4__elastic.png
train,1,distorted,standard_v3_distorted,none,elastic,data\classifier_v3\train\distorted\FAMILY-34__CHILD__FM034_C4__elastic.png,data\classifier_v4\train\distorted\std_dist_0055__elastic__FAMILY-34__CHILD__FM034_C4__elastic.png
train,1,distorted,standard_v3_distorted,none,elastic,data\classifier_v3\train\distorted\FAMILY-34__FATHER__FM034_F2__elastic.png,data\classifier_v4\train\distorted\std_dist_0056__elastic__FAMILY-34__FATHER__FM034_F2__elastic.png
train,1,distorted,standard_v3_distorted,none,elastic,data\classifier_v3\train\distorted\FAMILY-34__MOTHER__FM034_M5__elastic.png,data\classifier_v4\train\distorted\std_dist_0057__elastic__FAMILY-34__MOTHER__FM034_M5__elastic.png
train,1,distorted,standard_v3_distorted,none,elastic,data\classifier_v3\train\distorted\FAMILY-38__CHILD__FM038_C5__elastic.png,data\classifier_v4\train\distorted\std_dist_0058__elastic__FAMILY-38__CHILD__FM038_C5__elastic.png
train,1,distorted,standard_v3_distorted,none,elastic,data\classifier_v3\train\distorted\FAMILY-39__FATHER__FM039_F2__elastic.png,data\classifier_v4\train\distorted\std_dist_0059__elastic__FAMILY-39__FATHER__FM039_F2__elastic.png
train,1,distorted,standard_v3_distorted,none,elastic,data\classifier_v3\train\distorted\FAMILY-39__FATHER__FM039_F4__elastic.png,data\classifier_v4\train\distorted\std_dist_0060__elastic__FAMILY-39__FATHER__FM039_F4__elastic.png
train,1,distorted,standard_v3_distorted,none,elastic,data\classifier_v3\train\distorted\FAMILY-39__MOTHER__FM039_M3__elastic.png,data\classifier_v4\train\distorted\std_dist_0061__elastic__FAMILY-39__MOTHER__FM039_M3__elastic.png
train,1,distorted,standard_v3_distorted,none,elastic,data\classifier_v3\train\distorted\FAMILY-3__CHILD__FM003_C3__elastic.png,data\classifier_v4\train\distorted\std_dist_0062__elastic__FAMILY-3__CHILD__FM003_C3__elastic.png
train,1,distorted,standard_v3_distorted,none,elastic,data\classifier_v3\train\distorted\FAMILY-3__CHILD__FM003_C4__elastic.png,data\classifier_v4\train\distorted\std_dist_0063__elastic__FAMILY-3__CHILD__FM003_C4__elastic.png
train,1,distorted,standard_v3_distorted,none,elastic,data\classifier_v3\train\distorted\FAMILY-3__CHILD__FM003_C5__elastic.png,data\classifier_v4\train\distorted\std_dist_0064__elastic__FAMILY-3__CHILD__FM003_C5__elastic.png
train,1,distorted,standard_v3_distorted,none,elastic,data\classifier_v3\train\distorted\FAMILY-40__CHILD__FM040_C1__elastic.png,data\classifier_v4\train\distorted\std_dist_0065__elastic__FAMILY-40__CHILD__FM040_C1__elastic.png
train,1,distorted,standard_v3_distorted,none,elastic,data\classifier_v3\train\distorted\FAMILY-40__FATHER__FM040_F1__elastic.png,data\classifier_v4\train\distorted\std_dist_0066__elastic__FAMILY-40__FATHER__FM040_F1__elastic.png
train,1,distorted,standard_v3_distorted,none,elastic,data\classifier_v3\train\distorted\FAMILY-40__FATHER__FM040_F5__elastic.png,data\classifier_v4\train\distorted\std_dist_0067__elastic__FAMILY-40__FATHER__FM040_F5__elastic.png
train,1,distorted,standard_v3_distorted,none,elastic,data\classifier_v3\train\distorted\FAMILY-40__MOTHER__FM040_M1__elastic.png,data\classifier_v4\train\distorted\std_dist_0068__elastic__FAMILY-40__MOTHER__FM040_M1__elastic.png
train,1,distorted,standard_v3_distorted,none,elastic,data\classifier_v3\train\distorted\FAMILY-41__CHILD__FM041_C2__elastic.png,data\classifier_v4\train\distorted\std_dist_0069__elastic__FAMILY-41__CHILD__FM041_C2__elastic.png
train,1,distorted,standard_v3_distorted,none,elastic,data\classifier_v3\train\distorted\FAMILY-41__MOTHER__FM041_M3__elastic.png,data\classifier_v4\train\distorted\std_dist_0070__elastic__FAMILY-41__MOTHER__FM041_M3__elastic.png
train,1,distorted,standard_v3_distorted,none,elastic,data\classifier_v3\train\distorted\FAMILY-43__CHILD__FM043_C1__elastic.png,data\classifier_v4\train\distorted\std_dist_0071__elastic__FAMILY-43__CHILD__FM043_C1__elastic.png
train,1,distorted,standard_v3_distorted,none,elastic,data\classifier_v3\train\distorted\FAMILY-43__FATHER__FM043_F2__elastic.png,data\classifier_v4\train\distorted\std_dist_0072__elastic__FAMILY-43__FATHER__FM043_F2__elastic.png
train,1,distorted,standard_v3_distorted,none,elastic,data\classifier_v3\train\distorted\FAMILY-43__MOTHER__FM043_M5__elastic.png,data\classifier_v4\train\distorted\std_dist_0073__elastic__FAMILY-43__MOTHER__FM043_M5__elastic.png
train,1,distorted,standard_v3_distorted,none,elastic,data\classifier_v3\train\distorted\FAMILY-44__MOTHER__FM044_M1__elastic.png,data\classifier_v4\train\distorted\std_dist_0074__elastic__FAMILY-44__MOTHER__FM044_M1__elastic.png
train,1,distorted,standard_v3_distorted,none,elastic,data\classifier_v3\train\distorted\FAMILY-44__MOTHER__FM044_M3__elastic.png,data\classifier_v4\train\distorted\std_dist_0075__elastic__FAMILY-44__MOTHER__FM044_M3__elastic.png
train,1,distorted,standard_v3_distorted,none,elastic,data\classifier_v3\train\distorted\FAMILY-46__FATHER__FM046_F1__elastic.png,data\classifier_v4\train\distorted\std_dist_0076__elastic__FAMILY-46__FATHER__FM046_F1__elastic.png
train,1,distorted,standard_v3_distorted,none,elastic,data\classifier_v3\train\distorted\FAMILY-46__FATHER__FM046_F2__elastic.png,data\classifier_v4\train\distorted\std_dist_0077__elastic__FAMILY-46__FATHER__FM046_F2__elastic.png
train,1,distorted,standard_v3_distorted,none,elastic,data\classifier_v3\train\distorted\FAMILY-49__FATHER__FM049_F2__elastic.png,data\classifier_v4\train\distorted\std_dist_0078__elastic__FAMILY-49__FATHER__FM049_F2__elastic.png
train,1,distorted,standard_v3_distorted,none,elastic,data\classifier_v3\train\distorted\FAMILY-49__MOTHER__FM049_M3__elastic.png,data\classifier_v4\train\distorted\std_dist_0079__elastic__FAMILY-49__MOTHER__FM049_M3__elastic.png
train,1,distorted,standard_v3_distorted,none,elastic,data\classifier_v3\train\distorted\FAMILY-49__MOTHER__FM049_M4__elastic.png,data\classifier_v4\train\distorted\std_dist_0080__elastic__FAMILY-49__MOTHER__FM049_M4__elastic.png
train,1,distorted,standard_v3_distorted,none,elastic,data\classifier_v3\train\distorted\FAMILY-4__FATHER__FM004_F3__elastic.png,data\classifier_v4\train\distorted\std_dist_0081__elastic__FAMILY-4__FATHER__FM004_F3__elastic.png
train,1,distorted,standard_v3_distorted,none,elastic,data\classifier_v3\train\distorted\FAMILY-4__FATHER__FM004_F5__elastic.png,data\classifier_v4\train\distorted\std_dist_0082__elastic__FAMILY-4__FATHER__FM004_F5__elastic.png
train,1,distorted,standard_v3_distorted,none,elastic,data\classifier_v3\train\distorted\FAMILY-4__MOTHER__FM004_M1__elastic.png,data\classifier_v4\train\distorted\std_dist_0083__elastic__FAMILY-4__MOTHER__FM004_M1__elastic.png
train,1,distorted,standard_v3_distorted,none,elastic,data\classifier_v3\train\distorted\FAMILY-51__CHILD__FM051_C1__elastic.png,data\classifier_v4\train\distorted\std_dist_0084__elastic__FAMILY-51__CHILD__FM051_C1__elastic.png
train,1,distorted,standard_v3_distorted,none,elastic,data\classifier_v3\train\distorted\FAMILY-51__MOTHER__FM051_M5__elastic.png,data\classifier_v4\train\distorted\std_dist_0085__elastic__FAMILY-51__MOTHER__FM051_M5__elastic.png
train,1,distorted,standard_v3_distorted,none,elastic,data\classifier_v3\train\distorted\FAMILY-53__CHILD__FM053_C2__elastic.png,data\classifier_v4\train\distorted\std_dist_0086__elastic__FAMILY-53__CHILD__FM053_C2__elastic.png
train,1,distorted,standard_v3_distorted,none,elastic,data\classifier_v3\train\distorted\FAMILY-53__FATHER__FM053_F2__elastic.png,data\classifier_v4\train\distorted\std_dist_0087__elastic__FAMILY-53__FATHER__FM053_F2__elastic.png
train,1,distorted,standard_v3_distorted,none,elastic,data\classifier_v3\train\distorted\FAMILY-53__FATHER__FM053_F5__elastic.png,data\classifier_v4\train\distorted\std_dist_0088__elastic__FAMILY-53__FATHER__FM053_F5__elastic.png
train,1,distorted,standard_v3_distorted,none,elastic,data\classifier_v3\train\distorted\FAMILY-56__CHILD__FM056_C1__elastic.png,data\classifier_v4\train\distorted\std_dist_0089__elastic__FAMILY-56__CHILD__FM056_C1__elastic.png
train,1,distorted,standard_v3_distorted,none,elastic,data\classifier_v3\train\distorted\FAMILY-56__FATHER__FM056_F4__elastic.png,data\classifier_v4\train\distorted\std_dist_0090__elastic__FAMILY-56__FATHER__FM056_F4__elastic.png
train,1,distorted,standard_v3_distorted,none,elastic,data\classifier_v3\train\distorted\FAMILY-56__MOTHER__FM056_M5__elastic.png,data\classifier_v4\train\distorted\std_dist_0091__elastic__FAMILY-56__MOTHER__FM056_M5__elastic.png
train,1,distorted,standard_v3_distorted,none,elastic,data\classifier_v3\train\distorted\FAMILY-57__FATHER__FM057_F1__elastic.png,data\classifier_v4\train\distorted\std_dist_0092__elastic__FAMILY-57__FATHER__FM057_F1__elastic.png
train,1,distorted,standard_v3_distorted,none,elastic,data\classifier_v3\train\distorted\FAMILY-57__MOTHER__FM057_M2__elastic.png,data\classifier_v4\train\distorted\std_dist_0093__elastic__FAMILY-57__MOTHER__FM057_M2__elastic.png
train,1,distorted,standard_v3_distorted,none,elastic,data\classifier_v3\train\distorted\FAMILY-58__FATHER__FM058_F1__elastic.png,data\classifier_v4\train\distorted\std_dist_0094__elastic__FAMILY-58__FATHER__FM058_F1__elastic.png
train,1,distorted,standard_v3_distorted,none,elastic,data\classifier_v3\train\distorted\FAMILY-58__MOTHER__FM058_M1__elastic.png,data\classifier_v4\train\distorted\std_dist_0095__elastic__FAMILY-58__MOTHER__FM058_M1__elastic.png
train,1,distorted,standard_v3_distorted,none,elastic,data\classifier_v3\train\distorted\FAMILY-58__MOTHER__FM058_M3__elastic.png,data\classifier_v4\train\distorted\std_dist_0096__elastic__FAMILY-58__MOTHER__FM058_M3__elastic.png
train,1,distorted,standard_v3_distorted,none,elastic,data\classifier_v3\train\distorted\FAMILY-5__CHILD__FM005_C1__elastic.png,data\classifier_v4\train\distorted\std_dist_0097__elastic__FAMILY-5__CHILD__FM005_C1__elastic.png
train,1,distorted,standard_v3_distorted,none,elastic,data\classifier_v3\train\distorted\FAMILY-5__FATHER__FM005_F4__elastic.png,data\classifier_v4\train\distorted\std_dist_0098__elastic__FAMILY-5__FATHER__FM005_F4__elastic.png
train,1,distorted,standard_v3_distorted,none,elastic,data\classifier_v3\train\distorted\FAMILY-61__FATHER__FM061_F1__elastic.png,data\classifier_v4\train\distorted\std_dist_0099__elastic__FAMILY-61__FATHER__FM061_F1__elastic.png
train,1,distorted,standard_v3_distorted,none,elastic,data\classifier_v3\train\distorted\FAMILY-62__CHILD__FM062_C3__elastic.png,data\classifier_v4\train\distorted\std_dist_0100__elastic__FAMILY-62__CHILD__FM062_C3__elastic.png
train,1,distorted,standard_v3_distorted,none,elastic,data\classifier_v3\train\distorted\FAMILY-62__CHILD__FM062_C4__elastic.png,data\classifier_v4\train\distorted\std_dist_0101__elastic__FAMILY-62__CHILD__FM062_C4__elastic.png
train,1,distorted,standard_v3_distorted,none,elastic,data\classifier_v3\train\distorted\FAMILY-62__FATHER__FM062_F3__elastic.png,data\classifier_v4\train\distorted\std_dist_0102__elastic__FAMILY-62__FATHER__FM062_F3__elastic.png
train,1,distorted,standard_v3_distorted,none,elastic,data\classifier_v3\train\distorted\FAMILY-62__MOTHER__FM062_M5__elastic.png,data\classifier_v4\train\distorted\std_dist_0103__elastic__FAMILY-62__MOTHER__FM062_M5__elastic.png
train,1,distorted,standard_v3_distorted,none,elastic,data\classifier_v3\train\distorted\FAMILY-63__CHILD__FM063_C2__elastic.png,data\classifier_v4\train\distorted\std_dist_0104__elastic__FAMILY-63__CHILD__FM063_C2__elastic.png
train,1,distorted,standard_v3_distorted,none,elastic,data\classifier_v3\train\distorted\FAMILY-63__FATHER__FM063_F1__elastic.png,data\classifier_v4\train\distorted\std_dist_0105__elastic__FAMILY-63__FATHER__FM063_F1__elastic.png
train,1,distorted,standard_v3_distorted,none,elastic,data\classifier_v3\train\distorted\FAMILY-63__FATHER__FM063_F4__elastic.png,data\classifier_v4\train\distorted\std_dist_0106__elastic__FAMILY-63__FATHER__FM063_F4__elastic.png
train,1,distorted,standard_v3_distorted,none,elastic,data\classifier_v3\train\distorted\FAMILY-63__MOTHER__FM063_M4__elastic.png,data\classifier_v4\train\distorted\std_dist_0107__elastic__FAMILY-63__MOTHER__FM063_M4__elastic.png
train,1,distorted,standard_v3_distorted,none,elastic,data\classifier_v3\train\distorted\FAMILY-64__FATHER__FM064_F5__elastic.png,data\classifier_v4\train\distorted\std_dist_0108__elastic__FAMILY-64__FATHER__FM064_F5__elastic.png
train,1,distorted,standard_v3_distorted,none,elastic,data\classifier_v3\train\distorted\FAMILY-64__MOTHER__FM064_M2__elastic.png,data\classifier_v4\train\distorted\std_dist_0109__elastic__FAMILY-64__MOTHER__FM064_M2__elastic.png
train,1,distorted,standard_v3_distorted,none,elastic,data\classifier_v3\train\distorted\FAMILY-69__CHILD__FM069_C2__elastic.png,data\classifier_v4\train\distorted\std_dist_0110__elastic__FAMILY-69__CHILD__FM069_C2__elastic.png
train,1,distorted,standard_v3_distorted,none,elastic,data\classifier_v3\train\distorted\FAMILY-69__FATHER__FM069_F2__elastic.png,data\classifier_v4\train\distorted\std_dist_0111__elastic__FAMILY-69__FATHER__FM069_F2__elastic.png
train,1,distorted,standard_v3_distorted,none,elastic,data\classifier_v3\train\distorted\FAMILY-69__MOTHER__FM069_M3__elastic.png,data\classifier_v4\train\distorted\std_dist_0112__elastic__FAMILY-69__MOTHER__FM069_M3__elastic.png
train,1,distorted,standard_v3_distorted,none,elastic,data\classifier_v3\train\distorted\FAMILY-6__CHILD__FM006_C2__elastic.png,data\classifier_v4\train\distorted\std_dist_0113__elastic__FAMILY-6__CHILD__FM006_C2__elastic.png
train,1,distorted,standard_v3_distorted,none,elastic,data\classifier_v3\train\distorted\FAMILY-6__FATHER__FM006_F4__elastic.png,data\classifier_v4\train\distorted\std_dist_0114__elastic__FAMILY-6__FATHER__FM006_F4__elastic.png
train,1,distorted,standard_v3_distorted,none,elastic,data\classifier_v3\train\distorted\FAMILY-70__CHILD__FM070_C4__elastic.png,data\classifier_v4\train\distorted\std_dist_0115__elastic__FAMILY-70__CHILD__FM070_C4__elastic.png
train,1,distorted,standard_v3_distorted,none,elastic,data\classifier_v3\train\distorted\FAMILY-71__FATHER__FM071_F4__elastic.png,data\classifier_v4\train\distorted\std_dist_0116__elastic__FAMILY-71__FATHER__FM071_F4__elastic.png
train,1,distorted,standard_v3_distorted,none,elastic,data\classifier_v3\train\distorted\FAMILY-71__MOTHER__FM071_M1__elastic.png,data\classifier_v4\train\distorted\std_dist_0117__elastic__FAMILY-71__MOTHER__FM071_M1__elastic.png
train,1,distorted,standard_v3_distorted,none,elastic,data\classifier_v3\train\distorted\FAMILY-71__MOTHER__FM071_M3__elastic.png,data\classifier_v4\train\distorted\std_dist_0118__elastic__FAMILY-71__MOTHER__FM071_M3__elastic.png
train,1,distorted,standard_v3_distorted,none,elastic,data\classifier_v3\train\distorted\FAMILY-72__CHILD__FM072_C4__elastic.png,data\classifier_v4\train\distorted\std_dist_0119__elastic__FAMILY-72__CHILD__FM072_C4__elastic.png
train,1,distorted,standard_v3_distorted,none,elastic,data\classifier_v3\train\distorted\FAMILY-72__FATHER__FM072_F2__elastic.png,data\classifier_v4\train\distorted\std_dist_0120__elastic__FAMILY-72__FATHER__FM072_F2__elastic.png
train,1,distorted,standard_v3_distorted,none,elastic,data\classifier_v3\train\distorted\FAMILY-73__FATHER__FM073_F1__elastic.png,data\classifier_v4\train\distorted\std_dist_0121__elastic__FAMILY-73__FATHER__FM073_F1__elastic.png
train,1,distorted,standard_v3_distorted,none,elastic,data\classifier_v3\train\distorted\FAMILY-73__FATHER__FM073_F4__elastic.png,data\classifier_v4\train\distorted\std_dist_0122__elastic__FAMILY-73__FATHER__FM073_F4__elastic.png
train,1,distorted,standard_v3_distorted,none,elastic,data\classifier_v3\train\distorted\FAMILY-73__FATHER__FM073_F5__elastic.png,data\classifier_v4\train\distorted\std_dist_0123__elastic__FAMILY-73__FATHER__FM073_F5__elastic.png
train,1,distorted,standard_v3_distorted,none,elastic,data\classifier_v3\train\distorted\FAMILY-73__MOTHER__FM073_M3__elastic.png,data\classifier_v4\train\distorted\std_dist_0124__elastic__FAMILY-73__MOTHER__FM073_M3__elastic.png
train,1,distorted,standard_v3_distorted,none,elastic,data\classifier_v3\train\distorted\FAMILY-74__CHILD__FM074_C1__elastic.png,data\classifier_v4\train\distorted\std_dist_0125__elastic__FAMILY-74__CHILD__FM074_C1__elastic.png
train,1,distorted,standard_v3_distorted,none,elastic,data\classifier_v3\train\distorted\FAMILY-74__CHILD__FM074_C4__elastic.png,data\classifier_v4\train\distorted\std_dist_0126__elastic__FAMILY-74__CHILD__FM074_C4__elastic.png
train,1,distorted,standard_v3_distorted,none,elastic,data\classifier_v3\train\distorted\FAMILY-74__MOTHER__FM074_M1__elastic.png,data\classifier_v4\train\distorted\std_dist_0127__elastic__FAMILY-74__MOTHER__FM074_M1__elastic.png
train,1,distorted,standard_v3_distorted,none,elastic,data\classifier_v3\train\distorted\FAMILY-74__MOTHER__FM074_M4__elastic.png,data\classifier_v4\train\distorted\std_dist_0128__elastic__FAMILY-74__MOTHER__FM074_M4__elastic.png
train,1,distorted,standard_v3_distorted,none,elastic,data\classifier_v3\train\distorted\FAMILY-74__MOTHER__FM074_M5__elastic.png,data\classifier_v4\train\distorted\std_dist_0129__elastic__FAMILY-74__MOTHER__FM074_M5__elastic.png
train,1,distorted,standard_v3_distorted,none,elastic,data\classifier_v3\train\distorted\FAMILY-76__CHILD__FM076_C4__elastic.png,data\classifier_v4\train\distorted\std_dist_0130__elastic__FAMILY-76__CHILD__FM076_C4__elastic.png
train,1,distorted,standard_v3_distorted,none,elastic,data\classifier_v3\train\distorted\FAMILY-77__MOTHER__FM077_M2__elastic.png,data\classifier_v4\train\distorted\std_dist_0131__elastic__FAMILY-77__MOTHER__FM077_M2__elastic.png
train,1,distorted,standard_v3_distorted,none,elastic,data\classifier_v3\train\distorted\FAMILY-77__MOTHER__FM077_M3__elastic.png,data\classifier_v4\train\distorted\std_dist_0132__elastic__FAMILY-77__MOTHER__FM077_M3__elastic.png
train,1,distorted,standard_v3_distorted,none,elastic,data\classifier_v3\train\distorted\FAMILY-79__CHILD__FM079_C4__elastic.png,data\classifier_v4\train\distorted\std_dist_0133__elastic__FAMILY-79__CHILD__FM079_C4__elastic.png
train,1,distorted,standard_v3_distorted,none,elastic,data\classifier_v3\train\distorted\FAMILY-80__MOTHER__FM080_M1__elastic.png,data\classifier_v4\train\distorted\std_dist_0134__elastic__FAMILY-80__MOTHER__FM080_M1__elastic.png
train,1,distorted,standard_v3_distorted,none,elastic,data\classifier_v3\train\distorted\FAMILY-81__CHILD__FM081_C2__elastic.png,data\classifier_v4\train\distorted\std_dist_0135__elastic__FAMILY-81__CHILD__FM081_C2__elastic.png
train,1,distorted,standard_v3_distorted,none,elastic,data\classifier_v3\train\distorted\FAMILY-81__CHILD__FM081_C3__elastic.png,data\classifier_v4\train\distorted\std_dist_0136__elastic__FAMILY-81__CHILD__FM081_C3__elastic.png
train,1,distorted,standard_v3_distorted,none,elastic,data\classifier_v3\train\distorted\FAMILY-82__FATHER__FM082_F5__elastic.png,data\classifier_v4\train\distorted\std_dist_0137__elastic__FAMILY-82__FATHER__FM082_F5__elastic.png
train,1,distorted,standard_v3_distorted,none,elastic,data\classifier_v3\train\distorted\FAMILY-82__MOTHER__FM082_M2__elastic.png,data\classifier_v4\train\distorted\std_dist_0138__elastic__FAMILY-82__MOTHER__FM082_M2__elastic.png
train,1,distorted,standard_v3_distorted,none,elastic,data\classifier_v3\train\distorted\FAMILY-84__FATHER__FM084_F5__elastic.png,data\classifier_v4\train\distorted\std_dist_0139__elastic__FAMILY-84__FATHER__FM084_F5__elastic.png
train,1,distorted,standard_v3_distorted,none,elastic,data\classifier_v3\train\distorted\FAMILY-84__MOTHER__FM084_M1__elastic.png,data\classifier_v4\train\distorted\std_dist_0140__elastic__FAMILY-84__MOTHER__FM084_M1__elastic.png
train,1,distorted,standard_v3_distorted,none,elastic,data\classifier_v3\train\distorted\FAMILY-85__CHILD__FM085_C3__elastic.png,data\classifier_v4\train\distorted\std_dist_0141__elastic__FAMILY-85__CHILD__FM085_C3__elastic.png
train,1,distorted,standard_v3_distorted,none,elastic,data\classifier_v3\train\distorted\FAMILY-85__FATHER__FM085_F2__elastic.png,data\classifier_v4\train\distorted\std_dist_0142__elastic__FAMILY-85__FATHER__FM085_F2__elastic.png
train,1,distorted,standard_v3_distorted,none,elastic,data\classifier_v3\train\distorted\FAMILY-87__CHILD__FM087_C2__elastic.png,data\classifier_v4\train\distorted\std_dist_0143__elastic__FAMILY-87__CHILD__FM087_C2__elastic.png
train,1,distorted,standard_v3_distorted,none,elastic,data\classifier_v3\train\distorted\FAMILY-87__CHILD__FM087_C4__elastic.png,data\classifier_v4\train\distorted\std_dist_0144__elastic__FAMILY-87__CHILD__FM087_C4__elastic.png
train,1,distorted,standard_v3_distorted,none,elastic,data\classifier_v3\train\distorted\FAMILY-87__FATHER__FM087_F1__elastic.png,data\classifier_v4\train\distorted\std_dist_0145__elastic__FAMILY-87__FATHER__FM087_F1__elastic.png
train,1,distorted,standard_v3_distorted,none,elastic,data\classifier_v3\train\distorted\FAMILY-87__FATHER__FM087_F2__elastic.png,data\classifier_v4\train\distorted\std_dist_0146__elastic__FAMILY-87__FATHER__FM087_F2__elastic.png
train,1,distorted,standard_v3_distorted,none,elastic,data\classifier_v3\train\distorted\FAMILY-87__FATHER__FM087_F3__elastic.png,data\classifier_v4\train\distorted\std_dist_0147__elastic__FAMILY-87__FATHER__FM087_F3__elastic.png
train,1,distorted,standard_v3_distorted,none,elastic,data\classifier_v3\train\distorted\FAMILY-87__MOTHER__FM087_M4__elastic.png,data\classifier_v4\train\distorted\std_dist_0148__elastic__FAMILY-87__MOTHER__FM087_M4__elastic.png
train,1,distorted,standard_v3_distorted,none,elastic,data\classifier_v3\train\distorted\FAMILY-88__FATHER__FM088_F1__elastic.png,data\classifier_v4\train\distorted\std_dist_0149__elastic__FAMILY-88__FATHER__FM088_F1__elastic.png
train,1,distorted,standard_v3_distorted,none,elastic,data\classifier_v3\train\distorted\FAMILY-88__MOTHER__FM088_M2__elastic.png,data\classifier_v4\train\distorted\std_dist_0150__elastic__FAMILY-88__MOTHER__FM088_M2__elastic.png
train,1,distorted,standard_v3_distorted,none,elastic,data\classifier_v3\train\distorted\FAMILY-88__MOTHER__FM088_M5__elastic.png,data\classifier_v4\train\distorted\std_dist_0151__elastic__FAMILY-88__MOTHER__FM088_M5__elastic.png
train,1,distorted,standard_v3_distorted,none,elastic,data\classifier_v3\train\distorted\FAMILY-8__CHILD__FM008_C4__elastic.png,data\classifier_v4\train\distorted\std_dist_0152__elastic__FAMILY-8__CHILD__FM008_C4__elastic.png
train,1,distorted,standard_v3_distorted,none,elastic,data\classifier_v3\train\distorted\FAMILY-8__FATHER__FM008_F4__elastic.png,data\classifier_v4\train\distorted\std_dist_0153__elastic__FAMILY-8__FATHER__FM008_F4__elastic.png
train,1,distorted,standard_v3_distorted,none,elastic,data\classifier_v3\train\distorted\FAMILY-8__MOTHER__FM008_M3__elastic.png,data\classifier_v4\train\distorted\std_dist_0154__elastic__FAMILY-8__MOTHER__FM008_M3__elastic.png
train,1,distorted,standard_v3_distorted,none,elastic,data\classifier_v3\train\distorted\FAMILY-90__CHILD__FM090_C2__elastic.png,data\classifier_v4\train\distorted\std_dist_0155__elastic__FAMILY-90__CHILD__FM090_C2__elastic.png
train,1,distorted,standard_v3_distorted,none,elastic,data\classifier_v3\train\distorted\FAMILY-90__MOTHER__FM090_M1__elastic.png,data\classifier_v4\train\distorted\std_dist_0156__elastic__FAMILY-90__MOTHER__FM090_M1__elastic.png
train,1,distorted,standard_v3_distorted,none,elastic,data\classifier_v3\train\distorted\FAMILY-92__FATHER__FM092_F5__elastic.png,data\classifier_v4\train\distorted\std_dist_0157__elastic__FAMILY-92__FATHER__FM092_F5__elastic.png
train,1,distorted,standard_v3_distorted,none,elastic,data\classifier_v3\train\distorted\FAMILY-92__MOTHER__FM092_M2__elastic.png,data\classifier_v4\train\distorted\std_dist_0158__elastic__FAMILY-92__MOTHER__FM092_M2__elastic.png
train,1,distorted,standard_v3_distorted,none,elastic,data\classifier_v3\train\distorted\FAMILY-92__MOTHER__FM092_M4__elastic.png,data\classifier_v4\train\distorted\std_dist_0159__elastic__FAMILY-92__MOTHER__FM092_M4__elastic.png
train,1,distorted,standard_v3_distorted,none,elastic,data\classifier_v3\train\distorted\FAMILY-92__MOTHER__FM092_M5__elastic.png,data\classifier_v4\train\distorted\std_dist_0160__elastic__FAMILY-92__MOTHER__FM092_M5__elastic.png
train,1,distorted,standard_v3_distorted,none,elastic,data\classifier_v3\train\distorted\FAMILY-93__CHILD__FM093_C1__elastic.png,data\classifier_v4\train\distorted\std_dist_0161__elastic__FAMILY-93__CHILD__FM093_C1__elastic.png
train,1,distorted,standard_v3_distorted,none,elastic,data\classifier_v3\train\distorted\FAMILY-93__CHILD__FM093_C5__elastic.png,data\classifier_v4\train\distorted\std_dist_0162__elastic__FAMILY-93__CHILD__FM093_C5__elastic.png
train,1,distorted,standard_v3_distorted,none,elastic,data\classifier_v3\train\distorted\FAMILY-93__MOTHER__FM093_M2__elastic.png,data\classifier_v4\train\distorted\std_dist_0163__elastic__FAMILY-93__MOTHER__FM093_M2__elastic.png
train,1,distorted,standard_v3_distorted,none,elastic,data\classifier_v3\train\distorted\FAMILY-94__CHILD__FM094_C3__elastic.png,data\classifier_v4\train\distorted\std_dist_0164__elastic__FAMILY-94__CHILD__FM094_C3__elastic.png
train,1,distorted,standard_v3_distorted,none,elastic,data\classifier_v3\train\distorted\FAMILY-94__MOTHER__FM094_M1__elastic.png,data\classifier_v4\train\distorted\std_dist_0165__elastic__FAMILY-94__MOTHER__FM094_M1__elastic.png
train,1,distorted,standard_v3_distorted,none,elastic,data\classifier_v3\train\distorted\FAMILY-94__MOTHER__FM094_M3__elastic.png,data\classifier_v4\train\distorted\std_dist_0166__elastic__FAMILY-94__MOTHER__FM094_M3__elastic.png
train,1,distorted,standard_v3_distorted,none,elastic,data\classifier_v3\train\distorted\FAMILY-94__MOTHER__FM094_M4__elastic.png,data\classifier_v4\train\distorted\std_dist_0167__elastic__FAMILY-94__MOTHER__FM094_M4__elastic.png
train,1,distorted,standard_v3_distorted,none,elastic,data\classifier_v3\train\distorted\FAMILY-95__FATHER__FM095_F3__elastic.png,data\classifier_v4\train\distorted\std_dist_0168__elastic__FAMILY-95__FATHER__FM095_F3__elastic.png
train,1,distorted,standard_v3_distorted,none,elastic,data\classifier_v3\train\distorted\FAMILY-95__MOTHER__FM095_M1__elastic.png,data\classifier_v4\train\distorted\std_dist_0169__elastic__FAMILY-95__MOTHER__FM095_M1__elastic.png
train,1,distorted,standard_v3_distorted,none,elastic,data\classifier_v3\train\distorted\FAMILY-96__FATHER__FM096_F2__elastic.png,data\classifier_v4\train\distorted\std_dist_0170__elastic__FAMILY-96__FATHER__FM096_F2__elastic.png
train,1,distorted,standard_v3_distorted,none,elastic,data\classifier_v3\train\distorted\FAMILY-96__MOTHER__FM096_M3__elastic.png,data\classifier_v4\train\distorted\std_dist_0171__elastic__FAMILY-96__MOTHER__FM096_M3__elastic.png
train,1,distorted,standard_v3_distorted,none,elastic,data\classifier_v3\train\distorted\FAMILY-98__CHILD__FM098_C2__elastic.png,data\classifier_v4\train\distorted\std_dist_0172__elastic__FAMILY-98__CHILD__FM098_C2__elastic.png
train,1,distorted,standard_v3_distorted,none,elastic,data\classifier_v3\train\distorted\FAMILY-98__FATHER__FM098_F4__elastic.png,data\classifier_v4\train\distorted\std_dist_0173__elastic__FAMILY-98__FATHER__FM098_F4__elastic.png
train,1,distorted,standard_v3_distorted,none,elastic,data\classifier_v3\train\distorted\FAMILY-98__MOTHER__FM098_M1__elastic.png,data\classifier_v4\train\distorted\std_dist_0174__elastic__FAMILY-98__MOTHER__FM098_M1__elastic.png
train,1,distorted,standard_v3_distorted,none,local,data\classifier_v3\train\distorted\FAMILY-100__CHILD__FM100_C5__local.png,data\classifier_v4\train\distorted\std_dist_0175__local__FAMILY-100__CHILD__FM100_C5__local.png
train,1,distorted,standard_v3_distorted,none,local,data\classifier_v3\train\distorted\FAMILY-100__MOTHER__FM100_M1__local.png,data\classifier_v4\train\distorted\std_dist_0176__local__FAMILY-100__MOTHER__FM100_M1__local.png
train,1,distorted,standard_v3_distorted,none,local,data\classifier_v3\train\distorted\FAMILY-100__MOTHER__FM100_M5__local.png,data\classifier_v4\train\distorted\std_dist_0177__local__FAMILY-100__MOTHER__FM100_M5__local.png
train,1,distorted,standard_v3_distorted,none,local,data\classifier_v3\train\distorted\FAMILY-10__FATHER__FM010_F4__local.png,data\classifier_v4\train\distorted\std_dist_0178__local__FAMILY-10__FATHER__FM010_F4__local.png
train,1,distorted,standard_v3_distorted,none,local,data\classifier_v3\train\distorted\FAMILY-10__MOTHER__FM010_M4__local.png,data\classifier_v4\train\distorted\std_dist_0179__local__FAMILY-10__MOTHER__FM010_M4__local.png
train,1,distorted,standard_v3_distorted,none,local,data\classifier_v3\train\distorted\FAMILY-10__MOTHER__FM010_M5__local.png,data\classifier_v4\train\distorted\std_dist_0180__local__FAMILY-10__MOTHER__FM010_M5__local.png
train,1,distorted,standard_v3_distorted,none,local,data\classifier_v3\train\distorted\FAMILY-11__CHILD__FM011_C1__local.png,data\classifier_v4\train\distorted\std_dist_0181__local__FAMILY-11__CHILD__FM011_C1__local.png
train,1,distorted,standard_v3_distorted,none,local,data\classifier_v3\train\distorted\FAMILY-11__FATHER__FM011_F5__local.png,data\classifier_v4\train\distorted\std_dist_0182__local__FAMILY-11__FATHER__FM011_F5__local.png
train,1,distorted,standard_v3_distorted,none,local,data\classifier_v3\train\distorted\FAMILY-16__MOTHER__FM016_M5__local.png,data\classifier_v4\train\distorted\std_dist_0183__local__FAMILY-16__MOTHER__FM016_M5__local.png
train,1,distorted,standard_v3_distorted,none,local,data\classifier_v3\train\distorted\FAMILY-17__CHILD__FM017_C1__local.png,data\classifier_v4\train\distorted\std_dist_0184__local__FAMILY-17__CHILD__FM017_C1__local.png
train,1,distorted,standard_v3_distorted,none,local,data\classifier_v3\train\distorted\FAMILY-17__CHILD__FM017_C3__local.png,data\classifier_v4\train\distorted\std_dist_0185__local__FAMILY-17__CHILD__FM017_C3__local.png
train,1,distorted,standard_v3_distorted,none,local,data\classifier_v3\train\distorted\FAMILY-17__CHILD__FM017_C4__local.png,data\classifier_v4\train\distorted\std_dist_0186__local__FAMILY-17__CHILD__FM017_C4__local.png
train,1,distorted,standard_v3_distorted,none,local,data\classifier_v3\train\distorted\FAMILY-17__FATHER__FM017_F1__local.png,data\classifier_v4\train\distorted\std_dist_0187__local__FAMILY-17__FATHER__FM017_F1__local.png
train,1,distorted,standard_v3_distorted,none,local,data\classifier_v3\train\distorted\FAMILY-17__MOTHER__FM017_M1__local.png,data\classifier_v4\train\distorted\std_dist_0188__local__FAMILY-17__MOTHER__FM017_M1__local.png
train,1,distorted,standard_v3_distorted,none,local,data\classifier_v3\train\distorted\FAMILY-18__MOTHER__FM018_M1__local.png,data\classifier_v4\train\distorted\std_dist_0189__local__FAMILY-18__MOTHER__FM018_M1__local.png
train,1,distorted,standard_v3_distorted,none,local,data\classifier_v3\train\distorted\FAMILY-18__MOTHER__FM018_M2__local.png,data\classifier_v4\train\distorted\std_dist_0190__local__FAMILY-18__MOTHER__FM018_M2__local.png
train,1,distorted,standard_v3_distorted,none,local,data\classifier_v3\train\distorted\FAMILY-18__MOTHER__FM018_M4__local.png,data\classifier_v4\train\distorted\std_dist_0191__local__FAMILY-18__MOTHER__FM018_M4__local.png
train,1,distorted,standard_v3_distorted,none,local,data\classifier_v3\train\distorted\FAMILY-19__MOTHER__FM019_M3__local.png,data\classifier_v4\train\distorted\std_dist_0192__local__FAMILY-19__MOTHER__FM019_M3__local.png
train,1,distorted,standard_v3_distorted,none,local,data\classifier_v3\train\distorted\FAMILY-1__FATHER__FM001_F1__local.png,data\classifier_v4\train\distorted\std_dist_0193__local__FAMILY-1__FATHER__FM001_F1__local.png
train,1,distorted,standard_v3_distorted,none,local,data\classifier_v3\train\distorted\FAMILY-1__FATHER__FM001_F3__local.png,data\classifier_v4\train\distorted\std_dist_0194__local__FAMILY-1__FATHER__FM001_F3__local.png
train,1,distorted,standard_v3_distorted,none,local,data\classifier_v3\train\distorted\FAMILY-21__CHILD__FM021_C3__local.png,data\classifier_v4\train\distorted\std_dist_0195__local__FAMILY-21__CHILD__FM021_C3__local.png
train,1,distorted,standard_v3_distorted,none,local,data\classifier_v3\train\distorted\FAMILY-21__FATHER__FM021_F2__local.png,data\classifier_v4\train\distorted\std_dist_0196__local__FAMILY-21__FATHER__FM021_F2__local.png
train,1,distorted,standard_v3_distorted,none,local,data\classifier_v3\train\distorted\FAMILY-21__FATHER__FM021_F3__local.png,data\classifier_v4\train\distorted\std_dist_0197__local__FAMILY-21__FATHER__FM021_F3__local.png
train,1,distorted,standard_v3_distorted,none,local,data\classifier_v3\train\distorted\FAMILY-21__FATHER__FM021_F5__local.png,data\classifier_v4\train\distorted\std_dist_0198__local__FAMILY-21__FATHER__FM021_F5__local.png
train,1,distorted,standard_v3_distorted,none,local,data\classifier_v3\train\distorted\FAMILY-21__MOTHER__FM021_M3__local.png,data\classifier_v4\train\distorted\std_dist_0199__local__FAMILY-21__MOTHER__FM021_M3__local.png
train,1,distorted,standard_v3_distorted,none,local,data\classifier_v3\train\distorted\FAMILY-22__CHILD__FM022_C1__local.png,data\classifier_v4\train\distorted\std_dist_0200__local__FAMILY-22__CHILD__FM022_C1__local.png
train,1,distorted,standard_v3_distorted,none,local,data\classifier_v3\train\distorted\FAMILY-22__FATHER__FM022_F3__local.png,data\classifier_v4\train\distorted\std_dist_0201__local__FAMILY-22__FATHER__FM022_F3__local.png
train,1,distorted,standard_v3_distorted,none,local,data\classifier_v3\train\distorted\FAMILY-22__MOTHER__FM022_M2__local.png,data\classifier_v4\train\distorted\std_dist_0202__local__FAMILY-22__MOTHER__FM022_M2__local.png
train,1,distorted,standard_v3_distorted,none,local,data\classifier_v3\train\distorted\FAMILY-22__MOTHER__FM022_M5__local.png,data\classifier_v4\train\distorted\std_dist_0203__local__FAMILY-22__MOTHER__FM022_M5__local.png
train,1,distorted,standard_v3_distorted,none,local,data\classifier_v3\train\distorted\FAMILY-24__FATHER__FM024_F2__local.png,data\classifier_v4\train\distorted\std_dist_0204__local__FAMILY-24__FATHER__FM024_F2__local.png
train,1,distorted,standard_v3_distorted,none,local,data\classifier_v3\train\distorted\FAMILY-25__CHILD__FM025_C2__local.png,data\classifier_v4\train\distorted\std_dist_0205__local__FAMILY-25__CHILD__FM025_C2__local.png
train,1,distorted,standard_v3_distorted,none,local,data\classifier_v3\train\distorted\FAMILY-25__CHILD__FM025_C4__local.png,data\classifier_v4\train\distorted\std_dist_0206__local__FAMILY-25__CHILD__FM025_C4__local.png
train,1,distorted,standard_v3_distorted,none,local,data\classifier_v3\train\distorted\FAMILY-25__FATHER__FM025_F4__local.png,data\classifier_v4\train\distorted\std_dist_0207__local__FAMILY-25__FATHER__FM025_F4__local.png
train,1,distorted,standard_v3_distorted,none,local,data\classifier_v3\train\distorted\FAMILY-26__CHILD__FM026_C4__local.png,data\classifier_v4\train\distorted\std_dist_0208__local__FAMILY-26__CHILD__FM026_C4__local.png
train,1,distorted,standard_v3_distorted,none,local,data\classifier_v3\train\distorted\FAMILY-26__FATHER__FM026_F2__local.png,data\classifier_v4\train\distorted\std_dist_0209__local__FAMILY-26__FATHER__FM026_F2__local.png
train,1,distorted,standard_v3_distorted,none,local,data\classifier_v3\train\distorted\FAMILY-26__FATHER__FM026_F5__local.png,data\classifier_v4\train\distorted\std_dist_0210__local__FAMILY-26__FATHER__FM026_F5__local.png
train,1,distorted,standard_v3_distorted,none,local,data\classifier_v3\train\distorted\FAMILY-27__FATHER__FM027_F5__local.png,data\classifier_v4\train\distorted\std_dist_0211__local__FAMILY-27__FATHER__FM027_F5__local.png
train,1,distorted,standard_v3_distorted,none,local,data\classifier_v3\train\distorted\FAMILY-27__MOTHER__FM027_M4__local.png,data\classifier_v4\train\distorted\std_dist_0212__local__FAMILY-27__MOTHER__FM027_M4__local.png
train,1,distorted,standard_v3_distorted,none,local,data\classifier_v3\train\distorted\FAMILY-28__CHILD__FM028_C4__local.png,data\classifier_v4\train\distorted\std_dist_0213__local__FAMILY-28__CHILD__FM028_C4__local.png
train,1,distorted,standard_v3_distorted,none,local,data\classifier_v3\train\distorted\FAMILY-28__FATHER__FM028_F4__local.png,data\classifier_v4\train\distorted\std_dist_0214__local__FAMILY-28__FATHER__FM028_F4__local.png
train,1,distorted,standard_v3_distorted,none,local,data\classifier_v3\train\distorted\FAMILY-29__FATHER__FM029_F3__local.png,data\classifier_v4\train\distorted\std_dist_0215__local__FAMILY-29__FATHER__FM029_F3__local.png
train,1,distorted,standard_v3_distorted,none,local,data\classifier_v3\train\distorted\FAMILY-29__MOTHER__FM029_M4__local.png,data\classifier_v4\train\distorted\std_dist_0216__local__FAMILY-29__MOTHER__FM029_M4__local.png
train,1,distorted,standard_v3_distorted,none,local,data\classifier_v3\train\distorted\FAMILY-2__CHILD__FM002_C5__local.png,data\classifier_v4\train\distorted\std_dist_0217__local__FAMILY-2__CHILD__FM002_C5__local.png
train,1,distorted,standard_v3_distorted,none,local,data\classifier_v3\train\distorted\FAMILY-2__FATHER__FM002_F3__local.png,data\classifier_v4\train\distorted\std_dist_0218__local__FAMILY-2__FATHER__FM002_F3__local.png
train,1,distorted,standard_v3_distorted,none,local,data\classifier_v3\train\distorted\FAMILY-30__CHILD__FM030_C1__local.png,data\classifier_v4\train\distorted\std_dist_0219__local__FAMILY-30__CHILD__FM030_C1__local.png
train,1,distorted,standard_v3_distorted,none,local,data\classifier_v3\train\distorted\FAMILY-30__MOTHER__FM030_M4__local.png,data\classifier_v4\train\distorted\std_dist_0220__local__FAMILY-30__MOTHER__FM030_M4__local.png
train,1,distorted,standard_v3_distorted,none,local,data\classifier_v3\train\distorted\FAMILY-30__MOTHER__FM030_M5__local.png,data\classifier_v4\train\distorted\std_dist_0221__local__FAMILY-30__MOTHER__FM030_M5__local.png
train,1,distorted,standard_v3_distorted,none,local,data\classifier_v3\train\distorted\FAMILY-32__CHILD__FM032_C2__local.png,data\classifier_v4\train\distorted\std_dist_0222__local__FAMILY-32__CHILD__FM032_C2__local.png
train,1,distorted,standard_v3_distorted,none,local,data\classifier_v3\train\distorted\FAMILY-32__CHILD__FM032_C5__local.png,data\classifier_v4\train\distorted\std_dist_0223__local__FAMILY-32__CHILD__FM032_C5__local.png
train,1,distorted,standard_v3_distorted,none,local,data\classifier_v3\train\distorted\FAMILY-32__FATHER__FM032_F1__local.png,data\classifier_v4\train\distorted\std_dist_0224__local__FAMILY-32__FATHER__FM032_F1__local.png
train,1,distorted,standard_v3_distorted,none,local,data\classifier_v3\train\distorted\FAMILY-32__MOTHER__FM032_M5__local.png,data\classifier_v4\train\distorted\std_dist_0225__local__FAMILY-32__MOTHER__FM032_M5__local.png
train,1,distorted,standard_v3_distorted,none,local,data\classifier_v3\train\distorted\FAMILY-33__CHILD__FM033_C1__local.png,data\classifier_v4\train\distorted\std_dist_0226__local__FAMILY-33__CHILD__FM033_C1__local.png
train,1,distorted,standard_v3_distorted,none,local,data\classifier_v3\train\distorted\FAMILY-33__FATHER__FM033_F1__local.png,data\classifier_v4\train\distorted\std_dist_0227__local__FAMILY-33__FATHER__FM033_F1__local.png
train,1,distorted,standard_v3_distorted,none,local,data\classifier_v3\train\distorted\FAMILY-33__MOTHER__FM033_M4__local.png,data\classifier_v4\train\distorted\std_dist_0228__local__FAMILY-33__MOTHER__FM033_M4__local.png
train,1,distorted,standard_v3_distorted,none,local,data\classifier_v3\train\distorted\FAMILY-33__MOTHER__FM033_M5__local.png,data\classifier_v4\train\distorted\std_dist_0229__local__FAMILY-33__MOTHER__FM033_M5__local.png
train,1,distorted,standard_v3_distorted,none,local,data\classifier_v3\train\distorted\FAMILY-34__CHILD__FM034_C2__local.png,data\classifier_v4\train\distorted\std_dist_0230__local__FAMILY-34__CHILD__FM034_C2__local.png
train,1,distorted,standard_v3_distorted,none,local,data\classifier_v3\train\distorted\FAMILY-34__CHILD__FM034_C4__local.png,data\classifier_v4\train\distorted\std_dist_0231__local__FAMILY-34__CHILD__FM034_C4__local.png
train,1,distorted,standard_v3_distorted,none,local,data\classifier_v3\train\distorted\FAMILY-38__FATHER__FM038_F3__local.png,data\classifier_v4\train\distorted\std_dist_0232__local__FAMILY-38__FATHER__FM038_F3__local.png
train,1,distorted,standard_v3_distorted,none,local,data\classifier_v3\train\distorted\FAMILY-38__MOTHER__FM038_M1__local.png,data\classifier_v4\train\distorted\std_dist_0233__local__FAMILY-38__MOTHER__FM038_M1__local.png
train,1,distorted,standard_v3_distorted,none,local,data\classifier_v3\train\distorted\FAMILY-38__MOTHER__FM038_M3__local.png,data\classifier_v4\train\distorted\std_dist_0234__local__FAMILY-38__MOTHER__FM038_M3__local.png
train,1,distorted,standard_v3_distorted,none,local,data\classifier_v3\train\distorted\FAMILY-3__CHILD__FM003_C5__local.png,data\classifier_v4\train\distorted\std_dist_0235__local__FAMILY-3__CHILD__FM003_C5__local.png
train,1,distorted,standard_v3_distorted,none,local,data\classifier_v3\train\distorted\FAMILY-3__FATHER__FM003_F3__local.png,data\classifier_v4\train\distorted\std_dist_0236__local__FAMILY-3__FATHER__FM003_F3__local.png
train,1,distorted,standard_v3_distorted,none,local,data\classifier_v3\train\distorted\FAMILY-3__FATHER__FM003_F5__local.png,data\classifier_v4\train\distorted\std_dist_0237__local__FAMILY-3__FATHER__FM003_F5__local.png
train,1,distorted,standard_v3_distorted,none,local,data\classifier_v3\train\distorted\FAMILY-3__MOTHER__FM003_M2__local.png,data\classifier_v4\train\distorted\std_dist_0238__local__FAMILY-3__MOTHER__FM003_M2__local.png
train,1,distorted,standard_v3_distorted,none,local,data\classifier_v3\train\distorted\FAMILY-3__MOTHER__FM003_M3__local.png,data\classifier_v4\train\distorted\std_dist_0239__local__FAMILY-3__MOTHER__FM003_M3__local.png
train,1,distorted,standard_v3_distorted,none,local,data\classifier_v3\train\distorted\FAMILY-41__CHILD__FM041_C1__local.png,data\classifier_v4\train\distorted\std_dist_0240__local__FAMILY-41__CHILD__FM041_C1__local.png
train,1,distorted,standard_v3_distorted,none,local,data\classifier_v3\train\distorted\FAMILY-41__CHILD__FM041_C2__local.png,data\classifier_v4\train\distorted\std_dist_0241__local__FAMILY-41__CHILD__FM041_C2__local.png
train,1,distorted,standard_v3_distorted,none,local,data\classifier_v3\train\distorted\FAMILY-41__CHILD__FM041_C5__local.png,data\classifier_v4\train\distorted\std_dist_0242__local__FAMILY-41__CHILD__FM041_C5__local.png
train,1,distorted,standard_v3_distorted,none,local,data\classifier_v3\train\distorted\FAMILY-41__FATHER__FM041_F4__local.png,data\classifier_v4\train\distorted\std_dist_0243__local__FAMILY-41__FATHER__FM041_F4__local.png
train,1,distorted,standard_v3_distorted,none,local,data\classifier_v3\train\distorted\FAMILY-43__FATHER__FM043_F3__local.png,data\classifier_v4\train\distorted\std_dist_0244__local__FAMILY-43__FATHER__FM043_F3__local.png
train,1,distorted,standard_v3_distorted,none,local,data\classifier_v3\train\distorted\FAMILY-43__MOTHER__FM043_M1__local.png,data\classifier_v4\train\distorted\std_dist_0245__local__FAMILY-43__MOTHER__FM043_M1__local.png
train,1,distorted,standard_v3_distorted,none,local,data\classifier_v3\train\distorted\FAMILY-43__MOTHER__FM043_M2__local.png,data\classifier_v4\train\distorted\std_dist_0246__local__FAMILY-43__MOTHER__FM043_M2__local.png
train,1,distorted,standard_v3_distorted,none,local,data\classifier_v3\train\distorted\FAMILY-43__MOTHER__FM043_M4__local.png,data\classifier_v4\train\distorted\std_dist_0247__local__FAMILY-43__MOTHER__FM043_M4__local.png
train,1,distorted,standard_v3_distorted,none,local,data\classifier_v3\train\distorted\FAMILY-44__CHILD__FM044_C4__local.png,data\classifier_v4\train\distorted\std_dist_0248__local__FAMILY-44__CHILD__FM044_C4__local.png
train,1,distorted,standard_v3_distorted,none,local,data\classifier_v3\train\distorted\FAMILY-44__MOTHER__FM044_M1__local.png,data\classifier_v4\train\distorted\std_dist_0249__local__FAMILY-44__MOTHER__FM044_M1__local.png
train,1,distorted,standard_v3_distorted,none,local,data\classifier_v3\train\distorted\FAMILY-44__MOTHER__FM044_M2__local.png,data\classifier_v4\train\distorted\std_dist_0250__local__FAMILY-44__MOTHER__FM044_M2__local.png
train,1,distorted,standard_v3_distorted,none,local,data\classifier_v3\train\distorted\FAMILY-46__CHILD__FM046_C2__local.png,data\classifier_v4\train\distorted\std_dist_0251__local__FAMILY-46__CHILD__FM046_C2__local.png
train,1,distorted,standard_v3_distorted,none,local,data\classifier_v3\train\distorted\FAMILY-46__CHILD__FM046_C3__local.png,data\classifier_v4\train\distorted\std_dist_0252__local__FAMILY-46__CHILD__FM046_C3__local.png
train,1,distorted,standard_v3_distorted,none,local,data\classifier_v3\train\distorted\FAMILY-46__FATHER__FM046_F2__local.png,data\classifier_v4\train\distorted\std_dist_0253__local__FAMILY-46__FATHER__FM046_F2__local.png
train,1,distorted,standard_v3_distorted,none,local,data\classifier_v3\train\distorted\FAMILY-46__MOTHER__FM046_M5__local.png,data\classifier_v4\train\distorted\std_dist_0254__local__FAMILY-46__MOTHER__FM046_M5__local.png
train,1,distorted,standard_v3_distorted,none,local,data\classifier_v3\train\distorted\FAMILY-49__CHILD__FM049_C2__local.png,data\classifier_v4\train\distorted\std_dist_0255__local__FAMILY-49__CHILD__FM049_C2__local.png
train,1,distorted,standard_v3_distorted,none,local,data\classifier_v3\train\distorted\FAMILY-49__FATHER__FM049_F3__local.png,data\classifier_v4\train\distorted\std_dist_0256__local__FAMILY-49__FATHER__FM049_F3__local.png
train,1,distorted,standard_v3_distorted,none,local,data\classifier_v3\train\distorted\FAMILY-49__MOTHER__FM049_M5__local.png,data\classifier_v4\train\distorted\std_dist_0257__local__FAMILY-49__MOTHER__FM049_M5__local.png
train,1,distorted,standard_v3_distorted,none,local,data\classifier_v3\train\distorted\FAMILY-4__FATHER__FM004_F3__local.png,data\classifier_v4\train\distorted\std_dist_0258__local__FAMILY-4__FATHER__FM004_F3__local.png
train,1,distorted,standard_v3_distorted,none,local,data\classifier_v3\train\distorted\FAMILY-4__MOTHER__FM004_M2__local.png,data\classifier_v4\train\distorted\std_dist_0259__local__FAMILY-4__MOTHER__FM004_M2__local.png
train,1,distorted,standard_v3_distorted,none,local,data\classifier_v3\train\distorted\FAMILY-4__MOTHER__FM004_M3__local.png,data\classifier_v4\train\distorted\std_dist_0260__local__FAMILY-4__MOTHER__FM004_M3__local.png
train,1,distorted,standard_v3_distorted,none,local,data\classifier_v3\train\distorted\FAMILY-51__CHILD__FM051_C3__local.png,data\classifier_v4\train\distorted\std_dist_0261__local__FAMILY-51__CHILD__FM051_C3__local.png
train,1,distorted,standard_v3_distorted,none,local,data\classifier_v3\train\distorted\FAMILY-53__CHILD__FM053_C1__local.png,data\classifier_v4\train\distorted\std_dist_0262__local__FAMILY-53__CHILD__FM053_C1__local.png
train,1,distorted,standard_v3_distorted,none,local,data\classifier_v3\train\distorted\FAMILY-53__MOTHER__FM053_M1__local.png,data\classifier_v4\train\distorted\std_dist_0263__local__FAMILY-53__MOTHER__FM053_M1__local.png
train,1,distorted,standard_v3_distorted,none,local,data\classifier_v3\train\distorted\FAMILY-53__MOTHER__FM053_M3__local.png,data\classifier_v4\train\distorted\std_dist_0264__local__FAMILY-53__MOTHER__FM053_M3__local.png
train,1,distorted,standard_v3_distorted,none,local,data\classifier_v3\train\distorted\FAMILY-56__MOTHER__FM056_M3__local.png,data\classifier_v4\train\distorted\std_dist_0265__local__FAMILY-56__MOTHER__FM056_M3__local.png
train,1,distorted,standard_v3_distorted,none,local,data\classifier_v3\train\distorted\FAMILY-57__FATHER__FM057_F5__local.png,data\classifier_v4\train\distorted\std_dist_0266__local__FAMILY-57__FATHER__FM057_F5__local.png
train,1,distorted,standard_v3_distorted,none,local,data\classifier_v3\train\distorted\FAMILY-57__MOTHER__FM057_M2__local.png,data\classifier_v4\train\distorted\std_dist_0267__local__FAMILY-57__MOTHER__FM057_M2__local.png
train,1,distorted,standard_v3_distorted,none,local,data\classifier_v3\train\distorted\FAMILY-58__CHILD__FM058_C5__local.png,data\classifier_v4\train\distorted\std_dist_0268__local__FAMILY-58__CHILD__FM058_C5__local.png
train,1,distorted,standard_v3_distorted,none,local,data\classifier_v3\train\distorted\FAMILY-5__CHILD__FM005_C3__local.png,data\classifier_v4\train\distorted\std_dist_0269__local__FAMILY-5__CHILD__FM005_C3__local.png
train,1,distorted,standard_v3_distorted,none,local,data\classifier_v3\train\distorted\FAMILY-5__CHILD__FM005_C4__local.png,data\classifier_v4\train\distorted\std_dist_0270__local__FAMILY-5__CHILD__FM005_C4__local.png
train,1,distorted,standard_v3_distorted,none,local,data\classifier_v3\train\distorted\FAMILY-5__FATHER__FM005_F4__local.png,data\classifier_v4\train\distorted\std_dist_0271__local__FAMILY-5__FATHER__FM005_F4__local.png
train,1,distorted,standard_v3_distorted,none,local,data\classifier_v3\train\distorted\FAMILY-5__MOTHER__FM005_M1__local.png,data\classifier_v4\train\distorted\std_dist_0272__local__FAMILY-5__MOTHER__FM005_M1__local.png
train,1,distorted,standard_v3_distorted,none,local,data\classifier_v3\train\distorted\FAMILY-5__MOTHER__FM005_M3__local.png,data\classifier_v4\train\distorted\std_dist_0273__local__FAMILY-5__MOTHER__FM005_M3__local.png
train,1,distorted,standard_v3_distorted,none,local,data\classifier_v3\train\distorted\FAMILY-5__MOTHER__FM005_M5__local.png,data\classifier_v4\train\distorted\std_dist_0274__local__FAMILY-5__MOTHER__FM005_M5__local.png
train,1,distorted,standard_v3_distorted,none,local,data\classifier_v3\train\distorted\FAMILY-60__CHILD__FM060_C2__local.png,data\classifier_v4\train\distorted\std_dist_0275__local__FAMILY-60__CHILD__FM060_C2__local.png
train,1,distorted,standard_v3_distorted,none,local,data\classifier_v3\train\distorted\FAMILY-60__FATHER__FM060_F1__local.png,data\classifier_v4\train\distorted\std_dist_0276__local__FAMILY-60__FATHER__FM060_F1__local.png
train,1,distorted,standard_v3_distorted,none,local,data\classifier_v3\train\distorted\FAMILY-60__MOTHER__FM060_M3__local.png,data\classifier_v4\train\distorted\std_dist_0277__local__FAMILY-60__MOTHER__FM060_M3__local.png
train,1,distorted,standard_v3_distorted,none,local,data\classifier_v3\train\distorted\FAMILY-62__CHILD__FM062_C3__local.png,data\classifier_v4\train\distorted\std_dist_0278__local__FAMILY-62__CHILD__FM062_C3__local.png
train,1,distorted,standard_v3_distorted,none,local,data\classifier_v3\train\distorted\FAMILY-62__MOTHER__FM062_M3__local.png,data\classifier_v4\train\distorted\std_dist_0279__local__FAMILY-62__MOTHER__FM062_M3__local.png
train,1,distorted,standard_v3_distorted,none,local,data\classifier_v3\train\distorted\FAMILY-63__CHILD__FM063_C4__local.png,data\classifier_v4\train\distorted\std_dist_0280__local__FAMILY-63__CHILD__FM063_C4__local.png
train,1,distorted,standard_v3_distorted,none,local,data\classifier_v3\train\distorted\FAMILY-63__MOTHER__FM063_M2__local.png,data\classifier_v4\train\distorted\std_dist_0281__local__FAMILY-63__MOTHER__FM063_M2__local.png
train,1,distorted,standard_v3_distorted,none,local,data\classifier_v3\train\distorted\FAMILY-64__CHILD__FM064_C4__local.png,data\classifier_v4\train\distorted\std_dist_0282__local__FAMILY-64__CHILD__FM064_C4__local.png
train,1,distorted,standard_v3_distorted,none,local,data\classifier_v3\train\distorted\FAMILY-64__MOTHER__FM064_M5__local.png,data\classifier_v4\train\distorted\std_dist_0283__local__FAMILY-64__MOTHER__FM064_M5__local.png
train,1,distorted,standard_v3_distorted,none,local,data\classifier_v3\train\distorted\FAMILY-69__CHILD__FM069_C5__local.png,data\classifier_v4\train\distorted\std_dist_0284__local__FAMILY-69__CHILD__FM069_C5__local.png
train,1,distorted,standard_v3_distorted,none,local,data\classifier_v3\train\distorted\FAMILY-69__FATHER__FM069_F1__local.png,data\classifier_v4\train\distorted\std_dist_0285__local__FAMILY-69__FATHER__FM069_F1__local.png
train,1,distorted,standard_v3_distorted,none,local,data\classifier_v3\train\distorted\FAMILY-69__MOTHER__FM069_M4__local.png,data\classifier_v4\train\distorted\std_dist_0286__local__FAMILY-69__MOTHER__FM069_M4__local.png
train,1,distorted,standard_v3_distorted,none,local,data\classifier_v3\train\distorted\FAMILY-6__FATHER__FM006_F3__local.png,data\classifier_v4\train\distorted\std_dist_0287__local__FAMILY-6__FATHER__FM006_F3__local.png
train,1,distorted,standard_v3_distorted,none,local,data\classifier_v3\train\distorted\FAMILY-6__MOTHER__FM006_M2__local.png,data\classifier_v4\train\distorted\std_dist_0288__local__FAMILY-6__MOTHER__FM006_M2__local.png
train,1,distorted,standard_v3_distorted,none,local,data\classifier_v3\train\distorted\FAMILY-70__FATHER__FM070_F1__local.png,data\classifier_v4\train\distorted\std_dist_0289__local__FAMILY-70__FATHER__FM070_F1__local.png
train,1,distorted,standard_v3_distorted,none,local,data\classifier_v3\train\distorted\FAMILY-70__FATHER__FM070_F4__local.png,data\classifier_v4\train\distorted\std_dist_0290__local__FAMILY-70__FATHER__FM070_F4__local.png
train,1,distorted,standard_v3_distorted,none,local,data\classifier_v3\train\distorted\FAMILY-70__MOTHER__FM070_M5__local.png,data\classifier_v4\train\distorted\std_dist_0291__local__FAMILY-70__MOTHER__FM070_M5__local.png
train,1,distorted,standard_v3_distorted,none,local,data\classifier_v3\train\distorted\FAMILY-71__CHILD__FM071_C1__local.png,data\classifier_v4\train\distorted\std_dist_0292__local__FAMILY-71__CHILD__FM071_C1__local.png
train,1,distorted,standard_v3_distorted,none,local,data\classifier_v3\train\distorted\FAMILY-71__CHILD__FM071_C5__local.png,data\classifier_v4\train\distorted\std_dist_0293__local__FAMILY-71__CHILD__FM071_C5__local.png
train,1,distorted,standard_v3_distorted,none,local,data\classifier_v3\train\distorted\FAMILY-71__FATHER__FM071_F5__local.png,data\classifier_v4\train\distorted\std_dist_0294__local__FAMILY-71__FATHER__FM071_F5__local.png
train,1,distorted,standard_v3_distorted,none,local,data\classifier_v3\train\distorted\FAMILY-71__MOTHER__FM071_M4__local.png,data\classifier_v4\train\distorted\std_dist_0295__local__FAMILY-71__MOTHER__FM071_M4__local.png
train,1,distorted,standard_v3_distorted,none,local,data\classifier_v3\train\distorted\FAMILY-71__MOTHER__FM071_M5__local.png,data\classifier_v4\train\distorted\std_dist_0296__local__FAMILY-71__MOTHER__FM071_M5__local.png
train,1,distorted,standard_v3_distorted,none,local,data\classifier_v3\train\distorted\FAMILY-72__CHILD__FM072_C3__local.png,data\classifier_v4\train\distorted\std_dist_0297__local__FAMILY-72__CHILD__FM072_C3__local.png
train,1,distorted,standard_v3_distorted,none,local,data\classifier_v3\train\distorted\FAMILY-72__FATHER__FM072_F1__local.png,data\classifier_v4\train\distorted\std_dist_0298__local__FAMILY-72__FATHER__FM072_F1__local.png
train,1,distorted,standard_v3_distorted,none,local,data\classifier_v3\train\distorted\FAMILY-72__MOTHER__FM072_M2__local.png,data\classifier_v4\train\distorted\std_dist_0299__local__FAMILY-72__MOTHER__FM072_M2__local.png
train,1,distorted,standard_v3_distorted,none,local,data\classifier_v3\train\distorted\FAMILY-72__MOTHER__FM072_M4__local.png,data\classifier_v4\train\distorted\std_dist_0300__local__FAMILY-72__MOTHER__FM072_M4__local.png
train,1,distorted,standard_v3_distorted,none,local,data\classifier_v3\train\distorted\FAMILY-73__CHILD__FM073_C2__local.png,data\classifier_v4\train\distorted\std_dist_0301__local__FAMILY-73__CHILD__FM073_C2__local.png
train,1,distorted,standard_v3_distorted,none,local,data\classifier_v3\train\distorted\FAMILY-73__FATHER__FM073_F5__local.png,data\classifier_v4\train\distorted\std_dist_0302__local__FAMILY-73__FATHER__FM073_F5__local.png
train,1,distorted,standard_v3_distorted,none,local,data\classifier_v3\train\distorted\FAMILY-74__MOTHER__FM074_M5__local.png,data\classifier_v4\train\distorted\std_dist_0303__local__FAMILY-74__MOTHER__FM074_M5__local.png
train,1,distorted,standard_v3_distorted,none,local,data\classifier_v3\train\distorted\FAMILY-76__FATHER__FM076_F2__local.png,data\classifier_v4\train\distorted\std_dist_0304__local__FAMILY-76__FATHER__FM076_F2__local.png
train,1,distorted,standard_v3_distorted,none,local,data\classifier_v3\train\distorted\FAMILY-76__FATHER__FM076_F3__local.png,data\classifier_v4\train\distorted\std_dist_0305__local__FAMILY-76__FATHER__FM076_F3__local.png
train,1,distorted,standard_v3_distorted,none,local,data\classifier_v3\train\distorted\FAMILY-76__FATHER__FM076_F4__local.png,data\classifier_v4\train\distorted\std_dist_0306__local__FAMILY-76__FATHER__FM076_F4__local.png
train,1,distorted,standard_v3_distorted,none,local,data\classifier_v3\train\distorted\FAMILY-77__CHILD__FM077_C1__local.png,data\classifier_v4\train\distorted\std_dist_0307__local__FAMILY-77__CHILD__FM077_C1__local.png
train,1,distorted,standard_v3_distorted,none,local,data\classifier_v3\train\distorted\FAMILY-77__FATHER__FM077_F1__local.png,data\classifier_v4\train\distorted\std_dist_0308__local__FAMILY-77__FATHER__FM077_F1__local.png
train,1,distorted,standard_v3_distorted,none,local,data\classifier_v3\train\distorted\FAMILY-79__CHILD__FM079_C1__local.png,data\classifier_v4\train\distorted\std_dist_0309__local__FAMILY-79__CHILD__FM079_C1__local.png
train,1,distorted,standard_v3_distorted,none,local,data\classifier_v3\train\distorted\FAMILY-79__FATHER__FM079_F2__local.png,data\classifier_v4\train\distorted\std_dist_0310__local__FAMILY-79__FATHER__FM079_F2__local.png
train,1,distorted,standard_v3_distorted,none,local,data\classifier_v3\train\distorted\FAMILY-79__FATHER__FM079_F4__local.png,data\classifier_v4\train\distorted\std_dist_0311__local__FAMILY-79__FATHER__FM079_F4__local.png
train,1,distorted,standard_v3_distorted,none,local,data\classifier_v3\train\distorted\FAMILY-79__MOTHER__FM079_M4__local.png,data\classifier_v4\train\distorted\std_dist_0312__local__FAMILY-79__MOTHER__FM079_M4__local.png
train,1,distorted,standard_v3_distorted,none,local,data\classifier_v3\train\distorted\FAMILY-80__CHILD__FM080_C1__local.png,data\classifier_v4\train\distorted\std_dist_0313__local__FAMILY-80__CHILD__FM080_C1__local.png
train,1,distorted,standard_v3_distorted,none,local,data\classifier_v3\train\distorted\FAMILY-80__FATHER__FM080_F2__local.png,data\classifier_v4\train\distorted\std_dist_0314__local__FAMILY-80__FATHER__FM080_F2__local.png
train,1,distorted,standard_v3_distorted,none,local,data\classifier_v3\train\distorted\FAMILY-81__MOTHER__FM081_M4__local.png,data\classifier_v4\train\distorted\std_dist_0315__local__FAMILY-81__MOTHER__FM081_M4__local.png
train,1,distorted,standard_v3_distorted,none,local,data\classifier_v3\train\distorted\FAMILY-81__MOTHER__FM081_M5__local.png,data\classifier_v4\train\distorted\std_dist_0316__local__FAMILY-81__MOTHER__FM081_M5__local.png
train,1,distorted,standard_v3_distorted,none,local,data\classifier_v3\train\distorted\FAMILY-82__CHILD__FM082_C3__local.png,data\classifier_v4\train\distorted\std_dist_0317__local__FAMILY-82__CHILD__FM082_C3__local.png
train,1,distorted,standard_v3_distorted,none,local,data\classifier_v3\train\distorted\FAMILY-82__FATHER__FM082_F4__local.png,data\classifier_v4\train\distorted\std_dist_0318__local__FAMILY-82__FATHER__FM082_F4__local.png
train,1,distorted,standard_v3_distorted,none,local,data\classifier_v3\train\distorted\FAMILY-84__CHILD__FM084_C1__local.png,data\classifier_v4\train\distorted\std_dist_0319__local__FAMILY-84__CHILD__FM084_C1__local.png
train,1,distorted,standard_v3_distorted,none,local,data\classifier_v3\train\distorted\FAMILY-84__CHILD__FM084_C3__local.png,data\classifier_v4\train\distorted\std_dist_0320__local__FAMILY-84__CHILD__FM084_C3__local.png
train,1,distorted,standard_v3_distorted,none,local,data\classifier_v3\train\distorted\FAMILY-84__FATHER__FM084_F2__local.png,data\classifier_v4\train\distorted\std_dist_0321__local__FAMILY-84__FATHER__FM084_F2__local.png
train,1,distorted,standard_v3_distorted,none,local,data\classifier_v3\train\distorted\FAMILY-84__MOTHER__FM084_M1__local.png,data\classifier_v4\train\distorted\std_dist_0322__local__FAMILY-84__MOTHER__FM084_M1__local.png
train,1,distorted,standard_v3_distorted,none,local,data\classifier_v3\train\distorted\FAMILY-85__CHILD__FM085_C2__local.png,data\classifier_v4\train\distorted\std_dist_0323__local__FAMILY-85__CHILD__FM085_C2__local.png
train,1,distorted,standard_v3_distorted,none,local,data\classifier_v3\train\distorted\FAMILY-85__CHILD__FM085_C3__local.png,data\classifier_v4\train\distorted\std_dist_0324__local__FAMILY-85__CHILD__FM085_C3__local.png
train,1,distorted,standard_v3_distorted,none,local,data\classifier_v3\train\distorted\FAMILY-85__FATHER__FM085_F3__local.png,data\classifier_v4\train\distorted\std_dist_0325__local__FAMILY-85__FATHER__FM085_F3__local.png
train,1,distorted,standard_v3_distorted,none,local,data\classifier_v3\train\distorted\FAMILY-85__MOTHER__FM085_M5__local.png,data\classifier_v4\train\distorted\std_dist_0326__local__FAMILY-85__MOTHER__FM085_M5__local.png
train,1,distorted,standard_v3_distorted,none,local,data\classifier_v3\train\distorted\FAMILY-87__CHILD__FM087_C1__local.png,data\classifier_v4\train\distorted\std_dist_0327__local__FAMILY-87__CHILD__FM087_C1__local.png
train,1,distorted,standard_v3_distorted,none,local,data\classifier_v3\train\distorted\FAMILY-87__CHILD__FM087_C5__local.png,data\classifier_v4\train\distorted\std_dist_0328__local__FAMILY-87__CHILD__FM087_C5__local.png
train,1,distorted,standard_v3_distorted,none,local,data\classifier_v3\train\distorted\FAMILY-87__MOTHER__FM087_M4__local.png,data\classifier_v4\train\distorted\std_dist_0329__local__FAMILY-87__MOTHER__FM087_M4__local.png
train,1,distorted,standard_v3_distorted,none,local,data\classifier_v3\train\distorted\FAMILY-8__FATHER__FM008_F2__local.png,data\classifier_v4\train\distorted\std_dist_0330__local__FAMILY-8__FATHER__FM008_F2__local.png
train,1,distorted,standard_v3_distorted,none,local,data\classifier_v3\train\distorted\FAMILY-8__FATHER__FM008_F3__local.png,data\classifier_v4\train\distorted\std_dist_0331__local__FAMILY-8__FATHER__FM008_F3__local.png
train,1,distorted,standard_v3_distorted,none,local,data\classifier_v3\train\distorted\FAMILY-8__MOTHER__FM008_M5__local.png,data\classifier_v4\train\distorted\std_dist_0332__local__FAMILY-8__MOTHER__FM008_M5__local.png
train,1,distorted,standard_v3_distorted,none,local,data\classifier_v3\train\distorted\FAMILY-90__CHILD__FM090_C5__local.png,data\classifier_v4\train\distorted\std_dist_0333__local__FAMILY-90__CHILD__FM090_C5__local.png
train,1,distorted,standard_v3_distorted,none,local,data\classifier_v3\train\distorted\FAMILY-92__CHILD__FM092_C1__local.png,data\classifier_v4\train\distorted\std_dist_0334__local__FAMILY-92__CHILD__FM092_C1__local.png
train,1,distorted,standard_v3_distorted,none,local,data\classifier_v3\train\distorted\FAMILY-93__CHILD__FM093_C5__local.png,data\classifier_v4\train\distorted\std_dist_0335__local__FAMILY-93__CHILD__FM093_C5__local.png
train,1,distorted,standard_v3_distorted,none,local,data\classifier_v3\train\distorted\FAMILY-93__FATHER__FM093_F2__local.png,data\classifier_v4\train\distorted\std_dist_0336__local__FAMILY-93__FATHER__FM093_F2__local.png
train,1,distorted,standard_v3_distorted,none,local,data\classifier_v3\train\distorted\FAMILY-93__FATHER__FM093_F3__local.png,data\classifier_v4\train\distorted\std_dist_0337__local__FAMILY-93__FATHER__FM093_F3__local.png
train,1,distorted,standard_v3_distorted,none,local,data\classifier_v3\train\distorted\FAMILY-94__CHILD__FM094_C2__local.png,data\classifier_v4\train\distorted\std_dist_0338__local__FAMILY-94__CHILD__FM094_C2__local.png
train,1,distorted,standard_v3_distorted,none,local,data\classifier_v3\train\distorted\FAMILY-94__FATHER__FM094_F3__local.png,data\classifier_v4\train\distorted\std_dist_0339__local__FAMILY-94__FATHER__FM094_F3__local.png
train,1,distorted,standard_v3_distorted,none,local,data\classifier_v3\train\distorted\FAMILY-94__MOTHER__FM094_M5__local.png,data\classifier_v4\train\distorted\std_dist_0340__local__FAMILY-94__MOTHER__FM094_M5__local.png
train,1,distorted,standard_v3_distorted,none,local,data\classifier_v3\train\distorted\FAMILY-95__FATHER__FM095_F3__local.png,data\classifier_v4\train\distorted\std_dist_0341__local__FAMILY-95__FATHER__FM095_F3__local.png
train,1,distorted,standard_v3_distorted,none,local,data\classifier_v3\train\distorted\FAMILY-95__MOTHER__FM095_M2__local.png,data\classifier_v4\train\distorted\std_dist_0342__local__FAMILY-95__MOTHER__FM095_M2__local.png
train,1,distorted,standard_v3_distorted,none,local,data\classifier_v3\train\distorted\FAMILY-96__CHILD__FM096_C1__local.png,data\classifier_v4\train\distorted\std_dist_0343__local__FAMILY-96__CHILD__FM096_C1__local.png
train,1,distorted,standard_v3_distorted,none,local,data\classifier_v3\train\distorted\FAMILY-96__MOTHER__FM096_M1__local.png,data\classifier_v4\train\distorted\std_dist_0344__local__FAMILY-96__MOTHER__FM096_M1__local.png
train,1,distorted,standard_v3_distorted,none,local,data\classifier_v3\train\distorted\FAMILY-96__MOTHER__FM096_M5__local.png,data\classifier_v4\train\distorted\std_dist_0345__local__FAMILY-96__MOTHER__FM096_M5__local.png
train,1,distorted,standard_v3_distorted,none,local,data\classifier_v3\train\distorted\FAMILY-97__CHILD__FM097_C2__local.png,data\classifier_v4\train\distorted\std_dist_0346__local__FAMILY-97__CHILD__FM097_C2__local.png
train,1,distorted,standard_v3_distorted,none,local,data\classifier_v3\train\distorted\FAMILY-97__CHILD__FM097_C3__local.png,data\classifier_v4\train\distorted\std_dist_0347__local__FAMILY-97__CHILD__FM097_C3__local.png
train,1,distorted,standard_v3_distorted,none,local,data\classifier_v3\train\distorted\FAMILY-97__MOTHER__FM097_M5__local.png,data\classifier_v4\train\distorted\std_dist_0348__local__FAMILY-97__MOTHER__FM097_M5__local.png
train,1,distorted,standard_v3_distorted,none,local,data\classifier_v3\train\distorted\FAMILY-98__FATHER__FM098_F3__local.png,data\classifier_v4\train\distorted\std_dist_0349__local__FAMILY-98__FATHER__FM098_F3__local.png
train,1,distorted,standard_v3_distorted,none,bending,data\classifier_v3\train\distorted\FAMILY-100__FATHER__FM100_F5__bending.png,data\classifier_v4\train\distorted\std_dist_0350__bending__FAMILY-100__FATHER__FM100_F5__bending.png
train,1,distorted,standard_v3_distorted,none,bending,data\classifier_v3\train\distorted\FAMILY-100__MOTHER__FM100_M4__bending.png,data\classifier_v4\train\distorted\std_dist_0351__bending__FAMILY-100__MOTHER__FM100_M4__bending.png
train,1,distorted,standard_v3_distorted,none,bending,data\classifier_v3\train\distorted\FAMILY-10__CHILD__FM010_C2__bending.png,data\classifier_v4\train\distorted\std_dist_0352__bending__FAMILY-10__CHILD__FM010_C2__bending.png
train,1,distorted,standard_v3_distorted,none,bending,data\classifier_v3\train\distorted\FAMILY-11__CHILD__FM011_C1__bending.png,data\classifier_v4\train\distorted\std_dist_0353__bending__FAMILY-11__CHILD__FM011_C1__bending.png
train,1,distorted,standard_v3_distorted,none,bending,data\classifier_v3\train\distorted\FAMILY-16__CHILD__FM016_C3__bending.png,data\classifier_v4\train\distorted\std_dist_0354__bending__FAMILY-16__CHILD__FM016_C3__bending.png
train,1,distorted,standard_v3_distorted,none,bending,data\classifier_v3\train\distorted\FAMILY-16__FATHER__FM016_F5__bending.png,data\classifier_v4\train\distorted\std_dist_0355__bending__FAMILY-16__FATHER__FM016_F5__bending.png
train,1,distorted,standard_v3_distorted,none,bending,data\classifier_v3\train\distorted\FAMILY-16__MOTHER__FM016_M5__bending.png,data\classifier_v4\train\distorted\std_dist_0356__bending__FAMILY-16__MOTHER__FM016_M5__bending.png
train,1,distorted,standard_v3_distorted,none,bending,data\classifier_v3\train\distorted\FAMILY-17__CHILD__FM017_C1__bending.png,data\classifier_v4\train\distorted\std_dist_0357__bending__FAMILY-17__CHILD__FM017_C1__bending.png
train,1,distorted,standard_v3_distorted,none,bending,data\classifier_v3\train\distorted\FAMILY-17__FATHER__FM017_F2__bending.png,data\classifier_v4\train\distorted\std_dist_0358__bending__FAMILY-17__FATHER__FM017_F2__bending.png
train,1,distorted,standard_v3_distorted,none,bending,data\classifier_v3\train\distorted\FAMILY-18__CHILD__FM018_C4__bending.png,data\classifier_v4\train\distorted\std_dist_0359__bending__FAMILY-18__CHILD__FM018_C4__bending.png
train,1,distorted,standard_v3_distorted,none,bending,data\classifier_v3\train\distorted\FAMILY-18__MOTHER__FM018_M5__bending.png,data\classifier_v4\train\distorted\std_dist_0360__bending__FAMILY-18__MOTHER__FM018_M5__bending.png
train,1,distorted,standard_v3_distorted,none,bending,data\classifier_v3\train\distorted\FAMILY-19__CHILD__FM019_C2__bending.png,data\classifier_v4\train\distorted\std_dist_0361__bending__FAMILY-19__CHILD__FM019_C2__bending.png
train,1,distorted,standard_v3_distorted,none,bending,data\classifier_v3\train\distorted\FAMILY-19__CHILD__FM019_C5__bending.png,data\classifier_v4\train\distorted\std_dist_0362__bending__FAMILY-19__CHILD__FM019_C5__bending.png
train,1,distorted,standard_v3_distorted,none,bending,data\classifier_v3\train\distorted\FAMILY-19__FATHER__FM019_F3__bending.png,data\classifier_v4\train\distorted\std_dist_0363__bending__FAMILY-19__FATHER__FM019_F3__bending.png
train,1,distorted,standard_v3_distorted,none,bending,data\classifier_v3\train\distorted\FAMILY-1__CHILD__FM001_C5__bending.png,data\classifier_v4\train\distorted\std_dist_0364__bending__FAMILY-1__CHILD__FM001_C5__bending.png
train,1,distorted,standard_v3_distorted,none,bending,data\classifier_v3\train\distorted\FAMILY-1__FATHER__FM001_F3__bending.png,data\classifier_v4\train\distorted\std_dist_0365__bending__FAMILY-1__FATHER__FM001_F3__bending.png
train,1,distorted,standard_v3_distorted,none,bending,data\classifier_v3\train\distorted\FAMILY-1__MOTHER__FM001_M4__bending.png,data\classifier_v4\train\distorted\std_dist_0366__bending__FAMILY-1__MOTHER__FM001_M4__bending.png
train,1,distorted,standard_v3_distorted,none,bending,data\classifier_v3\train\distorted\FAMILY-1__MOTHER__FM001_M5__bending.png,data\classifier_v4\train\distorted\std_dist_0367__bending__FAMILY-1__MOTHER__FM001_M5__bending.png
train,1,distorted,standard_v3_distorted,none,bending,data\classifier_v3\train\distorted\FAMILY-21__CHILD__FM021_C3__bending.png,data\classifier_v4\train\distorted\std_dist_0368__bending__FAMILY-21__CHILD__FM021_C3__bending.png
train,1,distorted,standard_v3_distorted,none,bending,data\classifier_v3\train\distorted\FAMILY-21__CHILD__FM021_C5__bending.png,data\classifier_v4\train\distorted\std_dist_0369__bending__FAMILY-21__CHILD__FM021_C5__bending.png
train,1,distorted,standard_v3_distorted,none,bending,data\classifier_v3\train\distorted\FAMILY-21__FATHER__FM021_F1__bending.png,data\classifier_v4\train\distorted\std_dist_0370__bending__FAMILY-21__FATHER__FM021_F1__bending.png
train,1,distorted,standard_v3_distorted,none,bending,data\classifier_v3\train\distorted\FAMILY-21__FATHER__FM021_F2__bending.png,data\classifier_v4\train\distorted\std_dist_0371__bending__FAMILY-21__FATHER__FM021_F2__bending.png
train,1,distorted,standard_v3_distorted,none,bending,data\classifier_v3\train\distorted\FAMILY-22__CHILD__FM022_C2__bending.png,data\classifier_v4\train\distorted\std_dist_0372__bending__FAMILY-22__CHILD__FM022_C2__bending.png
train,1,distorted,standard_v3_distorted,none,bending,data\classifier_v3\train\distorted\FAMILY-22__MOTHER__FM022_M4__bending.png,data\classifier_v4\train\distorted\std_dist_0373__bending__FAMILY-22__MOTHER__FM022_M4__bending.png
train,1,distorted,standard_v3_distorted,none,bending,data\classifier_v3\train\distorted\FAMILY-24__CHILD__FM024_C3__bending.png,data\classifier_v4\train\distorted\std_dist_0374__bending__FAMILY-24__CHILD__FM024_C3__bending.png
train,1,distorted,standard_v3_distorted,none,bending,data\classifier_v3\train\distorted\FAMILY-25__FATHER__FM025_F5__bending.png,data\classifier_v4\train\distorted\std_dist_0375__bending__FAMILY-25__FATHER__FM025_F5__bending.png
train,1,distorted,standard_v3_distorted,none,bending,data\classifier_v3\train\distorted\FAMILY-26__FATHER__FM026_F4__bending.png,data\classifier_v4\train\distorted\std_dist_0376__bending__FAMILY-26__FATHER__FM026_F4__bending.png
train,1,distorted,standard_v3_distorted,none,bending,data\classifier_v3\train\distorted\FAMILY-26__MOTHER__FM026_M3__bending.png,data\classifier_v4\train\distorted\std_dist_0377__bending__FAMILY-26__MOTHER__FM026_M3__bending.png
train,1,distorted,standard_v3_distorted,none,bending,data\classifier_v3\train\distorted\FAMILY-27__FATHER__FM027_F1__bending.png,data\classifier_v4\train\distorted\std_dist_0378__bending__FAMILY-27__FATHER__FM027_F1__bending.png
train,1,distorted,standard_v3_distorted,none,bending,data\classifier_v3\train\distorted\FAMILY-27__FATHER__FM027_F2__bending.png,data\classifier_v4\train\distorted\std_dist_0379__bending__FAMILY-27__FATHER__FM027_F2__bending.png
train,1,distorted,standard_v3_distorted,none,bending,data\classifier_v3\train\distorted\FAMILY-27__FATHER__FM027_F4__bending.png,data\classifier_v4\train\distorted\std_dist_0380__bending__FAMILY-27__FATHER__FM027_F4__bending.png
train,1,distorted,standard_v3_distorted,none,bending,data\classifier_v3\train\distorted\FAMILY-28__CHILD__FM028_C1__bending.png,data\classifier_v4\train\distorted\std_dist_0381__bending__FAMILY-28__CHILD__FM028_C1__bending.png
train,1,distorted,standard_v3_distorted,none,bending,data\classifier_v3\train\distorted\FAMILY-28__CHILD__FM028_C2__bending.png,data\classifier_v4\train\distorted\std_dist_0382__bending__FAMILY-28__CHILD__FM028_C2__bending.png
train,1,distorted,standard_v3_distorted,none,bending,data\classifier_v3\train\distorted\FAMILY-28__FATHER__FM028_F2__bending.png,data\classifier_v4\train\distorted\std_dist_0383__bending__FAMILY-28__FATHER__FM028_F2__bending.png
train,1,distorted,standard_v3_distorted,none,bending,data\classifier_v3\train\distorted\FAMILY-28__MOTHER__FM028_M1__bending.png,data\classifier_v4\train\distorted\std_dist_0384__bending__FAMILY-28__MOTHER__FM028_M1__bending.png
train,1,distorted,standard_v3_distorted,none,bending,data\classifier_v3\train\distorted\FAMILY-28__MOTHER__FM028_M2__bending.png,data\classifier_v4\train\distorted\std_dist_0385__bending__FAMILY-28__MOTHER__FM028_M2__bending.png
train,1,distorted,standard_v3_distorted,none,bending,data\classifier_v3\train\distorted\FAMILY-29__FATHER__FM029_F3__bending.png,data\classifier_v4\train\distorted\std_dist_0386__bending__FAMILY-29__FATHER__FM029_F3__bending.png
train,1,distorted,standard_v3_distorted,none,bending,data\classifier_v3\train\distorted\FAMILY-29__MOTHER__FM029_M3__bending.png,data\classifier_v4\train\distorted\std_dist_0387__bending__FAMILY-29__MOTHER__FM029_M3__bending.png
train,1,distorted,standard_v3_distorted,none,bending,data\classifier_v3\train\distorted\FAMILY-2__CHILD__FM002_C5__bending.png,data\classifier_v4\train\distorted\std_dist_0388__bending__FAMILY-2__CHILD__FM002_C5__bending.png
train,1,distorted,standard_v3_distorted,none,bending,data\classifier_v3\train\distorted\FAMILY-2__FATHER__FM002_F3__bending.png,data\classifier_v4\train\distorted\std_dist_0389__bending__FAMILY-2__FATHER__FM002_F3__bending.png
train,1,distorted,standard_v3_distorted,none,bending,data\classifier_v3\train\distorted\FAMILY-2__MOTHER__FM002_M3__bending.png,data\classifier_v4\train\distorted\std_dist_0390__bending__FAMILY-2__MOTHER__FM002_M3__bending.png
train,1,distorted,standard_v3_distorted,none,bending,data\classifier_v3\train\distorted\FAMILY-2__MOTHER__FM002_M4__bending.png,data\classifier_v4\train\distorted\std_dist_0391__bending__FAMILY-2__MOTHER__FM002_M4__bending.png
train,1,distorted,standard_v3_distorted,none,bending,data\classifier_v3\train\distorted\FAMILY-30__CHILD__FM030_C1__bending.png,data\classifier_v4\train\distorted\std_dist_0392__bending__FAMILY-30__CHILD__FM030_C1__bending.png
train,1,distorted,standard_v3_distorted,none,bending,data\classifier_v3\train\distorted\FAMILY-32__MOTHER__FM032_M3__bending.png,data\classifier_v4\train\distorted\std_dist_0393__bending__FAMILY-32__MOTHER__FM032_M3__bending.png
train,1,distorted,standard_v3_distorted,none,bending,data\classifier_v3\train\distorted\FAMILY-32__MOTHER__FM032_M4__bending.png,data\classifier_v4\train\distorted\std_dist_0394__bending__FAMILY-32__MOTHER__FM032_M4__bending.png
train,1,distorted,standard_v3_distorted,none,bending,data\classifier_v3\train\distorted\FAMILY-33__CHILD__FM033_C1__bending.png,data\classifier_v4\train\distorted\std_dist_0395__bending__FAMILY-33__CHILD__FM033_C1__bending.png
train,1,distorted,standard_v3_distorted,none,bending,data\classifier_v3\train\distorted\FAMILY-33__CHILD__FM033_C2__bending.png,data\classifier_v4\train\distorted\std_dist_0396__bending__FAMILY-33__CHILD__FM033_C2__bending.png
train,1,distorted,standard_v3_distorted,none,bending,data\classifier_v3\train\distorted\FAMILY-33__FATHER__FM033_F1__bending.png,data\classifier_v4\train\distorted\std_dist_0397__bending__FAMILY-33__FATHER__FM033_F1__bending.png
train,1,distorted,standard_v3_distorted,none,bending,data\classifier_v3\train\distorted\FAMILY-33__FATHER__FM033_F4__bending.png,data\classifier_v4\train\distorted\std_dist_0398__bending__FAMILY-33__FATHER__FM033_F4__bending.png
train,1,distorted,standard_v3_distorted,none,bending,data\classifier_v3\train\distorted\FAMILY-33__MOTHER__FM033_M3__bending.png,data\classifier_v4\train\distorted\std_dist_0399__bending__FAMILY-33__MOTHER__FM033_M3__bending.png
train,1,distorted,standard_v3_distorted,none,bending,data\classifier_v3\train\distorted\FAMILY-33__MOTHER__FM033_M4__bending.png,data\classifier_v4\train\distorted\std_dist_0400__bending__FAMILY-33__MOTHER__FM033_M4__bending.png
train,1,distorted,standard_v3_distorted,none,bending,data\classifier_v3\train\distorted\FAMILY-33__MOTHER__FM033_M5__bending.png,data\classifier_v4\train\distorted\std_dist_0401__bending__FAMILY-33__MOTHER__FM033_M5__bending.png
train,1,distorted,standard_v3_distorted,none,bending,data\classifier_v3\train\distorted\FAMILY-34__FATHER__FM034_F2__bending.png,data\classifier_v4\train\distorted\std_dist_0402__bending__FAMILY-34__FATHER__FM034_F2__bending.png
train,1,distorted,standard_v3_distorted,none,bending,data\classifier_v3\train\distorted\FAMILY-38__FATHER__FM038_F3__bending.png,data\classifier_v4\train\distorted\std_dist_0403__bending__FAMILY-38__FATHER__FM038_F3__bending.png
train,1,distorted,standard_v3_distorted,none,bending,data\classifier_v3\train\distorted\FAMILY-38__MOTHER__FM038_M1__bending.png,data\classifier_v4\train\distorted\std_dist_0404__bending__FAMILY-38__MOTHER__FM038_M1__bending.png
train,1,distorted,standard_v3_distorted,none,bending,data\classifier_v3\train\distorted\FAMILY-39__FATHER__FM039_F5__bending.png,data\classifier_v4\train\distorted\std_dist_0405__bending__FAMILY-39__FATHER__FM039_F5__bending.png
train,1,distorted,standard_v3_distorted,none,bending,data\classifier_v3\train\distorted\FAMILY-39__MOTHER__FM039_M3__bending.png,data\classifier_v4\train\distorted\std_dist_0406__bending__FAMILY-39__MOTHER__FM039_M3__bending.png
train,1,distorted,standard_v3_distorted,none,bending,data\classifier_v3\train\distorted\FAMILY-40__CHILD__FM040_C1__bending.png,data\classifier_v4\train\distorted\std_dist_0407__bending__FAMILY-40__CHILD__FM040_C1__bending.png
train,1,distorted,standard_v3_distorted,none,bending,data\classifier_v3\train\distorted\FAMILY-40__FATHER__FM040_F2__bending.png,data\classifier_v4\train\distorted\std_dist_0408__bending__FAMILY-40__FATHER__FM040_F2__bending.png
train,1,distorted,standard_v3_distorted,none,bending,data\classifier_v3\train\distorted\FAMILY-40__FATHER__FM040_F3__bending.png,data\classifier_v4\train\distorted\std_dist_0409__bending__FAMILY-40__FATHER__FM040_F3__bending.png
train,1,distorted,standard_v3_distorted,none,bending,data\classifier_v3\train\distorted\FAMILY-40__FATHER__FM040_F4__bending.png,data\classifier_v4\train\distorted\std_dist_0410__bending__FAMILY-40__FATHER__FM040_F4__bending.png
train,1,distorted,standard_v3_distorted,none,bending,data\classifier_v3\train\distorted\FAMILY-40__FATHER__FM040_F5__bending.png,data\classifier_v4\train\distorted\std_dist_0411__bending__FAMILY-40__FATHER__FM040_F5__bending.png
train,1,distorted,standard_v3_distorted,none,bending,data\classifier_v3\train\distorted\FAMILY-41__CHILD__FM041_C1__bending.png,data\classifier_v4\train\distorted\std_dist_0412__bending__FAMILY-41__CHILD__FM041_C1__bending.png
train,1,distorted,standard_v3_distorted,none,bending,data\classifier_v3\train\distorted\FAMILY-43__FATHER__FM043_F5__bending.png,data\classifier_v4\train\distorted\std_dist_0413__bending__FAMILY-43__FATHER__FM043_F5__bending.png
train,1,distorted,standard_v3_distorted,none,bending,data\classifier_v3\train\distorted\FAMILY-44__FATHER__FM044_F4__bending.png,data\classifier_v4\train\distorted\std_dist_0414__bending__FAMILY-44__FATHER__FM044_F4__bending.png
train,1,distorted,standard_v3_distorted,none,bending,data\classifier_v3\train\distorted\FAMILY-44__MOTHER__FM044_M1__bending.png,data\classifier_v4\train\distorted\std_dist_0415__bending__FAMILY-44__MOTHER__FM044_M1__bending.png
train,1,distorted,standard_v3_distorted,none,bending,data\classifier_v3\train\distorted\FAMILY-44__MOTHER__FM044_M4__bending.png,data\classifier_v4\train\distorted\std_dist_0416__bending__FAMILY-44__MOTHER__FM044_M4__bending.png
train,1,distorted,standard_v3_distorted,none,bending,data\classifier_v3\train\distorted\FAMILY-46__CHILD__FM046_C1__bending.png,data\classifier_v4\train\distorted\std_dist_0417__bending__FAMILY-46__CHILD__FM046_C1__bending.png
train,1,distorted,standard_v3_distorted,none,bending,data\classifier_v3\train\distorted\FAMILY-46__FATHER__FM046_F1__bending.png,data\classifier_v4\train\distorted\std_dist_0418__bending__FAMILY-46__FATHER__FM046_F1__bending.png
train,1,distorted,standard_v3_distorted,none,bending,data\classifier_v3\train\distorted\FAMILY-46__MOTHER__FM046_M2__bending.png,data\classifier_v4\train\distorted\std_dist_0419__bending__FAMILY-46__MOTHER__FM046_M2__bending.png
train,1,distorted,standard_v3_distorted,none,bending,data\classifier_v3\train\distorted\FAMILY-47__CHILD__FM047_C1__bending.png,data\classifier_v4\train\distorted\std_dist_0420__bending__FAMILY-47__CHILD__FM047_C1__bending.png
train,1,distorted,standard_v3_distorted,none,bending,data\classifier_v3\train\distorted\FAMILY-47__FATHER__FM047_F1__bending.png,data\classifier_v4\train\distorted\std_dist_0421__bending__FAMILY-47__FATHER__FM047_F1__bending.png
train,1,distorted,standard_v3_distorted,none,bending,data\classifier_v3\train\distorted\FAMILY-47__FATHER__FM047_F4__bending.png,data\classifier_v4\train\distorted\std_dist_0422__bending__FAMILY-47__FATHER__FM047_F4__bending.png
train,1,distorted,standard_v3_distorted,none,bending,data\classifier_v3\train\distorted\FAMILY-49__CHILD__FM049_C4__bending.png,data\classifier_v4\train\distorted\std_dist_0423__bending__FAMILY-49__CHILD__FM049_C4__bending.png
train,1,distorted,standard_v3_distorted,none,bending,data\classifier_v3\train\distorted\FAMILY-49__FATHER__FM049_F3__bending.png,data\classifier_v4\train\distorted\std_dist_0424__bending__FAMILY-49__FATHER__FM049_F3__bending.png
train,1,distorted,standard_v3_distorted,none,bending,data\classifier_v3\train\distorted\FAMILY-49__FATHER__FM049_F5__bending.png,data\classifier_v4\train\distorted\std_dist_0425__bending__FAMILY-49__FATHER__FM049_F5__bending.png
train,1,distorted,standard_v3_distorted,none,bending,data\classifier_v3\train\distorted\FAMILY-49__MOTHER__FM049_M3__bending.png,data\classifier_v4\train\distorted\std_dist_0426__bending__FAMILY-49__MOTHER__FM049_M3__bending.png
train,1,distorted,standard_v3_distorted,none,bending,data\classifier_v3\train\distorted\FAMILY-4__FATHER__FM004_F4__bending.png,data\classifier_v4\train\distorted\std_dist_0427__bending__FAMILY-4__FATHER__FM004_F4__bending.png
train,1,distorted,standard_v3_distorted,none,bending,data\classifier_v3\train\distorted\FAMILY-4__MOTHER__FM004_M3__bending.png,data\classifier_v4\train\distorted\std_dist_0428__bending__FAMILY-4__MOTHER__FM004_M3__bending.png
train,1,distorted,standard_v3_distorted,none,bending,data\classifier_v3\train\distorted\FAMILY-51__FATHER__FM051_F1__bending.png,data\classifier_v4\train\distorted\std_dist_0429__bending__FAMILY-51__FATHER__FM051_F1__bending.png
train,1,distorted,standard_v3_distorted,none,bending,data\classifier_v3\train\distorted\FAMILY-52__FATHER__FM052_F5__bending.png,data\classifier_v4\train\distorted\std_dist_0430__bending__FAMILY-52__FATHER__FM052_F5__bending.png
train,1,distorted,standard_v3_distorted,none,bending,data\classifier_v3\train\distorted\FAMILY-53__MOTHER__FM053_M1__bending.png,data\classifier_v4\train\distorted\std_dist_0431__bending__FAMILY-53__MOTHER__FM053_M1__bending.png
train,1,distorted,standard_v3_distorted,none,bending,data\classifier_v3\train\distorted\FAMILY-56__FATHER__FM056_F4__bending.png,data\classifier_v4\train\distorted\std_dist_0432__bending__FAMILY-56__FATHER__FM056_F4__bending.png
train,1,distorted,standard_v3_distorted,none,bending,data\classifier_v3\train\distorted\FAMILY-57__CHILD__FM057_C1__bending.png,data\classifier_v4\train\distorted\std_dist_0433__bending__FAMILY-57__CHILD__FM057_C1__bending.png
train,1,distorted,standard_v3_distorted,none,bending,data\classifier_v3\train\distorted\FAMILY-57__CHILD__FM057_C2__bending.png,data\classifier_v4\train\distorted\std_dist_0434__bending__FAMILY-57__CHILD__FM057_C2__bending.png
train,1,distorted,standard_v3_distorted,none,bending,data\classifier_v3\train\distorted\FAMILY-57__CHILD__FM057_C5__bending.png,data\classifier_v4\train\distorted\std_dist_0435__bending__FAMILY-57__CHILD__FM057_C5__bending.png
train,1,distorted,standard_v3_distorted,none,bending,data\classifier_v3\train\distorted\FAMILY-58__CHILD__FM058_C3__bending.png,data\classifier_v4\train\distorted\std_dist_0436__bending__FAMILY-58__CHILD__FM058_C3__bending.png
train,1,distorted,standard_v3_distorted,none,bending,data\classifier_v3\train\distorted\FAMILY-58__MOTHER__FM058_M3__bending.png,data\classifier_v4\train\distorted\std_dist_0437__bending__FAMILY-58__MOTHER__FM058_M3__bending.png
train,1,distorted,standard_v3_distorted,none,bending,data\classifier_v3\train\distorted\FAMILY-5__CHILD__FM005_C3__bending.png,data\classifier_v4\train\distorted\std_dist_0438__bending__FAMILY-5__CHILD__FM005_C3__bending.png
train,1,distorted,standard_v3_distorted,none,bending,data\classifier_v3\train\distorted\FAMILY-5__MOTHER__FM005_M4__bending.png,data\classifier_v4\train\distorted\std_dist_0439__bending__FAMILY-5__MOTHER__FM005_M4__bending.png
train,1,distorted,standard_v3_distorted,none,bending,data\classifier_v3\train\distorted\FAMILY-5__MOTHER__FM005_M5__bending.png,data\classifier_v4\train\distorted\std_dist_0440__bending__FAMILY-5__MOTHER__FM005_M5__bending.png
train,1,distorted,standard_v3_distorted,none,bending,data\classifier_v3\train\distorted\FAMILY-60__CHILD__FM060_C2__bending.png,data\classifier_v4\train\distorted\std_dist_0441__bending__FAMILY-60__CHILD__FM060_C2__bending.png
train,1,distorted,standard_v3_distorted,none,bending,data\classifier_v3\train\distorted\FAMILY-60__CHILD__FM060_C3__bending.png,data\classifier_v4\train\distorted\std_dist_0442__bending__FAMILY-60__CHILD__FM060_C3__bending.png
train,1,distorted,standard_v3_distorted,none,bending,data\classifier_v3\train\distorted\FAMILY-60__CHILD__FM060_C4__bending.png,data\classifier_v4\train\distorted\std_dist_0443__bending__FAMILY-60__CHILD__FM060_C4__bending.png
train,1,distorted,standard_v3_distorted,none,bending,data\classifier_v3\train\distorted\FAMILY-60__FATHER__FM060_F1__bending.png,data\classifier_v4\train\distorted\std_dist_0444__bending__FAMILY-60__FATHER__FM060_F1__bending.png
train,1,distorted,standard_v3_distorted,none,bending,data\classifier_v3\train\distorted\FAMILY-60__MOTHER__FM060_M2__bending.png,data\classifier_v4\train\distorted\std_dist_0445__bending__FAMILY-60__MOTHER__FM060_M2__bending.png
train,1,distorted,standard_v3_distorted,none,bending,data\classifier_v3\train\distorted\FAMILY-61__CHILD__FM061_C1__bending.png,data\classifier_v4\train\distorted\std_dist_0446__bending__FAMILY-61__CHILD__FM061_C1__bending.png
train,1,distorted,standard_v3_distorted,none,bending,data\classifier_v3\train\distorted\FAMILY-61__CHILD__FM061_C3__bending.png,data\classifier_v4\train\distorted\std_dist_0447__bending__FAMILY-61__CHILD__FM061_C3__bending.png
train,1,distorted,standard_v3_distorted,none,bending,data\classifier_v3\train\distorted\FAMILY-61__FATHER__FM061_F1__bending.png,data\classifier_v4\train\distorted\std_dist_0448__bending__FAMILY-61__FATHER__FM061_F1__bending.png
train,1,distorted,standard_v3_distorted,none,bending,data\classifier_v3\train\distorted\FAMILY-61__FATHER__FM061_F5__bending.png,data\classifier_v4\train\distorted\std_dist_0449__bending__FAMILY-61__FATHER__FM061_F5__bending.png
train,1,distorted,standard_v3_distorted,none,bending,data\classifier_v3\train\distorted\FAMILY-62__CHILD__FM062_C4__bending.png,data\classifier_v4\train\distorted\std_dist_0450__bending__FAMILY-62__CHILD__FM062_C4__bending.png
train,1,distorted,standard_v3_distorted,none,bending,data\classifier_v3\train\distorted\FAMILY-62__FATHER__FM062_F3__bending.png,data\classifier_v4\train\distorted\std_dist_0451__bending__FAMILY-62__FATHER__FM062_F3__bending.png
train,1,distorted,standard_v3_distorted,none,bending,data\classifier_v3\train\distorted\FAMILY-62__FATHER__FM062_F5__bending.png,data\classifier_v4\train\distorted\std_dist_0452__bending__FAMILY-62__FATHER__FM062_F5__bending.png
train,1,distorted,standard_v3_distorted,none,bending,data\classifier_v3\train\distorted\FAMILY-62__MOTHER__FM062_M2__bending.png,data\classifier_v4\train\distorted\std_dist_0453__bending__FAMILY-62__MOTHER__FM062_M2__bending.png
train,1,distorted,standard_v3_distorted,none,bending,data\classifier_v3\train\distorted\FAMILY-62__MOTHER__FM062_M4__bending.png,data\classifier_v4\train\distorted\std_dist_0454__bending__FAMILY-62__MOTHER__FM062_M4__bending.png
train,1,distorted,standard_v3_distorted,none,bending,data\classifier_v3\train\distorted\FAMILY-63__FATHER__FM063_F1__bending.png,data\classifier_v4\train\distorted\std_dist_0455__bending__FAMILY-63__FATHER__FM063_F1__bending.png
train,1,distorted,standard_v3_distorted,none,bending,data\classifier_v3\train\distorted\FAMILY-63__FATHER__FM063_F5__bending.png,data\classifier_v4\train\distorted\std_dist_0456__bending__FAMILY-63__FATHER__FM063_F5__bending.png
train,1,distorted,standard_v3_distorted,none,bending,data\classifier_v3\train\distorted\FAMILY-64__CHILD__FM064_C2__bending.png,data\classifier_v4\train\distorted\std_dist_0457__bending__FAMILY-64__CHILD__FM064_C2__bending.png
train,1,distorted,standard_v3_distorted,none,bending,data\classifier_v3\train\distorted\FAMILY-64__FATHER__FM064_F5__bending.png,data\classifier_v4\train\distorted\std_dist_0458__bending__FAMILY-64__FATHER__FM064_F5__bending.png
train,1,distorted,standard_v3_distorted,none,bending,data\classifier_v3\train\distorted\FAMILY-69__CHILD__FM069_C5__bending.png,data\classifier_v4\train\distorted\std_dist_0459__bending__FAMILY-69__CHILD__FM069_C5__bending.png
train,1,distorted,standard_v3_distorted,none,bending,data\classifier_v3\train\distorted\FAMILY-69__FATHER__FM069_F1__bending.png,data\classifier_v4\train\distorted\std_dist_0460__bending__FAMILY-69__FATHER__FM069_F1__bending.png
train,1,distorted,standard_v3_distorted,none,bending,data\classifier_v3\train\distorted\FAMILY-69__FATHER__FM069_F5__bending.png,data\classifier_v4\train\distorted\std_dist_0461__bending__FAMILY-69__FATHER__FM069_F5__bending.png
train,1,distorted,standard_v3_distorted,none,bending,data\classifier_v3\train\distorted\FAMILY-70__CHILD__FM070_C1__bending.png,data\classifier_v4\train\distorted\std_dist_0462__bending__FAMILY-70__CHILD__FM070_C1__bending.png
train,1,distorted,standard_v3_distorted,none,bending,data\classifier_v3\train\distorted\FAMILY-70__CHILD__FM070_C3__bending.png,data\classifier_v4\train\distorted\std_dist_0463__bending__FAMILY-70__CHILD__FM070_C3__bending.png
train,1,distorted,standard_v3_distorted,none,bending,data\classifier_v3\train\distorted\FAMILY-70__MOTHER__FM070_M2__bending.png,data\classifier_v4\train\distorted\std_dist_0464__bending__FAMILY-70__MOTHER__FM070_M2__bending.png
train,1,distorted,standard_v3_distorted,none,bending,data\classifier_v3\train\distorted\FAMILY-70__MOTHER__FM070_M5__bending.png,data\classifier_v4\train\distorted\std_dist_0465__bending__FAMILY-70__MOTHER__FM070_M5__bending.png
train,1,distorted,standard_v3_distorted,none,bending,data\classifier_v3\train\distorted\FAMILY-71__CHILD__FM071_C2__bending.png,data\classifier_v4\train\distorted\std_dist_0466__bending__FAMILY-71__CHILD__FM071_C2__bending.png
train,1,distorted,standard_v3_distorted,none,bending,data\classifier_v3\train\distorted\FAMILY-71__MOTHER__FM071_M3__bending.png,data\classifier_v4\train\distorted\std_dist_0467__bending__FAMILY-71__MOTHER__FM071_M3__bending.png
train,1,distorted,standard_v3_distorted,none,bending,data\classifier_v3\train\distorted\FAMILY-73__CHILD__FM073_C3__bending.png,data\classifier_v4\train\distorted\std_dist_0468__bending__FAMILY-73__CHILD__FM073_C3__bending.png
train,1,distorted,standard_v3_distorted,none,bending,data\classifier_v3\train\distorted\FAMILY-73__FATHER__FM073_F3__bending.png,data\classifier_v4\train\distorted\std_dist_0469__bending__FAMILY-73__FATHER__FM073_F3__bending.png
train,1,distorted,standard_v3_distorted,none,bending,data\classifier_v3\train\distorted\FAMILY-73__FATHER__FM073_F5__bending.png,data\classifier_v4\train\distorted\std_dist_0470__bending__FAMILY-73__FATHER__FM073_F5__bending.png
train,1,distorted,standard_v3_distorted,none,bending,data\classifier_v3\train\distorted\FAMILY-73__MOTHER__FM073_M1__bending.png,data\classifier_v4\train\distorted\std_dist_0471__bending__FAMILY-73__MOTHER__FM073_M1__bending.png
train,1,distorted,standard_v3_distorted,none,bending,data\classifier_v3\train\distorted\FAMILY-74__FATHER__FM074_F5__bending.png,data\classifier_v4\train\distorted\std_dist_0472__bending__FAMILY-74__FATHER__FM074_F5__bending.png
train,1,distorted,standard_v3_distorted,none,bending,data\classifier_v3\train\distorted\FAMILY-76__CHILD__FM076_C1__bending.png,data\classifier_v4\train\distorted\std_dist_0473__bending__FAMILY-76__CHILD__FM076_C1__bending.png
train,1,distorted,standard_v3_distorted,none,bending,data\classifier_v3\train\distorted\FAMILY-76__CHILD__FM076_C3__bending.png,data\classifier_v4\train\distorted\std_dist_0474__bending__FAMILY-76__CHILD__FM076_C3__bending.png
train,1,distorted,standard_v3_distorted,none,bending,data\classifier_v3\train\distorted\FAMILY-76__CHILD__FM076_C4__bending.png,data\classifier_v4\train\distorted\std_dist_0475__bending__FAMILY-76__CHILD__FM076_C4__bending.png
train,1,distorted,standard_v3_distorted,none,bending,data\classifier_v3\train\distorted\FAMILY-77__CHILD__FM077_C4__bending.png,data\classifier_v4\train\distorted\std_dist_0476__bending__FAMILY-77__CHILD__FM077_C4__bending.png
train,1,distorted,standard_v3_distorted,none,bending,data\classifier_v3\train\distorted\FAMILY-77__MOTHER__FM077_M1__bending.png,data\classifier_v4\train\distorted\std_dist_0477__bending__FAMILY-77__MOTHER__FM077_M1__bending.png
train,1,distorted,standard_v3_distorted,none,bending,data\classifier_v3\train\distorted\FAMILY-77__MOTHER__FM077_M5__bending.png,data\classifier_v4\train\distorted\std_dist_0478__bending__FAMILY-77__MOTHER__FM077_M5__bending.png
train,1,distorted,standard_v3_distorted,none,bending,data\classifier_v3\train\distorted\FAMILY-80__CHILD__FM080_C5__bending.png,data\classifier_v4\train\distorted\std_dist_0479__bending__FAMILY-80__CHILD__FM080_C5__bending.png
train,1,distorted,standard_v3_distorted,none,bending,data\classifier_v3\train\distorted\FAMILY-80__FATHER__FM080_F1__bending.png,data\classifier_v4\train\distorted\std_dist_0480__bending__FAMILY-80__FATHER__FM080_F1__bending.png
train,1,distorted,standard_v3_distorted,none,bending,data\classifier_v3\train\distorted\FAMILY-80__FATHER__FM080_F3__bending.png,data\classifier_v4\train\distorted\std_dist_0481__bending__FAMILY-80__FATHER__FM080_F3__bending.png
train,1,distorted,standard_v3_distorted,none,bending,data\classifier_v3\train\distorted\FAMILY-80__MOTHER__FM080_M2__bending.png,data\classifier_v4\train\distorted\std_dist_0482__bending__FAMILY-80__MOTHER__FM080_M2__bending.png
train,1,distorted,standard_v3_distorted,none,bending,data\classifier_v3\train\distorted\FAMILY-81__CHILD__FM081_C3__bending.png,data\classifier_v4\train\distorted\std_dist_0483__bending__FAMILY-81__CHILD__FM081_C3__bending.png
train,1,distorted,standard_v3_distorted,none,bending,data\classifier_v3\train\distorted\FAMILY-81__MOTHER__FM081_M2__bending.png,data\classifier_v4\train\distorted\std_dist_0484__bending__FAMILY-81__MOTHER__FM081_M2__bending.png
train,1,distorted,standard_v3_distorted,none,bending,data\classifier_v3\train\distorted\FAMILY-82__CHILD__FM082_C1__bending.png,data\classifier_v4\train\distorted\std_dist_0485__bending__FAMILY-82__CHILD__FM082_C1__bending.png
train,1,distorted,standard_v3_distorted,none,bending,data\classifier_v3\train\distorted\FAMILY-82__MOTHER__FM082_M1__bending.png,data\classifier_v4\train\distorted\std_dist_0486__bending__FAMILY-82__MOTHER__FM082_M1__bending.png
train,1,distorted,standard_v3_distorted,none,bending,data\classifier_v3\train\distorted\FAMILY-82__MOTHER__FM082_M3__bending.png,data\classifier_v4\train\distorted\std_dist_0487__bending__FAMILY-82__MOTHER__FM082_M3__bending.png
train,1,distorted,standard_v3_distorted,none,bending,data\classifier_v3\train\distorted\FAMILY-84__CHILD__FM084_C3__bending.png,data\classifier_v4\train\distorted\std_dist_0488__bending__FAMILY-84__CHILD__FM084_C3__bending.png
train,1,distorted,standard_v3_distorted,none,bending,data\classifier_v3\train\distorted\FAMILY-84__FATHER__FM084_F3__bending.png,data\classifier_v4\train\distorted\std_dist_0489__bending__FAMILY-84__FATHER__FM084_F3__bending.png
train,1,distorted,standard_v3_distorted,none,bending,data\classifier_v3\train\distorted\FAMILY-84__FATHER__FM084_F4__bending.png,data\classifier_v4\train\distorted\std_dist_0490__bending__FAMILY-84__FATHER__FM084_F4__bending.png
train,1,distorted,standard_v3_distorted,none,bending,data\classifier_v3\train\distorted\FAMILY-84__FATHER__FM084_F5__bending.png,data\classifier_v4\train\distorted\std_dist_0491__bending__FAMILY-84__FATHER__FM084_F5__bending.png
train,1,distorted,standard_v3_distorted,none,bending,data\classifier_v3\train\distorted\FAMILY-84__MOTHER__FM084_M4__bending.png,data\classifier_v4\train\distorted\std_dist_0492__bending__FAMILY-84__MOTHER__FM084_M4__bending.png
train,1,distorted,standard_v3_distorted,none,bending,data\classifier_v3\train\distorted\FAMILY-85__CHILD__FM085_C1__bending.png,data\classifier_v4\train\distorted\std_dist_0493__bending__FAMILY-85__CHILD__FM085_C1__bending.png
train,1,distorted,standard_v3_distorted,none,bending,data\classifier_v3\train\distorted\FAMILY-85__CHILD__FM085_C2__bending.png,data\classifier_v4\train\distorted\std_dist_0494__bending__FAMILY-85__CHILD__FM085_C2__bending.png
train,1,distorted,standard_v3_distorted,none,bending,data\classifier_v3\train\distorted\FAMILY-85__CHILD__FM085_C3__bending.png,data\classifier_v4\train\distorted\std_dist_0495__bending__FAMILY-85__CHILD__FM085_C3__bending.png
train,1,distorted,standard_v3_distorted,none,bending,data\classifier_v3\train\distorted\FAMILY-87__FATHER__FM087_F3__bending.png,data\classifier_v4\train\distorted\std_dist_0496__bending__FAMILY-87__FATHER__FM087_F3__bending.png
train,1,distorted,standard_v3_distorted,none,bending,data\classifier_v3\train\distorted\FAMILY-87__MOTHER__FM087_M3__bending.png,data\classifier_v4\train\distorted\std_dist_0497__bending__FAMILY-87__MOTHER__FM087_M3__bending.png
train,1,distorted,standard_v3_distorted,none,bending,data\classifier_v3\train\distorted\FAMILY-88__MOTHER__FM088_M5__bending.png,data\classifier_v4\train\distorted\std_dist_0498__bending__FAMILY-88__MOTHER__FM088_M5__bending.png
train,1,distorted,standard_v3_distorted,none,bending,data\classifier_v3\train\distorted\FAMILY-8__FATHER__FM008_F4__bending.png,data\classifier_v4\train\distorted\std_dist_0499__bending__FAMILY-8__FATHER__FM008_F4__bending.png
train,1,distorted,standard_v3_distorted,none,bending,data\classifier_v3\train\distorted\FAMILY-8__MOTHER__FM008_M1__bending.png,data\classifier_v4\train\distorted\std_dist_0500__bending__FAMILY-8__MOTHER__FM008_M1__bending.png
train,1,distorted,standard_v3_distorted,none,bending,data\classifier_v3\train\distorted\FAMILY-8__MOTHER__FM008_M3__bending.png,data\classifier_v4\train\distorted\std_dist_0501__bending__FAMILY-8__MOTHER__FM008_M3__bending.png
train,1,distorted,standard_v3_distorted,none,bending,data\classifier_v3\train\distorted\FAMILY-90__CHILD__FM090_C1__bending.png,data\classifier_v4\train\distorted\std_dist_0502__bending__FAMILY-90__CHILD__FM090_C1__bending.png
train,1,distorted,standard_v3_distorted,none,bending,data\classifier_v3\train\distorted\FAMILY-90__FATHER__FM090_F4__bending.png,data\classifier_v4\train\distorted\std_dist_0503__bending__FAMILY-90__FATHER__FM090_F4__bending.png
train,1,distorted,standard_v3_distorted,none,bending,data\classifier_v3\train\distorted\FAMILY-90__FATHER__FM090_F5__bending.png,data\classifier_v4\train\distorted\std_dist_0504__bending__FAMILY-90__FATHER__FM090_F5__bending.png
train,1,distorted,standard_v3_distorted,none,bending,data\classifier_v3\train\distorted\FAMILY-90__MOTHER__FM090_M2__bending.png,data\classifier_v4\train\distorted\std_dist_0505__bending__FAMILY-90__MOTHER__FM090_M2__bending.png
train,1,distorted,standard_v3_distorted,none,bending,data\classifier_v3\train\distorted\FAMILY-90__MOTHER__FM090_M4__bending.png,data\classifier_v4\train\distorted\std_dist_0506__bending__FAMILY-90__MOTHER__FM090_M4__bending.png
train,1,distorted,standard_v3_distorted,none,bending,data\classifier_v3\train\distorted\FAMILY-92__CHILD__FM092_C1__bending.png,data\classifier_v4\train\distorted\std_dist_0507__bending__FAMILY-92__CHILD__FM092_C1__bending.png
train,1,distorted,standard_v3_distorted,none,bending,data\classifier_v3\train\distorted\FAMILY-92__MOTHER__FM092_M5__bending.png,data\classifier_v4\train\distorted\std_dist_0508__bending__FAMILY-92__MOTHER__FM092_M5__bending.png
train,1,distorted,standard_v3_distorted,none,bending,data\classifier_v3\train\distorted\FAMILY-93__FATHER__FM093_F5__bending.png,data\classifier_v4\train\distorted\std_dist_0509__bending__FAMILY-93__FATHER__FM093_F5__bending.png
train,1,distorted,standard_v3_distorted,none,bending,data\classifier_v3\train\distorted\FAMILY-94__CHILD__FM094_C3__bending.png,data\classifier_v4\train\distorted\std_dist_0510__bending__FAMILY-94__CHILD__FM094_C3__bending.png
train,1,distorted,standard_v3_distorted,none,bending,data\classifier_v3\train\distorted\FAMILY-94__MOTHER__FM094_M1__bending.png,data\classifier_v4\train\distorted\std_dist_0511__bending__FAMILY-94__MOTHER__FM094_M1__bending.png
train,1,distorted,standard_v3_distorted,none,bending,data\classifier_v3\train\distorted\FAMILY-95__CHILD__FM095_C3__bending.png,data\classifier_v4\train\distorted\std_dist_0512__bending__FAMILY-95__CHILD__FM095_C3__bending.png
train,1,distorted,standard_v3_distorted,none,bending,data\classifier_v3\train\distorted\FAMILY-95__FATHER__FM095_F5__bending.png,data\classifier_v4\train\distorted\std_dist_0513__bending__FAMILY-95__FATHER__FM095_F5__bending.png
train,1,distorted,standard_v3_distorted,none,bending,data\classifier_v3\train\distorted\FAMILY-96__CHILD__FM096_C1__bending.png,data\classifier_v4\train\distorted\std_dist_0514__bending__FAMILY-96__CHILD__FM096_C1__bending.png
train,1,distorted,standard_v3_distorted,none,bending,data\classifier_v3\train\distorted\FAMILY-96__FATHER__FM096_F1__bending.png,data\classifier_v4\train\distorted\std_dist_0515__bending__FAMILY-96__FATHER__FM096_F1__bending.png
train,1,distorted,standard_v3_distorted,none,bending,data\classifier_v3\train\distorted\FAMILY-96__FATHER__FM096_F4__bending.png,data\classifier_v4\train\distorted\std_dist_0516__bending__FAMILY-96__FATHER__FM096_F4__bending.png
train,1,distorted,standard_v3_distorted,none,bending,data\classifier_v3\train\distorted\FAMILY-96__FATHER__FM096_F5__bending.png,data\classifier_v4\train\distorted\std_dist_0517__bending__FAMILY-96__FATHER__FM096_F5__bending.png
train,1,distorted,standard_v3_distorted,none,bending,data\classifier_v3\train\distorted\FAMILY-96__MOTHER__FM096_M2__bending.png,data\classifier_v4\train\distorted\std_dist_0518__bending__FAMILY-96__MOTHER__FM096_M2__bending.png
train,1,distorted,standard_v3_distorted,none,bending,data\classifier_v3\train\distorted\FAMILY-96__MOTHER__FM096_M3__bending.png,data\classifier_v4\train\distorted\std_dist_0519__bending__FAMILY-96__MOTHER__FM096_M3__bending.png
train,1,distorted,standard_v3_distorted,none,bending,data\classifier_v3\train\distorted\FAMILY-96__MOTHER__FM096_M5__bending.png,data\classifier_v4\train\distorted\std_dist_0520__bending__FAMILY-96__MOTHER__FM096_M5__bending.png
train,1,distorted,standard_v3_distorted,none,bending,data\classifier_v3\train\distorted\FAMILY-97__FATHER__FM097_F1__bending.png,data\classifier_v4\train\distorted\std_dist_0521__bending__FAMILY-97__FATHER__FM097_F1__bending.png
train,1,distorted,standard_v3_distorted,none,bending,data\classifier_v3\train\distorted\FAMILY-98__FATHER__FM098_F4__bending.png,data\classifier_v4\train\distorted\std_dist_0522__bending__FAMILY-98__FATHER__FM098_F4__bending.png
train,1,distorted,standard_v3_distorted,none,bending,data\classifier_v3\train\distorted\FAMILY-98__FATHER__FM098_F5__bending.png,data\classifier_v4\train\distorted\std_dist_0523__bending__FAMILY-98__FATHER__FM098_F5__bending.png
train,1,distorted,standard_v3_distorted,none,bending,data\classifier_v3\train\distorted\FAMILY-98__MOTHER__FM098_M3__bending.png,data\classifier_v4\train\distorted\std_dist_0524__bending__FAMILY-98__MOTHER__FM098_M3__bending.png
train,1,distorted,quality_augmented_v3_distorted,overinked,elastic,data\classifier_v3\train\distorted\FAMILY-100__FATHER__FM100_F3__elastic.png,data\classifier_v4\train\distorted\qaug_dist_0000__overinked__elastic__FAMILY-100__FATHER__FM100_F3__elastic.png
train,1,distorted,quality_augmented_v3_distorted,faint,elastic,data\classifier_v3\train\distorted\FAMILY-100__FATHER__FM100_F4__elastic.png,data\classifier_v4\train\distorted\qaug_dist_0001__faint__elastic__FAMILY-100__FATHER__FM100_F4__elastic.png
train,1,distorted,quality_augmented_v3_distorted,faint,elastic,data\classifier_v3\train\distorted\FAMILY-10__CHILD__FM010_C2__elastic.png,data\classifier_v4\train\distorted\qaug_dist_0002__faint__elastic__FAMILY-10__CHILD__FM010_C2__elastic.png
train,1,distorted,quality_augmented_v3_distorted,faint,elastic,data\classifier_v3\train\distorted\FAMILY-10__FATHER__FM010_F3__elastic.png,data\classifier_v4\train\distorted\qaug_dist_0003__faint__elastic__FAMILY-10__FATHER__FM010_F3__elastic.png
train,1,distorted,quality_augmented_v3_distorted,overinked,elastic,data\classifier_v3\train\distorted\FAMILY-10__FATHER__FM010_F5__elastic.png,data\classifier_v4\train\distorted\qaug_dist_0004__overinked__elastic__FAMILY-10__FATHER__FM010_F5__elastic.png
train,1,distorted,quality_augmented_v3_distorted,overinked,elastic,data\classifier_v3\train\distorted\FAMILY-10__MOTHER__FM010_M1__elastic.png,data\classifier_v4\train\distorted\qaug_dist_0005__overinked__elastic__FAMILY-10__MOTHER__FM010_M1__elastic.png
train,1,distorted,quality_augmented_v3_distorted,partial,elastic,data\classifier_v3\train\distorted\FAMILY-10__MOTHER__FM010_M5__elastic.png,data\classifier_v4\train\distorted\qaug_dist_0006__partial__elastic__FAMILY-10__MOTHER__FM010_M5__elastic.png
train,1,distorted,quality_augmented_v3_distorted,overinked,elastic,data\classifier_v3\train\distorted\FAMILY-11__CHILD__FM011_C1__elastic.png,data\classifier_v4\train\distorted\qaug_dist_0007__overinked__elastic__FAMILY-11__CHILD__FM011_C1__elastic.png
train,1,distorted,quality_augmented_v3_distorted,partial,elastic,data\classifier_v3\train\distorted\FAMILY-11__CHILD__FM011_C3__elastic.png,data\classifier_v4\train\distorted\qaug_dist_0008__partial__elastic__FAMILY-11__CHILD__FM011_C3__elastic.png
train,1,distorted,quality_augmented_v3_distorted,partial,elastic,data\classifier_v3\train\distorted\FAMILY-11__CHILD__FM011_C5__elastic.png,data\classifier_v4\train\distorted\qaug_dist_0009__partial__elastic__FAMILY-11__CHILD__FM011_C5__elastic.png
train,1,distorted,quality_augmented_v3_distorted,faint,elastic,data\classifier_v3\train\distorted\FAMILY-11__FATHER__FM011_F5__elastic.png,data\classifier_v4\train\distorted\qaug_dist_0010__faint__elastic__FAMILY-11__FATHER__FM011_F5__elastic.png
train,1,distorted,quality_augmented_v3_distorted,overinked,elastic,data\classifier_v3\train\distorted\FAMILY-16__CHILD__FM016_C4__elastic.png,data\classifier_v4\train\distorted\qaug_dist_0011__overinked__elastic__FAMILY-16__CHILD__FM016_C4__elastic.png
train,1,distorted,quality_augmented_v3_distorted,faint,elastic,data\classifier_v3\train\distorted\FAMILY-16__FATHER__FM016_F4__elastic.png,data\classifier_v4\train\distorted\qaug_dist_0012__faint__elastic__FAMILY-16__FATHER__FM016_F4__elastic.png
train,1,distorted,quality_augmented_v3_distorted,overinked,elastic,data\classifier_v3\train\distorted\FAMILY-17__CHILD__FM017_C1__elastic.png,data\classifier_v4\train\distorted\qaug_dist_0013__overinked__elastic__FAMILY-17__CHILD__FM017_C1__elastic.png
train,1,distorted,quality_augmented_v3_distorted,overinked,elastic,data\classifier_v3\train\distorted\FAMILY-17__CHILD__FM017_C3__elastic.png,data\classifier_v4\train\distorted\qaug_dist_0014__overinked__elastic__FAMILY-17__CHILD__FM017_C3__elastic.png
train,1,distorted,quality_augmented_v3_distorted,overinked,elastic,data\classifier_v3\train\distorted\FAMILY-17__MOTHER__FM017_M1__elastic.png,data\classifier_v4\train\distorted\qaug_dist_0015__overinked__elastic__FAMILY-17__MOTHER__FM017_M1__elastic.png
train,1,distorted,quality_augmented_v3_distorted,faint,elastic,data\classifier_v3\train\distorted\FAMILY-18__CHILD__FM018_C2__elastic.png,data\classifier_v4\train\distorted\qaug_dist_0016__faint__elastic__FAMILY-18__CHILD__FM018_C2__elastic.png
train,1,distorted,quality_augmented_v3_distorted,overinked,elastic,data\classifier_v3\train\distorted\FAMILY-18__FATHER__FM018_F4__elastic.png,data\classifier_v4\train\distorted\qaug_dist_0017__overinked__elastic__FAMILY-18__FATHER__FM018_F4__elastic.png
train,1,distorted,quality_augmented_v3_distorted,faint,elastic,data\classifier_v3\train\distorted\FAMILY-18__MOTHER__FM018_M1__elastic.png,data\classifier_v4\train\distorted\qaug_dist_0018__faint__elastic__FAMILY-18__MOTHER__FM018_M1__elastic.png
train,1,distorted,quality_augmented_v3_distorted,faint,elastic,data\classifier_v3\train\distorted\FAMILY-18__MOTHER__FM018_M5__elastic.png,data\classifier_v4\train\distorted\qaug_dist_0019__faint__elastic__FAMILY-18__MOTHER__FM018_M5__elastic.png
train,1,distorted,quality_augmented_v3_distorted,partial,elastic,data\classifier_v3\train\distorted\FAMILY-19__CHILD__FM019_C3__elastic.png,data\classifier_v4\train\distorted\qaug_dist_0020__partial__elastic__FAMILY-19__CHILD__FM019_C3__elastic.png
train,1,distorted,quality_augmented_v3_distorted,partial,elastic,data\classifier_v3\train\distorted\FAMILY-19__MOTHER__FM019_M3__elastic.png,data\classifier_v4\train\distorted\qaug_dist_0021__partial__elastic__FAMILY-19__MOTHER__FM019_M3__elastic.png
train,1,distorted,quality_augmented_v3_distorted,overinked,elastic,data\classifier_v3\train\distorted\FAMILY-1__CHILD__FM001_C3__elastic.png,data\classifier_v4\train\distorted\qaug_dist_0022__overinked__elastic__FAMILY-1__CHILD__FM001_C3__elastic.png
train,1,distorted,quality_augmented_v3_distorted,overinked,elastic,data\classifier_v3\train\distorted\FAMILY-1__CHILD__FM001_C4__elastic.png,data\classifier_v4\train\distorted\qaug_dist_0023__overinked__elastic__FAMILY-1__CHILD__FM001_C4__elastic.png
train,1,distorted,quality_augmented_v3_distorted,partial,elastic,data\classifier_v3\train\distorted\FAMILY-1__FATHER__FM001_F1__elastic.png,data\classifier_v4\train\distorted\qaug_dist_0024__partial__elastic__FAMILY-1__FATHER__FM001_F1__elastic.png
train,1,distorted,quality_augmented_v3_distorted,partial,elastic,data\classifier_v3\train\distorted\FAMILY-21__CHILD__FM021_C5__elastic.png,data\classifier_v4\train\distorted\qaug_dist_0025__partial__elastic__FAMILY-21__CHILD__FM021_C5__elastic.png
train,1,distorted,quality_augmented_v3_distorted,faint,elastic,data\classifier_v3\train\distorted\FAMILY-21__MOTHER__FM021_M5__elastic.png,data\classifier_v4\train\distorted\qaug_dist_0026__faint__elastic__FAMILY-21__MOTHER__FM021_M5__elastic.png
train,1,distorted,quality_augmented_v3_distorted,overinked,elastic,data\classifier_v3\train\distorted\FAMILY-24__CHILD__FM024_C5__elastic.png,data\classifier_v4\train\distorted\qaug_dist_0027__overinked__elastic__FAMILY-24__CHILD__FM024_C5__elastic.png
train,1,distorted,quality_augmented_v3_distorted,faint,elastic,data\classifier_v3\train\distorted\FAMILY-24__FATHER__FM024_F4__elastic.png,data\classifier_v4\train\distorted\qaug_dist_0028__faint__elastic__FAMILY-24__FATHER__FM024_F4__elastic.png
train,1,distorted,quality_augmented_v3_distorted,faint,elastic,data\classifier_v3\train\distorted\FAMILY-24__MOTHER__FM024_M2__elastic.png,data\classifier_v4\train\distorted\qaug_dist_0029__faint__elastic__FAMILY-24__MOTHER__FM024_M2__elastic.png
train,1,distorted,quality_augmented_v3_distorted,overinked,elastic,data\classifier_v3\train\distorted\FAMILY-24__MOTHER__FM024_M3__elastic.png,data\classifier_v4\train\distorted\qaug_dist_0030__overinked__elastic__FAMILY-24__MOTHER__FM024_M3__elastic.png
train,1,distorted,quality_augmented_v3_distorted,overinked,elastic,data\classifier_v3\train\distorted\FAMILY-26__FATHER__FM026_F4__elastic.png,data\classifier_v4\train\distorted\qaug_dist_0031__overinked__elastic__FAMILY-26__FATHER__FM026_F4__elastic.png
train,1,distorted,quality_augmented_v3_distorted,overinked,elastic,data\classifier_v3\train\distorted\FAMILY-27__FATHER__FM027_F3__elastic.png,data\classifier_v4\train\distorted\qaug_dist_0032__overinked__elastic__FAMILY-27__FATHER__FM027_F3__elastic.png
train,1,distorted,quality_augmented_v3_distorted,faint,elastic,data\classifier_v3\train\distorted\FAMILY-28__CHILD__FM028_C2__elastic.png,data\classifier_v4\train\distorted\qaug_dist_0033__faint__elastic__FAMILY-28__CHILD__FM028_C2__elastic.png
train,1,distorted,quality_augmented_v3_distorted,overinked,elastic,data\classifier_v3\train\distorted\FAMILY-28__CHILD__FM028_C5__elastic.png,data\classifier_v4\train\distorted\qaug_dist_0034__overinked__elastic__FAMILY-28__CHILD__FM028_C5__elastic.png
train,1,distorted,quality_augmented_v3_distorted,overinked,elastic,data\classifier_v3\train\distorted\FAMILY-28__MOTHER__FM028_M2__elastic.png,data\classifier_v4\train\distorted\qaug_dist_0035__overinked__elastic__FAMILY-28__MOTHER__FM028_M2__elastic.png
train,1,distorted,quality_augmented_v3_distorted,faint,elastic,data\classifier_v3\train\distorted\FAMILY-29__CHILD__FM029_C1__elastic.png,data\classifier_v4\train\distorted\qaug_dist_0036__faint__elastic__FAMILY-29__CHILD__FM029_C1__elastic.png
train,1,distorted,quality_augmented_v3_distorted,overinked,elastic,data\classifier_v3\train\distorted\FAMILY-29__MOTHER__FM029_M5__elastic.png,data\classifier_v4\train\distorted\qaug_dist_0037__overinked__elastic__FAMILY-29__MOTHER__FM029_M5__elastic.png
train,1,distorted,quality_augmented_v3_distorted,partial,elastic,data\classifier_v3\train\distorted\FAMILY-30__CHILD__FM030_C2__elastic.png,data\classifier_v4\train\distorted\qaug_dist_0038__partial__elastic__FAMILY-30__CHILD__FM030_C2__elastic.png
train,1,distorted,quality_augmented_v3_distorted,overinked,elastic,data\classifier_v3\train\distorted\FAMILY-32__CHILD__FM032_C3__elastic.png,data\classifier_v4\train\distorted\qaug_dist_0039__overinked__elastic__FAMILY-32__CHILD__FM032_C3__elastic.png
train,1,distorted,quality_augmented_v3_distorted,faint,elastic,data\classifier_v3\train\distorted\FAMILY-33__CHILD__FM033_C5__elastic.png,data\classifier_v4\train\distorted\qaug_dist_0040__faint__elastic__FAMILY-33__CHILD__FM033_C5__elastic.png
train,1,distorted,quality_augmented_v3_distorted,partial,elastic,data\classifier_v3\train\distorted\FAMILY-33__MOTHER__FM033_M1__elastic.png,data\classifier_v4\train\distorted\qaug_dist_0041__partial__elastic__FAMILY-33__MOTHER__FM033_M1__elastic.png
train,1,distorted,quality_augmented_v3_distorted,partial,elastic,data\classifier_v3\train\distorted\FAMILY-33__MOTHER__FM033_M5__elastic.png,data\classifier_v4\train\distorted\qaug_dist_0042__partial__elastic__FAMILY-33__MOTHER__FM033_M5__elastic.png
train,1,distorted,quality_augmented_v3_distorted,overinked,elastic,data\classifier_v3\train\distorted\FAMILY-38__CHILD__FM038_C1__elastic.png,data\classifier_v4\train\distorted\qaug_dist_0043__overinked__elastic__FAMILY-38__CHILD__FM038_C1__elastic.png
train,1,distorted,quality_augmented_v3_distorted,partial,elastic,data\classifier_v3\train\distorted\FAMILY-39__CHILD__FM039_C2__elastic.png,data\classifier_v4\train\distorted\qaug_dist_0044__partial__elastic__FAMILY-39__CHILD__FM039_C2__elastic.png
train,1,distorted,quality_augmented_v3_distorted,faint,elastic,data\classifier_v3\train\distorted\FAMILY-39__CHILD__FM039_C3__elastic.png,data\classifier_v4\train\distorted\qaug_dist_0045__faint__elastic__FAMILY-39__CHILD__FM039_C3__elastic.png
train,1,distorted,quality_augmented_v3_distorted,faint,elastic,data\classifier_v3\train\distorted\FAMILY-39__MOTHER__FM039_M2__elastic.png,data\classifier_v4\train\distorted\qaug_dist_0046__faint__elastic__FAMILY-39__MOTHER__FM039_M2__elastic.png
train,1,distorted,quality_augmented_v3_distorted,overinked,elastic,data\classifier_v3\train\distorted\FAMILY-3__FATHER__FM003_F3__elastic.png,data\classifier_v4\train\distorted\qaug_dist_0047__overinked__elastic__FAMILY-3__FATHER__FM003_F3__elastic.png
train,1,distorted,quality_augmented_v3_distorted,partial,elastic,data\classifier_v3\train\distorted\FAMILY-3__MOTHER__FM003_M1__elastic.png,data\classifier_v4\train\distorted\qaug_dist_0048__partial__elastic__FAMILY-3__MOTHER__FM003_M1__elastic.png
train,1,distorted,quality_augmented_v3_distorted,partial,elastic,data\classifier_v3\train\distorted\FAMILY-40__CHILD__FM040_C2__elastic.png,data\classifier_v4\train\distorted\qaug_dist_0049__partial__elastic__FAMILY-40__CHILD__FM040_C2__elastic.png
train,1,distorted,quality_augmented_v3_distorted,partial,elastic,data\classifier_v3\train\distorted\FAMILY-40__FATHER__FM040_F2__elastic.png,data\classifier_v4\train\distorted\qaug_dist_0050__partial__elastic__FAMILY-40__FATHER__FM040_F2__elastic.png
train,1,distorted,quality_augmented_v3_distorted,partial,elastic,data\classifier_v3\train\distorted\FAMILY-40__FATHER__FM040_F3__elastic.png,data\classifier_v4\train\distorted\qaug_dist_0051__partial__elastic__FAMILY-40__FATHER__FM040_F3__elastic.png
train,1,distorted,quality_augmented_v3_distorted,faint,elastic,data\classifier_v3\train\distorted\FAMILY-41__CHILD__FM041_C5__elastic.png,data\classifier_v4\train\distorted\qaug_dist_0052__faint__elastic__FAMILY-41__CHILD__FM041_C5__elastic.png
train,1,distorted,quality_augmented_v3_distorted,partial,elastic,data\classifier_v3\train\distorted\FAMILY-41__FATHER__FM041_F2__elastic.png,data\classifier_v4\train\distorted\qaug_dist_0053__partial__elastic__FAMILY-41__FATHER__FM041_F2__elastic.png
train,1,distorted,quality_augmented_v3_distorted,partial,elastic,data\classifier_v3\train\distorted\FAMILY-43__CHILD__FM043_C4__elastic.png,data\classifier_v4\train\distorted\qaug_dist_0054__partial__elastic__FAMILY-43__CHILD__FM043_C4__elastic.png
train,1,distorted,quality_augmented_v3_distorted,faint,elastic,data\classifier_v3\train\distorted\FAMILY-44__CHILD__FM044_C2__elastic.png,data\classifier_v4\train\distorted\qaug_dist_0055__faint__elastic__FAMILY-44__CHILD__FM044_C2__elastic.png
train,1,distorted,quality_augmented_v3_distorted,overinked,elastic,data\classifier_v3\train\distorted\FAMILY-44__CHILD__FM044_C3__elastic.png,data\classifier_v4\train\distorted\qaug_dist_0056__overinked__elastic__FAMILY-44__CHILD__FM044_C3__elastic.png
train,1,distorted,quality_augmented_v3_distorted,faint,elastic,data\classifier_v3\train\distorted\FAMILY-44__FATHER__FM044_F2__elastic.png,data\classifier_v4\train\distorted\qaug_dist_0057__faint__elastic__FAMILY-44__FATHER__FM044_F2__elastic.png
train,1,distorted,quality_augmented_v3_distorted,faint,elastic,data\classifier_v3\train\distorted\FAMILY-46__CHILD__FM046_C1__elastic.png,data\classifier_v4\train\distorted\qaug_dist_0058__faint__elastic__FAMILY-46__CHILD__FM046_C1__elastic.png
train,1,distorted,quality_augmented_v3_distorted,overinked,elastic,data\classifier_v3\train\distorted\FAMILY-46__CHILD__FM046_C3__elastic.png,data\classifier_v4\train\distorted\qaug_dist_0059__overinked__elastic__FAMILY-46__CHILD__FM046_C3__elastic.png
train,1,distorted,quality_augmented_v3_distorted,overinked,elastic,data\classifier_v3\train\distorted\FAMILY-46__CHILD__FM046_C5__elastic.png,data\classifier_v4\train\distorted\qaug_dist_0060__overinked__elastic__FAMILY-46__CHILD__FM046_C5__elastic.png
train,1,distorted,quality_augmented_v3_distorted,partial,elastic,data\classifier_v3\train\distorted\FAMILY-46__FATHER__FM046_F3__elastic.png,data\classifier_v4\train\distorted\qaug_dist_0061__partial__elastic__FAMILY-46__FATHER__FM046_F3__elastic.png
train,1,distorted,quality_augmented_v3_distorted,faint,elastic,data\classifier_v3\train\distorted\FAMILY-46__MOTHER__FM046_M1__elastic.png,data\classifier_v4\train\distorted\qaug_dist_0062__faint__elastic__FAMILY-46__MOTHER__FM046_M1__elastic.png
train,1,distorted,quality_augmented_v3_distorted,faint,elastic,data\classifier_v3\train\distorted\FAMILY-47__CHILD__FM047_C2__elastic.png,data\classifier_v4\train\distorted\qaug_dist_0063__faint__elastic__FAMILY-47__CHILD__FM047_C2__elastic.png
train,1,distorted,quality_augmented_v3_distorted,partial,elastic,data\classifier_v3\train\distorted\FAMILY-47__CHILD__FM047_C3__elastic.png,data\classifier_v4\train\distorted\qaug_dist_0064__partial__elastic__FAMILY-47__CHILD__FM047_C3__elastic.png
train,1,distorted,quality_augmented_v3_distorted,partial,elastic,data\classifier_v3\train\distorted\FAMILY-49__CHILD__FM049_C3__elastic.png,data\classifier_v4\train\distorted\qaug_dist_0065__partial__elastic__FAMILY-49__CHILD__FM049_C3__elastic.png
train,1,distorted,quality_augmented_v3_distorted,faint,elastic,data\classifier_v3\train\distorted\FAMILY-49__CHILD__FM049_C5__elastic.png,data\classifier_v4\train\distorted\qaug_dist_0066__faint__elastic__FAMILY-49__CHILD__FM049_C5__elastic.png
train,1,distorted,quality_augmented_v3_distorted,overinked,elastic,data\classifier_v3\train\distorted\FAMILY-49__FATHER__FM049_F3__elastic.png,data\classifier_v4\train\distorted\qaug_dist_0067__overinked__elastic__FAMILY-49__FATHER__FM049_F3__elastic.png
train,1,distorted,quality_augmented_v3_distorted,partial,elastic,data\classifier_v3\train\distorted\FAMILY-49__MOTHER__FM049_M1__elastic.png,data\classifier_v4\train\distorted\qaug_dist_0068__partial__elastic__FAMILY-49__MOTHER__FM049_M1__elastic.png
train,1,distorted,quality_augmented_v3_distorted,overinked,elastic,data\classifier_v3\train\distorted\FAMILY-51__FATHER__FM051_F1__elastic.png,data\classifier_v4\train\distorted\qaug_dist_0069__overinked__elastic__FAMILY-51__FATHER__FM051_F1__elastic.png
train,1,distorted,quality_augmented_v3_distorted,faint,elastic,data\classifier_v3\train\distorted\FAMILY-51__FATHER__FM051_F4__elastic.png,data\classifier_v4\train\distorted\qaug_dist_0070__faint__elastic__FAMILY-51__FATHER__FM051_F4__elastic.png
train,1,distorted,quality_augmented_v3_distorted,faint,elastic,data\classifier_v3\train\distorted\FAMILY-52__CHILD__FM052_C2__elastic.png,data\classifier_v4\train\distorted\qaug_dist_0071__faint__elastic__FAMILY-52__CHILD__FM052_C2__elastic.png
train,1,distorted,quality_augmented_v3_distorted,partial,elastic,data\classifier_v3\train\distorted\FAMILY-52__CHILD__FM052_C3__elastic.png,data\classifier_v4\train\distorted\qaug_dist_0072__partial__elastic__FAMILY-52__CHILD__FM052_C3__elastic.png
train,1,distorted,quality_augmented_v3_distorted,overinked,elastic,data\classifier_v3\train\distorted\FAMILY-52__MOTHER__FM052_M4__elastic.png,data\classifier_v4\train\distorted\qaug_dist_0073__overinked__elastic__FAMILY-52__MOTHER__FM052_M4__elastic.png
train,1,distorted,quality_augmented_v3_distorted,overinked,elastic,data\classifier_v3\train\distorted\FAMILY-52__MOTHER__FM052_M5__elastic.png,data\classifier_v4\train\distorted\qaug_dist_0074__overinked__elastic__FAMILY-52__MOTHER__FM052_M5__elastic.png
train,1,distorted,quality_augmented_v3_distorted,overinked,elastic,data\classifier_v3\train\distorted\FAMILY-53__CHILD__FM053_C4__elastic.png,data\classifier_v4\train\distorted\qaug_dist_0075__overinked__elastic__FAMILY-53__CHILD__FM053_C4__elastic.png
train,1,distorted,quality_augmented_v3_distorted,faint,elastic,data\classifier_v3\train\distorted\FAMILY-53__FATHER__FM053_F1__elastic.png,data\classifier_v4\train\distorted\qaug_dist_0076__faint__elastic__FAMILY-53__FATHER__FM053_F1__elastic.png
train,1,distorted,quality_augmented_v3_distorted,faint,elastic,data\classifier_v3\train\distorted\FAMILY-53__MOTHER__FM053_M5__elastic.png,data\classifier_v4\train\distorted\qaug_dist_0077__faint__elastic__FAMILY-53__MOTHER__FM053_M5__elastic.png
train,1,distorted,quality_augmented_v3_distorted,overinked,elastic,data\classifier_v3\train\distorted\FAMILY-56__FATHER__FM056_F2__elastic.png,data\classifier_v4\train\distorted\qaug_dist_0078__overinked__elastic__FAMILY-56__FATHER__FM056_F2__elastic.png
train,1,distorted,quality_augmented_v3_distorted,partial,elastic,data\classifier_v3\train\distorted\FAMILY-56__MOTHER__FM056_M4__elastic.png,data\classifier_v4\train\distorted\qaug_dist_0079__partial__elastic__FAMILY-56__MOTHER__FM056_M4__elastic.png
train,1,distorted,quality_augmented_v3_distorted,faint,elastic,data\classifier_v3\train\distorted\FAMILY-57__CHILD__FM057_C1__elastic.png,data\classifier_v4\train\distorted\qaug_dist_0080__faint__elastic__FAMILY-57__CHILD__FM057_C1__elastic.png
train,1,distorted,quality_augmented_v3_distorted,partial,elastic,data\classifier_v3\train\distorted\FAMILY-57__FATHER__FM057_F2__elastic.png,data\classifier_v4\train\distorted\qaug_dist_0081__partial__elastic__FAMILY-57__FATHER__FM057_F2__elastic.png
train,1,distorted,quality_augmented_v3_distorted,overinked,elastic,data\classifier_v3\train\distorted\FAMILY-57__FATHER__FM057_F3__elastic.png,data\classifier_v4\train\distorted\qaug_dist_0082__overinked__elastic__FAMILY-57__FATHER__FM057_F3__elastic.png
train,1,distorted,quality_augmented_v3_distorted,partial,elastic,data\classifier_v3\train\distorted\FAMILY-57__FATHER__FM057_F4__elastic.png,data\classifier_v4\train\distorted\qaug_dist_0083__partial__elastic__FAMILY-57__FATHER__FM057_F4__elastic.png
train,1,distorted,quality_augmented_v3_distorted,faint,elastic,data\classifier_v3\train\distorted\FAMILY-57__MOTHER__FM057_M3__elastic.png,data\classifier_v4\train\distorted\qaug_dist_0084__faint__elastic__FAMILY-57__MOTHER__FM057_M3__elastic.png
train,1,distorted,quality_augmented_v3_distorted,faint,elastic,data\classifier_v3\train\distorted\FAMILY-58__CHILD__FM058_C4__elastic.png,data\classifier_v4\train\distorted\qaug_dist_0085__faint__elastic__FAMILY-58__CHILD__FM058_C4__elastic.png
train,1,distorted,quality_augmented_v3_distorted,faint,elastic,data\classifier_v3\train\distorted\FAMILY-58__CHILD__FM058_C5__elastic.png,data\classifier_v4\train\distorted\qaug_dist_0086__faint__elastic__FAMILY-58__CHILD__FM058_C5__elastic.png
train,1,distorted,quality_augmented_v3_distorted,partial,elastic,data\classifier_v3\train\distorted\FAMILY-58__MOTHER__FM058_M5__elastic.png,data\classifier_v4\train\distorted\qaug_dist_0087__partial__elastic__FAMILY-58__MOTHER__FM058_M5__elastic.png
train,1,distorted,quality_augmented_v3_distorted,faint,elastic,data\classifier_v3\train\distorted\FAMILY-5__CHILD__FM005_C3__elastic.png,data\classifier_v4\train\distorted\qaug_dist_0088__faint__elastic__FAMILY-5__CHILD__FM005_C3__elastic.png
train,1,distorted,quality_augmented_v3_distorted,overinked,elastic,data\classifier_v3\train\distorted\FAMILY-5__CHILD__FM005_C4__elastic.png,data\classifier_v4\train\distorted\qaug_dist_0089__overinked__elastic__FAMILY-5__CHILD__FM005_C4__elastic.png
train,1,distorted,quality_augmented_v3_distorted,partial,elastic,data\classifier_v3\train\distorted\FAMILY-5__FATHER__FM005_F5__elastic.png,data\classifier_v4\train\distorted\qaug_dist_0090__partial__elastic__FAMILY-5__FATHER__FM005_F5__elastic.png
train,1,distorted,quality_augmented_v3_distorted,overinked,elastic,data\classifier_v3\train\distorted\FAMILY-60__CHILD__FM060_C3__elastic.png,data\classifier_v4\train\distorted\qaug_dist_0091__overinked__elastic__FAMILY-60__CHILD__FM060_C3__elastic.png
train,1,distorted,quality_augmented_v3_distorted,overinked,elastic,data\classifier_v3\train\distorted\FAMILY-60__MOTHER__FM060_M1__elastic.png,data\classifier_v4\train\distorted\qaug_dist_0092__overinked__elastic__FAMILY-60__MOTHER__FM060_M1__elastic.png
train,1,distorted,quality_augmented_v3_distorted,faint,elastic,data\classifier_v3\train\distorted\FAMILY-60__MOTHER__FM060_M2__elastic.png,data\classifier_v4\train\distorted\qaug_dist_0093__faint__elastic__FAMILY-60__MOTHER__FM060_M2__elastic.png
train,1,distorted,quality_augmented_v3_distorted,overinked,elastic,data\classifier_v3\train\distorted\FAMILY-62__MOTHER__FM062_M2__elastic.png,data\classifier_v4\train\distorted\qaug_dist_0094__overinked__elastic__FAMILY-62__MOTHER__FM062_M2__elastic.png
train,1,distorted,quality_augmented_v3_distorted,overinked,elastic,data\classifier_v3\train\distorted\FAMILY-62__MOTHER__FM062_M3__elastic.png,data\classifier_v4\train\distorted\qaug_dist_0095__overinked__elastic__FAMILY-62__MOTHER__FM062_M3__elastic.png
train,1,distorted,quality_augmented_v3_distorted,overinked,elastic,data\classifier_v3\train\distorted\FAMILY-63__CHILD__FM063_C1__elastic.png,data\classifier_v4\train\distorted\qaug_dist_0096__overinked__elastic__FAMILY-63__CHILD__FM063_C1__elastic.png
train,1,distorted,quality_augmented_v3_distorted,overinked,elastic,data\classifier_v3\train\distorted\FAMILY-63__CHILD__FM063_C4__elastic.png,data\classifier_v4\train\distorted\qaug_dist_0097__overinked__elastic__FAMILY-63__CHILD__FM063_C4__elastic.png
train,1,distorted,quality_augmented_v3_distorted,faint,elastic,data\classifier_v3\train\distorted\FAMILY-63__CHILD__FM063_C5__elastic.png,data\classifier_v4\train\distorted\qaug_dist_0098__faint__elastic__FAMILY-63__CHILD__FM063_C5__elastic.png
train,1,distorted,quality_augmented_v3_distorted,faint,elastic,data\classifier_v3\train\distorted\FAMILY-63__MOTHER__FM063_M3__elastic.png,data\classifier_v4\train\distorted\qaug_dist_0099__faint__elastic__FAMILY-63__MOTHER__FM063_M3__elastic.png
train,1,distorted,quality_augmented_v3_distorted,overinked,elastic,data\classifier_v3\train\distorted\FAMILY-64__CHILD__FM064_C2__elastic.png,data\classifier_v4\train\distorted\qaug_dist_0100__overinked__elastic__FAMILY-64__CHILD__FM064_C2__elastic.png
train,1,distorted,quality_augmented_v3_distorted,faint,elastic,data\classifier_v3\train\distorted\FAMILY-64__CHILD__FM064_C3__elastic.png,data\classifier_v4\train\distorted\qaug_dist_0101__faint__elastic__FAMILY-64__CHILD__FM064_C3__elastic.png
train,1,distorted,quality_augmented_v3_distorted,overinked,elastic,data\classifier_v3\train\distorted\FAMILY-64__FATHER__FM064_F2__elastic.png,data\classifier_v4\train\distorted\qaug_dist_0102__overinked__elastic__FAMILY-64__FATHER__FM064_F2__elastic.png
train,1,distorted,quality_augmented_v3_distorted,overinked,elastic,data\classifier_v3\train\distorted\FAMILY-64__MOTHER__FM064_M5__elastic.png,data\classifier_v4\train\distorted\qaug_dist_0103__overinked__elastic__FAMILY-64__MOTHER__FM064_M5__elastic.png
train,1,distorted,quality_augmented_v3_distorted,overinked,elastic,data\classifier_v3\train\distorted\FAMILY-69__MOTHER__FM069_M5__elastic.png,data\classifier_v4\train\distorted\qaug_dist_0104__overinked__elastic__FAMILY-69__MOTHER__FM069_M5__elastic.png
train,1,distorted,quality_augmented_v3_distorted,partial,elastic,data\classifier_v3\train\distorted\FAMILY-6__CHILD__FM006_C3__elastic.png,data\classifier_v4\train\distorted\qaug_dist_0105__partial__elastic__FAMILY-6__CHILD__FM006_C3__elastic.png
train,1,distorted,quality_augmented_v3_distorted,faint,elastic,data\classifier_v3\train\distorted\FAMILY-6__CHILD__FM006_C5__elastic.png,data\classifier_v4\train\distorted\qaug_dist_0106__faint__elastic__FAMILY-6__CHILD__FM006_C5__elastic.png
train,1,distorted,quality_augmented_v3_distorted,overinked,elastic,data\classifier_v3\train\distorted\FAMILY-6__FATHER__FM006_F2__elastic.png,data\classifier_v4\train\distorted\qaug_dist_0107__overinked__elastic__FAMILY-6__FATHER__FM006_F2__elastic.png
train,1,distorted,quality_augmented_v3_distorted,overinked,elastic,data\classifier_v3\train\distorted\FAMILY-70__CHILD__FM070_C1__elastic.png,data\classifier_v4\train\distorted\qaug_dist_0108__overinked__elastic__FAMILY-70__CHILD__FM070_C1__elastic.png
train,1,distorted,quality_augmented_v3_distorted,overinked,elastic,data\classifier_v3\train\distorted\FAMILY-70__CHILD__FM070_C3__elastic.png,data\classifier_v4\train\distorted\qaug_dist_0109__overinked__elastic__FAMILY-70__CHILD__FM070_C3__elastic.png
train,1,distorted,quality_augmented_v3_distorted,partial,elastic,data\classifier_v3\train\distorted\FAMILY-71__CHILD__FM071_C3__elastic.png,data\classifier_v4\train\distorted\qaug_dist_0110__partial__elastic__FAMILY-71__CHILD__FM071_C3__elastic.png
train,1,distorted,quality_augmented_v3_distorted,partial,elastic,data\classifier_v3\train\distorted\FAMILY-71__FATHER__FM071_F2__elastic.png,data\classifier_v4\train\distorted\qaug_dist_0111__partial__elastic__FAMILY-71__FATHER__FM071_F2__elastic.png
train,1,distorted,quality_augmented_v3_distorted,faint,elastic,data\classifier_v3\train\distorted\FAMILY-71__MOTHER__FM071_M2__elastic.png,data\classifier_v4\train\distorted\qaug_dist_0112__faint__elastic__FAMILY-71__MOTHER__FM071_M2__elastic.png
train,1,distorted,quality_augmented_v3_distorted,overinked,elastic,data\classifier_v3\train\distorted\FAMILY-71__MOTHER__FM071_M4__elastic.png,data\classifier_v4\train\distorted\qaug_dist_0113__overinked__elastic__FAMILY-71__MOTHER__FM071_M4__elastic.png
train,1,distorted,quality_augmented_v3_distorted,overinked,elastic,data\classifier_v3\train\distorted\FAMILY-71__MOTHER__FM071_M5__elastic.png,data\classifier_v4\train\distorted\qaug_dist_0114__overinked__elastic__FAMILY-71__MOTHER__FM071_M5__elastic.png
train,1,distorted,quality_augmented_v3_distorted,faint,elastic,data\classifier_v3\train\distorted\FAMILY-72__CHILD__FM072_C3__elastic.png,data\classifier_v4\train\distorted\qaug_dist_0115__faint__elastic__FAMILY-72__CHILD__FM072_C3__elastic.png
train,1,distorted,quality_augmented_v3_distorted,overinked,elastic,data\classifier_v3\train\distorted\FAMILY-72__MOTHER__FM072_M5__elastic.png,data\classifier_v4\train\distorted\qaug_dist_0116__overinked__elastic__FAMILY-72__MOTHER__FM072_M5__elastic.png
train,1,distorted,quality_augmented_v3_distorted,faint,elastic,data\classifier_v3\train\distorted\FAMILY-73__FATHER__FM073_F2__elastic.png,data\classifier_v4\train\distorted\qaug_dist_0117__faint__elastic__FAMILY-73__FATHER__FM073_F2__elastic.png
train,1,distorted,quality_augmented_v3_distorted,partial,elastic,data\classifier_v3\train\distorted\FAMILY-73__MOTHER__FM073_M4__elastic.png,data\classifier_v4\train\distorted\qaug_dist_0118__partial__elastic__FAMILY-73__MOTHER__FM073_M4__elastic.png
train,1,distorted,quality_augmented_v3_distorted,faint,elastic,data\classifier_v3\train\distorted\FAMILY-74__FATHER__FM074_F3__elastic.png,data\classifier_v4\train\distorted\qaug_dist_0119__faint__elastic__FAMILY-74__FATHER__FM074_F3__elastic.png
train,1,distorted,quality_augmented_v3_distorted,partial,elastic,data\classifier_v3\train\distorted\FAMILY-76__FATHER__FM076_F4__elastic.png,data\classifier_v4\train\distorted\qaug_dist_0120__partial__elastic__FAMILY-76__FATHER__FM076_F4__elastic.png
train,1,distorted,quality_augmented_v3_distorted,partial,elastic,data\classifier_v3\train\distorted\FAMILY-76__FATHER__FM076_F5__elastic.png,data\classifier_v4\train\distorted\qaug_dist_0121__partial__elastic__FAMILY-76__FATHER__FM076_F5__elastic.png
train,1,distorted,quality_augmented_v3_distorted,faint,elastic,data\classifier_v3\train\distorted\FAMILY-76__MOTHER__FM076_M3__elastic.png,data\classifier_v4\train\distorted\qaug_dist_0122__faint__elastic__FAMILY-76__MOTHER__FM076_M3__elastic.png
train,1,distorted,quality_augmented_v3_distorted,overinked,elastic,data\classifier_v3\train\distorted\FAMILY-76__MOTHER__FM076_M4__elastic.png,data\classifier_v4\train\distorted\qaug_dist_0123__overinked__elastic__FAMILY-76__MOTHER__FM076_M4__elastic.png
train,1,distorted,quality_augmented_v3_distorted,partial,elastic,data\classifier_v3\train\distorted\FAMILY-77__CHILD__FM077_C2__elastic.png,data\classifier_v4\train\distorted\qaug_dist_0124__partial__elastic__FAMILY-77__CHILD__FM077_C2__elastic.png
train,1,distorted,quality_augmented_v3_distorted,faint,elastic,data\classifier_v3\train\distorted\FAMILY-77__FATHER__FM077_F1__elastic.png,data\classifier_v4\train\distorted\qaug_dist_0125__faint__elastic__FAMILY-77__FATHER__FM077_F1__elastic.png
train,1,distorted,quality_augmented_v3_distorted,overinked,elastic,data\classifier_v3\train\distorted\FAMILY-79__CHILD__FM079_C2__elastic.png,data\classifier_v4\train\distorted\qaug_dist_0126__overinked__elastic__FAMILY-79__CHILD__FM079_C2__elastic.png
train,1,distorted,quality_augmented_v3_distorted,partial,elastic,data\classifier_v3\train\distorted\FAMILY-79__MOTHER__FM079_M4__elastic.png,data\classifier_v4\train\distorted\qaug_dist_0127__partial__elastic__FAMILY-79__MOTHER__FM079_M4__elastic.png
train,1,distorted,quality_augmented_v3_distorted,faint,elastic,data\classifier_v3\train\distorted\FAMILY-80__CHILD__FM080_C5__elastic.png,data\classifier_v4\train\distorted\qaug_dist_0128__faint__elastic__FAMILY-80__CHILD__FM080_C5__elastic.png
train,1,distorted,quality_augmented_v3_distorted,faint,elastic,data\classifier_v3\train\distorted\FAMILY-80__MOTHER__FM080_M4__elastic.png,data\classifier_v4\train\distorted\qaug_dist_0129__faint__elastic__FAMILY-80__MOTHER__FM080_M4__elastic.png
train,1,distorted,quality_augmented_v3_distorted,overinked,elastic,data\classifier_v3\train\distorted\FAMILY-81__FATHER__FM081_F2__elastic.png,data\classifier_v4\train\distorted\qaug_dist_0130__overinked__elastic__FAMILY-81__FATHER__FM081_F2__elastic.png
train,1,distorted,quality_augmented_v3_distorted,partial,elastic,data\classifier_v3\train\distorted\FAMILY-81__FATHER__FM081_F3__elastic.png,data\classifier_v4\train\distorted\qaug_dist_0131__partial__elastic__FAMILY-81__FATHER__FM081_F3__elastic.png
train,1,distorted,quality_augmented_v3_distorted,overinked,elastic,data\classifier_v3\train\distorted\FAMILY-81__MOTHER__FM081_M1__elastic.png,data\classifier_v4\train\distorted\qaug_dist_0132__overinked__elastic__FAMILY-81__MOTHER__FM081_M1__elastic.png
train,1,distorted,quality_augmented_v3_distorted,faint,elastic,data\classifier_v3\train\distorted\FAMILY-81__MOTHER__FM081_M2__elastic.png,data\classifier_v4\train\distorted\qaug_dist_0133__faint__elastic__FAMILY-81__MOTHER__FM081_M2__elastic.png
train,1,distorted,quality_augmented_v3_distorted,overinked,elastic,data\classifier_v3\train\distorted\FAMILY-82__CHILD__FM082_C2__elastic.png,data\classifier_v4\train\distorted\qaug_dist_0134__overinked__elastic__FAMILY-82__CHILD__FM082_C2__elastic.png
train,1,distorted,quality_augmented_v3_distorted,overinked,elastic,data\classifier_v3\train\distorted\FAMILY-82__CHILD__FM082_C4__elastic.png,data\classifier_v4\train\distorted\qaug_dist_0135__overinked__elastic__FAMILY-82__CHILD__FM082_C4__elastic.png
train,1,distorted,quality_augmented_v3_distorted,overinked,elastic,data\classifier_v3\train\distorted\FAMILY-82__MOTHER__FM082_M1__elastic.png,data\classifier_v4\train\distorted\qaug_dist_0136__overinked__elastic__FAMILY-82__MOTHER__FM082_M1__elastic.png
train,1,distorted,quality_augmented_v3_distorted,partial,elastic,data\classifier_v3\train\distorted\FAMILY-82__MOTHER__FM082_M3__elastic.png,data\classifier_v4\train\distorted\qaug_dist_0137__partial__elastic__FAMILY-82__MOTHER__FM082_M3__elastic.png
train,1,distorted,quality_augmented_v3_distorted,faint,elastic,data\classifier_v3\train\distorted\FAMILY-82__MOTHER__FM082_M5__elastic.png,data\classifier_v4\train\distorted\qaug_dist_0138__faint__elastic__FAMILY-82__MOTHER__FM082_M5__elastic.png
train,1,distorted,quality_augmented_v3_distorted,partial,elastic,data\classifier_v3\train\distorted\FAMILY-84__FATHER__FM084_F3__elastic.png,data\classifier_v4\train\distorted\qaug_dist_0139__partial__elastic__FAMILY-84__FATHER__FM084_F3__elastic.png
train,1,distorted,quality_augmented_v3_distorted,faint,elastic,data\classifier_v3\train\distorted\FAMILY-84__FATHER__FM084_F4__elastic.png,data\classifier_v4\train\distorted\qaug_dist_0140__faint__elastic__FAMILY-84__FATHER__FM084_F4__elastic.png
train,1,distorted,quality_augmented_v3_distorted,faint,elastic,data\classifier_v3\train\distorted\FAMILY-85__CHILD__FM085_C1__elastic.png,data\classifier_v4\train\distorted\qaug_dist_0141__faint__elastic__FAMILY-85__CHILD__FM085_C1__elastic.png
train,1,distorted,quality_augmented_v3_distorted,overinked,elastic,data\classifier_v3\train\distorted\FAMILY-85__CHILD__FM085_C2__elastic.png,data\classifier_v4\train\distorted\qaug_dist_0142__overinked__elastic__FAMILY-85__CHILD__FM085_C2__elastic.png
train,1,distorted,quality_augmented_v3_distorted,partial,elastic,data\classifier_v3\train\distorted\FAMILY-85__FATHER__FM085_F4__elastic.png,data\classifier_v4\train\distorted\qaug_dist_0143__partial__elastic__FAMILY-85__FATHER__FM085_F4__elastic.png
train,1,distorted,quality_augmented_v3_distorted,overinked,elastic,data\classifier_v3\train\distorted\FAMILY-85__MOTHER__FM085_M4__elastic.png,data\classifier_v4\train\distorted\qaug_dist_0144__overinked__elastic__FAMILY-85__MOTHER__FM085_M4__elastic.png
train,1,distorted,quality_augmented_v3_distorted,partial,elastic,data\classifier_v3\train\distorted\FAMILY-87__CHILD__FM087_C1__elastic.png,data\classifier_v4\train\distorted\qaug_dist_0145__partial__elastic__FAMILY-87__CHILD__FM087_C1__elastic.png
train,1,distorted,quality_augmented_v3_distorted,faint,elastic,data\classifier_v3\train\distorted\FAMILY-87__FATHER__FM087_F4__elastic.png,data\classifier_v4\train\distorted\qaug_dist_0146__faint__elastic__FAMILY-87__FATHER__FM087_F4__elastic.png
train,1,distorted,quality_augmented_v3_distorted,partial,elastic,data\classifier_v3\train\distorted\FAMILY-87__MOTHER__FM087_M3__elastic.png,data\classifier_v4\train\distorted\qaug_dist_0147__partial__elastic__FAMILY-87__MOTHER__FM087_M3__elastic.png
train,1,distorted,quality_augmented_v3_distorted,partial,elastic,data\classifier_v3\train\distorted\FAMILY-88__CHILD__FM088_C1__elastic.png,data\classifier_v4\train\distorted\qaug_dist_0148__partial__elastic__FAMILY-88__CHILD__FM088_C1__elastic.png
train,1,distorted,quality_augmented_v3_distorted,faint,elastic,data\classifier_v3\train\distorted\FAMILY-88__CHILD__FM088_C3__elastic.png,data\classifier_v4\train\distorted\qaug_dist_0149__faint__elastic__FAMILY-88__CHILD__FM088_C3__elastic.png
train,1,distorted,quality_augmented_v3_distorted,faint,elastic,data\classifier_v3\train\distorted\FAMILY-88__CHILD__FM088_C4__elastic.png,data\classifier_v4\train\distorted\qaug_dist_0150__faint__elastic__FAMILY-88__CHILD__FM088_C4__elastic.png
train,1,distorted,quality_augmented_v3_distorted,faint,elastic,data\classifier_v3\train\distorted\FAMILY-8__CHILD__FM008_C1__elastic.png,data\classifier_v4\train\distorted\qaug_dist_0151__faint__elastic__FAMILY-8__CHILD__FM008_C1__elastic.png
train,1,distorted,quality_augmented_v3_distorted,faint,elastic,data\classifier_v3\train\distorted\FAMILY-8__FATHER__FM008_F3__elastic.png,data\classifier_v4\train\distorted\qaug_dist_0152__faint__elastic__FAMILY-8__FATHER__FM008_F3__elastic.png
train,1,distorted,quality_augmented_v3_distorted,faint,elastic,data\classifier_v3\train\distorted\FAMILY-8__MOTHER__FM008_M1__elastic.png,data\classifier_v4\train\distorted\qaug_dist_0153__faint__elastic__FAMILY-8__MOTHER__FM008_M1__elastic.png
train,1,distorted,quality_augmented_v3_distorted,partial,elastic,data\classifier_v3\train\distorted\FAMILY-90__CHILD__FM090_C1__elastic.png,data\classifier_v4\train\distorted\qaug_dist_0154__partial__elastic__FAMILY-90__CHILD__FM090_C1__elastic.png
train,1,distorted,quality_augmented_v3_distorted,partial,elastic,data\classifier_v3\train\distorted\FAMILY-90__CHILD__FM090_C5__elastic.png,data\classifier_v4\train\distorted\qaug_dist_0155__partial__elastic__FAMILY-90__CHILD__FM090_C5__elastic.png
train,1,distorted,quality_augmented_v3_distorted,overinked,elastic,data\classifier_v3\train\distorted\FAMILY-90__MOTHER__FM090_M5__elastic.png,data\classifier_v4\train\distorted\qaug_dist_0156__overinked__elastic__FAMILY-90__MOTHER__FM090_M5__elastic.png
train,1,distorted,quality_augmented_v3_distorted,faint,elastic,data\classifier_v3\train\distorted\FAMILY-92__CHILD__FM092_C3__elastic.png,data\classifier_v4\train\distorted\qaug_dist_0157__faint__elastic__FAMILY-92__CHILD__FM092_C3__elastic.png
train,1,distorted,quality_augmented_v3_distorted,overinked,elastic,data\classifier_v3\train\distorted\FAMILY-92__FATHER__FM092_F1__elastic.png,data\classifier_v4\train\distorted\qaug_dist_0158__overinked__elastic__FAMILY-92__FATHER__FM092_F1__elastic.png
train,1,distorted,quality_augmented_v3_distorted,overinked,elastic,data\classifier_v3\train\distorted\FAMILY-92__FATHER__FM092_F3__elastic.png,data\classifier_v4\train\distorted\qaug_dist_0159__overinked__elastic__FAMILY-92__FATHER__FM092_F3__elastic.png
train,1,distorted,quality_augmented_v3_distorted,overinked,elastic,data\classifier_v3\train\distorted\FAMILY-93__CHILD__FM093_C2__elastic.png,data\classifier_v4\train\distorted\qaug_dist_0160__overinked__elastic__FAMILY-93__CHILD__FM093_C2__elastic.png
train,1,distorted,quality_augmented_v3_distorted,partial,elastic,data\classifier_v3\train\distorted\FAMILY-93__CHILD__FM093_C3__elastic.png,data\classifier_v4\train\distorted\qaug_dist_0161__partial__elastic__FAMILY-93__CHILD__FM093_C3__elastic.png
train,1,distorted,quality_augmented_v3_distorted,faint,elastic,data\classifier_v3\train\distorted\FAMILY-94__FATHER__FM094_F1__elastic.png,data\classifier_v4\train\distorted\qaug_dist_0162__faint__elastic__FAMILY-94__FATHER__FM094_F1__elastic.png
train,1,distorted,quality_augmented_v3_distorted,overinked,elastic,data\classifier_v3\train\distorted\FAMILY-94__MOTHER__FM094_M2__elastic.png,data\classifier_v4\train\distorted\qaug_dist_0163__overinked__elastic__FAMILY-94__MOTHER__FM094_M2__elastic.png
train,1,distorted,quality_augmented_v3_distorted,partial,elastic,data\classifier_v3\train\distorted\FAMILY-95__CHILD__FM095_C3__elastic.png,data\classifier_v4\train\distorted\qaug_dist_0164__partial__elastic__FAMILY-95__CHILD__FM095_C3__elastic.png
train,1,distorted,quality_augmented_v3_distorted,faint,elastic,data\classifier_v3\train\distorted\FAMILY-95__FATHER__FM095_F1__elastic.png,data\classifier_v4\train\distorted\qaug_dist_0165__faint__elastic__FAMILY-95__FATHER__FM095_F1__elastic.png
train,1,distorted,quality_augmented_v3_distorted,faint,elastic,data\classifier_v3\train\distorted\FAMILY-96__CHILD__FM096_C3__elastic.png,data\classifier_v4\train\distorted\qaug_dist_0166__faint__elastic__FAMILY-96__CHILD__FM096_C3__elastic.png
train,1,distorted,quality_augmented_v3_distorted,overinked,elastic,data\classifier_v3\train\distorted\FAMILY-96__FATHER__FM096_F1__elastic.png,data\classifier_v4\train\distorted\qaug_dist_0167__overinked__elastic__FAMILY-96__FATHER__FM096_F1__elastic.png
train,1,distorted,quality_augmented_v3_distorted,faint,elastic,data\classifier_v3\train\distorted\FAMILY-96__FATHER__FM096_F4__elastic.png,data\classifier_v4\train\distorted\qaug_dist_0168__faint__elastic__FAMILY-96__FATHER__FM096_F4__elastic.png
train,1,distorted,quality_augmented_v3_distorted,faint,elastic,data\classifier_v3\train\distorted\FAMILY-96__FATHER__FM096_F5__elastic.png,data\classifier_v4\train\distorted\qaug_dist_0169__faint__elastic__FAMILY-96__FATHER__FM096_F5__elastic.png
train,1,distorted,quality_augmented_v3_distorted,faint,elastic,data\classifier_v3\train\distorted\FAMILY-96__MOTHER__FM096_M4__elastic.png,data\classifier_v4\train\distorted\qaug_dist_0170__faint__elastic__FAMILY-96__MOTHER__FM096_M4__elastic.png
train,1,distorted,quality_augmented_v3_distorted,partial,elastic,data\classifier_v3\train\distorted\FAMILY-97__CHILD__FM097_C1__elastic.png,data\classifier_v4\train\distorted\qaug_dist_0171__partial__elastic__FAMILY-97__CHILD__FM097_C1__elastic.png
train,1,distorted,quality_augmented_v3_distorted,partial,elastic,data\classifier_v3\train\distorted\FAMILY-97__CHILD__FM097_C2__elastic.png,data\classifier_v4\train\distorted\qaug_dist_0172__partial__elastic__FAMILY-97__CHILD__FM097_C2__elastic.png
train,1,distorted,quality_augmented_v3_distorted,faint,elastic,data\classifier_v3\train\distorted\FAMILY-98__CHILD__FM098_C4__elastic.png,data\classifier_v4\train\distorted\qaug_dist_0173__faint__elastic__FAMILY-98__CHILD__FM098_C4__elastic.png
train,1,distorted,quality_augmented_v3_distorted,overinked,elastic,data\classifier_v3\train\distorted\FAMILY-98__FATHER__FM098_F1__elastic.png,data\classifier_v4\train\distorted\qaug_dist_0174__overinked__elastic__FAMILY-98__FATHER__FM098_F1__elastic.png
train,1,distorted,quality_augmented_v3_distorted,overinked,local,data\classifier_v3\train\distorted\FAMILY-100__CHILD__FM100_C2__local.png,data\classifier_v4\train\distorted\qaug_dist_0175__overinked__local__FAMILY-100__CHILD__FM100_C2__local.png
train,1,distorted,quality_augmented_v3_distorted,overinked,local,data\classifier_v3\train\distorted\FAMILY-100__CHILD__FM100_C3__local.png,data\classifier_v4\train\distorted\qaug_dist_0176__overinked__local__FAMILY-100__CHILD__FM100_C3__local.png
train,1,distorted,quality_augmented_v3_distorted,partial,local,data\classifier_v3\train\distorted\FAMILY-100__FATHER__FM100_F2__local.png,data\classifier_v4\train\distorted\qaug_dist_0177__partial__local__FAMILY-100__FATHER__FM100_F2__local.png
train,1,distorted,quality_augmented_v3_distorted,partial,local,data\classifier_v3\train\distorted\FAMILY-10__MOTHER__FM010_M3__local.png,data\classifier_v4\train\distorted\qaug_dist_0178__partial__local__FAMILY-10__MOTHER__FM010_M3__local.png
train,1,distorted,quality_augmented_v3_distorted,faint,local,data\classifier_v3\train\distorted\FAMILY-11__CHILD__FM011_C2__local.png,data\classifier_v4\train\distorted\qaug_dist_0179__faint__local__FAMILY-11__CHILD__FM011_C2__local.png
train,1,distorted,quality_augmented_v3_distorted,overinked,local,data\classifier_v3\train\distorted\FAMILY-11__FATHER__FM011_F2__local.png,data\classifier_v4\train\distorted\qaug_dist_0180__overinked__local__FAMILY-11__FATHER__FM011_F2__local.png
train,1,distorted,quality_augmented_v3_distorted,overinked,local,data\classifier_v3\train\distorted\FAMILY-16__FATHER__FM016_F4__local.png,data\classifier_v4\train\distorted\qaug_dist_0181__overinked__local__FAMILY-16__FATHER__FM016_F4__local.png
train,1,distorted,quality_augmented_v3_distorted,partial,local,data\classifier_v3\train\distorted\FAMILY-17__FATHER__FM017_F2__local.png,data\classifier_v4\train\distorted\qaug_dist_0182__partial__local__FAMILY-17__FATHER__FM017_F2__local.png
train,1,distorted,quality_augmented_v3_distorted,partial,local,data\classifier_v3\train\distorted\FAMILY-17__MOTHER__FM017_M2__local.png,data\classifier_v4\train\distorted\qaug_dist_0183__partial__local__FAMILY-17__MOTHER__FM017_M2__local.png
train,1,distorted,quality_augmented_v3_distorted,overinked,local,data\classifier_v3\train\distorted\FAMILY-17__MOTHER__FM017_M3__local.png,data\classifier_v4\train\distorted\qaug_dist_0184__overinked__local__FAMILY-17__MOTHER__FM017_M3__local.png
train,1,distorted,quality_augmented_v3_distorted,partial,local,data\classifier_v3\train\distorted\FAMILY-18__CHILD__FM018_C4__local.png,data\classifier_v4\train\distorted\qaug_dist_0185__partial__local__FAMILY-18__CHILD__FM018_C4__local.png
train,1,distorted,quality_augmented_v3_distorted,overinked,local,data\classifier_v3\train\distorted\FAMILY-19__CHILD__FM019_C2__local.png,data\classifier_v4\train\distorted\qaug_dist_0186__overinked__local__FAMILY-19__CHILD__FM019_C2__local.png
train,1,distorted,quality_augmented_v3_distorted,overinked,local,data\classifier_v3\train\distorted\FAMILY-19__CHILD__FM019_C3__local.png,data\classifier_v4\train\distorted\qaug_dist_0187__overinked__local__FAMILY-19__CHILD__FM019_C3__local.png
train,1,distorted,quality_augmented_v3_distorted,overinked,local,data\classifier_v3\train\distorted\FAMILY-19__FATHER__FM019_F4__local.png,data\classifier_v4\train\distorted\qaug_dist_0188__overinked__local__FAMILY-19__FATHER__FM019_F4__local.png
train,1,distorted,quality_augmented_v3_distorted,overinked,local,data\classifier_v3\train\distorted\FAMILY-19__MOTHER__FM019_M4__local.png,data\classifier_v4\train\distorted\qaug_dist_0189__overinked__local__FAMILY-19__MOTHER__FM019_M4__local.png
train,1,distorted,quality_augmented_v3_distorted,partial,local,data\classifier_v3\train\distorted\FAMILY-19__MOTHER__FM019_M5__local.png,data\classifier_v4\train\distorted\qaug_dist_0190__partial__local__FAMILY-19__MOTHER__FM019_M5__local.png
train,1,distorted,quality_augmented_v3_distorted,overinked,local,data\classifier_v3\train\distorted\FAMILY-1__MOTHER__FM001_M4__local.png,data\classifier_v4\train\distorted\qaug_dist_0191__overinked__local__FAMILY-1__MOTHER__FM001_M4__local.png
train,1,distorted,quality_augmented_v3_distorted,faint,local,data\classifier_v3\train\distorted\FAMILY-21__MOTHER__FM021_M2__local.png,data\classifier_v4\train\distorted\qaug_dist_0192__faint__local__FAMILY-21__MOTHER__FM021_M2__local.png
train,1,distorted,quality_augmented_v3_distorted,faint,local,data\classifier_v3\train\distorted\FAMILY-21__MOTHER__FM021_M4__local.png,data\classifier_v4\train\distorted\qaug_dist_0193__faint__local__FAMILY-21__MOTHER__FM021_M4__local.png
train,1,distorted,quality_augmented_v3_distorted,partial,local,data\classifier_v3\train\distorted\FAMILY-24__FATHER__FM024_F1__local.png,data\classifier_v4\train\distorted\qaug_dist_0194__partial__local__FAMILY-24__FATHER__FM024_F1__local.png
train,1,distorted,quality_augmented_v3_distorted,partial,local,data\classifier_v3\train\distorted\FAMILY-24__FATHER__FM024_F4__local.png,data\classifier_v4\train\distorted\qaug_dist_0195__partial__local__FAMILY-24__FATHER__FM024_F4__local.png
train,1,distorted,quality_augmented_v3_distorted,partial,local,data\classifier_v3\train\distorted\FAMILY-25__CHILD__FM025_C1__local.png,data\classifier_v4\train\distorted\qaug_dist_0196__partial__local__FAMILY-25__CHILD__FM025_C1__local.png
train,1,distorted,quality_augmented_v3_distorted,faint,local,data\classifier_v3\train\distorted\FAMILY-25__CHILD__FM025_C5__local.png,data\classifier_v4\train\distorted\qaug_dist_0197__faint__local__FAMILY-25__CHILD__FM025_C5__local.png
train,1,distorted,quality_augmented_v3_distorted,overinked,local,data\classifier_v3\train\distorted\FAMILY-25__FATHER__FM025_F1__local.png,data\classifier_v4\train\distorted\qaug_dist_0198__overinked__local__FAMILY-25__FATHER__FM025_F1__local.png
train,1,distorted,quality_augmented_v3_distorted,partial,local,data\classifier_v3\train\distorted\FAMILY-25__FATHER__FM025_F3__local.png,data\classifier_v4\train\distorted\qaug_dist_0199__partial__local__FAMILY-25__FATHER__FM025_F3__local.png
train,1,distorted,quality_augmented_v3_distorted,partial,local,data\classifier_v3\train\distorted\FAMILY-25__FATHER__FM025_F5__local.png,data\classifier_v4\train\distorted\qaug_dist_0200__partial__local__FAMILY-25__FATHER__FM025_F5__local.png
train,1,distorted,quality_augmented_v3_distorted,overinked,local,data\classifier_v3\train\distorted\FAMILY-26__FATHER__FM026_F3__local.png,data\classifier_v4\train\distorted\qaug_dist_0201__overinked__local__FAMILY-26__FATHER__FM026_F3__local.png
train,1,distorted,quality_augmented_v3_distorted,overinked,local,data\classifier_v3\train\distorted\FAMILY-26__MOTHER__FM026_M1__local.png,data\classifier_v4\train\distorted\qaug_dist_0202__overinked__local__FAMILY-26__MOTHER__FM026_M1__local.png
train,1,distorted,quality_augmented_v3_distorted,faint,local,data\classifier_v3\train\distorted\FAMILY-27__CHILD__FM027_C2__local.png,data\classifier_v4\train\distorted\qaug_dist_0203__faint__local__FAMILY-27__CHILD__FM027_C2__local.png
train,1,distorted,quality_augmented_v3_distorted,faint,local,data\classifier_v3\train\distorted\FAMILY-27__FATHER__FM027_F3__local.png,data\classifier_v4\train\distorted\qaug_dist_0204__faint__local__FAMILY-27__FATHER__FM027_F3__local.png
train,1,distorted,quality_augmented_v3_distorted,partial,local,data\classifier_v3\train\distorted\FAMILY-27__MOTHER__FM027_M3__local.png,data\classifier_v4\train\distorted\qaug_dist_0205__partial__local__FAMILY-27__MOTHER__FM027_M3__local.png
train,1,distorted,quality_augmented_v3_distorted,partial,local,data\classifier_v3\train\distorted\FAMILY-28__CHILD__FM028_C5__local.png,data\classifier_v4\train\distorted\qaug_dist_0206__partial__local__FAMILY-28__CHILD__FM028_C5__local.png
train,1,distorted,quality_augmented_v3_distorted,faint,local,data\classifier_v3\train\distorted\FAMILY-28__FATHER__FM028_F1__local.png,data\classifier_v4\train\distorted\qaug_dist_0207__faint__local__FAMILY-28__FATHER__FM028_F1__local.png
train,1,distorted,quality_augmented_v3_distorted,overinked,local,data\classifier_v3\train\distorted\FAMILY-28__MOTHER__FM028_M3__local.png,data\classifier_v4\train\distorted\qaug_dist_0208__overinked__local__FAMILY-28__MOTHER__FM028_M3__local.png
train,1,distorted,quality_augmented_v3_distorted,overinked,local,data\classifier_v3\train\distorted\FAMILY-29__CHILD__FM029_C3__local.png,data\classifier_v4\train\distorted\qaug_dist_0209__overinked__local__FAMILY-29__CHILD__FM029_C3__local.png
train,1,distorted,quality_augmented_v3_distorted,faint,local,data\classifier_v3\train\distorted\FAMILY-29__MOTHER__FM029_M5__local.png,data\classifier_v4\train\distorted\qaug_dist_0210__faint__local__FAMILY-29__MOTHER__FM029_M5__local.png
train,1,distorted,quality_augmented_v3_distorted,overinked,local,data\classifier_v3\train\distorted\FAMILY-2__CHILD__FM002_C1__local.png,data\classifier_v4\train\distorted\qaug_dist_0211__overinked__local__FAMILY-2__CHILD__FM002_C1__local.png
train,1,distorted,quality_augmented_v3_distorted,partial,local,data\classifier_v3\train\distorted\FAMILY-2__CHILD__FM002_C2__local.png,data\classifier_v4\train\distorted\qaug_dist_0212__partial__local__FAMILY-2__CHILD__FM002_C2__local.png
train,1,distorted,quality_augmented_v3_distorted,faint,local,data\classifier_v3\train\distorted\FAMILY-2__MOTHER__FM002_M5__local.png,data\classifier_v4\train\distorted\qaug_dist_0213__faint__local__FAMILY-2__MOTHER__FM002_M5__local.png
train,1,distorted,quality_augmented_v3_distorted,overinked,local,data\classifier_v3\train\distorted\FAMILY-30__CHILD__FM030_C2__local.png,data\classifier_v4\train\distorted\qaug_dist_0214__overinked__local__FAMILY-30__CHILD__FM030_C2__local.png
train,1,distorted,quality_augmented_v3_distorted,partial,local,data\classifier_v3\train\distorted\FAMILY-30__FATHER__FM030_F4__local.png,data\classifier_v4\train\distorted\qaug_dist_0215__partial__local__FAMILY-30__FATHER__FM030_F4__local.png
train,1,distorted,quality_augmented_v3_distorted,overinked,local,data\classifier_v3\train\distorted\FAMILY-30__FATHER__FM030_F5__local.png,data\classifier_v4\train\distorted\qaug_dist_0216__overinked__local__FAMILY-30__FATHER__FM030_F5__local.png
train,1,distorted,quality_augmented_v3_distorted,overinked,local,data\classifier_v3\train\distorted\FAMILY-32__CHILD__FM032_C1__local.png,data\classifier_v4\train\distorted\qaug_dist_0217__overinked__local__FAMILY-32__CHILD__FM032_C1__local.png
train,1,distorted,quality_augmented_v3_distorted,partial,local,data\classifier_v3\train\distorted\FAMILY-32__FATHER__FM032_F2__local.png,data\classifier_v4\train\distorted\qaug_dist_0218__partial__local__FAMILY-32__FATHER__FM032_F2__local.png
train,1,distorted,quality_augmented_v3_distorted,faint,local,data\classifier_v3\train\distorted\FAMILY-32__FATHER__FM032_F3__local.png,data\classifier_v4\train\distorted\qaug_dist_0219__faint__local__FAMILY-32__FATHER__FM032_F3__local.png
train,1,distorted,quality_augmented_v3_distorted,faint,local,data\classifier_v3\train\distorted\FAMILY-32__FATHER__FM032_F5__local.png,data\classifier_v4\train\distorted\qaug_dist_0220__faint__local__FAMILY-32__FATHER__FM032_F5__local.png
train,1,distorted,quality_augmented_v3_distorted,partial,local,data\classifier_v3\train\distorted\FAMILY-32__MOTHER__FM032_M3__local.png,data\classifier_v4\train\distorted\qaug_dist_0221__partial__local__FAMILY-32__MOTHER__FM032_M3__local.png
train,1,distorted,quality_augmented_v3_distorted,partial,local,data\classifier_v3\train\distorted\FAMILY-34__FATHER__FM034_F4__local.png,data\classifier_v4\train\distorted\qaug_dist_0222__partial__local__FAMILY-34__FATHER__FM034_F4__local.png
train,1,distorted,quality_augmented_v3_distorted,overinked,local,data\classifier_v3\train\distorted\FAMILY-34__MOTHER__FM034_M3__local.png,data\classifier_v4\train\distorted\qaug_dist_0223__overinked__local__FAMILY-34__MOTHER__FM034_M3__local.png
train,1,distorted,quality_augmented_v3_distorted,overinked,local,data\classifier_v3\train\distorted\FAMILY-38__CHILD__FM038_C1__local.png,data\classifier_v4\train\distorted\qaug_dist_0224__overinked__local__FAMILY-38__CHILD__FM038_C1__local.png
train,1,distorted,quality_augmented_v3_distorted,partial,local,data\classifier_v3\train\distorted\FAMILY-38__CHILD__FM038_C2__local.png,data\classifier_v4\train\distorted\qaug_dist_0225__partial__local__FAMILY-38__CHILD__FM038_C2__local.png
train,1,distorted,quality_augmented_v3_distorted,overinked,local,data\classifier_v3\train\distorted\FAMILY-39__CHILD__FM039_C4__local.png,data\classifier_v4\train\distorted\qaug_dist_0226__overinked__local__FAMILY-39__CHILD__FM039_C4__local.png
train,1,distorted,quality_augmented_v3_distorted,partial,local,data\classifier_v3\train\distorted\FAMILY-39__CHILD__FM039_C5__local.png,data\classifier_v4\train\distorted\qaug_dist_0227__partial__local__FAMILY-39__CHILD__FM039_C5__local.png
train,1,distorted,quality_augmented_v3_distorted,faint,local,data\classifier_v3\train\distorted\FAMILY-3__CHILD__FM003_C1__local.png,data\classifier_v4\train\distorted\qaug_dist_0228__faint__local__FAMILY-3__CHILD__FM003_C1__local.png
train,1,distorted,quality_augmented_v3_distorted,partial,local,data\classifier_v3\train\distorted\FAMILY-40__CHILD__FM040_C5__local.png,data\classifier_v4\train\distorted\qaug_dist_0229__partial__local__FAMILY-40__CHILD__FM040_C5__local.png
train,1,distorted,quality_augmented_v3_distorted,overinked,local,data\classifier_v3\train\distorted\FAMILY-40__FATHER__FM040_F5__local.png,data\classifier_v4\train\distorted\qaug_dist_0230__overinked__local__FAMILY-40__FATHER__FM040_F5__local.png
train,1,distorted,quality_augmented_v3_distorted,overinked,local,data\classifier_v3\train\distorted\FAMILY-40__MOTHER__FM040_M1__local.png,data\classifier_v4\train\distorted\qaug_dist_0231__overinked__local__FAMILY-40__MOTHER__FM040_M1__local.png
train,1,distorted,quality_augmented_v3_distorted,faint,local,data\classifier_v3\train\distorted\FAMILY-40__MOTHER__FM040_M3__local.png,data\classifier_v4\train\distorted\qaug_dist_0232__faint__local__FAMILY-40__MOTHER__FM040_M3__local.png
train,1,distorted,quality_augmented_v3_distorted,overinked,local,data\classifier_v3\train\distorted\FAMILY-41__CHILD__FM041_C4__local.png,data\classifier_v4\train\distorted\qaug_dist_0233__overinked__local__FAMILY-41__CHILD__FM041_C4__local.png
train,1,distorted,quality_augmented_v3_distorted,faint,local,data\classifier_v3\train\distorted\FAMILY-41__FATHER__FM041_F3__local.png,data\classifier_v4\train\distorted\qaug_dist_0234__faint__local__FAMILY-41__FATHER__FM041_F3__local.png
train,1,distorted,quality_augmented_v3_distorted,faint,local,data\classifier_v3\train\distorted\FAMILY-41__MOTHER__FM041_M1__local.png,data\classifier_v4\train\distorted\qaug_dist_0235__faint__local__FAMILY-41__MOTHER__FM041_M1__local.png
train,1,distorted,quality_augmented_v3_distorted,faint,local,data\classifier_v3\train\distorted\FAMILY-41__MOTHER__FM041_M3__local.png,data\classifier_v4\train\distorted\qaug_dist_0236__faint__local__FAMILY-41__MOTHER__FM041_M3__local.png
train,1,distorted,quality_augmented_v3_distorted,overinked,local,data\classifier_v3\train\distorted\FAMILY-43__CHILD__FM043_C1__local.png,data\classifier_v4\train\distorted\qaug_dist_0237__overinked__local__FAMILY-43__CHILD__FM043_C1__local.png
train,1,distorted,quality_augmented_v3_distorted,faint,local,data\classifier_v3\train\distorted\FAMILY-43__FATHER__FM043_F2__local.png,data\classifier_v4\train\distorted\qaug_dist_0238__faint__local__FAMILY-43__FATHER__FM043_F2__local.png
train,1,distorted,quality_augmented_v3_distorted,overinked,local,data\classifier_v3\train\distorted\FAMILY-43__MOTHER__FM043_M3__local.png,data\classifier_v4\train\distorted\qaug_dist_0239__overinked__local__FAMILY-43__MOTHER__FM043_M3__local.png
train,1,distorted,quality_augmented_v3_distorted,faint,local,data\classifier_v3\train\distorted\FAMILY-43__MOTHER__FM043_M5__local.png,data\classifier_v4\train\distorted\qaug_dist_0240__faint__local__FAMILY-43__MOTHER__FM043_M5__local.png
train,1,distorted,quality_augmented_v3_distorted,overinked,local,data\classifier_v3\train\distorted\FAMILY-44__FATHER__FM044_F1__local.png,data\classifier_v4\train\distorted\qaug_dist_0241__overinked__local__FAMILY-44__FATHER__FM044_F1__local.png
train,1,distorted,quality_augmented_v3_distorted,partial,local,data\classifier_v3\train\distorted\FAMILY-44__FATHER__FM044_F4__local.png,data\classifier_v4\train\distorted\qaug_dist_0242__partial__local__FAMILY-44__FATHER__FM044_F4__local.png
train,1,distorted,quality_augmented_v3_distorted,faint,local,data\classifier_v3\train\distorted\FAMILY-46__CHILD__FM046_C1__local.png,data\classifier_v4\train\distorted\qaug_dist_0243__faint__local__FAMILY-46__CHILD__FM046_C1__local.png
train,1,distorted,quality_augmented_v3_distorted,faint,local,data\classifier_v3\train\distorted\FAMILY-46__FATHER__FM046_F1__local.png,data\classifier_v4\train\distorted\qaug_dist_0244__faint__local__FAMILY-46__FATHER__FM046_F1__local.png
train,1,distorted,quality_augmented_v3_distorted,partial,local,data\classifier_v3\train\distorted\FAMILY-46__FATHER__FM046_F5__local.png,data\classifier_v4\train\distorted\qaug_dist_0245__partial__local__FAMILY-46__FATHER__FM046_F5__local.png
train,1,distorted,quality_augmented_v3_distorted,faint,local,data\classifier_v3\train\distorted\FAMILY-47__CHILD__FM047_C2__local.png,data\classifier_v4\train\distorted\qaug_dist_0246__faint__local__FAMILY-47__CHILD__FM047_C2__local.png
train,1,distorted,quality_augmented_v3_distorted,overinked,local,data\classifier_v3\train\distorted\FAMILY-47__FATHER__FM047_F5__local.png,data\classifier_v4\train\distorted\qaug_dist_0247__overinked__local__FAMILY-47__FATHER__FM047_F5__local.png
train,1,distorted,quality_augmented_v3_distorted,faint,local,data\classifier_v3\train\distorted\FAMILY-49__CHILD__FM049_C4__local.png,data\classifier_v4\train\distorted\qaug_dist_0248__faint__local__FAMILY-49__CHILD__FM049_C4__local.png
train,1,distorted,quality_augmented_v3_distorted,overinked,local,data\classifier_v3\train\distorted\FAMILY-49__FATHER__FM049_F1__local.png,data\classifier_v4\train\distorted\qaug_dist_0249__overinked__local__FAMILY-49__FATHER__FM049_F1__local.png
train,1,distorted,quality_augmented_v3_distorted,partial,local,data\classifier_v3\train\distorted\FAMILY-49__MOTHER__FM049_M2__local.png,data\classifier_v4\train\distorted\qaug_dist_0250__partial__local__FAMILY-49__MOTHER__FM049_M2__local.png
train,1,distorted,quality_augmented_v3_distorted,faint,local,data\classifier_v3\train\distorted\FAMILY-4__FATHER__FM004_F1__local.png,data\classifier_v4\train\distorted\qaug_dist_0251__faint__local__FAMILY-4__FATHER__FM004_F1__local.png
train,1,distorted,quality_augmented_v3_distorted,faint,local,data\classifier_v3\train\distorted\FAMILY-4__FATHER__FM004_F4__local.png,data\classifier_v4\train\distorted\qaug_dist_0252__faint__local__FAMILY-4__FATHER__FM004_F4__local.png
train,1,distorted,quality_augmented_v3_distorted,partial,local,data\classifier_v3\train\distorted\FAMILY-4__FATHER__FM004_F5__local.png,data\classifier_v4\train\distorted\qaug_dist_0253__partial__local__FAMILY-4__FATHER__FM004_F5__local.png
train,1,distorted,quality_augmented_v3_distorted,faint,local,data\classifier_v3\train\distorted\FAMILY-51__FATHER__FM051_F3__local.png,data\classifier_v4\train\distorted\qaug_dist_0254__faint__local__FAMILY-51__FATHER__FM051_F3__local.png
train,1,distorted,quality_augmented_v3_distorted,overinked,local,data\classifier_v3\train\distorted\FAMILY-51__MOTHER__FM051_M1__local.png,data\classifier_v4\train\distorted\qaug_dist_0255__overinked__local__FAMILY-51__MOTHER__FM051_M1__local.png
train,1,distorted,quality_augmented_v3_distorted,partial,local,data\classifier_v3\train\distorted\FAMILY-51__MOTHER__FM051_M3__local.png,data\classifier_v4\train\distorted\qaug_dist_0256__partial__local__FAMILY-51__MOTHER__FM051_M3__local.png
train,1,distorted,quality_augmented_v3_distorted,faint,local,data\classifier_v3\train\distorted\FAMILY-52__CHILD__FM052_C5__local.png,data\classifier_v4\train\distorted\qaug_dist_0257__faint__local__FAMILY-52__CHILD__FM052_C5__local.png
train,1,distorted,quality_augmented_v3_distorted,faint,local,data\classifier_v3\train\distorted\FAMILY-52__MOTHER__FM052_M1__local.png,data\classifier_v4\train\distorted\qaug_dist_0258__faint__local__FAMILY-52__MOTHER__FM052_M1__local.png
train,1,distorted,quality_augmented_v3_distorted,faint,local,data\classifier_v3\train\distorted\FAMILY-52__MOTHER__FM052_M4__local.png,data\classifier_v4\train\distorted\qaug_dist_0259__faint__local__FAMILY-52__MOTHER__FM052_M4__local.png
train,1,distorted,quality_augmented_v3_distorted,overinked,local,data\classifier_v3\train\distorted\FAMILY-53__CHILD__FM053_C5__local.png,data\classifier_v4\train\distorted\qaug_dist_0260__overinked__local__FAMILY-53__CHILD__FM053_C5__local.png
train,1,distorted,quality_augmented_v3_distorted,partial,local,data\classifier_v3\train\distorted\FAMILY-53__MOTHER__FM053_M2__local.png,data\classifier_v4\train\distorted\qaug_dist_0261__partial__local__FAMILY-53__MOTHER__FM053_M2__local.png
train,1,distorted,quality_augmented_v3_distorted,partial,local,data\classifier_v3\train\distorted\FAMILY-56__CHILD__FM056_C1__local.png,data\classifier_v4\train\distorted\qaug_dist_0262__partial__local__FAMILY-56__CHILD__FM056_C1__local.png
train,1,distorted,quality_augmented_v3_distorted,faint,local,data\classifier_v3\train\distorted\FAMILY-56__CHILD__FM056_C2__local.png,data\classifier_v4\train\distorted\qaug_dist_0263__faint__local__FAMILY-56__CHILD__FM056_C2__local.png
train,1,distorted,quality_augmented_v3_distorted,partial,local,data\classifier_v3\train\distorted\FAMILY-56__CHILD__FM056_C4__local.png,data\classifier_v4\train\distorted\qaug_dist_0264__partial__local__FAMILY-56__CHILD__FM056_C4__local.png
train,1,distorted,quality_augmented_v3_distorted,faint,local,data\classifier_v3\train\distorted\FAMILY-56__FATHER__FM056_F2__local.png,data\classifier_v4\train\distorted\qaug_dist_0265__faint__local__FAMILY-56__FATHER__FM056_F2__local.png
train,1,distorted,quality_augmented_v3_distorted,faint,local,data\classifier_v3\train\distorted\FAMILY-56__MOTHER__FM056_M1__local.png,data\classifier_v4\train\distorted\qaug_dist_0266__faint__local__FAMILY-56__MOTHER__FM056_M1__local.png
train,1,distorted,quality_augmented_v3_distorted,partial,local,data\classifier_v3\train\distorted\FAMILY-56__MOTHER__FM056_M2__local.png,data\classifier_v4\train\distorted\qaug_dist_0267__partial__local__FAMILY-56__MOTHER__FM056_M2__local.png
train,1,distorted,quality_augmented_v3_distorted,overinked,local,data\classifier_v3\train\distorted\FAMILY-56__MOTHER__FM056_M4__local.png,data\classifier_v4\train\distorted\qaug_dist_0268__overinked__local__FAMILY-56__MOTHER__FM056_M4__local.png
train,1,distorted,quality_augmented_v3_distorted,faint,local,data\classifier_v3\train\distorted\FAMILY-57__FATHER__FM057_F2__local.png,data\classifier_v4\train\distorted\qaug_dist_0269__faint__local__FAMILY-57__FATHER__FM057_F2__local.png
train,1,distorted,quality_augmented_v3_distorted,partial,local,data\classifier_v3\train\distorted\FAMILY-57__MOTHER__FM057_M1__local.png,data\classifier_v4\train\distorted\qaug_dist_0270__partial__local__FAMILY-57__MOTHER__FM057_M1__local.png
train,1,distorted,quality_augmented_v3_distorted,faint,local,data\classifier_v3\train\distorted\FAMILY-58__CHILD__FM058_C4__local.png,data\classifier_v4\train\distorted\qaug_dist_0271__faint__local__FAMILY-58__CHILD__FM058_C4__local.png
train,1,distorted,quality_augmented_v3_distorted,partial,local,data\classifier_v3\train\distorted\FAMILY-58__MOTHER__FM058_M1__local.png,data\classifier_v4\train\distorted\qaug_dist_0272__partial__local__FAMILY-58__MOTHER__FM058_M1__local.png
train,1,distorted,quality_augmented_v3_distorted,faint,local,data\classifier_v3\train\distorted\FAMILY-5__CHILD__FM005_C2__local.png,data\classifier_v4\train\distorted\qaug_dist_0273__faint__local__FAMILY-5__CHILD__FM005_C2__local.png
train,1,distorted,quality_augmented_v3_distorted,partial,local,data\classifier_v3\train\distorted\FAMILY-5__FATHER__FM005_F2__local.png,data\classifier_v4\train\distorted\qaug_dist_0274__partial__local__FAMILY-5__FATHER__FM005_F2__local.png
train,1,distorted,quality_augmented_v3_distorted,faint,local,data\classifier_v3\train\distorted\FAMILY-60__CHILD__FM060_C1__local.png,data\classifier_v4\train\distorted\qaug_dist_0275__faint__local__FAMILY-60__CHILD__FM060_C1__local.png
train,1,distorted,quality_augmented_v3_distorted,overinked,local,data\classifier_v3\train\distorted\FAMILY-60__CHILD__FM060_C3__local.png,data\classifier_v4\train\distorted\qaug_dist_0276__overinked__local__FAMILY-60__CHILD__FM060_C3__local.png
train,1,distorted,quality_augmented_v3_distorted,overinked,local,data\classifier_v3\train\distorted\FAMILY-61__MOTHER__FM061_M3__local.png,data\classifier_v4\train\distorted\qaug_dist_0277__overinked__local__FAMILY-61__MOTHER__FM061_M3__local.png
train,1,distorted,quality_augmented_v3_distorted,faint,local,data\classifier_v3\train\distorted\FAMILY-62__FATHER__FM062_F5__local.png,data\classifier_v4\train\distorted\qaug_dist_0278__faint__local__FAMILY-62__FATHER__FM062_F5__local.png
train,1,distorted,quality_augmented_v3_distorted,overinked,local,data\classifier_v3\train\distorted\FAMILY-62__MOTHER__FM062_M4__local.png,data\classifier_v4\train\distorted\qaug_dist_0279__overinked__local__FAMILY-62__MOTHER__FM062_M4__local.png
train,1,distorted,quality_augmented_v3_distorted,faint,local,data\classifier_v3\train\distorted\FAMILY-63__CHILD__FM063_C1__local.png,data\classifier_v4\train\distorted\qaug_dist_0280__faint__local__FAMILY-63__CHILD__FM063_C1__local.png
train,1,distorted,quality_augmented_v3_distorted,partial,local,data\classifier_v3\train\distorted\FAMILY-63__CHILD__FM063_C3__local.png,data\classifier_v4\train\distorted\qaug_dist_0281__partial__local__FAMILY-63__CHILD__FM063_C3__local.png
train,1,distorted,quality_augmented_v3_distorted,faint,local,data\classifier_v3\train\distorted\FAMILY-63__FATHER__FM063_F3__local.png,data\classifier_v4\train\distorted\qaug_dist_0282__faint__local__FAMILY-63__FATHER__FM063_F3__local.png
train,1,distorted,quality_augmented_v3_distorted,faint,local,data\classifier_v3\train\distorted\FAMILY-63__FATHER__FM063_F5__local.png,data\classifier_v4\train\distorted\qaug_dist_0283__faint__local__FAMILY-63__FATHER__FM063_F5__local.png
train,1,distorted,quality_augmented_v3_distorted,partial,local,data\classifier_v3\train\distorted\FAMILY-63__MOTHER__FM063_M5__local.png,data\classifier_v4\train\distorted\qaug_dist_0284__partial__local__FAMILY-63__MOTHER__FM063_M5__local.png
train,1,distorted,quality_augmented_v3_distorted,overinked,local,data\classifier_v3\train\distorted\FAMILY-64__CHILD__FM064_C1__local.png,data\classifier_v4\train\distorted\qaug_dist_0285__overinked__local__FAMILY-64__CHILD__FM064_C1__local.png
train,1,distorted,quality_augmented_v3_distorted,overinked,local,data\classifier_v3\train\distorted\FAMILY-64__CHILD__FM064_C3__local.png,data\classifier_v4\train\distorted\qaug_dist_0286__overinked__local__FAMILY-64__CHILD__FM064_C3__local.png
train,1,distorted,quality_augmented_v3_distorted,overinked,local,data\classifier_v3\train\distorted\FAMILY-64__FATHER__FM064_F1__local.png,data\classifier_v4\train\distorted\qaug_dist_0287__overinked__local__FAMILY-64__FATHER__FM064_F1__local.png
train,1,distorted,quality_augmented_v3_distorted,faint,local,data\classifier_v3\train\distorted\FAMILY-64__FATHER__FM064_F5__local.png,data\classifier_v4\train\distorted\qaug_dist_0288__faint__local__FAMILY-64__FATHER__FM064_F5__local.png
train,1,distorted,quality_augmented_v3_distorted,faint,local,data\classifier_v3\train\distorted\FAMILY-64__MOTHER__FM064_M1__local.png,data\classifier_v4\train\distorted\qaug_dist_0289__faint__local__FAMILY-64__MOTHER__FM064_M1__local.png
train,1,distorted,quality_augmented_v3_distorted,overinked,local,data\classifier_v3\train\distorted\FAMILY-64__MOTHER__FM064_M4__local.png,data\classifier_v4\train\distorted\qaug_dist_0290__overinked__local__FAMILY-64__MOTHER__FM064_M4__local.png
train,1,distorted,quality_augmented_v3_distorted,faint,local,data\classifier_v3\train\distorted\FAMILY-69__CHILD__FM069_C2__local.png,data\classifier_v4\train\distorted\qaug_dist_0291__faint__local__FAMILY-69__CHILD__FM069_C2__local.png
train,1,distorted,quality_augmented_v3_distorted,partial,local,data\classifier_v3\train\distorted\FAMILY-69__FATHER__FM069_F2__local.png,data\classifier_v4\train\distorted\qaug_dist_0292__partial__local__FAMILY-69__FATHER__FM069_F2__local.png
train,1,distorted,quality_augmented_v3_distorted,faint,local,data\classifier_v3\train\distorted\FAMILY-69__FATHER__FM069_F5__local.png,data\classifier_v4\train\distorted\qaug_dist_0293__faint__local__FAMILY-69__FATHER__FM069_F5__local.png
train,1,distorted,quality_augmented_v3_distorted,overinked,local,data\classifier_v3\train\distorted\FAMILY-69__MOTHER__FM069_M3__local.png,data\classifier_v4\train\distorted\qaug_dist_0294__overinked__local__FAMILY-69__MOTHER__FM069_M3__local.png
train,1,distorted,quality_augmented_v3_distorted,overinked,local,data\classifier_v3\train\distorted\FAMILY-70__CHILD__FM070_C1__local.png,data\classifier_v4\train\distorted\qaug_dist_0295__overinked__local__FAMILY-70__CHILD__FM070_C1__local.png
train,1,distorted,quality_augmented_v3_distorted,overinked,local,data\classifier_v3\train\distorted\FAMILY-70__CHILD__FM070_C2__local.png,data\classifier_v4\train\distorted\qaug_dist_0296__overinked__local__FAMILY-70__CHILD__FM070_C2__local.png
train,1,distorted,quality_augmented_v3_distorted,faint,local,data\classifier_v3\train\distorted\FAMILY-70__FATHER__FM070_F3__local.png,data\classifier_v4\train\distorted\qaug_dist_0297__faint__local__FAMILY-70__FATHER__FM070_F3__local.png
train,1,distorted,quality_augmented_v3_distorted,partial,local,data\classifier_v3\train\distorted\FAMILY-71__CHILD__FM071_C3__local.png,data\classifier_v4\train\distorted\qaug_dist_0298__partial__local__FAMILY-71__CHILD__FM071_C3__local.png
train,1,distorted,quality_augmented_v3_distorted,faint,local,data\classifier_v3\train\distorted\FAMILY-71__CHILD__FM071_C4__local.png,data\classifier_v4\train\distorted\qaug_dist_0299__faint__local__FAMILY-71__CHILD__FM071_C4__local.png
train,1,distorted,quality_augmented_v3_distorted,faint,local,data\classifier_v3\train\distorted\FAMILY-71__FATHER__FM071_F4__local.png,data\classifier_v4\train\distorted\qaug_dist_0300__faint__local__FAMILY-71__FATHER__FM071_F4__local.png
train,1,distorted,quality_augmented_v3_distorted,partial,local,data\classifier_v3\train\distorted\FAMILY-71__MOTHER__FM071_M1__local.png,data\classifier_v4\train\distorted\qaug_dist_0301__partial__local__FAMILY-71__MOTHER__FM071_M1__local.png
train,1,distorted,quality_augmented_v3_distorted,partial,local,data\classifier_v3\train\distorted\FAMILY-72__MOTHER__FM072_M1__local.png,data\classifier_v4\train\distorted\qaug_dist_0302__partial__local__FAMILY-72__MOTHER__FM072_M1__local.png
train,1,distorted,quality_augmented_v3_distorted,faint,local,data\classifier_v3\train\distorted\FAMILY-72__MOTHER__FM072_M3__local.png,data\classifier_v4\train\distorted\qaug_dist_0303__faint__local__FAMILY-72__MOTHER__FM072_M3__local.png
train,1,distorted,quality_augmented_v3_distorted,overinked,local,data\classifier_v3\train\distorted\FAMILY-73__FATHER__FM073_F4__local.png,data\classifier_v4\train\distorted\qaug_dist_0304__overinked__local__FAMILY-73__FATHER__FM073_F4__local.png
train,1,distorted,quality_augmented_v3_distorted,faint,local,data\classifier_v3\train\distorted\FAMILY-73__MOTHER__FM073_M4__local.png,data\classifier_v4\train\distorted\qaug_dist_0305__faint__local__FAMILY-73__MOTHER__FM073_M4__local.png
train,1,distorted,quality_augmented_v3_distorted,faint,local,data\classifier_v3\train\distorted\FAMILY-74__CHILD__FM074_C4__local.png,data\classifier_v4\train\distorted\qaug_dist_0306__faint__local__FAMILY-74__CHILD__FM074_C4__local.png
train,1,distorted,quality_augmented_v3_distorted,overinked,local,data\classifier_v3\train\distorted\FAMILY-74__FATHER__FM074_F1__local.png,data\classifier_v4\train\distorted\qaug_dist_0307__overinked__local__FAMILY-74__FATHER__FM074_F1__local.png
train,1,distorted,quality_augmented_v3_distorted,faint,local,data\classifier_v3\train\distorted\FAMILY-74__FATHER__FM074_F3__local.png,data\classifier_v4\train\distorted\qaug_dist_0308__faint__local__FAMILY-74__FATHER__FM074_F3__local.png
train,1,distorted,quality_augmented_v3_distorted,overinked,local,data\classifier_v3\train\distorted\FAMILY-74__MOTHER__FM074_M2__local.png,data\classifier_v4\train\distorted\qaug_dist_0309__overinked__local__FAMILY-74__MOTHER__FM074_M2__local.png
train,1,distorted,quality_augmented_v3_distorted,partial,local,data\classifier_v3\train\distorted\FAMILY-76__CHILD__FM076_C1__local.png,data\classifier_v4\train\distorted\qaug_dist_0310__partial__local__FAMILY-76__CHILD__FM076_C1__local.png
train,1,distorted,quality_augmented_v3_distorted,faint,local,data\classifier_v3\train\distorted\FAMILY-76__MOTHER__FM076_M1__local.png,data\classifier_v4\train\distorted\qaug_dist_0311__faint__local__FAMILY-76__MOTHER__FM076_M1__local.png
train,1,distorted,quality_augmented_v3_distorted,partial,local,data\classifier_v3\train\distorted\FAMILY-76__MOTHER__FM076_M2__local.png,data\classifier_v4\train\distorted\qaug_dist_0312__partial__local__FAMILY-76__MOTHER__FM076_M2__local.png
train,1,distorted,quality_augmented_v3_distorted,partial,local,data\classifier_v3\train\distorted\FAMILY-77__CHILD__FM077_C2__local.png,data\classifier_v4\train\distorted\qaug_dist_0313__partial__local__FAMILY-77__CHILD__FM077_C2__local.png
train,1,distorted,quality_augmented_v3_distorted,overinked,local,data\classifier_v3\train\distorted\FAMILY-77__CHILD__FM077_C4__local.png,data\classifier_v4\train\distorted\qaug_dist_0314__overinked__local__FAMILY-77__CHILD__FM077_C4__local.png
train,1,distorted,quality_augmented_v3_distorted,partial,local,data\classifier_v3\train\distorted\FAMILY-77__CHILD__FM077_C5__local.png,data\classifier_v4\train\distorted\qaug_dist_0315__partial__local__FAMILY-77__CHILD__FM077_C5__local.png
train,1,distorted,quality_augmented_v3_distorted,faint,local,data\classifier_v3\train\distorted\FAMILY-77__FATHER__FM077_F4__local.png,data\classifier_v4\train\distorted\qaug_dist_0316__faint__local__FAMILY-77__FATHER__FM077_F4__local.png
train,1,distorted,quality_augmented_v3_distorted,partial,local,data\classifier_v3\train\distorted\FAMILY-79__FATHER__FM079_F3__local.png,data\classifier_v4\train\distorted\qaug_dist_0317__partial__local__FAMILY-79__FATHER__FM079_F3__local.png
train,1,distorted,quality_augmented_v3_distorted,faint,local,data\classifier_v3\train\distorted\FAMILY-80__CHILD__FM080_C5__local.png,data\classifier_v4\train\distorted\qaug_dist_0318__faint__local__FAMILY-80__CHILD__FM080_C5__local.png
train,1,distorted,quality_augmented_v3_distorted,faint,local,data\classifier_v3\train\distorted\FAMILY-80__FATHER__FM080_F1__local.png,data\classifier_v4\train\distorted\qaug_dist_0319__faint__local__FAMILY-80__FATHER__FM080_F1__local.png
train,1,distorted,quality_augmented_v3_distorted,faint,local,data\classifier_v3\train\distorted\FAMILY-80__FATHER__FM080_F3__local.png,data\classifier_v4\train\distorted\qaug_dist_0320__faint__local__FAMILY-80__FATHER__FM080_F3__local.png
train,1,distorted,quality_augmented_v3_distorted,overinked,local,data\classifier_v3\train\distorted\FAMILY-80__FATHER__FM080_F4__local.png,data\classifier_v4\train\distorted\qaug_dist_0321__overinked__local__FAMILY-80__FATHER__FM080_F4__local.png
train,1,distorted,quality_augmented_v3_distorted,overinked,local,data\classifier_v3\train\distorted\FAMILY-80__MOTHER__FM080_M4__local.png,data\classifier_v4\train\distorted\qaug_dist_0322__overinked__local__FAMILY-80__MOTHER__FM080_M4__local.png
train,1,distorted,quality_augmented_v3_distorted,overinked,local,data\classifier_v3\train\distorted\FAMILY-81__FATHER__FM081_F1__local.png,data\classifier_v4\train\distorted\qaug_dist_0323__overinked__local__FAMILY-81__FATHER__FM081_F1__local.png
train,1,distorted,quality_augmented_v3_distorted,overinked,local,data\classifier_v3\train\distorted\FAMILY-81__FATHER__FM081_F3__local.png,data\classifier_v4\train\distorted\qaug_dist_0324__overinked__local__FAMILY-81__FATHER__FM081_F3__local.png
train,1,distorted,quality_augmented_v3_distorted,partial,local,data\classifier_v3\train\distorted\FAMILY-81__MOTHER__FM081_M2__local.png,data\classifier_v4\train\distorted\qaug_dist_0325__partial__local__FAMILY-81__MOTHER__FM081_M2__local.png
train,1,distorted,quality_augmented_v3_distorted,faint,local,data\classifier_v3\train\distorted\FAMILY-82__MOTHER__FM082_M3__local.png,data\classifier_v4\train\distorted\qaug_dist_0326__faint__local__FAMILY-82__MOTHER__FM082_M3__local.png
train,1,distorted,quality_augmented_v3_distorted,partial,local,data\classifier_v3\train\distorted\FAMILY-85__FATHER__FM085_F4__local.png,data\classifier_v4\train\distorted\qaug_dist_0327__partial__local__FAMILY-85__FATHER__FM085_F4__local.png
train,1,distorted,quality_augmented_v3_distorted,faint,local,data\classifier_v3\train\distorted\FAMILY-87__FATHER__FM087_F5__local.png,data\classifier_v4\train\distorted\qaug_dist_0328__faint__local__FAMILY-87__FATHER__FM087_F5__local.png
train,1,distorted,quality_augmented_v3_distorted,overinked,local,data\classifier_v3\train\distorted\FAMILY-87__MOTHER__FM087_M2__local.png,data\classifier_v4\train\distorted\qaug_dist_0329__overinked__local__FAMILY-87__MOTHER__FM087_M2__local.png
train,1,distorted,quality_augmented_v3_distorted,faint,local,data\classifier_v3\train\distorted\FAMILY-88__CHILD__FM088_C4__local.png,data\classifier_v4\train\distorted\qaug_dist_0330__faint__local__FAMILY-88__CHILD__FM088_C4__local.png
train,1,distorted,quality_augmented_v3_distorted,faint,local,data\classifier_v3\train\distorted\FAMILY-8__CHILD__FM008_C3__local.png,data\classifier_v4\train\distorted\qaug_dist_0331__faint__local__FAMILY-8__CHILD__FM008_C3__local.png
train,1,distorted,quality_augmented_v3_distorted,overinked,local,data\classifier_v3\train\distorted\FAMILY-90__CHILD__FM090_C1__local.png,data\classifier_v4\train\distorted\qaug_dist_0332__overinked__local__FAMILY-90__CHILD__FM090_C1__local.png
train,1,distorted,quality_augmented_v3_distorted,faint,local,data\classifier_v3\train\distorted\FAMILY-90__CHILD__FM090_C3__local.png,data\classifier_v4\train\distorted\qaug_dist_0333__faint__local__FAMILY-90__CHILD__FM090_C3__local.png
train,1,distorted,quality_augmented_v3_distorted,faint,local,data\classifier_v3\train\distorted\FAMILY-90__FATHER__FM090_F2__local.png,data\classifier_v4\train\distorted\qaug_dist_0334__faint__local__FAMILY-90__FATHER__FM090_F2__local.png
train,1,distorted,quality_augmented_v3_distorted,overinked,local,data\classifier_v3\train\distorted\FAMILY-90__MOTHER__FM090_M3__local.png,data\classifier_v4\train\distorted\qaug_dist_0335__overinked__local__FAMILY-90__MOTHER__FM090_M3__local.png
train,1,distorted,quality_augmented_v3_distorted,overinked,local,data\classifier_v3\train\distorted\FAMILY-90__MOTHER__FM090_M4__local.png,data\classifier_v4\train\distorted\qaug_dist_0336__overinked__local__FAMILY-90__MOTHER__FM090_M4__local.png
train,1,distorted,quality_augmented_v3_distorted,partial,local,data\classifier_v3\train\distorted\FAMILY-92__FATHER__FM092_F4__local.png,data\classifier_v4\train\distorted\qaug_dist_0337__partial__local__FAMILY-92__FATHER__FM092_F4__local.png
train,1,distorted,quality_augmented_v3_distorted,overinked,local,data\classifier_v3\train\distorted\FAMILY-92__MOTHER__FM092_M4__local.png,data\classifier_v4\train\distorted\qaug_dist_0338__overinked__local__FAMILY-92__MOTHER__FM092_M4__local.png
train,1,distorted,quality_augmented_v3_distorted,overinked,local,data\classifier_v3\train\distorted\FAMILY-92__MOTHER__FM092_M5__local.png,data\classifier_v4\train\distorted\qaug_dist_0339__overinked__local__FAMILY-92__MOTHER__FM092_M5__local.png
train,1,distorted,quality_augmented_v3_distorted,faint,local,data\classifier_v3\train\distorted\FAMILY-93__MOTHER__FM093_M1__local.png,data\classifier_v4\train\distorted\qaug_dist_0340__faint__local__FAMILY-93__MOTHER__FM093_M1__local.png
train,1,distorted,quality_augmented_v3_distorted,partial,local,data\classifier_v3\train\distorted\FAMILY-94__CHILD__FM094_C4__local.png,data\classifier_v4\train\distorted\qaug_dist_0341__partial__local__FAMILY-94__CHILD__FM094_C4__local.png
train,1,distorted,quality_augmented_v3_distorted,partial,local,data\classifier_v3\train\distorted\FAMILY-94__FATHER__FM094_F4__local.png,data\classifier_v4\train\distorted\qaug_dist_0342__partial__local__FAMILY-94__FATHER__FM094_F4__local.png
train,1,distorted,quality_augmented_v3_distorted,overinked,local,data\classifier_v3\train\distorted\FAMILY-95__CHILD__FM095_C4__local.png,data\classifier_v4\train\distorted\qaug_dist_0343__overinked__local__FAMILY-95__CHILD__FM095_C4__local.png
train,1,distorted,quality_augmented_v3_distorted,faint,local,data\classifier_v3\train\distorted\FAMILY-95__FATHER__FM095_F5__local.png,data\classifier_v4\train\distorted\qaug_dist_0344__faint__local__FAMILY-95__FATHER__FM095_F5__local.png
train,1,distorted,quality_augmented_v3_distorted,partial,local,data\classifier_v3\train\distorted\FAMILY-95__MOTHER__FM095_M5__local.png,data\classifier_v4\train\distorted\qaug_dist_0345__partial__local__FAMILY-95__MOTHER__FM095_M5__local.png
train,1,distorted,quality_augmented_v3_distorted,partial,local,data\classifier_v3\train\distorted\FAMILY-96__CHILD__FM096_C3__local.png,data\classifier_v4\train\distorted\qaug_dist_0346__partial__local__FAMILY-96__CHILD__FM096_C3__local.png
train,1,distorted,quality_augmented_v3_distorted,faint,local,data\classifier_v3\train\distorted\FAMILY-96__FATHER__FM096_F4__local.png,data\classifier_v4\train\distorted\qaug_dist_0347__faint__local__FAMILY-96__FATHER__FM096_F4__local.png
train,1,distorted,quality_augmented_v3_distorted,faint,local,data\classifier_v3\train\distorted\FAMILY-97__CHILD__FM097_C1__local.png,data\classifier_v4\train\distorted\qaug_dist_0348__faint__local__FAMILY-97__CHILD__FM097_C1__local.png
train,1,distorted,quality_augmented_v3_distorted,partial,local,data\classifier_v3\train\distorted\FAMILY-98__CHILD__FM098_C2__local.png,data\classifier_v4\train\distorted\qaug_dist_0349__partial__local__FAMILY-98__CHILD__FM098_C2__local.png
train,1,distorted,quality_augmented_v3_distorted,partial,bending,data\classifier_v3\train\distorted\FAMILY-100__CHILD__FM100_C3__bending.png,data\classifier_v4\train\distorted\qaug_dist_0350__partial__bending__FAMILY-100__CHILD__FM100_C3__bending.png
train,1,distorted,quality_augmented_v3_distorted,faint,bending,data\classifier_v3\train\distorted\FAMILY-100__CHILD__FM100_C4__bending.png,data\classifier_v4\train\distorted\qaug_dist_0351__faint__bending__FAMILY-100__CHILD__FM100_C4__bending.png
train,1,distorted,quality_augmented_v3_distorted,overinked,bending,data\classifier_v3\train\distorted\FAMILY-100__CHILD__FM100_C5__bending.png,data\classifier_v4\train\distorted\qaug_dist_0352__overinked__bending__FAMILY-100__CHILD__FM100_C5__bending.png
train,1,distorted,quality_augmented_v3_distorted,overinked,bending,data\classifier_v3\train\distorted\FAMILY-100__MOTHER__FM100_M2__bending.png,data\classifier_v4\train\distorted\qaug_dist_0353__overinked__bending__FAMILY-100__MOTHER__FM100_M2__bending.png
train,1,distorted,quality_augmented_v3_distorted,partial,bending,data\classifier_v3\train\distorted\FAMILY-100__MOTHER__FM100_M3__bending.png,data\classifier_v4\train\distorted\qaug_dist_0354__partial__bending__FAMILY-100__MOTHER__FM100_M3__bending.png
train,1,distorted,quality_augmented_v3_distorted,partial,bending,data\classifier_v3\train\distorted\FAMILY-10__CHILD__FM010_C5__bending.png,data\classifier_v4\train\distorted\qaug_dist_0355__partial__bending__FAMILY-10__CHILD__FM010_C5__bending.png
train,1,distorted,quality_augmented_v3_distorted,partial,bending,data\classifier_v3\train\distorted\FAMILY-10__FATHER__FM010_F2__bending.png,data\classifier_v4\train\distorted\qaug_dist_0356__partial__bending__FAMILY-10__FATHER__FM010_F2__bending.png
train,1,distorted,quality_augmented_v3_distorted,faint,bending,data\classifier_v3\train\distorted\FAMILY-10__FATHER__FM010_F4__bending.png,data\classifier_v4\train\distorted\qaug_dist_0357__faint__bending__FAMILY-10__FATHER__FM010_F4__bending.png
train,1,distorted,quality_augmented_v3_distorted,partial,bending,data\classifier_v3\train\distorted\FAMILY-11__CHILD__FM011_C3__bending.png,data\classifier_v4\train\distorted\qaug_dist_0358__partial__bending__FAMILY-11__CHILD__FM011_C3__bending.png
train,1,distorted,quality_augmented_v3_distorted,partial,bending,data\classifier_v3\train\distorted\FAMILY-11__CHILD__FM011_C4__bending.png,data\classifier_v4\train\distorted\qaug_dist_0359__partial__bending__FAMILY-11__CHILD__FM011_C4__bending.png
train,1,distorted,quality_augmented_v3_distorted,overinked,bending,data\classifier_v3\train\distorted\FAMILY-11__FATHER__FM011_F4__bending.png,data\classifier_v4\train\distorted\qaug_dist_0360__overinked__bending__FAMILY-11__FATHER__FM011_F4__bending.png
train,1,distorted,quality_augmented_v3_distorted,partial,bending,data\classifier_v3\train\distorted\FAMILY-11__FATHER__FM011_F5__bending.png,data\classifier_v4\train\distorted\qaug_dist_0361__partial__bending__FAMILY-11__FATHER__FM011_F5__bending.png
train,1,distorted,quality_augmented_v3_distorted,faint,bending,data\classifier_v3\train\distorted\FAMILY-11__MOTHER__FM011_M1__bending.png,data\classifier_v4\train\distorted\qaug_dist_0362__faint__bending__FAMILY-11__MOTHER__FM011_M1__bending.png
train,1,distorted,quality_augmented_v3_distorted,overinked,bending,data\classifier_v3\train\distorted\FAMILY-17__CHILD__FM017_C2__bending.png,data\classifier_v4\train\distorted\qaug_dist_0363__overinked__bending__FAMILY-17__CHILD__FM017_C2__bending.png
train,1,distorted,quality_augmented_v3_distorted,overinked,bending,data\classifier_v3\train\distorted\FAMILY-17__CHILD__FM017_C3__bending.png,data\classifier_v4\train\distorted\qaug_dist_0364__overinked__bending__FAMILY-17__CHILD__FM017_C3__bending.png
train,1,distorted,quality_augmented_v3_distorted,faint,bending,data\classifier_v3\train\distorted\FAMILY-17__MOTHER__FM017_M4__bending.png,data\classifier_v4\train\distorted\qaug_dist_0365__faint__bending__FAMILY-17__MOTHER__FM017_M4__bending.png
train,1,distorted,quality_augmented_v3_distorted,faint,bending,data\classifier_v3\train\distorted\FAMILY-18__CHILD__FM018_C3__bending.png,data\classifier_v4\train\distorted\qaug_dist_0366__faint__bending__FAMILY-18__CHILD__FM018_C3__bending.png
train,1,distorted,quality_augmented_v3_distorted,partial,bending,data\classifier_v3\train\distorted\FAMILY-18__FATHER__FM018_F4__bending.png,data\classifier_v4\train\distorted\qaug_dist_0367__partial__bending__FAMILY-18__FATHER__FM018_F4__bending.png
train,1,distorted,quality_augmented_v3_distorted,overinked,bending,data\classifier_v3\train\distorted\FAMILY-18__MOTHER__FM018_M2__bending.png,data\classifier_v4\train\distorted\qaug_dist_0368__overinked__bending__FAMILY-18__MOTHER__FM018_M2__bending.png
train,1,distorted,quality_augmented_v3_distorted,overinked,bending,data\classifier_v3\train\distorted\FAMILY-18__MOTHER__FM018_M3__bending.png,data\classifier_v4\train\distorted\qaug_dist_0369__overinked__bending__FAMILY-18__MOTHER__FM018_M3__bending.png
train,1,distorted,quality_augmented_v3_distorted,overinked,bending,data\classifier_v3\train\distorted\FAMILY-19__MOTHER__FM019_M3__bending.png,data\classifier_v4\train\distorted\qaug_dist_0370__overinked__bending__FAMILY-19__MOTHER__FM019_M3__bending.png
train,1,distorted,quality_augmented_v3_distorted,faint,bending,data\classifier_v3\train\distorted\FAMILY-1__FATHER__FM001_F2__bending.png,data\classifier_v4\train\distorted\qaug_dist_0371__faint__bending__FAMILY-1__FATHER__FM001_F2__bending.png
train,1,distorted,quality_augmented_v3_distorted,overinked,bending,data\classifier_v3\train\distorted\FAMILY-21__FATHER__FM021_F4__bending.png,data\classifier_v4\train\distorted\qaug_dist_0372__overinked__bending__FAMILY-21__FATHER__FM021_F4__bending.png
train,1,distorted,quality_augmented_v3_distorted,partial,bending,data\classifier_v3\train\distorted\FAMILY-22__FATHER__FM022_F1__bending.png,data\classifier_v4\train\distorted\qaug_dist_0373__partial__bending__FAMILY-22__FATHER__FM022_F1__bending.png
train,1,distorted,quality_augmented_v3_distorted,partial,bending,data\classifier_v3\train\distorted\FAMILY-24__CHILD__FM024_C2__bending.png,data\classifier_v4\train\distorted\qaug_dist_0374__partial__bending__FAMILY-24__CHILD__FM024_C2__bending.png
train,1,distorted,quality_augmented_v3_distorted,partial,bending,data\classifier_v3\train\distorted\FAMILY-24__CHILD__FM024_C5__bending.png,data\classifier_v4\train\distorted\qaug_dist_0375__partial__bending__FAMILY-24__CHILD__FM024_C5__bending.png
train,1,distorted,quality_augmented_v3_distorted,faint,bending,data\classifier_v3\train\distorted\FAMILY-25__CHILD__FM025_C2__bending.png,data\classifier_v4\train\distorted\qaug_dist_0376__faint__bending__FAMILY-25__CHILD__FM025_C2__bending.png
train,1,distorted,quality_augmented_v3_distorted,partial,bending,data\classifier_v3\train\distorted\FAMILY-25__CHILD__FM025_C4__bending.png,data\classifier_v4\train\distorted\qaug_dist_0377__partial__bending__FAMILY-25__CHILD__FM025_C4__bending.png
train,1,distorted,quality_augmented_v3_distorted,overinked,bending,data\classifier_v3\train\distorted\FAMILY-25__FATHER__FM025_F2__bending.png,data\classifier_v4\train\distorted\qaug_dist_0378__overinked__bending__FAMILY-25__FATHER__FM025_F2__bending.png
train,1,distorted,quality_augmented_v3_distorted,overinked,bending,data\classifier_v3\train\distorted\FAMILY-25__MOTHER__FM025_M1__bending.png,data\classifier_v4\train\distorted\qaug_dist_0379__overinked__bending__FAMILY-25__MOTHER__FM025_M1__bending.png
train,1,distorted,quality_augmented_v3_distorted,faint,bending,data\classifier_v3\train\distorted\FAMILY-26__CHILD__FM026_C4__bending.png,data\classifier_v4\train\distorted\qaug_dist_0380__faint__bending__FAMILY-26__CHILD__FM026_C4__bending.png
train,1,distorted,quality_augmented_v3_distorted,partial,bending,data\classifier_v3\train\distorted\FAMILY-26__FATHER__FM026_F1__bending.png,data\classifier_v4\train\distorted\qaug_dist_0381__partial__bending__FAMILY-26__FATHER__FM026_F1__bending.png
train,1,distorted,quality_augmented_v3_distorted,overinked,bending,data\classifier_v3\train\distorted\FAMILY-26__FATHER__FM026_F2__bending.png,data\classifier_v4\train\distorted\qaug_dist_0382__overinked__bending__FAMILY-26__FATHER__FM026_F2__bending.png
train,1,distorted,quality_augmented_v3_distorted,partial,bending,data\classifier_v3\train\distorted\FAMILY-27__CHILD__FM027_C1__bending.png,data\classifier_v4\train\distorted\qaug_dist_0383__partial__bending__FAMILY-27__CHILD__FM027_C1__bending.png
train,1,distorted,quality_augmented_v3_distorted,partial,bending,data\classifier_v3\train\distorted\FAMILY-27__CHILD__FM027_C2__bending.png,data\classifier_v4\train\distorted\qaug_dist_0384__partial__bending__FAMILY-27__CHILD__FM027_C2__bending.png
train,1,distorted,quality_augmented_v3_distorted,faint,bending,data\classifier_v3\train\distorted\FAMILY-27__CHILD__FM027_C5__bending.png,data\classifier_v4\train\distorted\qaug_dist_0385__faint__bending__FAMILY-27__CHILD__FM027_C5__bending.png
train,1,distorted,quality_augmented_v3_distorted,overinked,bending,data\classifier_v3\train\distorted\FAMILY-28__MOTHER__FM028_M3__bending.png,data\classifier_v4\train\distorted\qaug_dist_0386__overinked__bending__FAMILY-28__MOTHER__FM028_M3__bending.png
train,1,distorted,quality_augmented_v3_distorted,faint,bending,data\classifier_v3\train\distorted\FAMILY-29__CHILD__FM029_C2__bending.png,data\classifier_v4\train\distorted\qaug_dist_0387__faint__bending__FAMILY-29__CHILD__FM029_C2__bending.png
train,1,distorted,quality_augmented_v3_distorted,faint,bending,data\classifier_v3\train\distorted\FAMILY-29__MOTHER__FM029_M1__bending.png,data\classifier_v4\train\distorted\qaug_dist_0388__faint__bending__FAMILY-29__MOTHER__FM029_M1__bending.png
train,1,distorted,quality_augmented_v3_distorted,partial,bending,data\classifier_v3\train\distorted\FAMILY-2__CHILD__FM002_C3__bending.png,data\classifier_v4\train\distorted\qaug_dist_0389__partial__bending__FAMILY-2__CHILD__FM002_C3__bending.png
train,1,distorted,quality_augmented_v3_distorted,overinked,bending,data\classifier_v3\train\distorted\FAMILY-2__FATHER__FM002_F2__bending.png,data\classifier_v4\train\distorted\qaug_dist_0390__overinked__bending__FAMILY-2__FATHER__FM002_F2__bending.png
train,1,distorted,quality_augmented_v3_distorted,faint,bending,data\classifier_v3\train\distorted\FAMILY-32__FATHER__FM032_F1__bending.png,data\classifier_v4\train\distorted\qaug_dist_0391__faint__bending__FAMILY-32__FATHER__FM032_F1__bending.png
train,1,distorted,quality_augmented_v3_distorted,faint,bending,data\classifier_v3\train\distorted\FAMILY-32__FATHER__FM032_F5__bending.png,data\classifier_v4\train\distorted\qaug_dist_0392__faint__bending__FAMILY-32__FATHER__FM032_F5__bending.png
train,1,distorted,quality_augmented_v3_distorted,overinked,bending,data\classifier_v3\train\distorted\FAMILY-33__CHILD__FM033_C5__bending.png,data\classifier_v4\train\distorted\qaug_dist_0393__overinked__bending__FAMILY-33__CHILD__FM033_C5__bending.png
train,1,distorted,quality_augmented_v3_distorted,overinked,bending,data\classifier_v3\train\distorted\FAMILY-33__FATHER__FM033_F2__bending.png,data\classifier_v4\train\distorted\qaug_dist_0394__overinked__bending__FAMILY-33__FATHER__FM033_F2__bending.png
train,1,distorted,quality_augmented_v3_distorted,overinked,bending,data\classifier_v3\train\distorted\FAMILY-33__FATHER__FM033_F5__bending.png,data\classifier_v4\train\distorted\qaug_dist_0395__overinked__bending__FAMILY-33__FATHER__FM033_F5__bending.png
train,1,distorted,quality_augmented_v3_distorted,faint,bending,data\classifier_v3\train\distorted\FAMILY-33__MOTHER__FM033_M2__bending.png,data\classifier_v4\train\distorted\qaug_dist_0396__faint__bending__FAMILY-33__MOTHER__FM033_M2__bending.png
train,1,distorted,quality_augmented_v3_distorted,partial,bending,data\classifier_v3\train\distorted\FAMILY-34__CHILD__FM034_C2__bending.png,data\classifier_v4\train\distorted\qaug_dist_0397__partial__bending__FAMILY-34__CHILD__FM034_C2__bending.png
train,1,distorted,quality_augmented_v3_distorted,faint,bending,data\classifier_v3\train\distorted\FAMILY-34__CHILD__FM034_C3__bending.png,data\classifier_v4\train\distorted\qaug_dist_0398__faint__bending__FAMILY-34__CHILD__FM034_C3__bending.png
train,1,distorted,quality_augmented_v3_distorted,faint,bending,data\classifier_v3\train\distorted\FAMILY-34__CHILD__FM034_C5__bending.png,data\classifier_v4\train\distorted\qaug_dist_0399__faint__bending__FAMILY-34__CHILD__FM034_C5__bending.png
train,1,distorted,quality_augmented_v3_distorted,overinked,bending,data\classifier_v3\train\distorted\FAMILY-34__FATHER__FM034_F5__bending.png,data\classifier_v4\train\distorted\qaug_dist_0400__overinked__bending__FAMILY-34__FATHER__FM034_F5__bending.png
train,1,distorted,quality_augmented_v3_distorted,partial,bending,data\classifier_v3\train\distorted\FAMILY-34__MOTHER__FM034_M1__bending.png,data\classifier_v4\train\distorted\qaug_dist_0401__partial__bending__FAMILY-34__MOTHER__FM034_M1__bending.png
train,1,distorted,quality_augmented_v3_distorted,overinked,bending,data\classifier_v3\train\distorted\FAMILY-38__CHILD__FM038_C1__bending.png,data\classifier_v4\train\distorted\qaug_dist_0402__overinked__bending__FAMILY-38__CHILD__FM038_C1__bending.png
train,1,distorted,quality_augmented_v3_distorted,faint,bending,data\classifier_v3\train\distorted\FAMILY-38__CHILD__FM038_C2__bending.png,data\classifier_v4\train\distorted\qaug_dist_0403__faint__bending__FAMILY-38__CHILD__FM038_C2__bending.png
train,1,distorted,quality_augmented_v3_distorted,partial,bending,data\classifier_v3\train\distorted\FAMILY-38__FATHER__FM038_F2__bending.png,data\classifier_v4\train\distorted\qaug_dist_0404__partial__bending__FAMILY-38__FATHER__FM038_F2__bending.png
train,1,distorted,quality_augmented_v3_distorted,overinked,bending,data\classifier_v3\train\distorted\FAMILY-38__MOTHER__FM038_M2__bending.png,data\classifier_v4\train\distorted\qaug_dist_0405__overinked__bending__FAMILY-38__MOTHER__FM038_M2__bending.png
train,1,distorted,quality_augmented_v3_distorted,partial,bending,data\classifier_v3\train\distorted\FAMILY-39__CHILD__FM039_C1__bending.png,data\classifier_v4\train\distorted\qaug_dist_0406__partial__bending__FAMILY-39__CHILD__FM039_C1__bending.png
train,1,distorted,quality_augmented_v3_distorted,faint,bending,data\classifier_v3\train\distorted\FAMILY-39__MOTHER__FM039_M4__bending.png,data\classifier_v4\train\distorted\qaug_dist_0407__faint__bending__FAMILY-39__MOTHER__FM039_M4__bending.png
train,1,distorted,quality_augmented_v3_distorted,overinked,bending,data\classifier_v3\train\distorted\FAMILY-3__CHILD__FM003_C4__bending.png,data\classifier_v4\train\distorted\qaug_dist_0408__overinked__bending__FAMILY-3__CHILD__FM003_C4__bending.png
train,1,distorted,quality_augmented_v3_distorted,faint,bending,data\classifier_v3\train\distorted\FAMILY-3__FATHER__FM003_F2__bending.png,data\classifier_v4\train\distorted\qaug_dist_0409__faint__bending__FAMILY-3__FATHER__FM003_F2__bending.png
train,1,distorted,quality_augmented_v3_distorted,overinked,bending,data\classifier_v3\train\distorted\FAMILY-3__FATHER__FM003_F3__bending.png,data\classifier_v4\train\distorted\qaug_dist_0410__overinked__bending__FAMILY-3__FATHER__FM003_F3__bending.png
train,1,distorted,quality_augmented_v3_distorted,overinked,bending,data\classifier_v3\train\distorted\FAMILY-3__MOTHER__FM003_M4__bending.png,data\classifier_v4\train\distorted\qaug_dist_0411__overinked__bending__FAMILY-3__MOTHER__FM003_M4__bending.png
train,1,distorted,quality_augmented_v3_distorted,partial,bending,data\classifier_v3\train\distorted\FAMILY-40__CHILD__FM040_C4__bending.png,data\classifier_v4\train\distorted\qaug_dist_0412__partial__bending__FAMILY-40__CHILD__FM040_C4__bending.png
train,1,distorted,quality_augmented_v3_distorted,faint,bending,data\classifier_v3\train\distorted\FAMILY-40__MOTHER__FM040_M3__bending.png,data\classifier_v4\train\distorted\qaug_dist_0413__faint__bending__FAMILY-40__MOTHER__FM040_M3__bending.png
train,1,distorted,quality_augmented_v3_distorted,partial,bending,data\classifier_v3\train\distorted\FAMILY-41__CHILD__FM041_C2__bending.png,data\classifier_v4\train\distorted\qaug_dist_0414__partial__bending__FAMILY-41__CHILD__FM041_C2__bending.png
train,1,distorted,quality_augmented_v3_distorted,overinked,bending,data\classifier_v3\train\distorted\FAMILY-41__CHILD__FM041_C5__bending.png,data\classifier_v4\train\distorted\qaug_dist_0415__overinked__bending__FAMILY-41__CHILD__FM041_C5__bending.png
train,1,distorted,quality_augmented_v3_distorted,partial,bending,data\classifier_v3\train\distorted\FAMILY-41__FATHER__FM041_F1__bending.png,data\classifier_v4\train\distorted\qaug_dist_0416__partial__bending__FAMILY-41__FATHER__FM041_F1__bending.png
train,1,distorted,quality_augmented_v3_distorted,partial,bending,data\classifier_v3\train\distorted\FAMILY-41__FATHER__FM041_F3__bending.png,data\classifier_v4\train\distorted\qaug_dist_0417__partial__bending__FAMILY-41__FATHER__FM041_F3__bending.png
train,1,distorted,quality_augmented_v3_distorted,partial,bending,data\classifier_v3\train\distorted\FAMILY-41__MOTHER__FM041_M3__bending.png,data\classifier_v4\train\distorted\qaug_dist_0418__partial__bending__FAMILY-41__MOTHER__FM041_M3__bending.png
train,1,distorted,quality_augmented_v3_distorted,partial,bending,data\classifier_v3\train\distorted\FAMILY-43__MOTHER__FM043_M2__bending.png,data\classifier_v4\train\distorted\qaug_dist_0419__partial__bending__FAMILY-43__MOTHER__FM043_M2__bending.png
train,1,distorted,quality_augmented_v3_distorted,partial,bending,data\classifier_v3\train\distorted\FAMILY-44__CHILD__FM044_C2__bending.png,data\classifier_v4\train\distorted\qaug_dist_0420__partial__bending__FAMILY-44__CHILD__FM044_C2__bending.png
train,1,distorted,quality_augmented_v3_distorted,faint,bending,data\classifier_v3\train\distorted\FAMILY-44__FATHER__FM044_F2__bending.png,data\classifier_v4\train\distorted\qaug_dist_0421__faint__bending__FAMILY-44__FATHER__FM044_F2__bending.png
train,1,distorted,quality_augmented_v3_distorted,overinked,bending,data\classifier_v3\train\distorted\FAMILY-46__MOTHER__FM046_M1__bending.png,data\classifier_v4\train\distorted\qaug_dist_0422__overinked__bending__FAMILY-46__MOTHER__FM046_M1__bending.png
train,1,distorted,quality_augmented_v3_distorted,overinked,bending,data\classifier_v3\train\distorted\FAMILY-47__MOTHER__FM047_M4__bending.png,data\classifier_v4\train\distorted\qaug_dist_0423__overinked__bending__FAMILY-47__MOTHER__FM047_M4__bending.png
train,1,distorted,quality_augmented_v3_distorted,partial,bending,data\classifier_v3\train\distorted\FAMILY-49__FATHER__FM049_F1__bending.png,data\classifier_v4\train\distorted\qaug_dist_0424__partial__bending__FAMILY-49__FATHER__FM049_F1__bending.png
train,1,distorted,quality_augmented_v3_distorted,overinked,bending,data\classifier_v3\train\distorted\FAMILY-49__MOTHER__FM049_M2__bending.png,data\classifier_v4\train\distorted\qaug_dist_0425__overinked__bending__FAMILY-49__MOTHER__FM049_M2__bending.png
train,1,distorted,quality_augmented_v3_distorted,partial,bending,data\classifier_v3\train\distorted\FAMILY-4__FATHER__FM004_F2__bending.png,data\classifier_v4\train\distorted\qaug_dist_0426__partial__bending__FAMILY-4__FATHER__FM004_F2__bending.png
train,1,distorted,quality_augmented_v3_distorted,faint,bending,data\classifier_v3\train\distorted\FAMILY-4__MOTHER__FM004_M1__bending.png,data\classifier_v4\train\distorted\qaug_dist_0427__faint__bending__FAMILY-4__MOTHER__FM004_M1__bending.png
train,1,distorted,quality_augmented_v3_distorted,overinked,bending,data\classifier_v3\train\distorted\FAMILY-51__CHILD__FM051_C4__bending.png,data\classifier_v4\train\distorted\qaug_dist_0428__overinked__bending__FAMILY-51__CHILD__FM051_C4__bending.png
train,1,distorted,quality_augmented_v3_distorted,overinked,bending,data\classifier_v3\train\distorted\FAMILY-51__FATHER__FM051_F4__bending.png,data\classifier_v4\train\distorted\qaug_dist_0429__overinked__bending__FAMILY-51__FATHER__FM051_F4__bending.png
train,1,distorted,quality_augmented_v3_distorted,partial,bending,data\classifier_v3\train\distorted\FAMILY-51__MOTHER__FM051_M5__bending.png,data\classifier_v4\train\distorted\qaug_dist_0430__partial__bending__FAMILY-51__MOTHER__FM051_M5__bending.png
train,1,distorted,quality_augmented_v3_distorted,partial,bending,data\classifier_v3\train\distorted\FAMILY-52__CHILD__FM052_C4__bending.png,data\classifier_v4\train\distorted\qaug_dist_0431__partial__bending__FAMILY-52__CHILD__FM052_C4__bending.png
train,1,distorted,quality_augmented_v3_distorted,overinked,bending,data\classifier_v3\train\distorted\FAMILY-52__FATHER__FM052_F4__bending.png,data\classifier_v4\train\distorted\qaug_dist_0432__overinked__bending__FAMILY-52__FATHER__FM052_F4__bending.png
train,1,distorted,quality_augmented_v3_distorted,partial,bending,data\classifier_v3\train\distorted\FAMILY-52__MOTHER__FM052_M1__bending.png,data\classifier_v4\train\distorted\qaug_dist_0433__partial__bending__FAMILY-52__MOTHER__FM052_M1__bending.png
train,1,distorted,quality_augmented_v3_distorted,faint,bending,data\classifier_v3\train\distorted\FAMILY-53__CHILD__FM053_C2__bending.png,data\classifier_v4\train\distorted\qaug_dist_0434__faint__bending__FAMILY-53__CHILD__FM053_C2__bending.png
train,1,distorted,quality_augmented_v3_distorted,overinked,bending,data\classifier_v3\train\distorted\FAMILY-53__CHILD__FM053_C4__bending.png,data\classifier_v4\train\distorted\qaug_dist_0435__overinked__bending__FAMILY-53__CHILD__FM053_C4__bending.png
train,1,distorted,quality_augmented_v3_distorted,faint,bending,data\classifier_v3\train\distorted\FAMILY-57__CHILD__FM057_C3__bending.png,data\classifier_v4\train\distorted\qaug_dist_0436__faint__bending__FAMILY-57__CHILD__FM057_C3__bending.png
train,1,distorted,quality_augmented_v3_distorted,overinked,bending,data\classifier_v3\train\distorted\FAMILY-57__FATHER__FM057_F1__bending.png,data\classifier_v4\train\distorted\qaug_dist_0437__overinked__bending__FAMILY-57__FATHER__FM057_F1__bending.png
train,1,distorted,quality_augmented_v3_distorted,overinked,bending,data\classifier_v3\train\distorted\FAMILY-57__FATHER__FM057_F5__bending.png,data\classifier_v4\train\distorted\qaug_dist_0438__overinked__bending__FAMILY-57__FATHER__FM057_F5__bending.png
train,1,distorted,quality_augmented_v3_distorted,faint,bending,data\classifier_v3\train\distorted\FAMILY-5__FATHER__FM005_F2__bending.png,data\classifier_v4\train\distorted\qaug_dist_0439__faint__bending__FAMILY-5__FATHER__FM005_F2__bending.png
train,1,distorted,quality_augmented_v3_distorted,faint,bending,data\classifier_v3\train\distorted\FAMILY-60__FATHER__FM060_F4__bending.png,data\classifier_v4\train\distorted\qaug_dist_0440__faint__bending__FAMILY-60__FATHER__FM060_F4__bending.png
train,1,distorted,quality_augmented_v3_distorted,overinked,bending,data\classifier_v3\train\distorted\FAMILY-61__MOTHER__FM061_M5__bending.png,data\classifier_v4\train\distorted\qaug_dist_0441__overinked__bending__FAMILY-61__MOTHER__FM061_M5__bending.png
train,1,distorted,quality_augmented_v3_distorted,overinked,bending,data\classifier_v3\train\distorted\FAMILY-62__CHILD__FM062_C2__bending.png,data\classifier_v4\train\distorted\qaug_dist_0442__overinked__bending__FAMILY-62__CHILD__FM062_C2__bending.png
train,1,distorted,quality_augmented_v3_distorted,faint,bending,data\classifier_v3\train\distorted\FAMILY-62__FATHER__FM062_F1__bending.png,data\classifier_v4\train\distorted\qaug_dist_0443__faint__bending__FAMILY-62__FATHER__FM062_F1__bending.png
train,1,distorted,quality_augmented_v3_distorted,partial,bending,data\classifier_v3\train\distorted\FAMILY-62__MOTHER__FM062_M3__bending.png,data\classifier_v4\train\distorted\qaug_dist_0444__partial__bending__FAMILY-62__MOTHER__FM062_M3__bending.png
train,1,distorted,quality_augmented_v3_distorted,overinked,bending,data\classifier_v3\train\distorted\FAMILY-63__CHILD__FM063_C2__bending.png,data\classifier_v4\train\distorted\qaug_dist_0445__overinked__bending__FAMILY-63__CHILD__FM063_C2__bending.png
train,1,distorted,quality_augmented_v3_distorted,faint,bending,data\classifier_v3\train\distorted\FAMILY-63__CHILD__FM063_C5__bending.png,data\classifier_v4\train\distorted\qaug_dist_0446__faint__bending__FAMILY-63__CHILD__FM063_C5__bending.png
train,1,distorted,quality_augmented_v3_distorted,faint,bending,data\classifier_v3\train\distorted\FAMILY-63__FATHER__FM063_F3__bending.png,data\classifier_v4\train\distorted\qaug_dist_0447__faint__bending__FAMILY-63__FATHER__FM063_F3__bending.png
train,1,distorted,quality_augmented_v3_distorted,partial,bending,data\classifier_v3\train\distorted\FAMILY-64__CHILD__FM064_C1__bending.png,data\classifier_v4\train\distorted\qaug_dist_0448__partial__bending__FAMILY-64__CHILD__FM064_C1__bending.png
train,1,distorted,quality_augmented_v3_distorted,partial,bending,data\classifier_v3\train\distorted\FAMILY-64__MOTHER__FM064_M4__bending.png,data\classifier_v4\train\distorted\qaug_dist_0449__partial__bending__FAMILY-64__MOTHER__FM064_M4__bending.png
train,1,distorted,quality_augmented_v3_distorted,overinked,bending,data\classifier_v3\train\distorted\FAMILY-6__CHILD__FM006_C3__bending.png,data\classifier_v4\train\distorted\qaug_dist_0450__overinked__bending__FAMILY-6__CHILD__FM006_C3__bending.png
train,1,distorted,quality_augmented_v3_distorted,overinked,bending,data\classifier_v3\train\distorted\FAMILY-6__MOTHER__FM006_M3__bending.png,data\classifier_v4\train\distorted\qaug_dist_0451__overinked__bending__FAMILY-6__MOTHER__FM006_M3__bending.png
train,1,distorted,quality_augmented_v3_distorted,partial,bending,data\classifier_v3\train\distorted\FAMILY-6__MOTHER__FM006_M5__bending.png,data\classifier_v4\train\distorted\qaug_dist_0452__partial__bending__FAMILY-6__MOTHER__FM006_M5__bending.png
train,1,distorted,quality_augmented_v3_distorted,overinked,bending,data\classifier_v3\train\distorted\FAMILY-70__CHILD__FM070_C5__bending.png,data\classifier_v4\train\distorted\qaug_dist_0453__overinked__bending__FAMILY-70__CHILD__FM070_C5__bending.png
train,1,distorted,quality_augmented_v3_distorted,overinked,bending,data\classifier_v3\train\distorted\FAMILY-70__MOTHER__FM070_M4__bending.png,data\classifier_v4\train\distorted\qaug_dist_0454__overinked__bending__FAMILY-70__MOTHER__FM070_M4__bending.png
train,1,distorted,quality_augmented_v3_distorted,overinked,bending,data\classifier_v3\train\distorted\FAMILY-71__CHILD__FM071_C1__bending.png,data\classifier_v4\train\distorted\qaug_dist_0455__overinked__bending__FAMILY-71__CHILD__FM071_C1__bending.png
train,1,distorted,quality_augmented_v3_distorted,faint,bending,data\classifier_v3\train\distorted\FAMILY-71__CHILD__FM071_C5__bending.png,data\classifier_v4\train\distorted\qaug_dist_0456__faint__bending__FAMILY-71__CHILD__FM071_C5__bending.png
train,1,distorted,quality_augmented_v3_distorted,partial,bending,data\classifier_v3\train\distorted\FAMILY-71__FATHER__FM071_F1__bending.png,data\classifier_v4\train\distorted\qaug_dist_0457__partial__bending__FAMILY-71__FATHER__FM071_F1__bending.png
train,1,distorted,quality_augmented_v3_distorted,overinked,bending,data\classifier_v3\train\distorted\FAMILY-71__MOTHER__FM071_M1__bending.png,data\classifier_v4\train\distorted\qaug_dist_0458__overinked__bending__FAMILY-71__MOTHER__FM071_M1__bending.png
train,1,distorted,quality_augmented_v3_distorted,overinked,bending,data\classifier_v3\train\distorted\FAMILY-71__MOTHER__FM071_M2__bending.png,data\classifier_v4\train\distorted\qaug_dist_0459__overinked__bending__FAMILY-71__MOTHER__FM071_M2__bending.png
train,1,distorted,quality_augmented_v3_distorted,faint,bending,data\classifier_v3\train\distorted\FAMILY-71__MOTHER__FM071_M4__bending.png,data\classifier_v4\train\distorted\qaug_dist_0460__faint__bending__FAMILY-71__MOTHER__FM071_M4__bending.png
train,1,distorted,quality_augmented_v3_distorted,overinked,bending,data\classifier_v3\train\distorted\FAMILY-71__MOTHER__FM071_M5__bending.png,data\classifier_v4\train\distorted\qaug_dist_0461__overinked__bending__FAMILY-71__MOTHER__FM071_M5__bending.png
train,1,distorted,quality_augmented_v3_distorted,faint,bending,data\classifier_v3\train\distorted\FAMILY-72__CHILD__FM072_C2__bending.png,data\classifier_v4\train\distorted\qaug_dist_0462__faint__bending__FAMILY-72__CHILD__FM072_C2__bending.png
train,1,distorted,quality_augmented_v3_distorted,partial,bending,data\classifier_v3\train\distorted\FAMILY-72__CHILD__FM072_C4__bending.png,data\classifier_v4\train\distorted\qaug_dist_0463__partial__bending__FAMILY-72__CHILD__FM072_C4__bending.png
train,1,distorted,quality_augmented_v3_distorted,faint,bending,data\classifier_v3\train\distorted\FAMILY-72__FATHER__FM072_F1__bending.png,data\classifier_v4\train\distorted\qaug_dist_0464__faint__bending__FAMILY-72__FATHER__FM072_F1__bending.png
train,1,distorted,quality_augmented_v3_distorted,overinked,bending,data\classifier_v3\train\distorted\FAMILY-72__FATHER__FM072_F4__bending.png,data\classifier_v4\train\distorted\qaug_dist_0465__overinked__bending__FAMILY-72__FATHER__FM072_F4__bending.png
train,1,distorted,quality_augmented_v3_distorted,partial,bending,data\classifier_v3\train\distorted\FAMILY-72__MOTHER__FM072_M3__bending.png,data\classifier_v4\train\distorted\qaug_dist_0466__partial__bending__FAMILY-72__MOTHER__FM072_M3__bending.png
train,1,distorted,quality_augmented_v3_distorted,faint,bending,data\classifier_v3\train\distorted\FAMILY-73__CHILD__FM073_C4__bending.png,data\classifier_v4\train\distorted\qaug_dist_0467__faint__bending__FAMILY-73__CHILD__FM073_C4__bending.png
train,1,distorted,quality_augmented_v3_distorted,faint,bending,data\classifier_v3\train\distorted\FAMILY-73__CHILD__FM073_C5__bending.png,data\classifier_v4\train\distorted\qaug_dist_0468__faint__bending__FAMILY-73__CHILD__FM073_C5__bending.png
train,1,distorted,quality_augmented_v3_distorted,partial,bending,data\classifier_v3\train\distorted\FAMILY-73__FATHER__FM073_F4__bending.png,data\classifier_v4\train\distorted\qaug_dist_0469__partial__bending__FAMILY-73__FATHER__FM073_F4__bending.png
train,1,distorted,quality_augmented_v3_distorted,overinked,bending,data\classifier_v3\train\distorted\FAMILY-73__MOTHER__FM073_M3__bending.png,data\classifier_v4\train\distorted\qaug_dist_0470__overinked__bending__FAMILY-73__MOTHER__FM073_M3__bending.png
train,1,distorted,quality_augmented_v3_distorted,overinked,bending,data\classifier_v3\train\distorted\FAMILY-73__MOTHER__FM073_M4__bending.png,data\classifier_v4\train\distorted\qaug_dist_0471__overinked__bending__FAMILY-73__MOTHER__FM073_M4__bending.png
train,1,distorted,quality_augmented_v3_distorted,faint,bending,data\classifier_v3\train\distorted\FAMILY-73__MOTHER__FM073_M5__bending.png,data\classifier_v4\train\distorted\qaug_dist_0472__faint__bending__FAMILY-73__MOTHER__FM073_M5__bending.png
train,1,distorted,quality_augmented_v3_distorted,faint,bending,data\classifier_v3\train\distorted\FAMILY-74__CHILD__FM074_C3__bending.png,data\classifier_v4\train\distorted\qaug_dist_0473__faint__bending__FAMILY-74__CHILD__FM074_C3__bending.png
train,1,distorted,quality_augmented_v3_distorted,faint,bending,data\classifier_v3\train\distorted\FAMILY-74__CHILD__FM074_C5__bending.png,data\classifier_v4\train\distorted\qaug_dist_0474__faint__bending__FAMILY-74__CHILD__FM074_C5__bending.png
train,1,distorted,quality_augmented_v3_distorted,faint,bending,data\classifier_v3\train\distorted\FAMILY-74__FATHER__FM074_F1__bending.png,data\classifier_v4\train\distorted\qaug_dist_0475__faint__bending__FAMILY-74__FATHER__FM074_F1__bending.png
train,1,distorted,quality_augmented_v3_distorted,overinked,bending,data\classifier_v3\train\distorted\FAMILY-74__FATHER__FM074_F2__bending.png,data\classifier_v4\train\distorted\qaug_dist_0476__overinked__bending__FAMILY-74__FATHER__FM074_F2__bending.png
train,1,distorted,quality_augmented_v3_distorted,overinked,bending,data\classifier_v3\train\distorted\FAMILY-74__MOTHER__FM074_M1__bending.png,data\classifier_v4\train\distorted\qaug_dist_0477__overinked__bending__FAMILY-74__MOTHER__FM074_M1__bending.png
train,1,distorted,quality_augmented_v3_distorted,faint,bending,data\classifier_v3\train\distorted\FAMILY-74__MOTHER__FM074_M4__bending.png,data\classifier_v4\train\distorted\qaug_dist_0478__faint__bending__FAMILY-74__MOTHER__FM074_M4__bending.png
train,1,distorted,quality_augmented_v3_distorted,overinked,bending,data\classifier_v3\train\distorted\FAMILY-74__MOTHER__FM074_M5__bending.png,data\classifier_v4\train\distorted\qaug_dist_0479__overinked__bending__FAMILY-74__MOTHER__FM074_M5__bending.png
train,1,distorted,quality_augmented_v3_distorted,overinked,bending,data\classifier_v3\train\distorted\FAMILY-76__MOTHER__FM076_M3__bending.png,data\classifier_v4\train\distorted\qaug_dist_0480__overinked__bending__FAMILY-76__MOTHER__FM076_M3__bending.png
train,1,distorted,quality_augmented_v3_distorted,overinked,bending,data\classifier_v3\train\distorted\FAMILY-77__FATHER__FM077_F2__bending.png,data\classifier_v4\train\distorted\qaug_dist_0481__overinked__bending__FAMILY-77__FATHER__FM077_F2__bending.png
train,1,distorted,quality_augmented_v3_distorted,overinked,bending,data\classifier_v3\train\distorted\FAMILY-77__MOTHER__FM077_M3__bending.png,data\classifier_v4\train\distorted\qaug_dist_0482__overinked__bending__FAMILY-77__MOTHER__FM077_M3__bending.png
train,1,distorted,quality_augmented_v3_distorted,partial,bending,data\classifier_v3\train\distorted\FAMILY-79__CHILD__FM079_C2__bending.png,data\classifier_v4\train\distorted\qaug_dist_0483__partial__bending__FAMILY-79__CHILD__FM079_C2__bending.png
train,1,distorted,quality_augmented_v3_distorted,partial,bending,data\classifier_v3\train\distorted\FAMILY-79__MOTHER__FM079_M3__bending.png,data\classifier_v4\train\distorted\qaug_dist_0484__partial__bending__FAMILY-79__MOTHER__FM079_M3__bending.png
train,1,distorted,quality_augmented_v3_distorted,partial,bending,data\classifier_v3\train\distorted\FAMILY-80__CHILD__FM080_C2__bending.png,data\classifier_v4\train\distorted\qaug_dist_0485__partial__bending__FAMILY-80__CHILD__FM080_C2__bending.png
train,1,distorted,quality_augmented_v3_distorted,partial,bending,data\classifier_v3\train\distorted\FAMILY-80__MOTHER__FM080_M1__bending.png,data\classifier_v4\train\distorted\qaug_dist_0486__partial__bending__FAMILY-80__MOTHER__FM080_M1__bending.png
train,1,distorted,quality_augmented_v3_distorted,overinked,bending,data\classifier_v3\train\distorted\FAMILY-82__CHILD__FM082_C2__bending.png,data\classifier_v4\train\distorted\qaug_dist_0487__overinked__bending__FAMILY-82__CHILD__FM082_C2__bending.png
train,1,distorted,quality_augmented_v3_distorted,faint,bending,data\classifier_v3\train\distorted\FAMILY-82__FATHER__FM082_F1__bending.png,data\classifier_v4\train\distorted\qaug_dist_0488__faint__bending__FAMILY-82__FATHER__FM082_F1__bending.png
train,1,distorted,quality_augmented_v3_distorted,partial,bending,data\classifier_v3\train\distorted\FAMILY-82__MOTHER__FM082_M2__bending.png,data\classifier_v4\train\distorted\qaug_dist_0489__partial__bending__FAMILY-82__MOTHER__FM082_M2__bending.png
train,1,distorted,quality_augmented_v3_distorted,overinked,bending,data\classifier_v3\train\distorted\FAMILY-82__MOTHER__FM082_M4__bending.png,data\classifier_v4\train\distorted\qaug_dist_0490__overinked__bending__FAMILY-82__MOTHER__FM082_M4__bending.png
train,1,distorted,quality_augmented_v3_distorted,faint,bending,data\classifier_v3\train\distorted\FAMILY-82__MOTHER__FM082_M5__bending.png,data\classifier_v4\train\distorted\qaug_dist_0491__faint__bending__FAMILY-82__MOTHER__FM082_M5__bending.png
train,1,distorted,quality_augmented_v3_distorted,faint,bending,data\classifier_v3\train\distorted\FAMILY-84__MOTHER__FM084_M2__bending.png,data\classifier_v4\train\distorted\qaug_dist_0492__faint__bending__FAMILY-84__MOTHER__FM084_M2__bending.png
train,1,distorted,quality_augmented_v3_distorted,partial,bending,data\classifier_v3\train\distorted\FAMILY-84__MOTHER__FM084_M3__bending.png,data\classifier_v4\train\distorted\qaug_dist_0493__partial__bending__FAMILY-84__MOTHER__FM084_M3__bending.png
train,1,distorted,quality_augmented_v3_distorted,faint,bending,data\classifier_v3\train\distorted\FAMILY-84__MOTHER__FM084_M5__bending.png,data\classifier_v4\train\distorted\qaug_dist_0494__faint__bending__FAMILY-84__MOTHER__FM084_M5__bending.png
train,1,distorted,quality_augmented_v3_distorted,partial,bending,data\classifier_v3\train\distorted\FAMILY-85__CHILD__FM085_C4__bending.png,data\classifier_v4\train\distorted\qaug_dist_0495__partial__bending__FAMILY-85__CHILD__FM085_C4__bending.png
train,1,distorted,quality_augmented_v3_distorted,partial,bending,data\classifier_v3\train\distorted\FAMILY-87__CHILD__FM087_C1__bending.png,data\classifier_v4\train\distorted\qaug_dist_0496__partial__bending__FAMILY-87__CHILD__FM087_C1__bending.png
train,1,distorted,quality_augmented_v3_distorted,overinked,bending,data\classifier_v3\train\distorted\FAMILY-87__CHILD__FM087_C2__bending.png,data\classifier_v4\train\distorted\qaug_dist_0497__overinked__bending__FAMILY-87__CHILD__FM087_C2__bending.png
train,1,distorted,quality_augmented_v3_distorted,faint,bending,data\classifier_v3\train\distorted\FAMILY-87__MOTHER__FM087_M2__bending.png,data\classifier_v4\train\distorted\qaug_dist_0498__faint__bending__FAMILY-87__MOTHER__FM087_M2__bending.png
train,1,distorted,quality_augmented_v3_distorted,faint,bending,data\classifier_v3\train\distorted\FAMILY-88__CHILD__FM088_C1__bending.png,data\classifier_v4\train\distorted\qaug_dist_0499__faint__bending__FAMILY-88__CHILD__FM088_C1__bending.png
train,1,distorted,quality_augmented_v3_distorted,overinked,bending,data\classifier_v3\train\distorted\FAMILY-88__FATHER__FM088_F3__bending.png,data\classifier_v4\train\distorted\qaug_dist_0500__overinked__bending__FAMILY-88__FATHER__FM088_F3__bending.png
train,1,distorted,quality_augmented_v3_distorted,overinked,bending,data\classifier_v3\train\distorted\FAMILY-88__MOTHER__FM088_M2__bending.png,data\classifier_v4\train\distorted\qaug_dist_0501__overinked__bending__FAMILY-88__MOTHER__FM088_M2__bending.png
train,1,distorted,quality_augmented_v3_distorted,overinked,bending,data\classifier_v3\train\distorted\FAMILY-8__CHILD__FM008_C1__bending.png,data\classifier_v4\train\distorted\qaug_dist_0502__overinked__bending__FAMILY-8__CHILD__FM008_C1__bending.png
train,1,distorted,quality_augmented_v3_distorted,faint,bending,data\classifier_v3\train\distorted\FAMILY-8__MOTHER__FM008_M5__bending.png,data\classifier_v4\train\distorted\qaug_dist_0503__faint__bending__FAMILY-8__MOTHER__FM008_M5__bending.png
train,1,distorted,quality_augmented_v3_distorted,overinked,bending,data\classifier_v3\train\distorted\FAMILY-90__CHILD__FM090_C3__bending.png,data\classifier_v4\train\distorted\qaug_dist_0504__overinked__bending__FAMILY-90__CHILD__FM090_C3__bending.png
train,1,distorted,quality_augmented_v3_distorted,overinked,bending,data\classifier_v3\train\distorted\FAMILY-90__CHILD__FM090_C4__bending.png,data\classifier_v4\train\distorted\qaug_dist_0505__overinked__bending__FAMILY-90__CHILD__FM090_C4__bending.png
train,1,distorted,quality_augmented_v3_distorted,overinked,bending,data\classifier_v3\train\distorted\FAMILY-92__CHILD__FM092_C4__bending.png,data\classifier_v4\train\distorted\qaug_dist_0506__overinked__bending__FAMILY-92__CHILD__FM092_C4__bending.png
train,1,distorted,quality_augmented_v3_distorted,partial,bending,data\classifier_v3\train\distorted\FAMILY-92__CHILD__FM092_C5__bending.png,data\classifier_v4\train\distorted\qaug_dist_0507__partial__bending__FAMILY-92__CHILD__FM092_C5__bending.png
train,1,distorted,quality_augmented_v3_distorted,partial,bending,data\classifier_v3\train\distorted\FAMILY-93__FATHER__FM093_F2__bending.png,data\classifier_v4\train\distorted\qaug_dist_0508__partial__bending__FAMILY-93__FATHER__FM093_F2__bending.png
train,1,distorted,quality_augmented_v3_distorted,partial,bending,data\classifier_v3\train\distorted\FAMILY-93__MOTHER__FM093_M2__bending.png,data\classifier_v4\train\distorted\qaug_dist_0509__partial__bending__FAMILY-93__MOTHER__FM093_M2__bending.png
train,1,distorted,quality_augmented_v3_distorted,partial,bending,data\classifier_v3\train\distorted\FAMILY-94__CHILD__FM094_C1__bending.png,data\classifier_v4\train\distorted\qaug_dist_0510__partial__bending__FAMILY-94__CHILD__FM094_C1__bending.png
train,1,distorted,quality_augmented_v3_distorted,overinked,bending,data\classifier_v3\train\distorted\FAMILY-94__CHILD__FM094_C4__bending.png,data\classifier_v4\train\distorted\qaug_dist_0511__overinked__bending__FAMILY-94__CHILD__FM094_C4__bending.png
train,1,distorted,quality_augmented_v3_distorted,overinked,bending,data\classifier_v3\train\distorted\FAMILY-94__MOTHER__FM094_M2__bending.png,data\classifier_v4\train\distorted\qaug_dist_0512__overinked__bending__FAMILY-94__MOTHER__FM094_M2__bending.png
train,1,distorted,quality_augmented_v3_distorted,overinked,bending,data\classifier_v3\train\distorted\FAMILY-95__MOTHER__FM095_M1__bending.png,data\classifier_v4\train\distorted\qaug_dist_0513__overinked__bending__FAMILY-95__MOTHER__FM095_M1__bending.png
train,1,distorted,quality_augmented_v3_distorted,faint,bending,data\classifier_v3\train\distorted\FAMILY-95__MOTHER__FM095_M2__bending.png,data\classifier_v4\train\distorted\qaug_dist_0514__faint__bending__FAMILY-95__MOTHER__FM095_M2__bending.png
train,1,distorted,quality_augmented_v3_distorted,partial,bending,data\classifier_v3\train\distorted\FAMILY-95__MOTHER__FM095_M4__bending.png,data\classifier_v4\train\distorted\qaug_dist_0515__partial__bending__FAMILY-95__MOTHER__FM095_M4__bending.png
train,1,distorted,quality_augmented_v3_distorted,faint,bending,data\classifier_v3\train\distorted\FAMILY-96__FATHER__FM096_F2__bending.png,data\classifier_v4\train\distorted\qaug_dist_0516__faint__bending__FAMILY-96__FATHER__FM096_F2__bending.png
train,1,distorted,quality_augmented_v3_distorted,overinked,bending,data\classifier_v3\train\distorted\FAMILY-96__MOTHER__FM096_M1__bending.png,data\classifier_v4\train\distorted\qaug_dist_0517__overinked__bending__FAMILY-96__MOTHER__FM096_M1__bending.png
train,1,distorted,quality_augmented_v3_distorted,partial,bending,data\classifier_v3\train\distorted\FAMILY-97__CHILD__FM097_C3__bending.png,data\classifier_v4\train\distorted\qaug_dist_0518__partial__bending__FAMILY-97__CHILD__FM097_C3__bending.png
train,1,distorted,quality_augmented_v3_distorted,overinked,bending,data\classifier_v3\train\distorted\FAMILY-97__CHILD__FM097_C4__bending.png,data\classifier_v4\train\distorted\qaug_dist_0519__overinked__bending__FAMILY-97__CHILD__FM097_C4__bending.png
train,1,distorted,quality_augmented_v3_distorted,overinked,bending,data\classifier_v3\train\distorted\FAMILY-97__FATHER__FM097_F3__bending.png,data\classifier_v4\train\distorted\qaug_dist_0520__overinked__bending__FAMILY-97__FATHER__FM097_F3__bending.png
train,1,distorted,quality_augmented_v3_distorted,faint,bending,data\classifier_v3\train\distorted\FAMILY-98__CHILD__FM098_C3__bending.png,data\classifier_v4\train\distorted\qaug_dist_0521__faint__bending__FAMILY-98__CHILD__FM098_C3__bending.png
train,1,distorted,quality_augmented_v3_distorted,partial,bending,data\classifier_v3\train\distorted\FAMILY-98__MOTHER__FM098_M1__bending.png,data\classifier_v4\train\distorted\qaug_dist_0522__partial__bending__FAMILY-98__MOTHER__FM098_M1__bending.png
train,1,distorted,quality_augmented_v3_distorted,overinked,bending,data\classifier_v3\train\distorted\FAMILY-98__MOTHER__FM098_M2__bending.png,data\classifier_v4\train\distorted\qaug_dist_0523__overinked__bending__FAMILY-98__MOTHER__FM098_M2__bending.png
train,1,distorted,quality_augmented_v3_distorted,faint,bending,data\classifier_v3\train\distorted\FAMILY-98__MOTHER__FM098_M5__bending.png,data\classifier_v4\train\distorted\qaug_dist_0524__faint__bending__FAMILY-98__MOTHER__FM098_M5__bending.png
