type,label,image_a,image_b,family_a,family_b,member,score,raw_score,matched_pairs,decision,minutiae_a,minutiae_b
genuine,1,data/split/test/FAMILY-13/CHILD/FM013_C1.png,data/split/test/FAMILY-13/CHILD/FM013_C2.png,FAMILY-13,FAMILY-13,CHILD,0.14,7.0,0,False,66,46
genuine,1,data/split/test/FAMILY-13/CHILD/FM013_C1.png,data/split/test/FAMILY-13/CHILD/FM013_C3.png,FAMILY-13,FAMILY-13,CHILD,0.12,6.0,0,False,66,35
genuine,1,data/split/test/FAMILY-13/CHILD/FM013_C1.png,data/split/test/FAMILY-13/CHILD/FM013_C4.png,FAMILY-13,FAMILY-13,CHILD,0.12,6.0,0,False,66,27
genuine,1,data/split/test/FAMILY-13/CHILD/FM013_C1.png,data/split/test/FAMILY-13/CHILD/FM013_C5.png,FAMILY-13,FAMILY-13,CHILD,0.2,10.0,0,False,66,32
genuine,1,data/split/test/FAMILY-13/CHILD/FM013_C2.png,data/split/test/FAMILY-13/CHILD/FM013_C3.png,FAMILY-13,FAMILY-13,CHILD,0.1,5.0,0,False,46,35
genuine,1,data/split/test/FAMILY-13/CHILD/FM013_C2.png,data/split/test/FAMILY-13/CHILD/FM013_C4.png,FAMILY-13,FAMILY-13,CHILD,0.08,4.0,0,False,46,27
genuine,1,data/split/test/FAMILY-13/CHILD/FM013_C2.png,data/split/test/FAMILY-13/CHILD/FM013_C5.png,FAMILY-13,FAMILY-13,CHILD,0.14,7.0,0,False,46,32
genuine,1,data/split/test/FAMILY-13/CHILD/FM013_C3.png,data/split/test/FAMILY-13/CHILD/FM013_C4.png,FAMILY-13,FAMILY-13,CHILD,0.08,4.0,0,False,35,27
genuine,1,data/split/test/FAMILY-13/CHILD/FM013_C3.png,data/split/test/FAMILY-13/CHILD/FM013_C5.png,FAMILY-13,FAMILY-13,CHILD,0.1,5.0,0,False,35,32
genuine,1,data/split/test/FAMILY-13/CHILD/FM013_C4.png,data/split/test/FAMILY-13/CHILD/FM013_C5.png,FAMILY-13,FAMILY-13,CHILD,0.1,5.0,0,False,27,32
genuine,1,data/split/test/FAMILY-13/FATHER/FM013_F1.png,data/split/test/FAMILY-13/FATHER/FM013_F2.png,FAMILY-13,FAMILY-13,FATHER,0.24,12.0,0,False,40,62
genuine,1,data/split/test/FAMILY-13/FATHER/FM013_F1.png,data/split/test/FAMILY-13/FATHER/FM013_F3.png,FAMILY-13,FAMILY-13,FATHER,0.12,6.0,0,False,40,68
genuine,1,data/split/test/FAMILY-13/FATHER/FM013_F1.png,data/split/test/FAMILY-13/FATHER/FM013_F4.png,FAMILY-13,FAMILY-13,FATHER,0.26,13.0,0,False,40,75
genuine,1,data/split/test/FAMILY-13/FATHER/FM013_F1.png,data/split/test/FAMILY-13/FATHER/FM013_F5.png,FAMILY-13,FAMILY-13,FATHER,0.28,14.0,0,False,40,73
genuine,1,data/split/test/FAMILY-13/FATHER/FM013_F2.png,data/split/test/FAMILY-13/FATHER/FM013_F3.png,FAMILY-13,FAMILY-13,FATHER,0.3,15.0,0,False,62,68
genuine,1,data/split/test/FAMILY-13/FATHER/FM013_F2.png,data/split/test/FAMILY-13/FATHER/FM013_F4.png,FAMILY-13,FAMILY-13,FATHER,0.4,20.0,0,False,62,75
genuine,1,data/split/test/FAMILY-13/FATHER/FM013_F2.png,data/split/test/FAMILY-13/FATHER/FM013_F5.png,FAMILY-13,FAMILY-13,FATHER,0.32,16.0,0,False,62,73
genuine,1,data/split/test/FAMILY-13/FATHER/FM013_F3.png,data/split/test/FAMILY-13/FATHER/FM013_F4.png,FAMILY-13,FAMILY-13,FATHER,0.32,16.0,0,False,68,75
genuine,1,data/split/test/FAMILY-13/FATHER/FM013_F3.png,data/split/test/FAMILY-13/FATHER/FM013_F5.png,FAMILY-13,FAMILY-13,FATHER,0.34,17.0,0,False,68,73
genuine,1,data/split/test/FAMILY-13/FATHER/FM013_F4.png,data/split/test/FAMILY-13/FATHER/FM013_F5.png,FAMILY-13,FAMILY-13,FATHER,0.76,38.0,0,False,75,73
genuine,1,data/split/test/FAMILY-13/MOTHER/FM013_M1.png,data/split/test/FAMILY-13/MOTHER/FM013_M2.png,FAMILY-13,FAMILY-13,MOTHER,0.3,15.0,0,False,63,65
genuine,1,data/split/test/FAMILY-13/MOTHER/FM013_M1.png,data/split/test/FAMILY-13/MOTHER/FM013_M3.png,FAMILY-13,FAMILY-13,MOTHER,0.28,14.0,0,False,63,60
genuine,1,data/split/test/FAMILY-13/MOTHER/FM013_M1.png,data/split/test/FAMILY-13/MOTHER/FM013_M4.png,FAMILY-13,FAMILY-13,MOTHER,0.4,20.0,0,False,63,51
genuine,1,data/split/test/FAMILY-13/MOTHER/FM013_M1.png,data/split/test/FAMILY-13/MOTHER/FM013_M5.png,FAMILY-13,FAMILY-13,MOTHER,0.08,4.0,0,False,63,18
genuine,1,data/split/test/FAMILY-13/MOTHER/FM013_M2.png,data/split/test/FAMILY-13/MOTHER/FM013_M3.png,FAMILY-13,FAMILY-13,MOTHER,0.34,17.0,0,False,65,60
genuine,1,data/split/test/FAMILY-13/MOTHER/FM013_M2.png,data/split/test/FAMILY-13/MOTHER/FM013_M4.png,FAMILY-13,FAMILY-13,MOTHER,0.3,15.0,0,False,65,51
genuine,1,data/split/test/FAMILY-13/MOTHER/FM013_M2.png,data/split/test/FAMILY-13/MOTHER/FM013_M5.png,FAMILY-13,FAMILY-13,MOTHER,0.08,4.0,0,False,65,18
genuine,1,data/split/test/FAMILY-13/MOTHER/FM013_M3.png,data/split/test/FAMILY-13/MOTHER/FM013_M4.png,FAMILY-13,FAMILY-13,MOTHER,0.46,23.0,0,False,60,51
genuine,1,data/split/test/FAMILY-13/MOTHER/FM013_M3.png,data/split/test/FAMILY-13/MOTHER/FM013_M5.png,FAMILY-13,FAMILY-13,MOTHER,0.12,6.0,0,False,60,18
genuine,1,data/split/test/FAMILY-13/MOTHER/FM013_M4.png,data/split/test/FAMILY-13/MOTHER/FM013_M5.png,FAMILY-13,FAMILY-13,MOTHER,0.14,7.0,0,False,51,18
genuine,1,data/split/test/FAMILY-14/CHILD/FM014_C1.png,data/split/test/FAMILY-14/CHILD/FM014_C2.png,FAMILY-14,FAMILY-14,CHILD,0.44,22.0,0,False,68,58
genuine,1,data/split/test/FAMILY-14/CHILD/FM014_C1.png,data/split/test/FAMILY-14/CHILD/FM014_C3.png,FAMILY-14,FAMILY-14,CHILD,0.6,30.0,0,False,68,83
genuine,1,data/split/test/FAMILY-14/CHILD/FM014_C1.png,data/split/test/FAMILY-14/CHILD/FM014_C4.png,FAMILY-14,FAMILY-14,CHILD,0.32,16.0,0,False,68,86
genuine,1,data/split/test/FAMILY-14/CHILD/FM014_C1.png,data/split/test/FAMILY-14/CHILD/FM014_C5.png,FAMILY-14,FAMILY-14,CHILD,0.22,11.0,0,False,68,75
genuine,1,data/split/test/FAMILY-14/CHILD/FM014_C2.png,data/split/test/FAMILY-14/CHILD/FM014_C3.png,FAMILY-14,FAMILY-14,CHILD,0.76,38.0,0,False,58,83
genuine,1,data/split/test/FAMILY-14/CHILD/FM014_C2.png,data/split/test/FAMILY-14/CHILD/FM014_C4.png,FAMILY-14,FAMILY-14,CHILD,0.44,22.0,0,False,58,86
genuine,1,data/split/test/FAMILY-14/CHILD/FM014_C2.png,data/split/test/FAMILY-14/CHILD/FM014_C5.png,FAMILY-14,FAMILY-14,CHILD,0.4,20.0,0,False,58,75
genuine,1,data/split/test/FAMILY-14/CHILD/FM014_C3.png,data/split/test/FAMILY-14/CHILD/FM014_C4.png,FAMILY-14,FAMILY-14,CHILD,0.42,21.0,0,False,83,86
genuine,1,data/split/test/FAMILY-14/CHILD/FM014_C3.png,data/split/test/FAMILY-14/CHILD/FM014_C5.png,FAMILY-14,FAMILY-14,CHILD,0.38,19.0,0,False,83,75
genuine,1,data/split/test/FAMILY-14/CHILD/FM014_C4.png,data/split/test/FAMILY-14/CHILD/FM014_C5.png,FAMILY-14,FAMILY-14,CHILD,0.36,18.0,0,False,86,75
genuine,1,data/split/test/FAMILY-14/FATHER/FM014_F1.png,data/split/test/FAMILY-14/FATHER/FM014_F2.png,FAMILY-14,FAMILY-14,FATHER,0.36,18.0,0,False,107,37
genuine,1,data/split/test/FAMILY-14/FATHER/FM014_F1.png,data/split/test/FAMILY-14/FATHER/FM014_F3.png,FAMILY-14,FAMILY-14,FATHER,0.1,5.0,0,False,107,23
genuine,1,data/split/test/FAMILY-14/FATHER/FM014_F1.png,data/split/test/FAMILY-14/FATHER/FM014_F4.png,FAMILY-14,FAMILY-14,FATHER,0.76,38.0,0,False,107,88
genuine,1,data/split/test/FAMILY-14/FATHER/FM014_F1.png,data/split/test/FAMILY-14/FATHER/FM014_F5.png,FAMILY-14,FAMILY-14,FATHER,1.0,50.0,0,False,107,113
genuine,1,data/split/test/FAMILY-14/FATHER/FM014_F2.png,data/split/test/FAMILY-14/FATHER/FM014_F3.png,FAMILY-14,FAMILY-14,FATHER,0.14,7.0,0,False,37,23
genuine,1,data/split/test/FAMILY-14/FATHER/FM014_F2.png,data/split/test/FAMILY-14/FATHER/FM014_F4.png,FAMILY-14,FAMILY-14,FATHER,0.28,14.0,0,False,37,88
genuine,1,data/split/test/FAMILY-14/FATHER/FM014_F2.png,data/split/test/FAMILY-14/FATHER/FM014_F5.png,FAMILY-14,FAMILY-14,FATHER,0.24,12.0,0,False,37,113
genuine,1,data/split/test/FAMILY-14/FATHER/FM014_F3.png,data/split/test/FAMILY-14/FATHER/FM014_F4.png,FAMILY-14,FAMILY-14,FATHER,0.08,4.0,0,False,23,88
genuine,1,data/split/test/FAMILY-14/FATHER/FM014_F3.png,data/split/test/FAMILY-14/FATHER/FM014_F5.png,FAMILY-14,FAMILY-14,FATHER,0.1,5.0,0,False,23,113
genuine,1,data/split/test/FAMILY-14/FATHER/FM014_F4.png,data/split/test/FAMILY-14/FATHER/FM014_F5.png,FAMILY-14,FAMILY-14,FATHER,0.76,38.0,0,False,88,113
genuine,1,data/split/test/FAMILY-14/MOTHER/FM014_M1.png,data/split/test/FAMILY-14/MOTHER/FM014_M2.png,FAMILY-14,FAMILY-14,MOTHER,0.42,21.0,0,False,76,60
genuine,1,data/split/test/FAMILY-14/MOTHER/FM014_M1.png,data/split/test/FAMILY-14/MOTHER/FM014_M3.png,FAMILY-14,FAMILY-14,MOTHER,0.48,24.0,0,False,76,71
genuine,1,data/split/test/FAMILY-14/MOTHER/FM014_M1.png,data/split/test/FAMILY-14/MOTHER/FM014_M4.png,FAMILY-14,FAMILY-14,MOTHER,0.32,16.0,0,False,76,69
genuine,1,data/split/test/FAMILY-14/MOTHER/FM014_M1.png,data/split/test/FAMILY-14/MOTHER/FM014_M5.png,FAMILY-14,FAMILY-14,MOTHER,0.68,34.0,0,False,76,91
genuine,1,data/split/test/FAMILY-14/MOTHER/FM014_M2.png,data/split/test/FAMILY-14/MOTHER/FM014_M3.png,FAMILY-14,FAMILY-14,MOTHER,0.36,18.0,0,False,60,71
genuine,1,data/split/test/FAMILY-14/MOTHER/FM014_M2.png,data/split/test/FAMILY-14/MOTHER/FM014_M4.png,FAMILY-14,FAMILY-14,MOTHER,0.42,21.0,0,False,60,69
genuine,1,data/split/test/FAMILY-14/MOTHER/FM014_M2.png,data/split/test/FAMILY-14/MOTHER/FM014_M5.png,FAMILY-14,FAMILY-14,MOTHER,0.48,24.0,0,False,60,91
genuine,1,data/split/test/FAMILY-14/MOTHER/FM014_M3.png,data/split/test/FAMILY-14/MOTHER/FM014_M4.png,FAMILY-14,FAMILY-14,MOTHER,0.34,17.0,0,False,71,69
genuine,1,data/split/test/FAMILY-14/MOTHER/FM014_M3.png,data/split/test/FAMILY-14/MOTHER/FM014_M5.png,FAMILY-14,FAMILY-14,MOTHER,0.7,35.0,0,False,71,91
genuine,1,data/split/test/FAMILY-14/MOTHER/FM014_M4.png,data/split/test/FAMILY-14/MOTHER/FM014_M5.png,FAMILY-14,FAMILY-14,MOTHER,0.42,21.0,0,False,69,91
genuine,1,data/split/test/FAMILY-15/CHILD/FM015_C1.png,data/split/test/FAMILY-15/CHILD/FM015_C2.png,FAMILY-15,FAMILY-15,CHILD,0.2,10.0,0,False,62,48
genuine,1,data/split/test/FAMILY-15/CHILD/FM015_C1.png,data/split/test/FAMILY-15/CHILD/FM015_C3.png,FAMILY-15,FAMILY-15,CHILD,0.24,12.0,0,False,62,57
genuine,1,data/split/test/FAMILY-15/CHILD/FM015_C1.png,data/split/test/FAMILY-15/CHILD/FM015_C4.png,FAMILY-15,FAMILY-15,CHILD,0.28,14.0,0,False,62,60
genuine,1,data/split/test/FAMILY-15/CHILD/FM015_C1.png,data/split/test/FAMILY-15/CHILD/FM015_C5.png,FAMILY-15,FAMILY-15,CHILD,0.3,15.0,0,False,62,41
genuine,1,data/split/test/FAMILY-15/CHILD/FM015_C2.png,data/split/test/FAMILY-15/CHILD/FM015_C3.png,FAMILY-15,FAMILY-15,CHILD,0.32,16.0,0,False,48,57
genuine,1,data/split/test/FAMILY-15/CHILD/FM015_C2.png,data/split/test/FAMILY-15/CHILD/FM015_C4.png,FAMILY-15,FAMILY-15,CHILD,0.26,13.0,0,False,48,60
genuine,1,data/split/test/FAMILY-15/CHILD/FM015_C2.png,data/split/test/FAMILY-15/CHILD/FM015_C5.png,FAMILY-15,FAMILY-15,CHILD,0.14,7.0,0,False,48,41
genuine,1,data/split/test/FAMILY-15/CHILD/FM015_C3.png,data/split/test/FAMILY-15/CHILD/FM015_C4.png,FAMILY-15,FAMILY-15,CHILD,0.3,15.0,0,False,57,60
genuine,1,data/split/test/FAMILY-15/CHILD/FM015_C3.png,data/split/test/FAMILY-15/CHILD/FM015_C5.png,FAMILY-15,FAMILY-15,CHILD,0.2,10.0,0,False,57,41
genuine,1,data/split/test/FAMILY-15/CHILD/FM015_C4.png,data/split/test/FAMILY-15/CHILD/FM015_C5.png,FAMILY-15,FAMILY-15,CHILD,0.36,18.0,0,False,60,41
genuine,1,data/split/test/FAMILY-15/FATHER/FM015_F1.png,data/split/test/FAMILY-15/FATHER/FM015_F2.png,FAMILY-15,FAMILY-15,FATHER,0.04,2.0,0,False,54,17
genuine,1,data/split/test/FAMILY-15/FATHER/FM015_F1.png,data/split/test/FAMILY-15/FATHER/FM015_F3.png,FAMILY-15,FAMILY-15,FATHER,0.1,5.0,0,False,54,19
genuine,1,data/split/test/FAMILY-15/FATHER/FM015_F1.png,data/split/test/FAMILY-15/FATHER/FM015_F4.png,FAMILY-15,FAMILY-15,FATHER,0.08,4.0,0,False,54,20
genuine,1,data/split/test/FAMILY-15/FATHER/FM015_F1.png,data/split/test/FAMILY-15/FATHER/FM015_F5.png,FAMILY-15,FAMILY-15,FATHER,0.0,0.0,0,False,54,14
genuine,1,data/split/test/FAMILY-15/FATHER/FM015_F2.png,data/split/test/FAMILY-15/FATHER/FM015_F3.png,FAMILY-15,FAMILY-15,FATHER,0.02,1.0,0,False,17,19
genuine,1,data/split/test/FAMILY-15/FATHER/FM015_F2.png,data/split/test/FAMILY-15/FATHER/FM015_F4.png,FAMILY-15,FAMILY-15,FATHER,0.04,2.0,0,False,17,20
genuine,1,data/split/test/FAMILY-15/FATHER/FM015_F2.png,data/split/test/FAMILY-15/FATHER/FM015_F5.png,FAMILY-15,FAMILY-15,FATHER,0.0,0.0,0,False,17,14
genuine,1,data/split/test/FAMILY-15/FATHER/FM015_F3.png,data/split/test/FAMILY-15/FATHER/FM015_F4.png,FAMILY-15,FAMILY-15,FATHER,0.06,3.0,0,False,19,20
genuine,1,data/split/test/FAMILY-15/FATHER/FM015_F3.png,data/split/test/FAMILY-15/FATHER/FM015_F5.png,FAMILY-15,FAMILY-15,FATHER,0.0,0.0,0,False,19,14
genuine,1,data/split/test/FAMILY-15/FATHER/FM015_F4.png,data/split/test/FAMILY-15/FATHER/FM015_F5.png,FAMILY-15,FAMILY-15,FATHER,0.0,0.0,0,False,20,14
genuine,1,data/split/test/FAMILY-15/MOTHER/FM015_M1.png,data/split/test/FAMILY-15/MOTHER/FM015_M2.png,FAMILY-15,FAMILY-15,MOTHER,0.16,8.0,0,False,48,28
genuine,1,data/split/test/FAMILY-15/MOTHER/FM015_M1.png,data/split/test/FAMILY-15/MOTHER/FM015_M3.png,FAMILY-15,FAMILY-15,MOTHER,0.0,0.0,0,False,48,7
genuine,1,data/split/test/FAMILY-15/MOTHER/FM015_M1.png,data/split/test/FAMILY-15/MOTHER/FM015_M4.png,FAMILY-15,FAMILY-15,MOTHER,0.18,9.0,0,False,48,42
genuine,1,data/split/test/FAMILY-15/MOTHER/FM015_M1.png,data/split/test/FAMILY-15/MOTHER/FM015_M5.png,FAMILY-15,FAMILY-15,MOTHER,0.2,10.0,0,False,48,34
genuine,1,data/split/test/FAMILY-15/MOTHER/FM015_M2.png,data/split/test/FAMILY-15/MOTHER/FM015_M3.png,FAMILY-15,FAMILY-15,MOTHER,0.0,0.0,0,False,28,7
genuine,1,data/split/test/FAMILY-15/MOTHER/FM015_M2.png,data/split/test/FAMILY-15/MOTHER/FM015_M4.png,FAMILY-15,FAMILY-15,MOTHER,0.16,8.0,0,False,28,42
genuine,1,data/split/test/FAMILY-15/MOTHER/FM015_M2.png,data/split/test/FAMILY-15/MOTHER/FM015_M5.png,FAMILY-15,FAMILY-15,MOTHER,0.14,7.0,0,False,28,34
genuine,1,data/split/test/FAMILY-15/MOTHER/FM015_M3.png,data/split/test/FAMILY-15/MOTHER/FM015_M4.png,FAMILY-15,FAMILY-15,MOTHER,0.0,0.0,0,False,7,42
genuine,1,data/split/test/FAMILY-15/MOTHER/FM015_M3.png,data/split/test/FAMILY-15/MOTHER/FM015_M5.png,FAMILY-15,FAMILY-15,MOTHER,0.0,0.0,0,False,7,34
genuine,1,data/split/test/FAMILY-15/MOTHER/FM015_M4.png,data/split/test/FAMILY-15/MOTHER/FM015_M5.png,FAMILY-15,FAMILY-15,MOTHER,0.24,12.0,0,False,42,34
genuine,1,data/split/test/FAMILY-20/CHILD/FM020_C1.png,data/split/test/FAMILY-20/CHILD/FM020_C2.png,FAMILY-20,FAMILY-20,CHILD,0.0,0.0,0,False,8,0
genuine,1,data/split/test/FAMILY-20/CHILD/FM020_C1.png,data/split/test/FAMILY-20/CHILD/FM020_C3.png,FAMILY-20,FAMILY-20,CHILD,0.0,0.0,0,False,8,9
genuine,1,data/split/test/FAMILY-20/CHILD/FM020_C1.png,data/split/test/FAMILY-20/CHILD/FM020_C4.png,FAMILY-20,FAMILY-20,CHILD,0.0,0.0,0,False,8,2
genuine,1,data/split/test/FAMILY-20/CHILD/FM020_C1.png,data/split/test/FAMILY-20/CHILD/FM020_C5.png,FAMILY-20,FAMILY-20,CHILD,0.0,0.0,0,False,8,0
genuine,1,data/split/test/FAMILY-20/CHILD/FM020_C2.png,data/split/test/FAMILY-20/CHILD/FM020_C3.png,FAMILY-20,FAMILY-20,CHILD,0.0,0.0,0,False,0,9
genuine,1,data/split/test/FAMILY-20/CHILD/FM020_C2.png,data/split/test/FAMILY-20/CHILD/FM020_C4.png,FAMILY-20,FAMILY-20,CHILD,0.0,0.0,0,False,0,2
genuine,1,data/split/test/FAMILY-20/CHILD/FM020_C2.png,data/split/test/FAMILY-20/CHILD/FM020_C5.png,FAMILY-20,FAMILY-20,CHILD,0.0,0.0,0,False,0,0
genuine,1,data/split/test/FAMILY-20/CHILD/FM020_C3.png,data/split/test/FAMILY-20/CHILD/FM020_C4.png,FAMILY-20,FAMILY-20,CHILD,0.0,0.0,0,False,9,2
genuine,1,data/split/test/FAMILY-20/CHILD/FM020_C3.png,data/split/test/FAMILY-20/CHILD/FM020_C5.png,FAMILY-20,FAMILY-20,CHILD,0.0,0.0,0,False,9,0
genuine,1,data/split/test/FAMILY-20/CHILD/FM020_C4.png,data/split/test/FAMILY-20/CHILD/FM020_C5.png,FAMILY-20,FAMILY-20,CHILD,0.0,0.0,0,False,2,0
genuine,1,data/split/test/FAMILY-20/FATHER/FM020_F1.png,data/split/test/FAMILY-20/FATHER/FM020_F2.png,FAMILY-20,FAMILY-20,FATHER,0.0,0.0,0,False,2,6
genuine,1,data/split/test/FAMILY-20/FATHER/FM020_F1.png,data/split/test/FAMILY-20/FATHER/FM020_F3.png,FAMILY-20,FAMILY-20,FATHER,0.0,0.0,0,False,2,2
genuine,1,data/split/test/FAMILY-20/FATHER/FM020_F1.png,data/split/test/FAMILY-20/FATHER/FM020_F4.png,FAMILY-20,FAMILY-20,FATHER,0.0,0.0,0,False,2,6
genuine,1,data/split/test/FAMILY-20/FATHER/FM020_F1.png,data/split/test/FAMILY-20/FATHER/FM020_F5.png,FAMILY-20,FAMILY-20,FATHER,0.0,0.0,0,False,2,12
genuine,1,data/split/test/FAMILY-20/FATHER/FM020_F2.png,data/split/test/FAMILY-20/FATHER/FM020_F3.png,FAMILY-20,FAMILY-20,FATHER,0.0,0.0,0,False,6,2
genuine,1,data/split/test/FAMILY-20/FATHER/FM020_F2.png,data/split/test/FAMILY-20/FATHER/FM020_F4.png,FAMILY-20,FAMILY-20,FATHER,0.0,0.0,0,False,6,6
genuine,1,data/split/test/FAMILY-20/FATHER/FM020_F2.png,data/split/test/FAMILY-20/FATHER/FM020_F5.png,FAMILY-20,FAMILY-20,FATHER,0.0,0.0,0,False,6,12
genuine,1,data/split/test/FAMILY-20/FATHER/FM020_F3.png,data/split/test/FAMILY-20/FATHER/FM020_F4.png,FAMILY-20,FAMILY-20,FATHER,0.0,0.0,0,False,2,6
genuine,1,data/split/test/FAMILY-20/FATHER/FM020_F3.png,data/split/test/FAMILY-20/FATHER/FM020_F5.png,FAMILY-20,FAMILY-20,FATHER,0.0,0.0,0,False,2,12
genuine,1,data/split/test/FAMILY-20/FATHER/FM020_F4.png,data/split/test/FAMILY-20/FATHER/FM020_F5.png,FAMILY-20,FAMILY-20,FATHER,0.0,0.0,0,False,6,12
genuine,1,data/split/test/FAMILY-20/MOTHER/FM020_M1.png,data/split/test/FAMILY-20/MOTHER/FM020_M2.png,FAMILY-20,FAMILY-20,MOTHER,0.0,0.0,0,False,3,2
genuine,1,data/split/test/FAMILY-20/MOTHER/FM020_M1.png,data/split/test/FAMILY-20/MOTHER/FM020_M3.png,FAMILY-20,FAMILY-20,MOTHER,0.0,0.0,0,False,3,1
genuine,1,data/split/test/FAMILY-20/MOTHER/FM020_M1.png,data/split/test/FAMILY-20/MOTHER/FM020_M4.png,FAMILY-20,FAMILY-20,MOTHER,0.0,0.0,0,False,3,7
genuine,1,data/split/test/FAMILY-20/MOTHER/FM020_M1.png,data/split/test/FAMILY-20/MOTHER/FM020_M5.png,FAMILY-20,FAMILY-20,MOTHER,0.0,0.0,0,False,3,1
genuine,1,data/split/test/FAMILY-20/MOTHER/FM020_M2.png,data/split/test/FAMILY-20/MOTHER/FM020_M3.png,FAMILY-20,FAMILY-20,MOTHER,0.0,0.0,0,False,2,1
genuine,1,data/split/test/FAMILY-20/MOTHER/FM020_M2.png,data/split/test/FAMILY-20/MOTHER/FM020_M4.png,FAMILY-20,FAMILY-20,MOTHER,0.0,0.0,0,False,2,7
genuine,1,data/split/test/FAMILY-20/MOTHER/FM020_M2.png,data/split/test/FAMILY-20/MOTHER/FM020_M5.png,FAMILY-20,FAMILY-20,MOTHER,0.0,0.0,0,False,2,1
genuine,1,data/split/test/FAMILY-20/MOTHER/FM020_M3.png,data/split/test/FAMILY-20/MOTHER/FM020_M4.png,FAMILY-20,FAMILY-20,MOTHER,0.0,0.0,0,False,1,7
genuine,1,data/split/test/FAMILY-20/MOTHER/FM020_M3.png,data/split/test/FAMILY-20/MOTHER/FM020_M5.png,FAMILY-20,FAMILY-20,MOTHER,0.0,0.0,0,False,1,1
genuine,1,data/split/test/FAMILY-20/MOTHER/FM020_M4.png,data/split/test/FAMILY-20/MOTHER/FM020_M5.png,FAMILY-20,FAMILY-20,MOTHER,0.0,0.0,0,False,7,1
genuine,1,data/split/test/FAMILY-23/CHILD/FM023_C1.png,data/split/test/FAMILY-23/CHILD/FM023_C2.png,FAMILY-23,FAMILY-23,CHILD,0.02,1.0,0,False,16,18
genuine,1,data/split/test/FAMILY-23/CHILD/FM023_C1.png,data/split/test/FAMILY-23/CHILD/FM023_C3.png,FAMILY-23,FAMILY-23,CHILD,0.14,7.0,0,False,16,22
genuine,1,data/split/test/FAMILY-23/CHILD/FM023_C1.png,data/split/test/FAMILY-23/CHILD/FM023_C4.png,FAMILY-23,FAMILY-23,CHILD,0.0,0.0,0,False,16,6
genuine,1,data/split/test/FAMILY-23/CHILD/FM023_C1.png,data/split/test/FAMILY-23/CHILD/FM023_C5.png,FAMILY-23,FAMILY-23,CHILD,0.0,0.0,0,False,16,12
genuine,1,data/split/test/FAMILY-23/CHILD/FM023_C2.png,data/split/test/FAMILY-23/CHILD/FM023_C3.png,FAMILY-23,FAMILY-23,CHILD,0.04,2.0,0,False,18,22
genuine,1,data/split/test/FAMILY-23/CHILD/FM023_C2.png,data/split/test/FAMILY-23/CHILD/FM023_C4.png,FAMILY-23,FAMILY-23,CHILD,0.0,0.0,0,False,18,6
genuine,1,data/split/test/FAMILY-23/CHILD/FM023_C2.png,data/split/test/FAMILY-23/CHILD/FM023_C5.png,FAMILY-23,FAMILY-23,CHILD,0.0,0.0,0,False,18,12
genuine,1,data/split/test/FAMILY-23/CHILD/FM023_C3.png,data/split/test/FAMILY-23/CHILD/FM023_C4.png,FAMILY-23,FAMILY-23,CHILD,0.0,0.0,0,False,22,6
genuine,1,data/split/test/FAMILY-23/CHILD/FM023_C3.png,data/split/test/FAMILY-23/CHILD/FM023_C5.png,FAMILY-23,FAMILY-23,CHILD,0.0,0.0,0,False,22,12
genuine,1,data/split/test/FAMILY-23/CHILD/FM023_C4.png,data/split/test/FAMILY-23/CHILD/FM023_C5.png,FAMILY-23,FAMILY-23,CHILD,0.0,0.0,0,False,6,12
genuine,1,data/split/test/FAMILY-23/FATHER/FM023_F1.png,data/split/test/FAMILY-23/FATHER/FM023_F2.png,FAMILY-23,FAMILY-23,FATHER,0.18,9.0,0,False,30,56
genuine,1,data/split/test/FAMILY-23/FATHER/FM023_F1.png,data/split/test/FAMILY-23/FATHER/FM023_F3.png,FAMILY-23,FAMILY-23,FATHER,0.3,15.0,0,False,30,83
genuine,1,data/split/test/FAMILY-23/FATHER/FM023_F1.png,data/split/test/FAMILY-23/FATHER/FM023_F4.png,FAMILY-23,FAMILY-23,FATHER,0.26,13.0,0,False,30,40
genuine,1,data/split/test/FAMILY-23/FATHER/FM023_F1.png,data/split/test/FAMILY-23/FATHER/FM023_F5.png,FAMILY-23,FAMILY-23,FATHER,0.14,7.0,0,False,30,88
genuine,1,data/split/test/FAMILY-23/FATHER/FM023_F2.png,data/split/test/FAMILY-23/FATHER/FM023_F3.png,FAMILY-23,FAMILY-23,FATHER,0.34,17.0,0,False,56,83
genuine,1,data/split/test/FAMILY-23/FATHER/FM023_F2.png,data/split/test/FAMILY-23/FATHER/FM023_F4.png,FAMILY-23,FAMILY-23,FATHER,0.16,8.0,0,False,56,40
genuine,1,data/split/test/FAMILY-23/FATHER/FM023_F2.png,data/split/test/FAMILY-23/FATHER/FM023_F5.png,FAMILY-23,FAMILY-23,FATHER,0.48,24.0,0,False,56,88
genuine,1,data/split/test/FAMILY-23/FATHER/FM023_F3.png,data/split/test/FAMILY-23/FATHER/FM023_F4.png,FAMILY-23,FAMILY-23,FATHER,0.28,14.0,0,False,83,40
genuine,1,data/split/test/FAMILY-23/FATHER/FM023_F3.png,data/split/test/FAMILY-23/FATHER/FM023_F5.png,FAMILY-23,FAMILY-23,FATHER,0.52,26.0,0,False,83,88
genuine,1,data/split/test/FAMILY-23/FATHER/FM023_F4.png,data/split/test/FAMILY-23/FATHER/FM023_F5.png,FAMILY-23,FAMILY-23,FATHER,0.14,7.0,0,False,40,88
genuine,1,data/split/test/FAMILY-23/MOTHER/FM023_M1.png,data/split/test/FAMILY-23/MOTHER/FM023_M2.png,FAMILY-23,FAMILY-23,MOTHER,0.3,15.0,0,False,70,27
genuine,1,data/split/test/FAMILY-23/MOTHER/FM023_M1.png,data/split/test/FAMILY-23/MOTHER/FM023_M3.png,FAMILY-23,FAMILY-23,MOTHER,0.26,13.0,0,False,70,37
genuine,1,data/split/test/FAMILY-23/MOTHER/FM023_M1.png,data/split/test/FAMILY-23/MOTHER/FM023_M4.png,FAMILY-23,FAMILY-23,MOTHER,0.12,6.0,0,False,70,21
genuine,1,data/split/test/FAMILY-23/MOTHER/FM023_M1.png,data/split/test/FAMILY-23/MOTHER/FM023_M5.png,FAMILY-23,FAMILY-23,MOTHER,0.0,0.0,0,False,70,13
genuine,1,data/split/test/FAMILY-23/MOTHER/FM023_M2.png,data/split/test/FAMILY-23/MOTHER/FM023_M3.png,FAMILY-23,FAMILY-23,MOTHER,0.14,7.0,0,False,27,37
genuine,1,data/split/test/FAMILY-23/MOTHER/FM023_M2.png,data/split/test/FAMILY-23/MOTHER/FM023_M4.png,FAMILY-23,FAMILY-23,MOTHER,0.12,6.0,0,False,27,21
genuine,1,data/split/test/FAMILY-23/MOTHER/FM023_M2.png,data/split/test/FAMILY-23/MOTHER/FM023_M5.png,FAMILY-23,FAMILY-23,MOTHER,0.0,0.0,0,False,27,13
genuine,1,data/split/test/FAMILY-23/MOTHER/FM023_M3.png,data/split/test/FAMILY-23/MOTHER/FM023_M4.png,FAMILY-23,FAMILY-23,MOTHER,0.1,5.0,0,False,37,21
genuine,1,data/split/test/FAMILY-23/MOTHER/FM023_M3.png,data/split/test/FAMILY-23/MOTHER/FM023_M5.png,FAMILY-23,FAMILY-23,MOTHER,0.0,0.0,0,False,37,13
genuine,1,data/split/test/FAMILY-23/MOTHER/FM023_M4.png,data/split/test/FAMILY-23/MOTHER/FM023_M5.png,FAMILY-23,FAMILY-23,MOTHER,0.0,0.0,0,False,21,13
genuine,1,data/split/test/FAMILY-36/CHILD/FM036_C1.png,data/split/test/FAMILY-36/CHILD/FM036_C2.png,FAMILY-36,FAMILY-36,CHILD,0.14,7.0,0,False,32,33
genuine,1,data/split/test/FAMILY-36/CHILD/FM036_C1.png,data/split/test/FAMILY-36/CHILD/FM036_C3.png,FAMILY-36,FAMILY-36,CHILD,0.54,27.0,0,False,32,34
genuine,1,data/split/test/FAMILY-36/CHILD/FM036_C1.png,data/split/test/FAMILY-36/CHILD/FM036_C4.png,FAMILY-36,FAMILY-36,CHILD,0.06,3.0,0,False,32,16
genuine,1,data/split/test/FAMILY-36/CHILD/FM036_C1.png,data/split/test/FAMILY-36/CHILD/FM036_C5.png,FAMILY-36,FAMILY-36,CHILD,0.0,0.0,0,False,32,3
genuine,1,data/split/test/FAMILY-36/CHILD/FM036_C2.png,data/split/test/FAMILY-36/CHILD/FM036_C3.png,FAMILY-36,FAMILY-36,CHILD,0.1,5.0,0,False,33,34
genuine,1,data/split/test/FAMILY-36/CHILD/FM036_C2.png,data/split/test/FAMILY-36/CHILD/FM036_C4.png,FAMILY-36,FAMILY-36,CHILD,0.06,3.0,0,False,33,16
genuine,1,data/split/test/FAMILY-36/CHILD/FM036_C2.png,data/split/test/FAMILY-36/CHILD/FM036_C5.png,FAMILY-36,FAMILY-36,CHILD,0.0,0.0,0,False,33,3
genuine,1,data/split/test/FAMILY-36/CHILD/FM036_C3.png,data/split/test/FAMILY-36/CHILD/FM036_C4.png,FAMILY-36,FAMILY-36,CHILD,0.12,6.0,0,False,34,16
genuine,1,data/split/test/FAMILY-36/CHILD/FM036_C3.png,data/split/test/FAMILY-36/CHILD/FM036_C5.png,FAMILY-36,FAMILY-36,CHILD,0.0,0.0,0,False,34,3
genuine,1,data/split/test/FAMILY-36/CHILD/FM036_C4.png,data/split/test/FAMILY-36/CHILD/FM036_C5.png,FAMILY-36,FAMILY-36,CHILD,0.0,0.0,0,False,16,3
genuine,1,data/split/test/FAMILY-36/FATHER/FM036_F1.png,data/split/test/FAMILY-36/FATHER/FM036_F2.png,FAMILY-36,FAMILY-36,FATHER,0.34,17.0,0,False,87,53
genuine,1,data/split/test/FAMILY-36/FATHER/FM036_F1.png,data/split/test/FAMILY-36/FATHER/FM036_F3.png,FAMILY-36,FAMILY-36,FATHER,0.0,0.0,0,False,87,10
genuine,1,data/split/test/FAMILY-36/FATHER/FM036_F1.png,data/split/test/FAMILY-36/FATHER/FM036_F4.png,FAMILY-36,FAMILY-36,FATHER,0.0,0.0,0,False,87,10
genuine,1,data/split/test/FAMILY-36/FATHER/FM036_F1.png,data/split/test/FAMILY-36/FATHER/FM036_F5.png,FAMILY-36,FAMILY-36,FATHER,0.0,0.0,0,False,87,5
genuine,1,data/split/test/FAMILY-36/FATHER/FM036_F2.png,data/split/test/FAMILY-36/FATHER/FM036_F3.png,FAMILY-36,FAMILY-36,FATHER,0.0,0.0,0,False,53,10
genuine,1,data/split/test/FAMILY-36/FATHER/FM036_F2.png,data/split/test/FAMILY-36/FATHER/FM036_F4.png,FAMILY-36,FAMILY-36,FATHER,0.0,0.0,0,False,53,10
genuine,1,data/split/test/FAMILY-36/FATHER/FM036_F2.png,data/split/test/FAMILY-36/FATHER/FM036_F5.png,FAMILY-36,FAMILY-36,FATHER,0.0,0.0,0,False,53,5
genuine,1,data/split/test/FAMILY-36/FATHER/FM036_F3.png,data/split/test/FAMILY-36/FATHER/FM036_F4.png,FAMILY-36,FAMILY-36,FATHER,0.0,0.0,0,False,10,10
genuine,1,data/split/test/FAMILY-36/FATHER/FM036_F3.png,data/split/test/FAMILY-36/FATHER/FM036_F5.png,FAMILY-36,FAMILY-36,FATHER,0.0,0.0,0,False,10,5
genuine,1,data/split/test/FAMILY-36/FATHER/FM036_F4.png,data/split/test/FAMILY-36/FATHER/FM036_F5.png,FAMILY-36,FAMILY-36,FATHER,0.0,0.0,0,False,10,5
genuine,1,data/split/test/FAMILY-36/MOTHER/FM036_M1.png,data/split/test/FAMILY-36/MOTHER/FM036_M2.png,FAMILY-36,FAMILY-36,MOTHER,0.18,9.0,0,False,81,26
genuine,1,data/split/test/FAMILY-36/MOTHER/FM036_M1.png,data/split/test/FAMILY-36/MOTHER/FM036_M3.png,FAMILY-36,FAMILY-36,MOTHER,0.08,4.0,0,False,81,19
genuine,1,data/split/test/FAMILY-36/MOTHER/FM036_M1.png,data/split/test/FAMILY-36/MOTHER/FM036_M4.png,FAMILY-36,FAMILY-36,MOTHER,0.1,5.0,0,False,81,30
genuine,1,data/split/test/FAMILY-36/MOTHER/FM036_M1.png,data/split/test/FAMILY-36/MOTHER/FM036_M5.png,FAMILY-36,FAMILY-36,MOTHER,0.0,0.0,0,False,81,5
genuine,1,data/split/test/FAMILY-36/MOTHER/FM036_M2.png,data/split/test/FAMILY-36/MOTHER/FM036_M3.png,FAMILY-36,FAMILY-36,MOTHER,0.04,2.0,0,False,26,19
genuine,1,data/split/test/FAMILY-36/MOTHER/FM036_M2.png,data/split/test/FAMILY-36/MOTHER/FM036_M4.png,FAMILY-36,FAMILY-36,MOTHER,0.06,3.0,0,False,26,30
genuine,1,data/split/test/FAMILY-36/MOTHER/FM036_M2.png,data/split/test/FAMILY-36/MOTHER/FM036_M5.png,FAMILY-36,FAMILY-36,MOTHER,0.0,0.0,0,False,26,5
genuine,1,data/split/test/FAMILY-36/MOTHER/FM036_M3.png,data/split/test/FAMILY-36/MOTHER/FM036_M4.png,FAMILY-36,FAMILY-36,MOTHER,0.08,4.0,0,False,19,30
genuine,1,data/split/test/FAMILY-36/MOTHER/FM036_M3.png,data/split/test/FAMILY-36/MOTHER/FM036_M5.png,FAMILY-36,FAMILY-36,MOTHER,0.0,0.0,0,False,19,5
genuine,1,data/split/test/FAMILY-36/MOTHER/FM036_M4.png,data/split/test/FAMILY-36/MOTHER/FM036_M5.png,FAMILY-36,FAMILY-36,MOTHER,0.0,0.0,0,False,30,5
genuine,1,data/split/test/FAMILY-37/CHILD/FM037_C1.png,data/split/test/FAMILY-37/CHILD/FM037_C2.png,FAMILY-37,FAMILY-37,CHILD,0.0,0.0,0,False,23,7
genuine,1,data/split/test/FAMILY-37/CHILD/FM037_C1.png,data/split/test/FAMILY-37/CHILD/FM037_C3.png,FAMILY-37,FAMILY-37,CHILD,0.0,0.0,0,False,23,8
genuine,1,data/split/test/FAMILY-37/CHILD/FM037_C1.png,data/split/test/FAMILY-37/CHILD/FM037_C4.png,FAMILY-37,FAMILY-37,CHILD,0.0,0.0,0,False,23,7
genuine,1,data/split/test/FAMILY-37/CHILD/FM037_C1.png,data/split/test/FAMILY-37/CHILD/FM037_C5.png,FAMILY-37,FAMILY-37,CHILD,0.06,3.0,0,False,23,21
genuine,1,data/split/test/FAMILY-37/CHILD/FM037_C2.png,data/split/test/FAMILY-37/CHILD/FM037_C3.png,FAMILY-37,FAMILY-37,CHILD,0.0,0.0,0,False,7,8
genuine,1,data/split/test/FAMILY-37/CHILD/FM037_C2.png,data/split/test/FAMILY-37/CHILD/FM037_C4.png,FAMILY-37,FAMILY-37,CHILD,0.0,0.0,0,False,7,7
genuine,1,data/split/test/FAMILY-37/CHILD/FM037_C2.png,data/split/test/FAMILY-37/CHILD/FM037_C5.png,FAMILY-37,FAMILY-37,CHILD,0.0,0.0,0,False,7,21
genuine,1,data/split/test/FAMILY-37/CHILD/FM037_C3.png,data/split/test/FAMILY-37/CHILD/FM037_C4.png,FAMILY-37,FAMILY-37,CHILD,0.0,0.0,0,False,8,7
genuine,1,data/split/test/FAMILY-37/CHILD/FM037_C3.png,data/split/test/FAMILY-37/CHILD/FM037_C5.png,FAMILY-37,FAMILY-37,CHILD,0.0,0.0,0,False,8,21
genuine,1,data/split/test/FAMILY-37/CHILD/FM037_C4.png,data/split/test/FAMILY-37/CHILD/FM037_C5.png,FAMILY-37,FAMILY-37,CHILD,0.0,0.0,0,False,7,21
genuine,1,data/split/test/FAMILY-37/FATHER/FM037_F1.png,data/split/test/FAMILY-37/FATHER/FM037_F2.png,FAMILY-37,FAMILY-37,FATHER,0.28,14.0,0,False,94,50
genuine,1,data/split/test/FAMILY-37/FATHER/FM037_F1.png,data/split/test/FAMILY-37/FATHER/FM037_F3.png,FAMILY-37,FAMILY-37,FATHER,0.52,26.0,0,False,94,67
genuine,1,data/split/test/FAMILY-37/FATHER/FM037_F1.png,data/split/test/FAMILY-37/FATHER/FM037_F4.png,FAMILY-37,FAMILY-37,FATHER,0.38,19.0,0,False,94,73
genuine,1,data/split/test/FAMILY-37/FATHER/FM037_F1.png,data/split/test/FAMILY-37/FATHER/FM037_F5.png,FAMILY-37,FAMILY-37,FATHER,0.32,16.0,0,False,94,73
genuine,1,data/split/test/FAMILY-37/FATHER/FM037_F2.png,data/split/test/FAMILY-37/FATHER/FM037_F3.png,FAMILY-37,FAMILY-37,FATHER,0.36,18.0,0,False,50,67
genuine,1,data/split/test/FAMILY-37/FATHER/FM037_F2.png,data/split/test/FAMILY-37/FATHER/FM037_F4.png,FAMILY-37,FAMILY-37,FATHER,0.26,13.0,0,False,50,73
genuine,1,data/split/test/FAMILY-37/FATHER/FM037_F2.png,data/split/test/FAMILY-37/FATHER/FM037_F5.png,FAMILY-37,FAMILY-37,FATHER,0.42,21.0,0,False,50,73
genuine,1,data/split/test/FAMILY-37/FATHER/FM037_F3.png,data/split/test/FAMILY-37/FATHER/FM037_F4.png,FAMILY-37,FAMILY-37,FATHER,0.58,29.0,0,False,67,73
genuine,1,data/split/test/FAMILY-37/FATHER/FM037_F3.png,data/split/test/FAMILY-37/FATHER/FM037_F5.png,FAMILY-37,FAMILY-37,FATHER,0.54,27.0,0,False,67,73
genuine,1,data/split/test/FAMILY-37/FATHER/FM037_F4.png,data/split/test/FAMILY-37/FATHER/FM037_F5.png,FAMILY-37,FAMILY-37,FATHER,0.4,20.0,0,False,73,73
genuine,1,data/split/test/FAMILY-37/MOTHER/FM037_M1.png,data/split/test/FAMILY-37/MOTHER/FM037_M2.png,FAMILY-37,FAMILY-37,MOTHER,0.22,11.0,0,False,30,52
genuine,1,data/split/test/FAMILY-37/MOTHER/FM037_M1.png,data/split/test/FAMILY-37/MOTHER/FM037_M3.png,FAMILY-37,FAMILY-37,MOTHER,0.12,6.0,0,False,30,39
genuine,1,data/split/test/FAMILY-37/MOTHER/FM037_M1.png,data/split/test/FAMILY-37/MOTHER/FM037_M4.png,FAMILY-37,FAMILY-37,MOTHER,0.2,10.0,0,False,30,29
genuine,1,data/split/test/FAMILY-37/MOTHER/FM037_M1.png,data/split/test/FAMILY-37/MOTHER/FM037_M5.png,FAMILY-37,FAMILY-37,MOTHER,0.0,0.0,0,False,30,0
genuine,1,data/split/test/FAMILY-37/MOTHER/FM037_M2.png,data/split/test/FAMILY-37/MOTHER/FM037_M3.png,FAMILY-37,FAMILY-37,MOTHER,0.26,13.0,0,False,52,39
genuine,1,data/split/test/FAMILY-37/MOTHER/FM037_M2.png,data/split/test/FAMILY-37/MOTHER/FM037_M4.png,FAMILY-37,FAMILY-37,MOTHER,0.2,10.0,0,False,52,29
genuine,1,data/split/test/FAMILY-37/MOTHER/FM037_M2.png,data/split/test/FAMILY-37/MOTHER/FM037_M5.png,FAMILY-37,FAMILY-37,MOTHER,0.0,0.0,0,False,52,0
genuine,1,data/split/test/FAMILY-37/MOTHER/FM037_M3.png,data/split/test/FAMILY-37/MOTHER/FM037_M4.png,FAMILY-37,FAMILY-37,MOTHER,0.1,5.0,0,False,39,29
genuine,1,data/split/test/FAMILY-37/MOTHER/FM037_M3.png,data/split/test/FAMILY-37/MOTHER/FM037_M5.png,FAMILY-37,FAMILY-37,MOTHER,0.0,0.0,0,False,39,0
genuine,1,data/split/test/FAMILY-37/MOTHER/FM037_M4.png,data/split/test/FAMILY-37/MOTHER/FM037_M5.png,FAMILY-37,FAMILY-37,MOTHER,0.0,0.0,0,False,29,0
genuine,1,data/split/test/FAMILY-42/CHILD/FM042_C1.png,data/split/test/FAMILY-42/CHILD/FM042_C2.png,FAMILY-42,FAMILY-42,CHILD,0.1,5.0,0,False,42,42
genuine,1,data/split/test/FAMILY-42/CHILD/FM042_C1.png,data/split/test/FAMILY-42/CHILD/FM042_C3.png,FAMILY-42,FAMILY-42,CHILD,0.1,5.0,0,False,42,31
genuine,1,data/split/test/FAMILY-42/CHILD/FM042_C1.png,data/split/test/FAMILY-42/CHILD/FM042_C4.png,FAMILY-42,FAMILY-42,CHILD,0.2,10.0,0,False,42,45
genuine,1,data/split/test/FAMILY-42/CHILD/FM042_C1.png,data/split/test/FAMILY-42/CHILD/FM042_C5.png,FAMILY-42,FAMILY-42,CHILD,0.2,10.0,0,False,42,36
genuine,1,data/split/test/FAMILY-42/CHILD/FM042_C2.png,data/split/test/FAMILY-42/CHILD/FM042_C3.png,FAMILY-42,FAMILY-42,CHILD,0.08,4.0,0,False,42,31
genuine,1,data/split/test/FAMILY-42/CHILD/FM042_C2.png,data/split/test/FAMILY-42/CHILD/FM042_C4.png,FAMILY-42,FAMILY-42,CHILD,0.22,11.0,0,False,42,45
genuine,1,data/split/test/FAMILY-42/CHILD/FM042_C2.png,data/split/test/FAMILY-42/CHILD/FM042_C5.png,FAMILY-42,FAMILY-42,CHILD,0.2,10.0,0,False,42,36
genuine,1,data/split/test/FAMILY-42/CHILD/FM042_C3.png,data/split/test/FAMILY-42/CHILD/FM042_C4.png,FAMILY-42,FAMILY-42,CHILD,0.12,6.0,0,False,31,45
genuine,1,data/split/test/FAMILY-42/CHILD/FM042_C3.png,data/split/test/FAMILY-42/CHILD/FM042_C5.png,FAMILY-42,FAMILY-42,CHILD,0.1,5.0,0,False,31,36
genuine,1,data/split/test/FAMILY-42/CHILD/FM042_C4.png,data/split/test/FAMILY-42/CHILD/FM042_C5.png,FAMILY-42,FAMILY-42,CHILD,0.34,17.0,0,False,45,36
genuine,1,data/split/test/FAMILY-42/FATHER/FM042_F1.png,data/split/test/FAMILY-42/FATHER/FM042_F2.png,FAMILY-42,FAMILY-42,FATHER,0.84,42.0,0,False,91,84
genuine,1,data/split/test/FAMILY-42/FATHER/FM042_F1.png,data/split/test/FAMILY-42/FATHER/FM042_F3.png,FAMILY-42,FAMILY-42,FATHER,0.58,29.0,0,False,91,77
genuine,1,data/split/test/FAMILY-42/FATHER/FM042_F1.png,data/split/test/FAMILY-42/FATHER/FM042_F4.png,FAMILY-42,FAMILY-42,FATHER,0.32,16.0,0,False,91,58
genuine,1,data/split/test/FAMILY-42/FATHER/FM042_F1.png,data/split/test/FAMILY-42/FATHER/FM042_F5.png,FAMILY-42,FAMILY-42,FATHER,0.18,9.0,0,False,91,23
genuine,1,data/split/test/FAMILY-42/FATHER/FM042_F2.png,data/split/test/FAMILY-42/FATHER/FM042_F3.png,FAMILY-42,FAMILY-42,FATHER,0.68,34.0,0,False,84,77
genuine,1,data/split/test/FAMILY-42/FATHER/FM042_F2.png,data/split/test/FAMILY-42/FATHER/FM042_F4.png,FAMILY-42,FAMILY-42,FATHER,0.5,25.0,0,False,84,58
genuine,1,data/split/test/FAMILY-42/FATHER/FM042_F2.png,data/split/test/FAMILY-42/FATHER/FM042_F5.png,FAMILY-42,FAMILY-42,FATHER,0.14,7.0,0,False,84,23
genuine,1,data/split/test/FAMILY-42/FATHER/FM042_F3.png,data/split/test/FAMILY-42/FATHER/FM042_F4.png,FAMILY-42,FAMILY-42,FATHER,0.36,18.0,0,False,77,58
genuine,1,data/split/test/FAMILY-42/FATHER/FM042_F3.png,data/split/test/FAMILY-42/FATHER/FM042_F5.png,FAMILY-42,FAMILY-42,FATHER,0.14,7.0,0,False,77,23
genuine,1,data/split/test/FAMILY-42/FATHER/FM042_F4.png,data/split/test/FAMILY-42/FATHER/FM042_F5.png,FAMILY-42,FAMILY-42,FATHER,0.12,6.0,0,False,58,23
genuine,1,data/split/test/FAMILY-42/MOTHER/FM042_M1.png,data/split/test/FAMILY-42/MOTHER/FM042_M2.png,FAMILY-42,FAMILY-42,MOTHER,0.2,10.0,0,False,37,19
genuine,1,data/split/test/FAMILY-42/MOTHER/FM042_M1.png,data/split/test/FAMILY-42/MOTHER/FM042_M3.png,FAMILY-42,FAMILY-42,MOTHER,0.38,19.0,0,False,37,32
genuine,1,data/split/test/FAMILY-42/MOTHER/FM042_M1.png,data/split/test/FAMILY-42/MOTHER/FM042_M4.png,FAMILY-42,FAMILY-42,MOTHER,0.16,8.0,0,False,37,26
genuine,1,data/split/test/FAMILY-42/MOTHER/FM042_M1.png,data/split/test/FAMILY-42/MOTHER/FM042_M5.png,FAMILY-42,FAMILY-42,MOTHER,0.0,0.0,0,False,37,12
genuine,1,data/split/test/FAMILY-42/MOTHER/FM042_M2.png,data/split/test/FAMILY-42/MOTHER/FM042_M3.png,FAMILY-42,FAMILY-42,MOTHER,0.08,4.0,0,False,19,32
genuine,1,data/split/test/FAMILY-42/MOTHER/FM042_M2.png,data/split/test/FAMILY-42/MOTHER/FM042_M4.png,FAMILY-42,FAMILY-42,MOTHER,0.04,2.0,0,False,19,26
genuine,1,data/split/test/FAMILY-42/MOTHER/FM042_M2.png,data/split/test/FAMILY-42/MOTHER/FM042_M5.png,FAMILY-42,FAMILY-42,MOTHER,0.0,0.0,0,False,19,12
genuine,1,data/split/test/FAMILY-42/MOTHER/FM042_M3.png,data/split/test/FAMILY-42/MOTHER/FM042_M4.png,FAMILY-42,FAMILY-42,MOTHER,0.16,8.0,0,False,32,26
genuine,1,data/split/test/FAMILY-42/MOTHER/FM042_M3.png,data/split/test/FAMILY-42/MOTHER/FM042_M5.png,FAMILY-42,FAMILY-42,MOTHER,0.0,0.0,0,False,32,12
genuine,1,data/split/test/FAMILY-42/MOTHER/FM042_M4.png,data/split/test/FAMILY-42/MOTHER/FM042_M5.png,FAMILY-42,FAMILY-42,MOTHER,0.0,0.0,0,False,26,12
genuine,1,data/split/test/FAMILY-48/CHILD/FM048_C1.png,data/split/test/FAMILY-48/CHILD/FM048_C2.png,FAMILY-48,FAMILY-48,CHILD,0.34,17.0,0,False,80,56
genuine,1,data/split/test/FAMILY-48/CHILD/FM048_C1.png,data/split/test/FAMILY-48/CHILD/FM048_C3.png,FAMILY-48,FAMILY-48,CHILD,0.38,19.0,0,False,80,58
genuine,1,data/split/test/FAMILY-48/CHILD/FM048_C1.png,data/split/test/FAMILY-48/CHILD/FM048_C4.png,FAMILY-48,FAMILY-48,CHILD,0.22,11.0,0,False,80,40
genuine,1,data/split/test/FAMILY-48/CHILD/FM048_C1.png,data/split/test/FAMILY-48/CHILD/FM048_C5.png,FAMILY-48,FAMILY-48,CHILD,0.14,7.0,0,False,80,32
genuine,1,data/split/test/FAMILY-48/CHILD/FM048_C2.png,data/split/test/FAMILY-48/CHILD/FM048_C3.png,FAMILY-48,FAMILY-48,CHILD,0.4,20.0,0,False,56,58
genuine,1,data/split/test/FAMILY-48/CHILD/FM048_C2.png,data/split/test/FAMILY-48/CHILD/FM048_C4.png,FAMILY-48,FAMILY-48,CHILD,0.36,18.0,0,False,56,40
genuine,1,data/split/test/FAMILY-48/CHILD/FM048_C2.png,data/split/test/FAMILY-48/CHILD/FM048_C5.png,FAMILY-48,FAMILY-48,CHILD,0.14,7.0,0,False,56,32
genuine,1,data/split/test/FAMILY-48/CHILD/FM048_C3.png,data/split/test/FAMILY-48/CHILD/FM048_C4.png,FAMILY-48,FAMILY-48,CHILD,0.22,11.0,0,False,58,40
genuine,1,data/split/test/FAMILY-48/CHILD/FM048_C3.png,data/split/test/FAMILY-48/CHILD/FM048_C5.png,FAMILY-48,FAMILY-48,CHILD,0.14,7.0,0,False,58,32
genuine,1,data/split/test/FAMILY-48/CHILD/FM048_C4.png,data/split/test/FAMILY-48/CHILD/FM048_C5.png,FAMILY-48,FAMILY-48,CHILD,0.14,7.0,0,False,40,32
genuine,1,data/split/test/FAMILY-48/FATHER/FM048_F1.png,data/split/test/FAMILY-48/FATHER/FM048_F2.png,FAMILY-48,FAMILY-48,FATHER,0.28,14.0,0,False,66,52
genuine,1,data/split/test/FAMILY-48/FATHER/FM048_F1.png,data/split/test/FAMILY-48/FATHER/FM048_F3.png,FAMILY-48,FAMILY-48,FATHER,0.3,15.0,0,False,66,70
genuine,1,data/split/test/FAMILY-48/FATHER/FM048_F1.png,data/split/test/FAMILY-48/FATHER/FM048_F4.png,FAMILY-48,FAMILY-48,FATHER,0.28,14.0,0,False,66,57
genuine,1,data/split/test/FAMILY-48/FATHER/FM048_F1.png,data/split/test/FAMILY-48/FATHER/FM048_F5.png,FAMILY-48,FAMILY-48,FATHER,0.18,9.0,0,False,66,39
genuine,1,data/split/test/FAMILY-48/FATHER/FM048_F2.png,data/split/test/FAMILY-48/FATHER/FM048_F3.png,FAMILY-48,FAMILY-48,FATHER,0.38,19.0,0,False,52,70
genuine,1,data/split/test/FAMILY-48/FATHER/FM048_F2.png,data/split/test/FAMILY-48/FATHER/FM048_F4.png,FAMILY-48,FAMILY-48,FATHER,0.3,15.0,0,False,52,57
genuine,1,data/split/test/FAMILY-48/FATHER/FM048_F2.png,data/split/test/FAMILY-48/FATHER/FM048_F5.png,FAMILY-48,FAMILY-48,FATHER,0.22,11.0,0,False,52,39
genuine,1,data/split/test/FAMILY-48/FATHER/FM048_F3.png,data/split/test/FAMILY-48/FATHER/FM048_F4.png,FAMILY-48,FAMILY-48,FATHER,0.32,16.0,0,False,70,57
genuine,1,data/split/test/FAMILY-48/FATHER/FM048_F3.png,data/split/test/FAMILY-48/FATHER/FM048_F5.png,FAMILY-48,FAMILY-48,FATHER,0.2,10.0,0,False,70,39
genuine,1,data/split/test/FAMILY-48/FATHER/FM048_F4.png,data/split/test/FAMILY-48/FATHER/FM048_F5.png,FAMILY-48,FAMILY-48,FATHER,0.32,16.0,0,False,57,39
genuine,1,data/split/test/FAMILY-48/MOTHER/FM048_M1.png,data/split/test/FAMILY-48/MOTHER/FM048_M2.png,FAMILY-48,FAMILY-48,MOTHER,0.26,13.0,0,False,92,35
genuine,1,data/split/test/FAMILY-48/MOTHER/FM048_M1.png,data/split/test/FAMILY-48/MOTHER/FM048_M3.png,FAMILY-48,FAMILY-48,MOTHER,0.12,6.0,0,False,92,25
genuine,1,data/split/test/FAMILY-48/MOTHER/FM048_M1.png,data/split/test/FAMILY-48/MOTHER/FM048_M4.png,FAMILY-48,FAMILY-48,MOTHER,0.22,11.0,0,False,92,27
genuine,1,data/split/test/FAMILY-48/MOTHER/FM048_M1.png,data/split/test/FAMILY-48/MOTHER/FM048_M5.png,FAMILY-48,FAMILY-48,MOTHER,0.28,14.0,0,False,92,33
genuine,1,data/split/test/FAMILY-48/MOTHER/FM048_M2.png,data/split/test/FAMILY-48/MOTHER/FM048_M3.png,FAMILY-48,FAMILY-48,MOTHER,0.06,3.0,0,False,35,25
genuine,1,data/split/test/FAMILY-48/MOTHER/FM048_M2.png,data/split/test/FAMILY-48/MOTHER/FM048_M4.png,FAMILY-48,FAMILY-48,MOTHER,0.22,11.0,0,False,35,27
genuine,1,data/split/test/FAMILY-48/MOTHER/FM048_M2.png,data/split/test/FAMILY-48/MOTHER/FM048_M5.png,FAMILY-48,FAMILY-48,MOTHER,0.14,7.0,0,False,35,33
genuine,1,data/split/test/FAMILY-48/MOTHER/FM048_M3.png,data/split/test/FAMILY-48/MOTHER/FM048_M4.png,FAMILY-48,FAMILY-48,MOTHER,0.16,8.0,0,False,25,27
genuine,1,data/split/test/FAMILY-48/MOTHER/FM048_M3.png,data/split/test/FAMILY-48/MOTHER/FM048_M5.png,FAMILY-48,FAMILY-48,MOTHER,0.1,5.0,0,False,25,33
genuine,1,data/split/test/FAMILY-48/MOTHER/FM048_M4.png,data/split/test/FAMILY-48/MOTHER/FM048_M5.png,FAMILY-48,FAMILY-48,MOTHER,0.12,6.0,0,False,27,33
genuine,1,data/split/test/FAMILY-54/CHILD/FM054_C1.png,data/split/test/FAMILY-54/CHILD/FM054_C2.png,FAMILY-54,FAMILY-54,CHILD,0.0,0.0,0,False,16,0
genuine,1,data/split/test/FAMILY-54/CHILD/FM054_C1.png,data/split/test/FAMILY-54/CHILD/FM054_C3.png,FAMILY-54,FAMILY-54,CHILD,0.0,0.0,0,False,16,12
genuine,1,data/split/test/FAMILY-54/CHILD/FM054_C1.png,data/split/test/FAMILY-54/CHILD/FM054_C4.png,FAMILY-54,FAMILY-54,CHILD,0.06,3.0,0,False,16,52
genuine,1,data/split/test/FAMILY-54/CHILD/FM054_C1.png,data/split/test/FAMILY-54/CHILD/FM054_C5.png,FAMILY-54,FAMILY-54,CHILD,0.04,2.0,0,False,16,21
genuine,1,data/split/test/FAMILY-54/CHILD/FM054_C2.png,data/split/test/FAMILY-54/CHILD/FM054_C3.png,FAMILY-54,FAMILY-54,CHILD,0.0,0.0,0,False,0,12
genuine,1,data/split/test/FAMILY-54/CHILD/FM054_C2.png,data/split/test/FAMILY-54/CHILD/FM054_C4.png,FAMILY-54,FAMILY-54,CHILD,0.0,0.0,0,False,0,52
genuine,1,data/split/test/FAMILY-54/CHILD/FM054_C2.png,data/split/test/FAMILY-54/CHILD/FM054_C5.png,FAMILY-54,FAMILY-54,CHILD,0.0,0.0,0,False,0,21
genuine,1,data/split/test/FAMILY-54/CHILD/FM054_C3.png,data/split/test/FAMILY-54/CHILD/FM054_C4.png,FAMILY-54,FAMILY-54,CHILD,0.0,0.0,0,False,12,52
genuine,1,data/split/test/FAMILY-54/CHILD/FM054_C3.png,data/split/test/FAMILY-54/CHILD/FM054_C5.png,FAMILY-54,FAMILY-54,CHILD,0.0,0.0,0,False,12,21
genuine,1,data/split/test/FAMILY-54/CHILD/FM054_C4.png,data/split/test/FAMILY-54/CHILD/FM054_C5.png,FAMILY-54,FAMILY-54,CHILD,0.18,9.0,0,False,52,21
genuine,1,data/split/test/FAMILY-54/FATHER/FM054_F1.png,data/split/test/FAMILY-54/FATHER/FM054_F2.png,FAMILY-54,FAMILY-54,FATHER,0.48,24.0,0,False,85,83
genuine,1,data/split/test/FAMILY-54/FATHER/FM054_F1.png,data/split/test/FAMILY-54/FATHER/FM054_F3.png,FAMILY-54,FAMILY-54,FATHER,0.4,20.0,0,False,85,92
genuine,1,data/split/test/FAMILY-54/FATHER/FM054_F1.png,data/split/test/FAMILY-54/FATHER/FM054_F4.png,FAMILY-54,FAMILY-54,FATHER,0.1,5.0,0,False,85,32
genuine,1,data/split/test/FAMILY-54/FATHER/FM054_F1.png,data/split/test/FAMILY-54/FATHER/FM054_F5.png,FAMILY-54,FAMILY-54,FATHER,0.24,12.0,0,False,85,44
genuine,1,data/split/test/FAMILY-54/FATHER/FM054_F2.png,data/split/test/FAMILY-54/FATHER/FM054_F3.png,FAMILY-54,FAMILY-54,FATHER,0.48,24.0,0,False,83,92
genuine,1,data/split/test/FAMILY-54/FATHER/FM054_F2.png,data/split/test/FAMILY-54/FATHER/FM054_F4.png,FAMILY-54,FAMILY-54,FATHER,0.12,6.0,0,False,83,32
genuine,1,data/split/test/FAMILY-54/FATHER/FM054_F2.png,data/split/test/FAMILY-54/FATHER/FM054_F5.png,FAMILY-54,FAMILY-54,FATHER,0.46,23.0,0,False,83,44
genuine,1,data/split/test/FAMILY-54/FATHER/FM054_F3.png,data/split/test/FAMILY-54/FATHER/FM054_F4.png,FAMILY-54,FAMILY-54,FATHER,0.08,4.0,0,False,92,32
genuine,1,data/split/test/FAMILY-54/FATHER/FM054_F3.png,data/split/test/FAMILY-54/FATHER/FM054_F5.png,FAMILY-54,FAMILY-54,FATHER,0.36,18.0,0,False,92,44
genuine,1,data/split/test/FAMILY-54/FATHER/FM054_F4.png,data/split/test/FAMILY-54/FATHER/FM054_F5.png,FAMILY-54,FAMILY-54,FATHER,0.1,5.0,0,False,32,44
genuine,1,data/split/test/FAMILY-54/MOTHER/FM054_M1.png,data/split/test/FAMILY-54/MOTHER/FM054_M2.png,FAMILY-54,FAMILY-54,MOTHER,0.38,19.0,0,False,70,65
genuine,1,data/split/test/FAMILY-54/MOTHER/FM054_M1.png,data/split/test/FAMILY-54/MOTHER/FM054_M3.png,FAMILY-54,FAMILY-54,MOTHER,0.62,31.0,0,False,70,61
genuine,1,data/split/test/FAMILY-54/MOTHER/FM054_M1.png,data/split/test/FAMILY-54/MOTHER/FM054_M4.png,FAMILY-54,FAMILY-54,MOTHER,0.44,22.0,0,False,70,68
genuine,1,data/split/test/FAMILY-54/MOTHER/FM054_M1.png,data/split/test/FAMILY-54/MOTHER/FM054_M5.png,FAMILY-54,FAMILY-54,MOTHER,0.32,16.0,0,False,70,46
genuine,1,data/split/test/FAMILY-54/MOTHER/FM054_M2.png,data/split/test/FAMILY-54/MOTHER/FM054_M3.png,FAMILY-54,FAMILY-54,MOTHER,0.58,29.0,0,False,65,61
genuine,1,data/split/test/FAMILY-54/MOTHER/FM054_M2.png,data/split/test/FAMILY-54/MOTHER/FM054_M4.png,FAMILY-54,FAMILY-54,MOTHER,0.78,39.0,0,False,65,68
genuine,1,data/split/test/FAMILY-54/MOTHER/FM054_M2.png,data/split/test/FAMILY-54/MOTHER/FM054_M5.png,FAMILY-54,FAMILY-54,MOTHER,0.22,11.0,0,False,65,46
genuine,1,data/split/test/FAMILY-54/MOTHER/FM054_M3.png,data/split/test/FAMILY-54/MOTHER/FM054_M4.png,FAMILY-54,FAMILY-54,MOTHER,0.56,28.0,0,False,61,68
genuine,1,data/split/test/FAMILY-54/MOTHER/FM054_M3.png,data/split/test/FAMILY-54/MOTHER/FM054_M5.png,FAMILY-54,FAMILY-54,MOTHER,0.3,15.0,0,False,61,46
genuine,1,data/split/test/FAMILY-54/MOTHER/FM054_M4.png,data/split/test/FAMILY-54/MOTHER/FM054_M5.png,FAMILY-54,FAMILY-54,MOTHER,0.5,25.0,0,False,68,46
genuine,1,data/split/test/FAMILY-65/CHILD/FM065_C1.png,data/split/test/FAMILY-65/CHILD/FM065_C2.png,FAMILY-65,FAMILY-65,CHILD,0.86,43.0,0,False,70,50
genuine,1,data/split/test/FAMILY-65/CHILD/FM065_C1.png,data/split/test/FAMILY-65/CHILD/FM065_C3.png,FAMILY-65,FAMILY-65,CHILD,0.7,35.0,0,False,70,81
genuine,1,data/split/test/FAMILY-65/CHILD/FM065_C1.png,data/split/test/FAMILY-65/CHILD/FM065_C4.png,FAMILY-65,FAMILY-65,CHILD,0.42,21.0,0,False,70,55
genuine,1,data/split/test/FAMILY-65/CHILD/FM065_C1.png,data/split/test/FAMILY-65/CHILD/FM065_C5.png,FAMILY-65,FAMILY-65,CHILD,0.12,6.0,0,False,70,22
genuine,1,data/split/test/FAMILY-65/CHILD/FM065_C2.png,data/split/test/FAMILY-65/CHILD/FM065_C3.png,FAMILY-65,FAMILY-65,CHILD,0.66,33.0,0,False,50,81
genuine,1,data/split/test/FAMILY-65/CHILD/FM065_C2.png,data/split/test/FAMILY-65/CHILD/FM065_C4.png,FAMILY-65,FAMILY-65,CHILD,0.4,20.0,0,False,50,55
genuine,1,data/split/test/FAMILY-65/CHILD/FM065_C2.png,data/split/test/FAMILY-65/CHILD/FM065_C5.png,FAMILY-65,FAMILY-65,CHILD,0.2,10.0,0,False,50,22
genuine,1,data/split/test/FAMILY-65/CHILD/FM065_C3.png,data/split/test/FAMILY-65/CHILD/FM065_C4.png,FAMILY-65,FAMILY-65,CHILD,0.52,26.0,0,False,81,55
genuine,1,data/split/test/FAMILY-65/CHILD/FM065_C3.png,data/split/test/FAMILY-65/CHILD/FM065_C5.png,FAMILY-65,FAMILY-65,CHILD,0.32,16.0,0,False,81,22
genuine,1,data/split/test/FAMILY-65/CHILD/FM065_C4.png,data/split/test/FAMILY-65/CHILD/FM065_C5.png,FAMILY-65,FAMILY-65,CHILD,0.12,6.0,0,False,55,22
genuine,1,data/split/test/FAMILY-65/FATHER/FM065_F1.png,data/split/test/FAMILY-65/FATHER/FM065_F2.png,FAMILY-65,FAMILY-65,FATHER,0.24,12.0,0,False,56,30
genuine,1,data/split/test/FAMILY-65/FATHER/FM065_F1.png,data/split/test/FAMILY-65/FATHER/FM065_F3.png,FAMILY-65,FAMILY-65,FATHER,0.22,11.0,0,False,56,74
genuine,1,data/split/test/FAMILY-65/FATHER/FM065_F1.png,data/split/test/FAMILY-65/FATHER/FM065_F4.png,FAMILY-65,FAMILY-65,FATHER,0.08,4.0,0,False,56,22
genuine,1,data/split/test/FAMILY-65/FATHER/FM065_F1.png,data/split/test/FAMILY-65/FATHER/FM065_F5.png,FAMILY-65,FAMILY-65,FATHER,0.24,12.0,0,False,56,40
genuine,1,data/split/test/FAMILY-65/FATHER/FM065_F2.png,data/split/test/FAMILY-65/FATHER/FM065_F3.png,FAMILY-65,FAMILY-65,FATHER,0.28,14.0,0,False,30,74
genuine,1,data/split/test/FAMILY-65/FATHER/FM065_F2.png,data/split/test/FAMILY-65/FATHER/FM065_F4.png,FAMILY-65,FAMILY-65,FATHER,0.1,5.0,0,False,30,22
genuine,1,data/split/test/FAMILY-65/FATHER/FM065_F2.png,data/split/test/FAMILY-65/FATHER/FM065_F5.png,FAMILY-65,FAMILY-65,FATHER,0.24,12.0,0,False,30,40
genuine,1,data/split/test/FAMILY-65/FATHER/FM065_F3.png,data/split/test/FAMILY-65/FATHER/FM065_F4.png,FAMILY-65,FAMILY-65,FATHER,0.2,10.0,0,False,74,22
genuine,1,data/split/test/FAMILY-65/FATHER/FM065_F3.png,data/split/test/FAMILY-65/FATHER/FM065_F5.png,FAMILY-65,FAMILY-65,FATHER,0.3,15.0,0,False,74,40
genuine,1,data/split/test/FAMILY-65/FATHER/FM065_F4.png,data/split/test/FAMILY-65/FATHER/FM065_F5.png,FAMILY-65,FAMILY-65,FATHER,0.1,5.0,0,False,22,40
genuine,1,data/split/test/FAMILY-65/MOTHER/FM065_M1.png,data/split/test/FAMILY-65/MOTHER/FM065_M2.png,FAMILY-65,FAMILY-65,MOTHER,0.3,15.0,0,False,81,33
genuine,1,data/split/test/FAMILY-65/MOTHER/FM065_M1.png,data/split/test/FAMILY-65/MOTHER/FM065_M3.png,FAMILY-65,FAMILY-65,MOTHER,0.48,24.0,0,False,81,55
genuine,1,data/split/test/FAMILY-65/MOTHER/FM065_M1.png,data/split/test/FAMILY-65/MOTHER/FM065_M4.png,FAMILY-65,FAMILY-65,MOTHER,0.34,17.0,0,False,81,48
genuine,1,data/split/test/FAMILY-65/MOTHER/FM065_M1.png,data/split/test/FAMILY-65/MOTHER/FM065_M5.png,FAMILY-65,FAMILY-65,MOTHER,0.1,5.0,0,False,81,18
genuine,1,data/split/test/FAMILY-65/MOTHER/FM065_M2.png,data/split/test/FAMILY-65/MOTHER/FM065_M3.png,FAMILY-65,FAMILY-65,MOTHER,0.12,6.0,0,False,33,55
genuine,1,data/split/test/FAMILY-65/MOTHER/FM065_M2.png,data/split/test/FAMILY-65/MOTHER/FM065_M4.png,FAMILY-65,FAMILY-65,MOTHER,0.08,4.0,0,False,33,48
genuine,1,data/split/test/FAMILY-65/MOTHER/FM065_M2.png,data/split/test/FAMILY-65/MOTHER/FM065_M5.png,FAMILY-65,FAMILY-65,MOTHER,0.06,3.0,0,False,33,18
genuine,1,data/split/test/FAMILY-65/MOTHER/FM065_M3.png,data/split/test/FAMILY-65/MOTHER/FM065_M4.png,FAMILY-65,FAMILY-65,MOTHER,0.22,11.0,0,False,55,48
genuine,1,data/split/test/FAMILY-65/MOTHER/FM065_M3.png,data/split/test/FAMILY-65/MOTHER/FM065_M5.png,FAMILY-65,FAMILY-65,MOTHER,0.1,5.0,0,False,55,18
genuine,1,data/split/test/FAMILY-65/MOTHER/FM065_M4.png,data/split/test/FAMILY-65/MOTHER/FM065_M5.png,FAMILY-65,FAMILY-65,MOTHER,0.06,3.0,0,False,48,18
genuine,1,data/split/test/FAMILY-66/CHILD/FM066_C1.png,data/split/test/FAMILY-66/CHILD/FM066_C2.png,FAMILY-66,FAMILY-66,CHILD,0.0,0.0,0,False,17,7
genuine,1,data/split/test/FAMILY-66/CHILD/FM066_C1.png,data/split/test/FAMILY-66/CHILD/FM066_C3.png,FAMILY-66,FAMILY-66,CHILD,0.06,3.0,0,False,17,17
genuine,1,data/split/test/FAMILY-66/CHILD/FM066_C1.png,data/split/test/FAMILY-66/CHILD/FM066_C4.png,FAMILY-66,FAMILY-66,CHILD,0.0,0.0,0,False,17,13
genuine,1,data/split/test/FAMILY-66/CHILD/FM066_C1.png,data/split/test/FAMILY-66/CHILD/FM066_C5.png,FAMILY-66,FAMILY-66,CHILD,0.04,2.0,0,False,17,15
genuine,1,data/split/test/FAMILY-66/CHILD/FM066_C2.png,data/split/test/FAMILY-66/CHILD/FM066_C3.png,FAMILY-66,FAMILY-66,CHILD,0.0,0.0,0,False,7,17
genuine,1,data/split/test/FAMILY-66/CHILD/FM066_C2.png,data/split/test/FAMILY-66/CHILD/FM066_C4.png,FAMILY-66,FAMILY-66,CHILD,0.0,0.0,0,False,7,13
genuine,1,data/split/test/FAMILY-66/CHILD/FM066_C2.png,data/split/test/FAMILY-66/CHILD/FM066_C5.png,FAMILY-66,FAMILY-66,CHILD,0.0,0.0,0,False,7,15
genuine,1,data/split/test/FAMILY-66/CHILD/FM066_C3.png,data/split/test/FAMILY-66/CHILD/FM066_C4.png,FAMILY-66,FAMILY-66,CHILD,0.0,0.0,0,False,17,13
genuine,1,data/split/test/FAMILY-66/CHILD/FM066_C3.png,data/split/test/FAMILY-66/CHILD/FM066_C5.png,FAMILY-66,FAMILY-66,CHILD,0.04,2.0,0,False,17,15
genuine,1,data/split/test/FAMILY-66/CHILD/FM066_C4.png,data/split/test/FAMILY-66/CHILD/FM066_C5.png,FAMILY-66,FAMILY-66,CHILD,0.0,0.0,0,False,13,15
genuine,1,data/split/test/FAMILY-66/FATHER/FM066_F1.png,data/split/test/FAMILY-66/FATHER/FM066_F2.png,FAMILY-66,FAMILY-66,FATHER,0.0,0.0,0,False,30,3
genuine,1,data/split/test/FAMILY-66/FATHER/FM066_F1.png,data/split/test/FAMILY-66/FATHER/FM066_F3.png,FAMILY-66,FAMILY-66,FATHER,0.08,4.0,0,False,30,44
genuine,1,data/split/test/FAMILY-66/FATHER/FM066_F1.png,data/split/test/FAMILY-66/FATHER/FM066_F4.png,FAMILY-66,FAMILY-66,FATHER,0.12,6.0,0,False,30,22
genuine,1,data/split/test/FAMILY-66/FATHER/FM066_F1.png,data/split/test/FAMILY-66/FATHER/FM066_F5.png,FAMILY-66,FAMILY-66,FATHER,0.0,0.0,0,False,30,2
genuine,1,data/split/test/FAMILY-66/FATHER/FM066_F2.png,data/split/test/FAMILY-66/FATHER/FM066_F3.png,FAMILY-66,FAMILY-66,FATHER,0.0,0.0,0,False,3,44
genuine,1,data/split/test/FAMILY-66/FATHER/FM066_F2.png,data/split/test/FAMILY-66/FATHER/FM066_F4.png,FAMILY-66,FAMILY-66,FATHER,0.0,0.0,0,False,3,22
genuine,1,data/split/test/FAMILY-66/FATHER/FM066_F2.png,data/split/test/FAMILY-66/FATHER/FM066_F5.png,FAMILY-66,FAMILY-66,FATHER,0.0,0.0,0,False,3,2
genuine,1,data/split/test/FAMILY-66/FATHER/FM066_F3.png,data/split/test/FAMILY-66/FATHER/FM066_F4.png,FAMILY-66,FAMILY-66,FATHER,0.16,8.0,0,False,44,22
genuine,1,data/split/test/FAMILY-66/FATHER/FM066_F3.png,data/split/test/FAMILY-66/FATHER/FM066_F5.png,FAMILY-66,FAMILY-66,FATHER,0.0,0.0,0,False,44,2
genuine,1,data/split/test/FAMILY-66/FATHER/FM066_F4.png,data/split/test/FAMILY-66/FATHER/FM066_F5.png,FAMILY-66,FAMILY-66,FATHER,0.0,0.0,0,False,22,2
genuine,1,data/split/test/FAMILY-66/MOTHER/FM066_M1.png,data/split/test/FAMILY-66/MOTHER/FM066_M2.png,FAMILY-66,FAMILY-66,MOTHER,0.0,0.0,0,False,11,1
genuine,1,data/split/test/FAMILY-66/MOTHER/FM066_M1.png,data/split/test/FAMILY-66/MOTHER/FM066_M3.png,FAMILY-66,FAMILY-66,MOTHER,0.0,0.0,0,False,11,5
genuine,1,data/split/test/FAMILY-66/MOTHER/FM066_M1.png,data/split/test/FAMILY-66/MOTHER/FM066_M4.png,FAMILY-66,FAMILY-66,MOTHER,0.0,0.0,0,False,11,6
genuine,1,data/split/test/FAMILY-66/MOTHER/FM066_M1.png,data/split/test/FAMILY-66/MOTHER/FM066_M5.png,FAMILY-66,FAMILY-66,MOTHER,0.0,0.0,0,False,11,20
genuine,1,data/split/test/FAMILY-66/MOTHER/FM066_M2.png,data/split/test/FAMILY-66/MOTHER/FM066_M3.png,FAMILY-66,FAMILY-66,MOTHER,0.0,0.0,0,False,1,5
genuine,1,data/split/test/FAMILY-66/MOTHER/FM066_M2.png,data/split/test/FAMILY-66/MOTHER/FM066_M4.png,FAMILY-66,FAMILY-66,MOTHER,0.0,0.0,0,False,1,6
genuine,1,data/split/test/FAMILY-66/MOTHER/FM066_M2.png,data/split/test/FAMILY-66/MOTHER/FM066_M5.png,FAMILY-66,FAMILY-66,MOTHER,0.0,0.0,0,False,1,20
genuine,1,data/split/test/FAMILY-66/MOTHER/FM066_M3.png,data/split/test/FAMILY-66/MOTHER/FM066_M4.png,FAMILY-66,FAMILY-66,MOTHER,0.0,0.0,0,False,5,6
genuine,1,data/split/test/FAMILY-66/MOTHER/FM066_M3.png,data/split/test/FAMILY-66/MOTHER/FM066_M5.png,FAMILY-66,FAMILY-66,MOTHER,0.0,0.0,0,False,5,20
genuine,1,data/split/test/FAMILY-66/MOTHER/FM066_M4.png,data/split/test/FAMILY-66/MOTHER/FM066_M5.png,FAMILY-66,FAMILY-66,MOTHER,0.0,0.0,0,False,6,20
genuine,1,data/split/test/FAMILY-67/CHILD/FM067_C1.png,data/split/test/FAMILY-67/CHILD/FM067_C2.png,FAMILY-67,FAMILY-67,CHILD,0.4,20.0,0,False,87,52
genuine,1,data/split/test/FAMILY-67/CHILD/FM067_C1.png,data/split/test/FAMILY-67/CHILD/FM067_C3.png,FAMILY-67,FAMILY-67,CHILD,0.0,0.0,0,False,87,11
genuine,1,data/split/test/FAMILY-67/CHILD/FM067_C1.png,data/split/test/FAMILY-67/CHILD/FM067_C4.png,FAMILY-67,FAMILY-67,CHILD,0.16,8.0,0,False,87,26
genuine,1,data/split/test/FAMILY-67/CHILD/FM067_C1.png,data/split/test/FAMILY-67/CHILD/FM067_C5.png,FAMILY-67,FAMILY-67,CHILD,0.44,22.0,0,False,87,56
genuine,1,data/split/test/FAMILY-67/CHILD/FM067_C2.png,data/split/test/FAMILY-67/CHILD/FM067_C3.png,FAMILY-67,FAMILY-67,CHILD,0.0,0.0,0,False,52,11
genuine,1,data/split/test/FAMILY-67/CHILD/FM067_C2.png,data/split/test/FAMILY-67/CHILD/FM067_C4.png,FAMILY-67,FAMILY-67,CHILD,0.06,3.0,0,False,52,26
genuine,1,data/split/test/FAMILY-67/CHILD/FM067_C2.png,data/split/test/FAMILY-67/CHILD/FM067_C5.png,FAMILY-67,FAMILY-67,CHILD,0.36,18.0,0,False,52,56
genuine,1,data/split/test/FAMILY-67/CHILD/FM067_C3.png,data/split/test/FAMILY-67/CHILD/FM067_C4.png,FAMILY-67,FAMILY-67,CHILD,0.0,0.0,0,False,11,26
genuine,1,data/split/test/FAMILY-67/CHILD/FM067_C3.png,data/split/test/FAMILY-67/CHILD/FM067_C5.png,FAMILY-67,FAMILY-67,CHILD,0.0,0.0,0,False,11,56
genuine,1,data/split/test/FAMILY-67/CHILD/FM067_C4.png,data/split/test/FAMILY-67/CHILD/FM067_C5.png,FAMILY-67,FAMILY-67,CHILD,0.12,6.0,0,False,26,56
genuine,1,data/split/test/FAMILY-67/FATHER/FM067_F1.png,data/split/test/FAMILY-67/FATHER/FM067_F2.png,FAMILY-67,FAMILY-67,FATHER,0.0,0.0,0,False,6,47
genuine,1,data/split/test/FAMILY-67/FATHER/FM067_F1.png,data/split/test/FAMILY-67/FATHER/FM067_F3.png,FAMILY-67,FAMILY-67,FATHER,0.0,0.0,0,False,6,65
genuine,1,data/split/test/FAMILY-67/FATHER/FM067_F1.png,data/split/test/FAMILY-67/FATHER/FM067_F4.png,FAMILY-67,FAMILY-67,FATHER,0.0,0.0,0,False,6,32
genuine,1,data/split/test/FAMILY-67/FATHER/FM067_F1.png,data/split/test/FAMILY-67/FATHER/FM067_F5.png,FAMILY-67,FAMILY-67,FATHER,0.0,0.0,0,False,6,33
genuine,1,data/split/test/FAMILY-67/FATHER/FM067_F2.png,data/split/test/FAMILY-67/FATHER/FM067_F3.png,FAMILY-67,FAMILY-67,FATHER,0.26,13.0,0,False,47,65
genuine,1,data/split/test/FAMILY-67/FATHER/FM067_F2.png,data/split/test/FAMILY-67/FATHER/FM067_F4.png,FAMILY-67,FAMILY-67,FATHER,0.08,4.0,0,False,47,32
genuine,1,data/split/test/FAMILY-67/FATHER/FM067_F2.png,data/split/test/FAMILY-67/FATHER/FM067_F5.png,FAMILY-67,FAMILY-67,FATHER,0.22,11.0,0,False,47,33
genuine,1,data/split/test/FAMILY-67/FATHER/FM067_F3.png,data/split/test/FAMILY-67/FATHER/FM067_F4.png,FAMILY-67,FAMILY-67,FATHER,0.16,8.0,0,False,65,32
genuine,1,data/split/test/FAMILY-67/FATHER/FM067_F3.png,data/split/test/FAMILY-67/FATHER/FM067_F5.png,FAMILY-67,FAMILY-67,FATHER,0.14,7.0,0,False,65,33
genuine,1,data/split/test/FAMILY-67/FATHER/FM067_F4.png,data/split/test/FAMILY-67/FATHER/FM067_F5.png,FAMILY-67,FAMILY-67,FATHER,0.1,5.0,0,False,32,33
genuine,1,data/split/test/FAMILY-67/MOTHER/FM067_M1.png,data/split/test/FAMILY-67/MOTHER/FM067_M2.png,FAMILY-67,FAMILY-67,MOTHER,0.06,3.0,0,False,27,50
genuine,1,data/split/test/FAMILY-67/MOTHER/FM067_M1.png,data/split/test/FAMILY-67/MOTHER/FM067_M3.png,FAMILY-67,FAMILY-67,MOTHER,0.0,0.0,0,False,27,11
genuine,1,data/split/test/FAMILY-67/MOTHER/FM067_M1.png,data/split/test/FAMILY-67/MOTHER/FM067_M4.png,FAMILY-67,FAMILY-67,MOTHER,0.16,8.0,0,False,27,56
genuine,1,data/split/test/FAMILY-67/MOTHER/FM067_M1.png,data/split/test/FAMILY-67/MOTHER/FM067_M5.png,FAMILY-67,FAMILY-67,MOTHER,0.0,0.0,0,False,27,7
genuine,1,data/split/test/FAMILY-67/MOTHER/FM067_M2.png,data/split/test/FAMILY-67/MOTHER/FM067_M3.png,FAMILY-67,FAMILY-67,MOTHER,0.0,0.0,0,False,50,11
genuine,1,data/split/test/FAMILY-67/MOTHER/FM067_M2.png,data/split/test/FAMILY-67/MOTHER/FM067_M4.png,FAMILY-67,FAMILY-67,MOTHER,0.12,6.0,0,False,50,56
genuine,1,data/split/test/FAMILY-67/MOTHER/FM067_M2.png,data/split/test/FAMILY-67/MOTHER/FM067_M5.png,FAMILY-67,FAMILY-67,MOTHER,0.0,0.0,0,False,50,7
genuine,1,data/split/test/FAMILY-67/MOTHER/FM067_M3.png,data/split/test/FAMILY-67/MOTHER/FM067_M4.png,FAMILY-67,FAMILY-67,MOTHER,0.0,0.0,0,False,11,56
genuine,1,data/split/test/FAMILY-67/MOTHER/FM067_M3.png,data/split/test/FAMILY-67/MOTHER/FM067_M5.png,FAMILY-67,FAMILY-67,MOTHER,0.0,0.0,0,False,11,7
genuine,1,data/split/test/FAMILY-67/MOTHER/FM067_M4.png,data/split/test/FAMILY-67/MOTHER/FM067_M5.png,FAMILY-67,FAMILY-67,MOTHER,0.0,0.0,0,False,56,7
genuine,1,data/split/test/FAMILY-78/CHILD/FM078_C1.png,data/split/test/FAMILY-78/CHILD/FM078_C2.png,FAMILY-78,FAMILY-78,CHILD,0.0,0.0,0,False,8,1
genuine,1,data/split/test/FAMILY-78/CHILD/FM078_C1.png,data/split/test/FAMILY-78/CHILD/FM078_C3.png,FAMILY-78,FAMILY-78,CHILD,0.0,0.0,0,False,8,0
genuine,1,data/split/test/FAMILY-78/CHILD/FM078_C1.png,data/split/test/FAMILY-78/CHILD/FM078_C4.png,FAMILY-78,FAMILY-78,CHILD,0.0,0.0,0,False,8,0
genuine,1,data/split/test/FAMILY-78/CHILD/FM078_C1.png,data/split/test/FAMILY-78/CHILD/FM078_C5.png,FAMILY-78,FAMILY-78,CHILD,0.0,0.0,0,False,8,1
genuine,1,data/split/test/FAMILY-78/CHILD/FM078_C2.png,data/split/test/FAMILY-78/CHILD/FM078_C3.png,FAMILY-78,FAMILY-78,CHILD,0.0,0.0,0,False,1,0
genuine,1,data/split/test/FAMILY-78/CHILD/FM078_C2.png,data/split/test/FAMILY-78/CHILD/FM078_C4.png,FAMILY-78,FAMILY-78,CHILD,0.0,0.0,0,False,1,0
genuine,1,data/split/test/FAMILY-78/CHILD/FM078_C2.png,data/split/test/FAMILY-78/CHILD/FM078_C5.png,FAMILY-78,FAMILY-78,CHILD,0.0,0.0,0,False,1,1
genuine,1,data/split/test/FAMILY-78/CHILD/FM078_C3.png,data/split/test/FAMILY-78/CHILD/FM078_C4.png,FAMILY-78,FAMILY-78,CHILD,0.0,0.0,0,False,0,0
genuine,1,data/split/test/FAMILY-78/CHILD/FM078_C3.png,data/split/test/FAMILY-78/CHILD/FM078_C5.png,FAMILY-78,FAMILY-78,CHILD,0.0,0.0,0,False,0,1
genuine,1,data/split/test/FAMILY-78/CHILD/FM078_C4.png,data/split/test/FAMILY-78/CHILD/FM078_C5.png,FAMILY-78,FAMILY-78,CHILD,0.0,0.0,0,False,0,1
genuine,1,data/split/test/FAMILY-78/FATHER/FM078_F1.png,data/split/test/FAMILY-78/FATHER/FM078_F2.png,FAMILY-78,FAMILY-78,FATHER,0.06,3.0,0,False,22,16
genuine,1,data/split/test/FAMILY-78/FATHER/FM078_F1.png,data/split/test/FAMILY-78/FATHER/FM078_F3.png,FAMILY-78,FAMILY-78,FATHER,0.0,0.0,0,False,22,0
genuine,1,data/split/test/FAMILY-78/FATHER/FM078_F1.png,data/split/test/FAMILY-78/FATHER/FM078_F4.png,FAMILY-78,FAMILY-78,FATHER,0.0,0.0,0,False,22,8
genuine,1,data/split/test/FAMILY-78/FATHER/FM078_F1.png,data/split/test/FAMILY-78/FATHER/FM078_F5.png,FAMILY-78,FAMILY-78,FATHER,0.0,0.0,0,False,22,0
genuine,1,data/split/test/FAMILY-78/FATHER/FM078_F2.png,data/split/test/FAMILY-78/FATHER/FM078_F3.png,FAMILY-78,FAMILY-78,FATHER,0.0,0.0,0,False,16,0
genuine,1,data/split/test/FAMILY-78/FATHER/FM078_F2.png,data/split/test/FAMILY-78/FATHER/FM078_F4.png,FAMILY-78,FAMILY-78,FATHER,0.0,0.0,0,False,16,8
genuine,1,data/split/test/FAMILY-78/FATHER/FM078_F2.png,data/split/test/FAMILY-78/FATHER/FM078_F5.png,FAMILY-78,FAMILY-78,FATHER,0.0,0.0,0,False,16,0
genuine,1,data/split/test/FAMILY-78/FATHER/FM078_F3.png,data/split/test/FAMILY-78/FATHER/FM078_F4.png,FAMILY-78,FAMILY-78,FATHER,0.0,0.0,0,False,0,8
genuine,1,data/split/test/FAMILY-78/FATHER/FM078_F3.png,data/split/test/FAMILY-78/FATHER/FM078_F5.png,FAMILY-78,FAMILY-78,FATHER,0.0,0.0,0,False,0,0
genuine,1,data/split/test/FAMILY-78/FATHER/FM078_F4.png,data/split/test/FAMILY-78/FATHER/FM078_F5.png,FAMILY-78,FAMILY-78,FATHER,0.0,0.0,0,False,8,0
genuine,1,data/split/test/FAMILY-78/MOTHER/FM078_M1.png,data/split/test/FAMILY-78/MOTHER/FM078_M2.png,FAMILY-78,FAMILY-78,MOTHER,0.0,0.0,0,False,1,3
genuine,1,data/split/test/FAMILY-78/MOTHER/FM078_M1.png,data/split/test/FAMILY-78/MOTHER/FM078_M3.png,FAMILY-78,FAMILY-78,MOTHER,0.0,0.0,0,False,1,5
genuine,1,data/split/test/FAMILY-78/MOTHER/FM078_M1.png,data/split/test/FAMILY-78/MOTHER/FM078_M4.png,FAMILY-78,FAMILY-78,MOTHER,0.0,0.0,0,False,1,8
genuine,1,data/split/test/FAMILY-78/MOTHER/FM078_M1.png,data/split/test/FAMILY-78/MOTHER/FM078_M5.png,FAMILY-78,FAMILY-78,MOTHER,0.0,0.0,0,False,1,6
genuine,1,data/split/test/FAMILY-78/MOTHER/FM078_M2.png,data/split/test/FAMILY-78/MOTHER/FM078_M3.png,FAMILY-78,FAMILY-78,MOTHER,0.0,0.0,0,False,3,5
genuine,1,data/split/test/FAMILY-78/MOTHER/FM078_M2.png,data/split/test/FAMILY-78/MOTHER/FM078_M4.png,FAMILY-78,FAMILY-78,MOTHER,0.0,0.0,0,False,3,8
genuine,1,data/split/test/FAMILY-78/MOTHER/FM078_M2.png,data/split/test/FAMILY-78/MOTHER/FM078_M5.png,FAMILY-78,FAMILY-78,MOTHER,0.0,0.0,0,False,3,6
genuine,1,data/split/test/FAMILY-78/MOTHER/FM078_M3.png,data/split/test/FAMILY-78/MOTHER/FM078_M4.png,FAMILY-78,FAMILY-78,MOTHER,0.0,0.0,0,False,5,8
genuine,1,data/split/test/FAMILY-78/MOTHER/FM078_M3.png,data/split/test/FAMILY-78/MOTHER/FM078_M5.png,FAMILY-78,FAMILY-78,MOTHER,0.0,0.0,0,False,5,6
genuine,1,data/split/test/FAMILY-78/MOTHER/FM078_M4.png,data/split/test/FAMILY-78/MOTHER/FM078_M5.png,FAMILY-78,FAMILY-78,MOTHER,0.0,0.0,0,False,8,6
genuine,1,data/split/test/FAMILY-9/CHILD/FM009_C1.png,data/split/test/FAMILY-9/CHILD/FM009_C2.png,FAMILY-9,FAMILY-9,CHILD,0.0,0.0,0,False,12,23
genuine,1,data/split/test/FAMILY-9/CHILD/FM009_C1.png,data/split/test/FAMILY-9/CHILD/FM009_C3.png,FAMILY-9,FAMILY-9,CHILD,0.0,0.0,0,False,12,35
genuine,1,data/split/test/FAMILY-9/CHILD/FM009_C1.png,data/split/test/FAMILY-9/CHILD/FM009_C4.png,FAMILY-9,FAMILY-9,CHILD,0.0,0.0,0,False,12,69
genuine,1,data/split/test/FAMILY-9/CHILD/FM009_C1.png,data/split/test/FAMILY-9/CHILD/FM009_C5.png,FAMILY-9,FAMILY-9,CHILD,0.0,0.0,0,False,12,56
genuine,1,data/split/test/FAMILY-9/CHILD/FM009_C2.png,data/split/test/FAMILY-9/CHILD/FM009_C3.png,FAMILY-9,FAMILY-9,CHILD,0.12,6.0,0,False,23,35
genuine,1,data/split/test/FAMILY-9/CHILD/FM009_C2.png,data/split/test/FAMILY-9/CHILD/FM009_C4.png,FAMILY-9,FAMILY-9,CHILD,0.22,11.0,0,False,23,69
genuine,1,data/split/test/FAMILY-9/CHILD/FM009_C2.png,data/split/test/FAMILY-9/CHILD/FM009_C5.png,FAMILY-9,FAMILY-9,CHILD,0.12,6.0,0,False,23,56
genuine,1,data/split/test/FAMILY-9/CHILD/FM009_C3.png,data/split/test/FAMILY-9/CHILD/FM009_C4.png,FAMILY-9,FAMILY-9,CHILD,0.32,16.0,0,False,35,69
genuine,1,data/split/test/FAMILY-9/CHILD/FM009_C3.png,data/split/test/FAMILY-9/CHILD/FM009_C5.png,FAMILY-9,FAMILY-9,CHILD,0.22,11.0,0,False,35,56
genuine,1,data/split/test/FAMILY-9/CHILD/FM009_C4.png,data/split/test/FAMILY-9/CHILD/FM009_C5.png,FAMILY-9,FAMILY-9,CHILD,0.32,16.0,0,False,69,56
genuine,1,data/split/test/FAMILY-9/FATHER/FM009_F1.png,data/split/test/FAMILY-9/FATHER/FM009_F2.png,FAMILY-9,FAMILY-9,FATHER,0.36,18.0,0,False,53,46
genuine,1,data/split/test/FAMILY-9/FATHER/FM009_F1.png,data/split/test/FAMILY-9/FATHER/FM009_F3.png,FAMILY-9,FAMILY-9,FATHER,0.52,26.0,0,False,53,73
genuine,1,data/split/test/FAMILY-9/FATHER/FM009_F1.png,data/split/test/FAMILY-9/FATHER/FM009_F4.png,FAMILY-9,FAMILY-9,FATHER,0.46,23.0,0,False,53,69
genuine,1,data/split/test/FAMILY-9/FATHER/FM009_F1.png,data/split/test/FAMILY-9/FATHER/FM009_F5.png,FAMILY-9,FAMILY-9,FATHER,0.58,29.0,0,False,53,98
genuine,1,data/split/test/FAMILY-9/FATHER/FM009_F2.png,data/split/test/FAMILY-9/FATHER/FM009_F3.png,FAMILY-9,FAMILY-9,FATHER,0.38,19.0,0,False,46,73
genuine,1,data/split/test/FAMILY-9/FATHER/FM009_F2.png,data/split/test/FAMILY-9/FATHER/FM009_F4.png,FAMILY-9,FAMILY-9,FATHER,0.56,28.0,0,False,46,69
genuine,1,data/split/test/FAMILY-9/FATHER/FM009_F2.png,data/split/test/FAMILY-9/FATHER/FM009_F5.png,FAMILY-9,FAMILY-9,FATHER,0.46,23.0,0,False,46,98
genuine,1,data/split/test/FAMILY-9/FATHER/FM009_F3.png,data/split/test/FAMILY-9/FATHER/FM009_F4.png,FAMILY-9,FAMILY-9,FATHER,0.84,42.0,0,False,73,69
genuine,1,data/split/test/FAMILY-9/FATHER/FM009_F3.png,data/split/test/FAMILY-9/FATHER/FM009_F5.png,FAMILY-9,FAMILY-9,FATHER,0.58,29.0,0,False,73,98
genuine,1,data/split/test/FAMILY-9/FATHER/FM009_F4.png,data/split/test/FAMILY-9/FATHER/FM009_F5.png,FAMILY-9,FAMILY-9,FATHER,0.64,32.0,0,False,69,98
genuine,1,data/split/test/FAMILY-9/MOTHER/FM009_M1.png,data/split/test/FAMILY-9/MOTHER/FM009_M2.png,FAMILY-9,FAMILY-9,MOTHER,0.0,0.0,0,False,9,40
genuine,1,data/split/test/FAMILY-9/MOTHER/FM009_M1.png,data/split/test/FAMILY-9/MOTHER/FM009_M3.png,FAMILY-9,FAMILY-9,MOTHER,0.0,0.0,0,False,9,35
genuine,1,data/split/test/FAMILY-9/MOTHER/FM009_M1.png,data/split/test/FAMILY-9/MOTHER/FM009_M4.png,FAMILY-9,FAMILY-9,MOTHER,0.0,0.0,0,False,9,23
genuine,1,data/split/test/FAMILY-9/MOTHER/FM009_M1.png,data/split/test/FAMILY-9/MOTHER/FM009_M5.png,FAMILY-9,FAMILY-9,MOTHER,0.0,0.0,0,False,9,46
genuine,1,data/split/test/FAMILY-9/MOTHER/FM009_M2.png,data/split/test/FAMILY-9/MOTHER/FM009_M3.png,FAMILY-9,FAMILY-9,MOTHER,0.18,9.0,0,False,40,35
genuine,1,data/split/test/FAMILY-9/MOTHER/FM009_M2.png,data/split/test/FAMILY-9/MOTHER/FM009_M4.png,FAMILY-9,FAMILY-9,MOTHER,0.12,6.0,0,False,40,23
genuine,1,data/split/test/FAMILY-9/MOTHER/FM009_M2.png,data/split/test/FAMILY-9/MOTHER/FM009_M5.png,FAMILY-9,FAMILY-9,MOTHER,0.24,12.0,0,False,40,46
genuine,1,data/split/test/FAMILY-9/MOTHER/FM009_M3.png,data/split/test/FAMILY-9/MOTHER/FM009_M4.png,FAMILY-9,FAMILY-9,MOTHER,0.1,5.0,0,False,35,23
genuine,1,data/split/test/FAMILY-9/MOTHER/FM009_M3.png,data/split/test/FAMILY-9/MOTHER/FM009_M5.png,FAMILY-9,FAMILY-9,MOTHER,0.26,13.0,0,False,35,46
genuine,1,data/split/test/FAMILY-9/MOTHER/FM009_M4.png,data/split/test/FAMILY-9/MOTHER/FM009_M5.png,FAMILY-9,FAMILY-9,MOTHER,0.12,6.0,0,False,23,46
impostor,0,data/split/test/FAMILY-13/CHILD/FM013_C1.png,data/split/test/FAMILY-14/CHILD/FM014_C1.png,FAMILY-13,FAMILY-14,CHILD,0.34,17.0,0,False,66,68
impostor,0,data/split/test/FAMILY-13/CHILD/FM013_C1.png,data/split/test/FAMILY-15/CHILD/FM015_C1.png,FAMILY-13,FAMILY-15,CHILD,0.24,12.0,0,False,66,62
impostor,0,data/split/test/FAMILY-13/CHILD/FM013_C1.png,data/split/test/FAMILY-20/CHILD/FM020_C1.png,FAMILY-13,FAMILY-20,CHILD,0.0,0.0,0,False,66,8
impostor,0,data/split/test/FAMILY-13/CHILD/FM013_C1.png,data/split/test/FAMILY-23/CHILD/FM023_C1.png,FAMILY-13,FAMILY-23,CHILD,0.06,3.0,0,False,66,16
impostor,0,data/split/test/FAMILY-13/CHILD/FM013_C1.png,data/split/test/FAMILY-36/CHILD/FM036_C1.png,FAMILY-13,FAMILY-36,CHILD,0.22,11.0,0,False,66,32
impostor,0,data/split/test/FAMILY-13/CHILD/FM013_C1.png,data/split/test/FAMILY-37/CHILD/FM037_C1.png,FAMILY-13,FAMILY-37,CHILD,0.06,3.0,0,False,66,23
impostor,0,data/split/test/FAMILY-13/CHILD/FM013_C1.png,data/split/test/FAMILY-42/CHILD/FM042_C1.png,FAMILY-13,FAMILY-42,CHILD,0.2,10.0,0,False,66,42
impostor,0,data/split/test/FAMILY-13/CHILD/FM013_C1.png,data/split/test/FAMILY-48/CHILD/FM048_C1.png,FAMILY-13,FAMILY-48,CHILD,0.42,21.0,0,False,66,80
impostor,0,data/split/test/FAMILY-13/CHILD/FM013_C1.png,data/split/test/FAMILY-54/CHILD/FM054_C1.png,FAMILY-13,FAMILY-54,CHILD,0.08,4.0,0,False,66,16
impostor,0,data/split/test/FAMILY-13/CHILD/FM013_C1.png,data/split/test/FAMILY-65/CHILD/FM065_C1.png,FAMILY-13,FAMILY-65,CHILD,0.24,12.0,0,False,66,70
impostor,0,data/split/test/FAMILY-13/CHILD/FM013_C1.png,data/split/test/FAMILY-66/CHILD/FM066_C1.png,FAMILY-13,FAMILY-66,CHILD,0.1,5.0,0,False,66,17
impostor,0,data/split/test/FAMILY-13/CHILD/FM013_C1.png,data/split/test/FAMILY-67/CHILD/FM067_C1.png,FAMILY-13,FAMILY-67,CHILD,0.42,21.0,0,False,66,87
impostor,0,data/split/test/FAMILY-13/CHILD/FM013_C1.png,data/split/test/FAMILY-78/CHILD/FM078_C1.png,FAMILY-13,FAMILY-78,CHILD,0.0,0.0,0,False,66,8
impostor,0,data/split/test/FAMILY-13/CHILD/FM013_C1.png,data/split/test/FAMILY-9/CHILD/FM009_C1.png,FAMILY-13,FAMILY-9,CHILD,0.0,0.0,0,False,66,12
impostor,0,data/split/test/FAMILY-14/CHILD/FM014_C1.png,data/split/test/FAMILY-15/CHILD/FM015_C1.png,FAMILY-14,FAMILY-15,CHILD,0.44,22.0,0,False,68,62
impostor,0,data/split/test/FAMILY-14/CHILD/FM014_C1.png,data/split/test/FAMILY-20/CHILD/FM020_C1.png,FAMILY-14,FAMILY-20,CHILD,0.0,0.0,0,False,68,8
impostor,0,data/split/test/FAMILY-14/CHILD/FM014_C1.png,data/split/test/FAMILY-23/CHILD/FM023_C1.png,FAMILY-14,FAMILY-23,CHILD,0.08,4.0,0,False,68,16
impostor,0,data/split/test/FAMILY-14/CHILD/FM014_C1.png,data/split/test/FAMILY-36/CHILD/FM036_C1.png,FAMILY-14,FAMILY-36,CHILD,0.28,14.0,0,False,68,32
impostor,0,data/split/test/FAMILY-14/CHILD/FM014_C1.png,data/split/test/FAMILY-37/CHILD/FM037_C1.png,FAMILY-14,FAMILY-37,CHILD,0.08,4.0,0,False,68,23
impostor,0,data/split/test/FAMILY-14/CHILD/FM014_C1.png,data/split/test/FAMILY-42/CHILD/FM042_C1.png,FAMILY-14,FAMILY-42,CHILD,0.22,11.0,0,False,68,42
impostor,0,data/split/test/FAMILY-14/CHILD/FM014_C1.png,data/split/test/FAMILY-48/CHILD/FM048_C1.png,FAMILY-14,FAMILY-48,CHILD,0.34,17.0,0,False,68,80
impostor,0,data/split/test/FAMILY-14/CHILD/FM014_C1.png,data/split/test/FAMILY-54/CHILD/FM054_C1.png,FAMILY-14,FAMILY-54,CHILD,0.12,6.0,0,False,68,16
impostor,0,data/split/test/FAMILY-14/CHILD/FM014_C1.png,data/split/test/FAMILY-65/CHILD/FM065_C1.png,FAMILY-14,FAMILY-65,CHILD,0.4,20.0,0,False,68,70
impostor,0,data/split/test/FAMILY-14/CHILD/FM014_C1.png,data/split/test/FAMILY-66/CHILD/FM066_C1.png,FAMILY-14,FAMILY-66,CHILD,0.12,6.0,0,False,68,17
impostor,0,data/split/test/FAMILY-14/CHILD/FM014_C1.png,data/split/test/FAMILY-67/CHILD/FM067_C1.png,FAMILY-14,FAMILY-67,CHILD,0.38,19.0,0,False,68,87
impostor,0,data/split/test/FAMILY-14/CHILD/FM014_C1.png,data/split/test/FAMILY-78/CHILD/FM078_C1.png,FAMILY-14,FAMILY-78,CHILD,0.0,0.0,0,False,68,8
impostor,0,data/split/test/FAMILY-14/CHILD/FM014_C1.png,data/split/test/FAMILY-9/CHILD/FM009_C1.png,FAMILY-14,FAMILY-9,CHILD,0.0,0.0,0,False,68,12
impostor,0,data/split/test/FAMILY-15/CHILD/FM015_C1.png,data/split/test/FAMILY-20/CHILD/FM020_C1.png,FAMILY-15,FAMILY-20,CHILD,0.0,0.0,0,False,62,8
impostor,0,data/split/test/FAMILY-15/CHILD/FM015_C1.png,data/split/test/FAMILY-23/CHILD/FM023_C1.png,FAMILY-15,FAMILY-23,CHILD,0.06,3.0,0,False,62,16
impostor,0,data/split/test/FAMILY-15/CHILD/FM015_C1.png,data/split/test/FAMILY-36/CHILD/FM036_C1.png,FAMILY-15,FAMILY-36,CHILD,0.16,8.0,0,False,62,32
impostor,0,data/split/test/FAMILY-15/CHILD/FM015_C1.png,data/split/test/FAMILY-37/CHILD/FM037_C1.png,FAMILY-15,FAMILY-37,CHILD,0.06,3.0,0,False,62,23
impostor,0,data/split/test/FAMILY-15/CHILD/FM015_C1.png,data/split/test/FAMILY-42/CHILD/FM042_C1.png,FAMILY-15,FAMILY-42,CHILD,0.24,12.0,0,False,62,42
impostor,0,data/split/test/FAMILY-15/CHILD/FM015_C1.png,data/split/test/FAMILY-48/CHILD/FM048_C1.png,FAMILY-15,FAMILY-48,CHILD,0.28,14.0,0,False,62,80
impostor,0,data/split/test/FAMILY-15/CHILD/FM015_C1.png,data/split/test/FAMILY-54/CHILD/FM054_C1.png,FAMILY-15,FAMILY-54,CHILD,0.12,6.0,0,False,62,16
impostor,0,data/split/test/FAMILY-15/CHILD/FM015_C1.png,data/split/test/FAMILY-65/CHILD/FM065_C1.png,FAMILY-15,FAMILY-65,CHILD,0.52,26.0,0,False,62,70
impostor,0,data/split/test/FAMILY-15/CHILD/FM015_C1.png,data/split/test/FAMILY-66/CHILD/FM066_C1.png,FAMILY-15,FAMILY-66,CHILD,0.06,3.0,0,False,62,17
impostor,0,data/split/test/FAMILY-15/CHILD/FM015_C1.png,data/split/test/FAMILY-67/CHILD/FM067_C1.png,FAMILY-15,FAMILY-67,CHILD,0.36,18.0,0,False,62,87
impostor,0,data/split/test/FAMILY-15/CHILD/FM015_C1.png,data/split/test/FAMILY-78/CHILD/FM078_C1.png,FAMILY-15,FAMILY-78,CHILD,0.0,0.0,0,False,62,8
impostor,0,data/split/test/FAMILY-15/CHILD/FM015_C1.png,data/split/test/FAMILY-9/CHILD/FM009_C1.png,FAMILY-15,FAMILY-9,CHILD,0.0,0.0,0,False,62,12
impostor,0,data/split/test/FAMILY-20/CHILD/FM020_C1.png,data/split/test/FAMILY-23/CHILD/FM023_C1.png,FAMILY-20,FAMILY-23,CHILD,0.0,0.0,0,False,8,16
impostor,0,data/split/test/FAMILY-20/CHILD/FM020_C1.png,data/split/test/FAMILY-36/CHILD/FM036_C1.png,FAMILY-20,FAMILY-36,CHILD,0.0,0.0,0,False,8,32
impostor,0,data/split/test/FAMILY-20/CHILD/FM020_C1.png,data/split/test/FAMILY-37/CHILD/FM037_C1.png,FAMILY-20,FAMILY-37,CHILD,0.0,0.0,0,False,8,23
impostor,0,data/split/test/FAMILY-20/CHILD/FM020_C1.png,data/split/test/FAMILY-42/CHILD/FM042_C1.png,FAMILY-20,FAMILY-42,CHILD,0.0,0.0,0,False,8,42
impostor,0,data/split/test/FAMILY-20/CHILD/FM020_C1.png,data/split/test/FAMILY-48/CHILD/FM048_C1.png,FAMILY-20,FAMILY-48,CHILD,0.0,0.0,0,False,8,80
impostor,0,data/split/test/FAMILY-20/CHILD/FM020_C1.png,data/split/test/FAMILY-54/CHILD/FM054_C1.png,FAMILY-20,FAMILY-54,CHILD,0.0,0.0,0,False,8,16
impostor,0,data/split/test/FAMILY-20/CHILD/FM020_C1.png,data/split/test/FAMILY-65/CHILD/FM065_C1.png,FAMILY-20,FAMILY-65,CHILD,0.0,0.0,0,False,8,70
impostor,0,data/split/test/FAMILY-20/CHILD/FM020_C1.png,data/split/test/FAMILY-66/CHILD/FM066_C1.png,FAMILY-20,FAMILY-66,CHILD,0.0,0.0,0,False,8,17
impostor,0,data/split/test/FAMILY-20/CHILD/FM020_C1.png,data/split/test/FAMILY-67/CHILD/FM067_C1.png,FAMILY-20,FAMILY-67,CHILD,0.0,0.0,0,False,8,87
impostor,0,data/split/test/FAMILY-20/CHILD/FM020_C1.png,data/split/test/FAMILY-78/CHILD/FM078_C1.png,FAMILY-20,FAMILY-78,CHILD,0.0,0.0,0,False,8,8
impostor,0,data/split/test/FAMILY-20/CHILD/FM020_C1.png,data/split/test/FAMILY-9/CHILD/FM009_C1.png,FAMILY-20,FAMILY-9,CHILD,0.0,0.0,0,False,8,12
impostor,0,data/split/test/FAMILY-23/CHILD/FM023_C1.png,data/split/test/FAMILY-36/CHILD/FM036_C1.png,FAMILY-23,FAMILY-36,CHILD,0.06,3.0,0,False,16,32
impostor,0,data/split/test/FAMILY-23/CHILD/FM023_C1.png,data/split/test/FAMILY-37/CHILD/FM037_C1.png,FAMILY-23,FAMILY-37,CHILD,0.06,3.0,0,False,16,23
impostor,0,data/split/test/FAMILY-23/CHILD/FM023_C1.png,data/split/test/FAMILY-42/CHILD/FM042_C1.png,FAMILY-23,FAMILY-42,CHILD,0.1,5.0,0,False,16,42
impostor,0,data/split/test/FAMILY-23/CHILD/FM023_C1.png,data/split/test/FAMILY-48/CHILD/FM048_C1.png,FAMILY-23,FAMILY-48,CHILD,0.1,5.0,0,False,16,80
impostor,0,data/split/test/FAMILY-23/CHILD/FM023_C1.png,data/split/test/FAMILY-54/CHILD/FM054_C1.png,FAMILY-23,FAMILY-54,CHILD,0.02,1.0,0,False,16,16
impostor,0,data/split/test/FAMILY-23/CHILD/FM023_C1.png,data/split/test/FAMILY-65/CHILD/FM065_C1.png,FAMILY-23,FAMILY-65,CHILD,0.04,2.0,0,False,16,70
impostor,0,data/split/test/FAMILY-23/CHILD/FM023_C1.png,data/split/test/FAMILY-66/CHILD/FM066_C1.png,FAMILY-23,FAMILY-66,CHILD,0.06,3.0,0,False,16,17
impostor,0,data/split/test/FAMILY-23/CHILD/FM023_C1.png,data/split/test/FAMILY-67/CHILD/FM067_C1.png,FAMILY-23,FAMILY-67,CHILD,0.08,4.0,0,False,16,87
impostor,0,data/split/test/FAMILY-23/CHILD/FM023_C1.png,data/split/test/FAMILY-78/CHILD/FM078_C1.png,FAMILY-23,FAMILY-78,CHILD,0.0,0.0,0,False,16,8
impostor,0,data/split/test/FAMILY-23/CHILD/FM023_C1.png,data/split/test/FAMILY-9/CHILD/FM009_C1.png,FAMILY-23,FAMILY-9,CHILD,0.0,0.0,0,False,16,12
impostor,0,data/split/test/FAMILY-36/CHILD/FM036_C1.png,data/split/test/FAMILY-37/CHILD/FM037_C1.png,FAMILY-36,FAMILY-37,CHILD,0.1,5.0,0,False,32,23
impostor,0,data/split/test/FAMILY-36/CHILD/FM036_C1.png,data/split/test/FAMILY-42/CHILD/FM042_C1.png,FAMILY-36,FAMILY-42,CHILD,0.14,7.0,0,False,32,42
impostor,0,data/split/test/FAMILY-36/CHILD/FM036_C1.png,data/split/test/FAMILY-48/CHILD/FM048_C1.png,FAMILY-36,FAMILY-48,CHILD,0.24,12.0,0,False,32,80
impostor,0,data/split/test/FAMILY-36/CHILD/FM036_C1.png,data/split/test/FAMILY-54/CHILD/FM054_C1.png,FAMILY-36,FAMILY-54,CHILD,0.16,8.0,0,False,32,16
impostor,0,data/split/test/FAMILY-36/CHILD/FM036_C1.png,data/split/test/FAMILY-65/CHILD/FM065_C1.png,FAMILY-36,FAMILY-65,CHILD,0.22,11.0,0,False,32,70
impostor,0,data/split/test/FAMILY-36/CHILD/FM036_C1.png,data/split/test/FAMILY-66/CHILD/FM066_C1.png,FAMILY-36,FAMILY-66,CHILD,0.1,5.0,0,False,32,17
impostor,0,data/split/test/FAMILY-36/CHILD/FM036_C1.png,data/split/test/FAMILY-67/CHILD/FM067_C1.png,FAMILY-36,FAMILY-67,CHILD,0.26,13.0,0,False,32,87
impostor,0,data/split/test/FAMILY-36/CHILD/FM036_C1.png,data/split/test/FAMILY-78/CHILD/FM078_C1.png,FAMILY-36,FAMILY-78,CHILD,0.0,0.0,0,False,32,8
impostor,0,data/split/test/FAMILY-36/CHILD/FM036_C1.png,data/split/test/FAMILY-9/CHILD/FM009_C1.png,FAMILY-36,FAMILY-9,CHILD,0.0,0.0,0,False,32,12
impostor,0,data/split/test/FAMILY-37/CHILD/FM037_C1.png,data/split/test/FAMILY-42/CHILD/FM042_C1.png,FAMILY-37,FAMILY-42,CHILD,0.08,4.0,0,False,23,42
impostor,0,data/split/test/FAMILY-37/CHILD/FM037_C1.png,data/split/test/FAMILY-48/CHILD/FM048_C1.png,FAMILY-37,FAMILY-48,CHILD,0.06,3.0,0,False,23,80
impostor,0,data/split/test/FAMILY-37/CHILD/FM037_C1.png,data/split/test/FAMILY-54/CHILD/FM054_C1.png,FAMILY-37,FAMILY-54,CHILD,0.06,3.0,0,False,23,16
impostor,0,data/split/test/FAMILY-37/CHILD/FM037_C1.png,data/split/test/FAMILY-65/CHILD/FM065_C1.png,FAMILY-37,FAMILY-65,CHILD,0.08,4.0,0,False,23,70
impostor,0,data/split/test/FAMILY-37/CHILD/FM037_C1.png,data/split/test/FAMILY-66/CHILD/FM066_C1.png,FAMILY-37,FAMILY-66,CHILD,0.06,3.0,0,False,23,17
impostor,0,data/split/test/FAMILY-37/CHILD/FM037_C1.png,data/split/test/FAMILY-67/CHILD/FM067_C1.png,FAMILY-37,FAMILY-67,CHILD,0.1,5.0,0,False,23,87
impostor,0,data/split/test/FAMILY-37/CHILD/FM037_C1.png,data/split/test/FAMILY-78/CHILD/FM078_C1.png,FAMILY-37,FAMILY-78,CHILD,0.0,0.0,0,False,23,8
impostor,0,data/split/test/FAMILY-37/CHILD/FM037_C1.png,data/split/test/FAMILY-9/CHILD/FM009_C1.png,FAMILY-37,FAMILY-9,CHILD,0.0,0.0,0,False,23,12
impostor,0,data/split/test/FAMILY-42/CHILD/FM042_C1.png,data/split/test/FAMILY-48/CHILD/FM048_C1.png,FAMILY-42,FAMILY-48,CHILD,0.22,11.0,0,False,42,80
impostor,0,data/split/test/FAMILY-42/CHILD/FM042_C1.png,data/split/test/FAMILY-54/CHILD/FM054_C1.png,FAMILY-42,FAMILY-54,CHILD,0.08,4.0,0,False,42,16
impostor,0,data/split/test/FAMILY-42/CHILD/FM042_C1.png,data/split/test/FAMILY-65/CHILD/FM065_C1.png,FAMILY-42,FAMILY-65,CHILD,0.24,12.0,0,False,42,70
impostor,0,data/split/test/FAMILY-42/CHILD/FM042_C1.png,data/split/test/FAMILY-66/CHILD/FM066_C1.png,FAMILY-42,FAMILY-66,CHILD,0.08,4.0,0,False,42,17
impostor,0,data/split/test/FAMILY-42/CHILD/FM042_C1.png,data/split/test/FAMILY-67/CHILD/FM067_C1.png,FAMILY-42,FAMILY-67,CHILD,0.26,13.0,0,False,42,87
impostor,0,data/split/test/FAMILY-42/CHILD/FM042_C1.png,data/split/test/FAMILY-78/CHILD/FM078_C1.png,FAMILY-42,FAMILY-78,CHILD,0.0,0.0,0,False,42,8
impostor,0,data/split/test/FAMILY-42/CHILD/FM042_C1.png,data/split/test/FAMILY-9/CHILD/FM009_C1.png,FAMILY-42,FAMILY-9,CHILD,0.0,0.0,0,False,42,12
impostor,0,data/split/test/FAMILY-48/CHILD/FM048_C1.png,data/split/test/FAMILY-54/CHILD/FM054_C1.png,FAMILY-48,FAMILY-54,CHILD,0.06,3.0,0,False,80,16
impostor,0,data/split/test/FAMILY-48/CHILD/FM048_C1.png,data/split/test/FAMILY-65/CHILD/FM065_C1.png,FAMILY-48,FAMILY-65,CHILD,0.34,17.0,0,False,80,70
impostor,0,data/split/test/FAMILY-48/CHILD/FM048_C1.png,data/split/test/FAMILY-66/CHILD/FM066_C1.png,FAMILY-48,FAMILY-66,CHILD,0.1,5.0,0,False,80,17
impostor,0,data/split/test/FAMILY-48/CHILD/FM048_C1.png,data/split/test/FAMILY-67/CHILD/FM067_C1.png,FAMILY-48,FAMILY-67,CHILD,0.4,20.0,0,False,80,87
impostor,0,data/split/test/FAMILY-48/CHILD/FM048_C1.png,data/split/test/FAMILY-78/CHILD/FM078_C1.png,FAMILY-48,FAMILY-78,CHILD,0.0,0.0,0,False,80,8
impostor,0,data/split/test/FAMILY-48/CHILD/FM048_C1.png,data/split/test/FAMILY-9/CHILD/FM009_C1.png,FAMILY-48,FAMILY-9,CHILD,0.0,0.0,0,False,80,12
impostor,0,data/split/test/FAMILY-54/CHILD/FM054_C1.png,data/split/test/FAMILY-65/CHILD/FM065_C1.png,FAMILY-54,FAMILY-65,CHILD,0.12,6.0,0,False,16,70
impostor,0,data/split/test/FAMILY-54/CHILD/FM054_C1.png,data/split/test/FAMILY-66/CHILD/FM066_C1.png,FAMILY-54,FAMILY-66,CHILD,0.06,3.0,0,False,16,17
impostor,0,data/split/test/FAMILY-54/CHILD/FM054_C1.png,data/split/test/FAMILY-67/CHILD/FM067_C1.png,FAMILY-54,FAMILY-67,CHILD,0.14,7.0,0,False,16,87
impostor,0,data/split/test/FAMILY-54/CHILD/FM054_C1.png,data/split/test/FAMILY-78/CHILD/FM078_C1.png,FAMILY-54,FAMILY-78,CHILD,0.0,0.0,0,False,16,8
impostor,0,data/split/test/FAMILY-54/CHILD/FM054_C1.png,data/split/test/FAMILY-9/CHILD/FM009_C1.png,FAMILY-54,FAMILY-9,CHILD,0.0,0.0,0,False,16,12
impostor,0,data/split/test/FAMILY-65/CHILD/FM065_C1.png,data/split/test/FAMILY-66/CHILD/FM066_C1.png,FAMILY-65,FAMILY-66,CHILD,0.06,3.0,0,False,70,17
impostor,0,data/split/test/FAMILY-65/CHILD/FM065_C1.png,data/split/test/FAMILY-67/CHILD/FM067_C1.png,FAMILY-65,FAMILY-67,CHILD,0.42,21.0,0,False,70,87
impostor,0,data/split/test/FAMILY-65/CHILD/FM065_C1.png,data/split/test/FAMILY-78/CHILD/FM078_C1.png,FAMILY-65,FAMILY-78,CHILD,0.0,0.0,0,False,70,8
impostor,0,data/split/test/FAMILY-65/CHILD/FM065_C1.png,data/split/test/FAMILY-9/CHILD/FM009_C1.png,FAMILY-65,FAMILY-9,CHILD,0.0,0.0,0,False,70,12
impostor,0,data/split/test/FAMILY-66/CHILD/FM066_C1.png,data/split/test/FAMILY-67/CHILD/FM067_C1.png,FAMILY-66,FAMILY-67,CHILD,0.12,6.0,0,False,17,87
impostor,0,data/split/test/FAMILY-66/CHILD/FM066_C1.png,data/split/test/FAMILY-78/CHILD/FM078_C1.png,FAMILY-66,FAMILY-78,CHILD,0.0,0.0,0,False,17,8
impostor,0,data/split/test/FAMILY-66/CHILD/FM066_C1.png,data/split/test/FAMILY-9/CHILD/FM009_C1.png,FAMILY-66,FAMILY-9,CHILD,0.0,0.0,0,False,17,12
impostor,0,data/split/test/FAMILY-67/CHILD/FM067_C1.png,data/split/test/FAMILY-78/CHILD/FM078_C1.png,FAMILY-67,FAMILY-78,CHILD,0.0,0.0,0,False,87,8
impostor,0,data/split/test/FAMILY-67/CHILD/FM067_C1.png,data/split/test/FAMILY-9/CHILD/FM009_C1.png,FAMILY-67,FAMILY-9,CHILD,0.0,0.0,0,False,87,12
impostor,0,data/split/test/FAMILY-78/CHILD/FM078_C1.png,data/split/test/FAMILY-9/CHILD/FM009_C1.png,FAMILY-78,FAMILY-9,CHILD,0.0,0.0,0,False,8,12
impostor,0,data/split/test/FAMILY-13/FATHER/FM013_F1.png,data/split/test/FAMILY-14/FATHER/FM014_F1.png,FAMILY-13,FAMILY-14,FATHER,0.3,15.0,0,False,40,107
impostor,0,data/split/test/FAMILY-13/FATHER/FM013_F1.png,data/split/test/FAMILY-15/FATHER/FM015_F1.png,FAMILY-13,FAMILY-15,FATHER,0.18,9.0,0,False,40,54
impostor,0,data/split/test/FAMILY-13/FATHER/FM013_F1.png,data/split/test/FAMILY-20/FATHER/FM020_F1.png,FAMILY-13,FAMILY-20,FATHER,0.0,0.0,0,False,40,2
impostor,0,data/split/test/FAMILY-13/FATHER/FM013_F1.png,data/split/test/FAMILY-23/FATHER/FM023_F1.png,FAMILY-13,FAMILY-23,FATHER,0.12,6.0,0,False,40,30
impostor,0,data/split/test/FAMILY-13/FATHER/FM013_F1.png,data/split/test/FAMILY-36/FATHER/FM036_F1.png,FAMILY-13,FAMILY-36,FATHER,0.34,17.0,0,False,40,87
impostor,0,data/split/test/FAMILY-13/FATHER/FM013_F1.png,data/split/test/FAMILY-37/FATHER/FM037_F1.png,FAMILY-13,FAMILY-37,FATHER,0.14,7.0,0,False,40,94
impostor,0,data/split/test/FAMILY-13/FATHER/FM013_F1.png,data/split/test/FAMILY-42/FATHER/FM042_F1.png,FAMILY-13,FAMILY-42,FATHER,0.24,12.0,0,False,40,91
impostor,0,data/split/test/FAMILY-13/FATHER/FM013_F1.png,data/split/test/FAMILY-48/FATHER/FM048_F1.png,FAMILY-13,FAMILY-48,FATHER,0.3,15.0,0,False,40,66
impostor,0,data/split/test/FAMILY-13/FATHER/FM013_F1.png,data/split/test/FAMILY-54/FATHER/FM054_F1.png,FAMILY-13,FAMILY-54,FATHER,0.2,10.0,0,False,40,85
impostor,0,data/split/test/FAMILY-13/FATHER/FM013_F1.png,data/split/test/FAMILY-65/FATHER/FM065_F1.png,FAMILY-13,FAMILY-65,FATHER,0.16,8.0,0,False,40,56
impostor,0,data/split/test/FAMILY-13/FATHER/FM013_F1.png,data/split/test/FAMILY-66/FATHER/FM066_F1.png,FAMILY-13,FAMILY-66,FATHER,0.08,4.0,0,False,40,30
impostor,0,data/split/test/FAMILY-13/FATHER/FM013_F1.png,data/split/test/FAMILY-67/FATHER/FM067_F1.png,FAMILY-13,FAMILY-67,FATHER,0.0,0.0,0,False,40,6
impostor,0,data/split/test/FAMILY-13/FATHER/FM013_F1.png,data/split/test/FAMILY-78/FATHER/FM078_F1.png,FAMILY-13,FAMILY-78,FATHER,0.06,3.0,0,False,40,22
impostor,0,data/split/test/FAMILY-13/FATHER/FM013_F1.png,data/split/test/FAMILY-9/FATHER/FM009_F1.png,FAMILY-13,FAMILY-9,FATHER,0.14,7.0,0,False,40,53
impostor,0,data/split/test/FAMILY-14/FATHER/FM014_F1.png,data/split/test/FAMILY-15/FATHER/FM015_F1.png,FAMILY-14,FAMILY-15,FATHER,0.36,18.0,0,False,107,54
impostor,0,data/split/test/FAMILY-14/FATHER/FM014_F1.png,data/split/test/FAMILY-20/FATHER/FM020_F1.png,FAMILY-14,FAMILY-20,FATHER,0.0,0.0,0,False,107,2
impostor,0,data/split/test/FAMILY-14/FATHER/FM014_F1.png,data/split/test/FAMILY-23/FATHER/FM023_F1.png,FAMILY-14,FAMILY-23,FATHER,0.22,11.0,0,False,107,30
impostor,0,data/split/test/FAMILY-14/FATHER/FM014_F1.png,data/split/test/FAMILY-36/FATHER/FM036_F1.png,FAMILY-14,FAMILY-36,FATHER,0.7,35.0,0,False,107,87
impostor,0,data/split/test/FAMILY-14/FATHER/FM014_F1.png,data/split/test/FAMILY-37/FATHER/FM037_F1.png,FAMILY-14,FAMILY-37,FATHER,0.82,41.0,0,False,107,94
impostor,0,data/split/test/FAMILY-14/FATHER/FM014_F1.png,data/split/test/FAMILY-42/FATHER/FM042_F1.png,FAMILY-14,FAMILY-42,FATHER,1.0,51.0,0,True,107,91
impostor,0,data/split/test/FAMILY-14/FATHER/FM014_F1.png,data/split/test/FAMILY-48/FATHER/FM048_F1.png,FAMILY-14,FAMILY-48,FATHER,0.62,31.0,0,False,107,66
impostor,0,data/split/test/FAMILY-14/FATHER/FM014_F1.png,data/split/test/FAMILY-54/FATHER/FM054_F1.png,FAMILY-14,FAMILY-54,FATHER,0.52,26.0,0,False,107,85
impostor,0,data/split/test/FAMILY-14/FATHER/FM014_F1.png,data/split/test/FAMILY-65/FATHER/FM065_F1.png,FAMILY-14,FAMILY-65,FATHER,0.32,16.0,0,False,107,56
impostor,0,data/split/test/FAMILY-14/FATHER/FM014_F1.png,data/split/test/FAMILY-66/FATHER/FM066_F1.png,FAMILY-14,FAMILY-66,FATHER,0.2,10.0,0,False,107,30
impostor,0,data/split/test/FAMILY-14/FATHER/FM014_F1.png,data/split/test/FAMILY-67/FATHER/FM067_F1.png,FAMILY-14,FAMILY-67,FATHER,0.0,0.0,0,False,107,6
impostor,0,data/split/test/FAMILY-14/FATHER/FM014_F1.png,data/split/test/FAMILY-78/FATHER/FM078_F1.png,FAMILY-14,FAMILY-78,FATHER,0.12,6.0,0,False,107,22
impostor,0,data/split/test/FAMILY-14/FATHER/FM014_F1.png,data/split/test/FAMILY-9/FATHER/FM009_F1.png,FAMILY-14,FAMILY-9,FATHER,0.5,25.0,0,False,107,53
impostor,0,data/split/test/FAMILY-15/FATHER/FM015_F1.png,data/split/test/FAMILY-20/FATHER/FM020_F1.png,FAMILY-15,FAMILY-20,FATHER,0.0,0.0,0,False,54,2
impostor,0,data/split/test/FAMILY-15/FATHER/FM015_F1.png,data/split/test/FAMILY-23/FATHER/FM023_F1.png,FAMILY-15,FAMILY-23,FATHER,0.24,12.0,0,False,54,30
impostor,0,data/split/test/FAMILY-15/FATHER/FM015_F1.png,data/split/test/FAMILY-36/FATHER/FM036_F1.png,FAMILY-15,FAMILY-36,FATHER,0.28,14.0,0,False,54,87
impostor,0,data/split/test/FAMILY-15/FATHER/FM015_F1.png,data/split/test/FAMILY-37/FATHER/FM037_F1.png,FAMILY-15,FAMILY-37,FATHER,0.28,14.0,0,False,54,94
impostor,0,data/split/test/FAMILY-15/FATHER/FM015_F1.png,data/split/test/FAMILY-42/FATHER/FM042_F1.png,FAMILY-15,FAMILY-42,FATHER,0.28,14.0,0,False,54,91
impostor,0,data/split/test/FAMILY-15/FATHER/FM015_F1.png,data/split/test/FAMILY-48/FATHER/FM048_F1.png,FAMILY-15,FAMILY-48,FATHER,0.36,18.0,0,False,54,66
impostor,0,data/split/test/FAMILY-15/FATHER/FM015_F1.png,data/split/test/FAMILY-54/FATHER/FM054_F1.png,FAMILY-15,FAMILY-54,FATHER,0.32,16.0,0,False,54,85
impostor,0,data/split/test/FAMILY-15/FATHER/FM015_F1.png,data/split/test/FAMILY-65/FATHER/FM065_F1.png,FAMILY-15,FAMILY-65,FATHER,0.12,6.0,0,False,54,56
impostor,0,data/split/test/FAMILY-15/FATHER/FM015_F1.png,data/split/test/FAMILY-66/FATHER/FM066_F1.png,FAMILY-15,FAMILY-66,FATHER,0.08,4.0,0,False,54,30
impostor,0,data/split/test/FAMILY-15/FATHER/FM015_F1.png,data/split/test/FAMILY-67/FATHER/FM067_F1.png,FAMILY-15,FAMILY-67,FATHER,0.0,0.0,0,False,54,6
impostor,0,data/split/test/FAMILY-15/FATHER/FM015_F1.png,data/split/test/FAMILY-78/FATHER/FM078_F1.png,FAMILY-15,FAMILY-78,FATHER,0.08,4.0,0,False,54,22
impostor,0,data/split/test/FAMILY-15/FATHER/FM015_F1.png,data/split/test/FAMILY-9/FATHER/FM009_F1.png,FAMILY-15,FAMILY-9,FATHER,0.36,18.0,0,False,54,53
impostor,0,data/split/test/FAMILY-20/FATHER/FM020_F1.png,data/split/test/FAMILY-23/FATHER/FM023_F1.png,FAMILY-20,FAMILY-23,FATHER,0.0,0.0,0,False,2,30
impostor,0,data/split/test/FAMILY-20/FATHER/FM020_F1.png,data/split/test/FAMILY-36/FATHER/FM036_F1.png,FAMILY-20,FAMILY-36,FATHER,0.0,0.0,0,False,2,87
impostor,0,data/split/test/FAMILY-20/FATHER/FM020_F1.png,data/split/test/FAMILY-37/FATHER/FM037_F1.png,FAMILY-20,FAMILY-37,FATHER,0.0,0.0,0,False,2,94
impostor,0,data/split/test/FAMILY-20/FATHER/FM020_F1.png,data/split/test/FAMILY-42/FATHER/FM042_F1.png,FAMILY-20,FAMILY-42,FATHER,0.0,0.0,0,False,2,91
impostor,0,data/split/test/FAMILY-20/FATHER/FM020_F1.png,data/split/test/FAMILY-48/FATHER/FM048_F1.png,FAMILY-20,FAMILY-48,FATHER,0.0,0.0,0,False,2,66
impostor,0,data/split/test/FAMILY-20/FATHER/FM020_F1.png,data/split/test/FAMILY-54/FATHER/FM054_F1.png,FAMILY-20,FAMILY-54,FATHER,0.0,0.0,0,False,2,85
impostor,0,data/split/test/FAMILY-20/FATHER/FM020_F1.png,data/split/test/FAMILY-65/FATHER/FM065_F1.png,FAMILY-20,FAMILY-65,FATHER,0.0,0.0,0,False,2,56
impostor,0,data/split/test/FAMILY-20/FATHER/FM020_F1.png,data/split/test/FAMILY-66/FATHER/FM066_F1.png,FAMILY-20,FAMILY-66,FATHER,0.0,0.0,0,False,2,30
impostor,0,data/split/test/FAMILY-20/FATHER/FM020_F1.png,data/split/test/FAMILY-67/FATHER/FM067_F1.png,FAMILY-20,FAMILY-67,FATHER,0.0,0.0,0,False,2,6
impostor,0,data/split/test/FAMILY-20/FATHER/FM020_F1.png,data/split/test/FAMILY-78/FATHER/FM078_F1.png,FAMILY-20,FAMILY-78,FATHER,0.0,0.0,0,False,2,22
impostor,0,data/split/test/FAMILY-20/FATHER/FM020_F1.png,data/split/test/FAMILY-9/FATHER/FM009_F1.png,FAMILY-20,FAMILY-9,FATHER,0.0,0.0,0,False,2,53
impostor,0,data/split/test/FAMILY-23/FATHER/FM023_F1.png,data/split/test/FAMILY-36/FATHER/FM036_F1.png,FAMILY-23,FAMILY-36,FATHER,0.22,11.0,0,False,30,87
impostor,0,data/split/test/FAMILY-23/FATHER/FM023_F1.png,data/split/test/FAMILY-37/FATHER/FM037_F1.png,FAMILY-23,FAMILY-37,FATHER,0.32,16.0,0,False,30,94
impostor,0,data/split/test/FAMILY-23/FATHER/FM023_F1.png,data/split/test/FAMILY-42/FATHER/FM042_F1.png,FAMILY-23,FAMILY-42,FATHER,0.22,11.0,0,False,30,91
impostor,0,data/split/test/FAMILY-23/FATHER/FM023_F1.png,data/split/test/FAMILY-48/FATHER/FM048_F1.png,FAMILY-23,FAMILY-48,FATHER,0.14,7.0,0,False,30,66
impostor,0,data/split/test/FAMILY-23/FATHER/FM023_F1.png,data/split/test/FAMILY-54/FATHER/FM054_F1.png,FAMILY-23,FAMILY-54,FATHER,0.2,10.0,0,False,30,85
impostor,0,data/split/test/FAMILY-23/FATHER/FM023_F1.png,data/split/test/FAMILY-65/FATHER/FM065_F1.png,FAMILY-23,FAMILY-65,FATHER,0.12,6.0,0,False,30,56
impostor,0,data/split/test/FAMILY-23/FATHER/FM023_F1.png,data/split/test/FAMILY-66/FATHER/FM066_F1.png,FAMILY-23,FAMILY-66,FATHER,0.12,6.0,0,False,30,30
impostor,0,data/split/test/FAMILY-23/FATHER/FM023_F1.png,data/split/test/FAMILY-67/FATHER/FM067_F1.png,FAMILY-23,FAMILY-67,FATHER,0.0,0.0,0,False,30,6
impostor,0,data/split/test/FAMILY-23/FATHER/FM023_F1.png,data/split/test/FAMILY-78/FATHER/FM078_F1.png,FAMILY-23,FAMILY-78,FATHER,0.08,4.0,0,False,30,22
impostor,0,data/split/test/FAMILY-23/FATHER/FM023_F1.png,data/split/test/FAMILY-9/FATHER/FM009_F1.png,FAMILY-23,FAMILY-9,FATHER,0.18,9.0,0,False,30,53
impostor,0,data/split/test/FAMILY-36/FATHER/FM036_F1.png,data/split/test/FAMILY-37/FATHER/FM037_F1.png,FAMILY-36,FAMILY-37,FATHER,0.4,20.0,0,False,87,94
impostor,0,data/split/test/FAMILY-36/FATHER/FM036_F1.png,data/split/test/FAMILY-42/FATHER/FM042_F1.png,FAMILY-36,FAMILY-42,FATHER,0.6,30.0,0,False,87,91
impostor,0,data/split/test/FAMILY-36/FATHER/FM036_F1.png,data/split/test/FAMILY-48/FATHER/FM048_F1.png,FAMILY-36,FAMILY-48,FATHER,0.38,19.0,0,False,87,66
impostor,0,data/split/test/FAMILY-36/FATHER/FM036_F1.png,data/split/test/FAMILY-54/FATHER/FM054_F1.png,FAMILY-36,FAMILY-54,FATHER,0.38,19.0,0,False,87,85
impostor,0,data/split/test/FAMILY-36/FATHER/FM036_F1.png,data/split/test/FAMILY-65/FATHER/FM065_F1.png,FAMILY-36,FAMILY-65,FATHER,0.42,21.0,0,False,87,56
impostor,0,data/split/test/FAMILY-36/FATHER/FM036_F1.png,data/split/test/FAMILY-66/FATHER/FM066_F1.png,FAMILY-36,FAMILY-66,FATHER,0.14,7.0,0,False,87,30
impostor,0,data/split/test/FAMILY-36/FATHER/FM036_F1.png,data/split/test/FAMILY-67/FATHER/FM067_F1.png,FAMILY-36,FAMILY-67,FATHER,0.0,0.0,0,False,87,6
impostor,0,data/split/test/FAMILY-36/FATHER/FM036_F1.png,data/split/test/FAMILY-78/FATHER/FM078_F1.png,FAMILY-36,FAMILY-78,FATHER,0.08,4.0,0,False,87,22
impostor,0,data/split/test/FAMILY-36/FATHER/FM036_F1.png,data/split/test/FAMILY-9/FATHER/FM009_F1.png,FAMILY-36,FAMILY-9,FATHER,0.44,22.0,0,False,87,53
impostor,0,data/split/test/FAMILY-37/FATHER/FM037_F1.png,data/split/test/FAMILY-42/FATHER/FM042_F1.png,FAMILY-37,FAMILY-42,FATHER,0.6,30.0,0,False,94,91
impostor,0,data/split/test/FAMILY-37/FATHER/FM037_F1.png,data/split/test/FAMILY-48/FATHER/FM048_F1.png,FAMILY-37,FAMILY-48,FATHER,0.44,22.0,0,False,94,66
impostor,0,data/split/test/FAMILY-37/FATHER/FM037_F1.png,data/split/test/FAMILY-54/FATHER/FM054_F1.png,FAMILY-37,FAMILY-54,FATHER,0.46,23.0,0,False,94,85
impostor,0,data/split/test/FAMILY-37/FATHER/FM037_F1.png,data/split/test/FAMILY-65/FATHER/FM065_F1.png,FAMILY-37,FAMILY-65,FATHER,0.42,21.0,0,False,94,56
impostor,0,data/split/test/FAMILY-37/FATHER/FM037_F1.png,data/split/test/FAMILY-66/FATHER/FM066_F1.png,FAMILY-37,FAMILY-66,FATHER,0.24,12.0,0,False,94,30
impostor,0,data/split/test/FAMILY-37/FATHER/FM037_F1.png,data/split/test/FAMILY-67/FATHER/FM067_F1.png,FAMILY-37,FAMILY-67,FATHER,0.0,0.0,0,False,94,6
impostor,0,data/split/test/FAMILY-37/FATHER/FM037_F1.png,data/split/test/FAMILY-78/FATHER/FM078_F1.png,FAMILY-37,FAMILY-78,FATHER,0.12,6.0,0,False,94,22
impostor,0,data/split/test/FAMILY-37/FATHER/FM037_F1.png,data/split/test/FAMILY-9/FATHER/FM009_F1.png,FAMILY-37,FAMILY-9,FATHER,0.32,16.0,0,False,94,53
impostor,0,data/split/test/FAMILY-42/FATHER/FM042_F1.png,data/split/test/FAMILY-48/FATHER/FM048_F1.png,FAMILY-42,FAMILY-48,FATHER,0.44,22.0,0,False,91,66
impostor,0,data/split/test/FAMILY-42/FATHER/FM042_F1.png,data/split/test/FAMILY-54/FATHER/FM054_F1.png,FAMILY-42,FAMILY-54,FATHER,0.58,29.0,0,False,91,85
impostor,0,data/split/test/FAMILY-42/FATHER/FM042_F1.png,data/split/test/FAMILY-65/FATHER/FM065_F1.png,FAMILY-42,FAMILY-65,FATHER,0.46,23.0,0,False,91,56
impostor,0,data/split/test/FAMILY-42/FATHER/FM042_F1.png,data/split/test/FAMILY-66/FATHER/FM066_F1.png,FAMILY-42,FAMILY-66,FATHER,0.12,6.0,0,False,91,30
impostor,0,data/split/test/FAMILY-42/FATHER/FM042_F1.png,data/split/test/FAMILY-67/FATHER/FM067_F1.png,FAMILY-42,FAMILY-67,FATHER,0.0,0.0,0,False,91,6
impostor,0,data/split/test/FAMILY-42/FATHER/FM042_F1.png,data/split/test/FAMILY-78/FATHER/FM078_F1.png,FAMILY-42,FAMILY-78,FATHER,0.12,6.0,0,False,91,22
impostor,0,data/split/test/FAMILY-42/FATHER/FM042_F1.png,data/split/test/FAMILY-9/FATHER/FM009_F1.png,FAMILY-42,FAMILY-9,FATHER,0.34,17.0,0,False,91,53
impostor,0,data/split/test/FAMILY-48/FATHER/FM048_F1.png,data/split/test/FAMILY-54/FATHER/FM054_F1.png,FAMILY-48,FAMILY-54,FATHER,0.38,19.0,0,False,66,85
impostor,0,data/split/test/FAMILY-48/FATHER/FM048_F1.png,data/split/test/FAMILY-65/FATHER/FM065_F1.png,FAMILY-48,FAMILY-65,FATHER,0.26,13.0,0,False,66,56
impostor,0,data/split/test/FAMILY-48/FATHER/FM048_F1.png,data/split/test/FAMILY-66/FATHER/FM066_F1.png,FAMILY-48,FAMILY-66,FATHER,0.16,8.0,0,False,66,30
impostor,0,data/split/test/FAMILY-48/FATHER/FM048_F1.png,data/split/test/FAMILY-67/FATHER/FM067_F1.png,FAMILY-48,FAMILY-67,FATHER,0.0,0.0,0,False,66,6
impostor,0,data/split/test/FAMILY-48/FATHER/FM048_F1.png,data/split/test/FAMILY-78/FATHER/FM078_F1.png,FAMILY-48,FAMILY-78,FATHER,0.1,5.0,0,False,66,22
impostor,0,data/split/test/FAMILY-48/FATHER/FM048_F1.png,data/split/test/FAMILY-9/FATHER/FM009_F1.png,FAMILY-48,FAMILY-9,FATHER,0.34,17.0,0,False,66,53
impostor,0,data/split/test/FAMILY-54/FATHER/FM054_F1.png,data/split/test/FAMILY-65/FATHER/FM065_F1.png,FAMILY-54,FAMILY-65,FATHER,0.34,17.0,0,False,85,56
impostor,0,data/split/test/FAMILY-54/FATHER/FM054_F1.png,data/split/test/FAMILY-66/FATHER/FM066_F1.png,FAMILY-54,FAMILY-66,FATHER,0.14,7.0,0,False,85,30
impostor,0,data/split/test/FAMILY-54/FATHER/FM054_F1.png,data/split/test/FAMILY-67/FATHER/FM067_F1.png,FAMILY-54,FAMILY-67,FATHER,0.0,0.0,0,False,85,6
impostor,0,data/split/test/FAMILY-54/FATHER/FM054_F1.png,data/split/test/FAMILY-78/FATHER/FM078_F1.png,FAMILY-54,FAMILY-78,FATHER,0.08,4.0,0,False,85,22
impostor,0,data/split/test/FAMILY-54/FATHER/FM054_F1.png,data/split/test/FAMILY-9/FATHER/FM009_F1.png,FAMILY-54,FAMILY-9,FATHER,0.28,14.0,0,False,85,53
impostor,0,data/split/test/FAMILY-65/FATHER/FM065_F1.png,data/split/test/FAMILY-66/FATHER/FM066_F1.png,FAMILY-65,FAMILY-66,FATHER,0.1,5.0,0,False,56,30
impostor,0,data/split/test/FAMILY-65/FATHER/FM065_F1.png,data/split/test/FAMILY-67/FATHER/FM067_F1.png,FAMILY-65,FAMILY-67,FATHER,0.0,0.0,0,False,56,6
impostor,0,data/split/test/FAMILY-65/FATHER/FM065_F1.png,data/split/test/FAMILY-78/FATHER/FM078_F1.png,FAMILY-65,FAMILY-78,FATHER,0.14,7.0,0,False,56,22
impostor,0,data/split/test/FAMILY-65/FATHER/FM065_F1.png,data/split/test/FAMILY-9/FATHER/FM009_F1.png,FAMILY-65,FAMILY-9,FATHER,0.28,14.0,0,False,56,53
impostor,0,data/split/test/FAMILY-66/FATHER/FM066_F1.png,data/split/test/FAMILY-67/FATHER/FM067_F1.png,FAMILY-66,FAMILY-67,FATHER,0.0,0.0,0,False,30,6
impostor,0,data/split/test/FAMILY-66/FATHER/FM066_F1.png,data/split/test/FAMILY-78/FATHER/FM078_F1.png,FAMILY-66,FAMILY-78,FATHER,0.08,4.0,0,False,30,22
impostor,0,data/split/test/FAMILY-66/FATHER/FM066_F1.png,data/split/test/FAMILY-9/FATHER/FM009_F1.png,FAMILY-66,FAMILY-9,FATHER,0.1,5.0,0,False,30,53
impostor,0,data/split/test/FAMILY-67/FATHER/FM067_F1.png,data/split/test/FAMILY-78/FATHER/FM078_F1.png,FAMILY-67,FAMILY-78,FATHER,0.0,0.0,0,False,6,22
impostor,0,data/split/test/FAMILY-67/FATHER/FM067_F1.png,data/split/test/FAMILY-9/FATHER/FM009_F1.png,FAMILY-67,FAMILY-9,FATHER,0.0,0.0,0,False,6,53
impostor,0,data/split/test/FAMILY-78/FATHER/FM078_F1.png,data/split/test/FAMILY-9/FATHER/FM009_F1.png,FAMILY-78,FAMILY-9,FATHER,0.08,4.0,0,False,22,53
impostor,0,data/split/test/FAMILY-13/MOTHER/FM013_M1.png,data/split/test/FAMILY-14/MOTHER/FM014_M1.png,FAMILY-13,FAMILY-14,MOTHER,0.44,22.0,0,False,63,76
impostor,0,data/split/test/FAMILY-13/MOTHER/FM013_M1.png,data/split/test/FAMILY-15/MOTHER/FM015_M1.png,FAMILY-13,FAMILY-15,MOTHER,0.22,11.0,0,False,63,48
impostor,0,data/split/test/FAMILY-13/MOTHER/FM013_M1.png,data/split/test/FAMILY-20/MOTHER/FM020_M1.png,FAMILY-13,FAMILY-20,MOTHER,0.0,0.0,0,False,63,3
impostor,0,data/split/test/FAMILY-13/MOTHER/FM013_M1.png,data/split/test/FAMILY-23/MOTHER/FM023_M1.png,FAMILY-13,FAMILY-23,MOTHER,0.24,12.0,0,False,63,70
impostor,0,data/split/test/FAMILY-13/MOTHER/FM013_M1.png,data/split/test/FAMILY-36/MOTHER/FM036_M1.png,FAMILY-13,FAMILY-36,MOTHER,0.4,20.0,0,False,63,81
impostor,0,data/split/test/FAMILY-13/MOTHER/FM013_M1.png,data/split/test/FAMILY-37/MOTHER/FM037_M1.png,FAMILY-13,FAMILY-37,MOTHER,0.12,6.0,0,False,63,30
impostor,0,data/split/test/FAMILY-13/MOTHER/FM013_M1.png,data/split/test/FAMILY-42/MOTHER/FM042_M1.png,FAMILY-13,FAMILY-42,MOTHER,0.34,17.0,0,False,63,37
impostor,0,data/split/test/FAMILY-13/MOTHER/FM013_M1.png,data/split/test/FAMILY-48/MOTHER/FM048_M1.png,FAMILY-13,FAMILY-48,MOTHER,0.3,15.0,0,False,63,92
impostor,0,data/split/test/FAMILY-13/MOTHER/FM013_M1.png,data/split/test/FAMILY-54/MOTHER/FM054_M1.png,FAMILY-13,FAMILY-54,MOTHER,0.3,15.0,0,False,63,70
impostor,0,data/split/test/FAMILY-13/MOTHER/FM013_M1.png,data/split/test/FAMILY-65/MOTHER/FM065_M1.png,FAMILY-13,FAMILY-65,MOTHER,0.44,22.0,0,False,63,81
impostor,0,data/split/test/FAMILY-13/MOTHER/FM013_M1.png,data/split/test/FAMILY-66/MOTHER/FM066_M1.png,FAMILY-13,FAMILY-66,MOTHER,0.0,0.0,0,False,63,11
impostor,0,data/split/test/FAMILY-13/MOTHER/FM013_M1.png,data/split/test/FAMILY-67/MOTHER/FM067_M1.png,FAMILY-13,FAMILY-67,MOTHER,0.08,4.0,0,False,63,27
impostor,0,data/split/test/FAMILY-13/MOTHER/FM013_M1.png,data/split/test/FAMILY-78/MOTHER/FM078_M1.png,FAMILY-13,FAMILY-78,MOTHER,0.0,0.0,0,False,63,1
impostor,0,data/split/test/FAMILY-13/MOTHER/FM013_M1.png,data/split/test/FAMILY-9/MOTHER/FM009_M1.png,FAMILY-13,FAMILY-9,MOTHER,0.0,0.0,0,False,63,9
impostor,0,data/split/test/FAMILY-14/MOTHER/FM014_M1.png,data/split/test/FAMILY-15/MOTHER/FM015_M1.png,FAMILY-14,FAMILY-15,MOTHER,0.36,18.0,0,False,76,48
impostor,0,data/split/test/FAMILY-14/MOTHER/FM014_M1.png,data/split/test/FAMILY-20/MOTHER/FM020_M1.png,FAMILY-14,FAMILY-20,MOTHER,0.0,0.0,0,False,76,3
impostor,0,data/split/test/FAMILY-14/MOTHER/FM014_M1.png,data/split/test/FAMILY-23/MOTHER/FM023_M1.png,FAMILY-14,FAMILY-23,MOTHER,0.42,21.0,0,False,76,70
impostor,0,data/split/test/FAMILY-14/MOTHER/FM014_M1.png,data/split/test/FAMILY-36/MOTHER/FM036_M1.png,FAMILY-14,FAMILY-36,MOTHER,0.4,20.0,0,False,76,81
impostor,0,data/split/test/FAMILY-14/MOTHER/FM014_M1.png,data/split/test/FAMILY-37/MOTHER/FM037_M1.png,FAMILY-14,FAMILY-37,MOTHER,0.28,14.0,0,False,76,30
impostor,0,data/split/test/FAMILY-14/MOTHER/FM014_M1.png,data/split/test/FAMILY-42/MOTHER/FM042_M1.png,FAMILY-14,FAMILY-42,MOTHER,0.26,13.0,0,False,76,37
impostor,0,data/split/test/FAMILY-14/MOTHER/FM014_M1.png,data/split/test/FAMILY-48/MOTHER/FM048_M1.png,FAMILY-14,FAMILY-48,MOTHER,0.32,16.0,0,False,76,92
impostor,0,data/split/test/FAMILY-14/MOTHER/FM014_M1.png,data/split/test/FAMILY-54/MOTHER/FM054_M1.png,FAMILY-14,FAMILY-54,MOTHER,0.34,17.0,0,False,76,70
impostor,0,data/split/test/FAMILY-14/MOTHER/FM014_M1.png,data/split/test/FAMILY-65/MOTHER/FM065_M1.png,FAMILY-14,FAMILY-65,MOTHER,0.42,21.0,0,False,76,81
impostor,0,data/split/test/FAMILY-14/MOTHER/FM014_M1.png,data/split/test/FAMILY-66/MOTHER/FM066_M1.png,FAMILY-14,FAMILY-66,MOTHER,0.0,0.0,0,False,76,11
impostor,0,data/split/test/FAMILY-14/MOTHER/FM014_M1.png,data/split/test/FAMILY-67/MOTHER/FM067_M1.png,FAMILY-14,FAMILY-67,MOTHER,0.26,13.0,0,False,76,27
impostor,0,data/split/test/FAMILY-14/MOTHER/FM014_M1.png,data/split/test/FAMILY-78/MOTHER/FM078_M1.png,FAMILY-14,FAMILY-78,MOTHER,0.0,0.0,0,False,76,1
impostor,0,data/split/test/FAMILY-14/MOTHER/FM014_M1.png,data/split/test/FAMILY-9/MOTHER/FM009_M1.png,FAMILY-14,FAMILY-9,MOTHER,0.0,0.0,0,False,76,9
impostor,0,data/split/test/FAMILY-15/MOTHER/FM015_M1.png,data/split/test/FAMILY-20/MOTHER/FM020_M1.png,FAMILY-15,FAMILY-20,MOTHER,0.0,0.0,0,False,48,3
impostor,0,data/split/test/FAMILY-15/MOTHER/FM015_M1.png,data/split/test/FAMILY-23/MOTHER/FM023_M1.png,FAMILY-15,FAMILY-23,MOTHER,0.3,15.0,0,False,48,70
impostor,0,data/split/test/FAMILY-15/MOTHER/FM015_M1.png,data/split/test/FAMILY-36/MOTHER/FM036_M1.png,FAMILY-15,FAMILY-36,MOTHER,0.44,22.0,0,False,48,81
impostor,0,data/split/test/FAMILY-15/MOTHER/FM015_M1.png,data/split/test/FAMILY-37/MOTHER/FM037_M1.png,FAMILY-15,FAMILY-37,MOTHER,0.18,9.0,0,False,48,30
impostor,0,data/split/test/FAMILY-15/MOTHER/FM015_M1.png,data/split/test/FAMILY-42/MOTHER/FM042_M1.png,FAMILY-15,FAMILY-42,MOTHER,0.26,13.0,0,False,48,37
impostor,0,data/split/test/FAMILY-15/MOTHER/FM015_M1.png,data/split/test/FAMILY-48/MOTHER/FM048_M1.png,FAMILY-15,FAMILY-48,MOTHER,0.4,20.0,0,False,48,92
impostor,0,data/split/test/FAMILY-15/MOTHER/FM015_M1.png,data/split/test/FAMILY-54/MOTHER/FM054_M1.png,FAMILY-15,FAMILY-54,MOTHER,0.24,12.0,0,False,48,70
impostor,0,data/split/test/FAMILY-15/MOTHER/FM015_M1.png,data/split/test/FAMILY-65/MOTHER/FM065_M1.png,FAMILY-15,FAMILY-65,MOTHER,0.32,16.0,0,False,48,81
impostor,0,data/split/test/FAMILY-15/MOTHER/FM015_M1.png,data/split/test/FAMILY-66/MOTHER/FM066_M1.png,FAMILY-15,FAMILY-66,MOTHER,0.0,0.0,0,False,48,11
impostor,0,data/split/test/FAMILY-15/MOTHER/FM015_M1.png,data/split/test/FAMILY-67/MOTHER/FM067_M1.png,FAMILY-15,FAMILY-67,MOTHER,0.18,9.0,0,False,48,27
impostor,0,data/split/test/FAMILY-15/MOTHER/FM015_M1.png,data/split/test/FAMILY-78/MOTHER/FM078_M1.png,FAMILY-15,FAMILY-78,MOTHER,0.0,0.0,0,False,48,1
impostor,0,data/split/test/FAMILY-15/MOTHER/FM015_M1.png,data/split/test/FAMILY-9/MOTHER/FM009_M1.png,FAMILY-15,FAMILY-9,MOTHER,0.0,0.0,0,False,48,9
impostor,0,data/split/test/FAMILY-20/MOTHER/FM020_M1.png,data/split/test/FAMILY-23/MOTHER/FM023_M1.png,FAMILY-20,FAMILY-23,MOTHER,0.0,0.0,0,False,3,70
impostor,0,data/split/test/FAMILY-20/MOTHER/FM020_M1.png,data/split/test/FAMILY-36/MOTHER/FM036_M1.png,FAMILY-20,FAMILY-36,MOTHER,0.0,0.0,0,False,3,81
impostor,0,data/split/test/FAMILY-20/MOTHER/FM020_M1.png,data/split/test/FAMILY-37/MOTHER/FM037_M1.png,FAMILY-20,FAMILY-37,MOTHER,0.0,0.0,0,False,3,30
impostor,0,data/split/test/FAMILY-20/MOTHER/FM020_M1.png,data/split/test/FAMILY-42/MOTHER/FM042_M1.png,FAMILY-20,FAMILY-42,MOTHER,0.0,0.0,0,False,3,37
impostor,0,data/split/test/FAMILY-20/MOTHER/FM020_M1.png,data/split/test/FAMILY-48/MOTHER/FM048_M1.png,FAMILY-20,FAMILY-48,MOTHER,0.0,0.0,0,False,3,92
impostor,0,data/split/test/FAMILY-20/MOTHER/FM020_M1.png,data/split/test/FAMILY-54/MOTHER/FM054_M1.png,FAMILY-20,FAMILY-54,MOTHER,0.0,0.0,0,False,3,70
impostor,0,data/split/test/FAMILY-20/MOTHER/FM020_M1.png,data/split/test/FAMILY-65/MOTHER/FM065_M1.png,FAMILY-20,FAMILY-65,MOTHER,0.0,0.0,0,False,3,81
impostor,0,data/split/test/FAMILY-20/MOTHER/FM020_M1.png,data/split/test/FAMILY-66/MOTHER/FM066_M1.png,FAMILY-20,FAMILY-66,MOTHER,0.0,0.0,0,False,3,11
impostor,0,data/split/test/FAMILY-20/MOTHER/FM020_M1.png,data/split/test/FAMILY-67/MOTHER/FM067_M1.png,FAMILY-20,FAMILY-67,MOTHER,0.0,0.0,0,False,3,27
impostor,0,data/split/test/FAMILY-20/MOTHER/FM020_M1.png,data/split/test/FAMILY-78/MOTHER/FM078_M1.png,FAMILY-20,FAMILY-78,MOTHER,0.0,0.0,0,False,3,1
impostor,0,data/split/test/FAMILY-20/MOTHER/FM020_M1.png,data/split/test/FAMILY-9/MOTHER/FM009_M1.png,FAMILY-20,FAMILY-9,MOTHER,0.0,0.0,0,False,3,9
impostor,0,data/split/test/FAMILY-23/MOTHER/FM023_M1.png,data/split/test/FAMILY-36/MOTHER/FM036_M1.png,FAMILY-23,FAMILY-36,MOTHER,0.42,21.0,0,False,70,81
impostor,0,data/split/test/FAMILY-23/MOTHER/FM023_M1.png,data/split/test/FAMILY-37/MOTHER/FM037_M1.png,FAMILY-23,FAMILY-37,MOTHER,0.2,10.0,0,False,70,30
impostor,0,data/split/test/FAMILY-23/MOTHER/FM023_M1.png,data/split/test/FAMILY-42/MOTHER/FM042_M1.png,FAMILY-23,FAMILY-42,MOTHER,0.42,21.0,0,False,70,37
impostor,0,data/split/test/FAMILY-23/MOTHER/FM023_M1.png,data/split/test/FAMILY-48/MOTHER/FM048_M1.png,FAMILY-23,FAMILY-48,MOTHER,0.48,24.0,0,False,70,92
impostor,0,data/split/test/FAMILY-23/MOTHER/FM023_M1.png,data/split/test/FAMILY-54/MOTHER/FM054_M1.png,FAMILY-23,FAMILY-54,MOTHER,0.46,23.0,0,False,70,70
impostor,0,data/split/test/FAMILY-23/MOTHER/FM023_M1.png,data/split/test/FAMILY-65/MOTHER/FM065_M1.png,FAMILY-23,FAMILY-65,MOTHER,0.54,27.0,0,False,70,81
impostor,0,data/split/test/FAMILY-23/MOTHER/FM023_M1.png,data/split/test/FAMILY-66/MOTHER/FM066_M1.png,FAMILY-23,FAMILY-66,MOTHER,0.0,0.0,0,False,70,11
impostor,0,data/split/test/FAMILY-23/MOTHER/FM023_M1.png,data/split/test/FAMILY-67/MOTHER/FM067_M1.png,FAMILY-23,FAMILY-67,MOTHER,0.18,9.0,0,False,70,27
impostor,0,data/split/test/FAMILY-23/MOTHER/FM023_M1.png,data/split/test/FAMILY-78/MOTHER/FM078_M1.png,FAMILY-23,FAMILY-78,MOTHER,0.0,0.0,0,False,70,1
impostor,0,data/split/test/FAMILY-23/MOTHER/FM023_M1.png,data/split/test/FAMILY-9/MOTHER/FM009_M1.png,FAMILY-23,FAMILY-9,MOTHER,0.0,0.0,0,False,70,9
impostor,0,data/split/test/FAMILY-36/MOTHER/FM036_M1.png,data/split/test/FAMILY-37/MOTHER/FM037_M1.png,FAMILY-36,FAMILY-37,MOTHER,0.22,11.0,0,False,81,30
impostor,0,data/split/test/FAMILY-36/MOTHER/FM036_M1.png,data/split/test/FAMILY-42/MOTHER/FM042_M1.png,FAMILY-36,FAMILY-42,MOTHER,0.52,26.0,0,False,81,37
impostor,0,data/split/test/FAMILY-36/MOTHER/FM036_M1.png,data/split/test/FAMILY-48/MOTHER/FM048_M1.png,FAMILY-36,FAMILY-48,MOTHER,0.84,42.0,0,False,81,92
impostor,0,data/split/test/FAMILY-36/MOTHER/FM036_M1.png,data/split/test/FAMILY-54/MOTHER/FM054_M1.png,FAMILY-36,FAMILY-54,MOTHER,0.7,35.0,0,False,81,70
impostor,0,data/split/test/FAMILY-36/MOTHER/FM036_M1.png,data/split/test/FAMILY-65/MOTHER/FM065_M1.png,FAMILY-36,FAMILY-65,MOTHER,0.6,30.0,0,False,81,81
impostor,0,data/split/test/FAMILY-36/MOTHER/FM036_M1.png,data/split/test/FAMILY-66/MOTHER/FM066_M1.png,FAMILY-36,FAMILY-66,MOTHER,0.0,0.0,0,False,81,11
impostor,0,data/split/test/FAMILY-36/MOTHER/FM036_M1.png,data/split/test/FAMILY-67/MOTHER/FM067_M1.png,FAMILY-36,FAMILY-67,MOTHER,0.2,10.0,0,False,81,27
impostor,0,data/split/test/FAMILY-36/MOTHER/FM036_M1.png,data/split/test/FAMILY-78/MOTHER/FM078_M1.png,FAMILY-36,FAMILY-78,MOTHER,0.0,0.0,0,False,81,1
impostor,0,data/split/test/FAMILY-36/MOTHER/FM036_M1.png,data/split/test/FAMILY-9/MOTHER/FM009_M1.png,FAMILY-36,FAMILY-9,MOTHER,0.0,0.0,0,False,81,9
impostor,0,data/split/test/FAMILY-37/MOTHER/FM037_M1.png,data/split/test/FAMILY-42/MOTHER/FM042_M1.png,FAMILY-37,FAMILY-42,MOTHER,0.14,7.0,0,False,30,37
impostor,0,data/split/test/FAMILY-37/MOTHER/FM037_M1.png,data/split/test/FAMILY-48/MOTHER/FM048_M1.png,FAMILY-37,FAMILY-48,MOTHER,0.18,9.0,0,False,30,92
impostor,0,data/split/test/FAMILY-37/MOTHER/FM037_M1.png,data/split/test/FAMILY-54/MOTHER/FM054_M1.png,FAMILY-37,FAMILY-54,MOTHER,0.18,9.0,0,False,30,70
impostor,0,data/split/test/FAMILY-37/MOTHER/FM037_M1.png,data/split/test/FAMILY-65/MOTHER/FM065_M1.png,FAMILY-37,FAMILY-65,MOTHER,0.22,11.0,0,False,30,81
impostor,0,data/split/test/FAMILY-37/MOTHER/FM037_M1.png,data/split/test/FAMILY-66/MOTHER/FM066_M1.png,FAMILY-37,FAMILY-66,MOTHER,0.0,0.0,0,False,30,11
impostor,0,data/split/test/FAMILY-37/MOTHER/FM037_M1.png,data/split/test/FAMILY-67/MOTHER/FM067_M1.png,FAMILY-37,FAMILY-67,MOTHER,0.08,4.0,0,False,30,27
impostor,0,data/split/test/FAMILY-37/MOTHER/FM037_M1.png,data/split/test/FAMILY-78/MOTHER/FM078_M1.png,FAMILY-37,FAMILY-78,MOTHER,0.0,0.0,0,False,30,1
impostor,0,data/split/test/FAMILY-37/MOTHER/FM037_M1.png,data/split/test/FAMILY-9/MOTHER/FM009_M1.png,FAMILY-37,FAMILY-9,MOTHER,0.0,0.0,0,False,30,9
impostor,0,data/split/test/FAMILY-42/MOTHER/FM042_M1.png,data/split/test/FAMILY-48/MOTHER/FM048_M1.png,FAMILY-42,FAMILY-48,MOTHER,0.66,33.0,0,False,37,92
impostor,0,data/split/test/FAMILY-42/MOTHER/FM042_M1.png,data/split/test/FAMILY-54/MOTHER/FM054_M1.png,FAMILY-42,FAMILY-54,MOTHER,0.32,16.0,0,False,37,70
impostor,0,data/split/test/FAMILY-42/MOTHER/FM042_M1.png,data/split/test/FAMILY-65/MOTHER/FM065_M1.png,FAMILY-42,FAMILY-65,MOTHER,0.44,22.0,0,False,37,81
impostor,0,data/split/test/FAMILY-42/MOTHER/FM042_M1.png,data/split/test/FAMILY-66/MOTHER/FM066_M1.png,FAMILY-42,FAMILY-66,MOTHER,0.0,0.0,0,False,37,11
impostor,0,data/split/test/FAMILY-42/MOTHER/FM042_M1.png,data/split/test/FAMILY-67/MOTHER/FM067_M1.png,FAMILY-42,FAMILY-67,MOTHER,0.12,6.0,0,False,37,27
impostor,0,data/split/test/FAMILY-42/MOTHER/FM042_M1.png,data/split/test/FAMILY-78/MOTHER/FM078_M1.png,FAMILY-42,FAMILY-78,MOTHER,0.0,0.0,0,False,37,1
impostor,0,data/split/test/FAMILY-42/MOTHER/FM042_M1.png,data/split/test/FAMILY-9/MOTHER/FM009_M1.png,FAMILY-42,FAMILY-9,MOTHER,0.0,0.0,0,False,37,9
impostor,0,data/split/test/FAMILY-48/MOTHER/FM048_M1.png,data/split/test/FAMILY-54/MOTHER/FM054_M1.png,FAMILY-48,FAMILY-54,MOTHER,0.68,34.0,0,False,92,70
impostor,0,data/split/test/FAMILY-48/MOTHER/FM048_M1.png,data/split/test/FAMILY-65/MOTHER/FM065_M1.png,FAMILY-48,FAMILY-65,MOTHER,0.84,42.0,0,False,92,81
impostor,0,data/split/test/FAMILY-48/MOTHER/FM048_M1.png,data/split/test/FAMILY-66/MOTHER/FM066_M1.png,FAMILY-48,FAMILY-66,MOTHER,0.0,0.0,0,False,92,11
impostor,0,data/split/test/FAMILY-48/MOTHER/FM048_M1.png,data/split/test/FAMILY-67/MOTHER/FM067_M1.png,FAMILY-48,FAMILY-67,MOTHER,0.12,6.0,0,False,92,27
impostor,0,data/split/test/FAMILY-48/MOTHER/FM048_M1.png,data/split/test/FAMILY-78/MOTHER/FM078_M1.png,FAMILY-48,FAMILY-78,MOTHER,0.0,0.0,0,False,92,1
impostor,0,data/split/test/FAMILY-48/MOTHER/FM048_M1.png,data/split/test/FAMILY-9/MOTHER/FM009_M1.png,FAMILY-48,FAMILY-9,MOTHER,0.0,0.0,0,False,92,9
impostor,0,data/split/test/FAMILY-54/MOTHER/FM054_M1.png,data/split/test/FAMILY-65/MOTHER/FM065_M1.png,FAMILY-54,FAMILY-65,MOTHER,0.72,36.0,0,False,70,81
impostor,0,data/split/test/FAMILY-54/MOTHER/FM054_M1.png,data/split/test/FAMILY-66/MOTHER/FM066_M1.png,FAMILY-54,FAMILY-66,MOTHER,0.0,0.0,0,False,70,11
impostor,0,data/split/test/FAMILY-54/MOTHER/FM054_M1.png,data/split/test/FAMILY-67/MOTHER/FM067_M1.png,FAMILY-54,FAMILY-67,MOTHER,0.08,4.0,0,False,70,27
impostor,0,data/split/test/FAMILY-54/MOTHER/FM054_M1.png,data/split/test/FAMILY-78/MOTHER/FM078_M1.png,FAMILY-54,FAMILY-78,MOTHER,0.0,0.0,0,False,70,1
impostor,0,data/split/test/FAMILY-54/MOTHER/FM054_M1.png,data/split/test/FAMILY-9/MOTHER/FM009_M1.png,FAMILY-54,FAMILY-9,MOTHER,0.0,0.0,0,False,70,9
impostor,0,data/split/test/FAMILY-65/MOTHER/FM065_M1.png,data/split/test/FAMILY-66/MOTHER/FM066_M1.png,FAMILY-65,FAMILY-66,MOTHER,0.0,0.0,0,False,81,11
impostor,0,data/split/test/FAMILY-65/MOTHER/FM065_M1.png,data/split/test/FAMILY-67/MOTHER/FM067_M1.png,FAMILY-65,FAMILY-67,MOTHER,0.22,11.0,0,False,81,27
impostor,0,data/split/test/FAMILY-65/MOTHER/FM065_M1.png,data/split/test/FAMILY-78/MOTHER/FM078_M1.png,FAMILY-65,FAMILY-78,MOTHER,0.0,0.0,0,False,81,1
impostor,0,data/split/test/FAMILY-65/MOTHER/FM065_M1.png,data/split/test/FAMILY-9/MOTHER/FM009_M1.png,FAMILY-65,FAMILY-9,MOTHER,0.0,0.0,0,False,81,9
impostor,0,data/split/test/FAMILY-66/MOTHER/FM066_M1.png,data/split/test/FAMILY-67/MOTHER/FM067_M1.png,FAMILY-66,FAMILY-67,MOTHER,0.0,0.0,0,False,11,27
impostor,0,data/split/test/FAMILY-66/MOTHER/FM066_M1.png,data/split/test/FAMILY-78/MOTHER/FM078_M1.png,FAMILY-66,FAMILY-78,MOTHER,0.0,0.0,0,False,11,1
impostor,0,data/split/test/FAMILY-66/MOTHER/FM066_M1.png,data/split/test/FAMILY-9/MOTHER/FM009_M1.png,FAMILY-66,FAMILY-9,MOTHER,0.0,0.0,0,False,11,9
impostor,0,data/split/test/FAMILY-67/MOTHER/FM067_M1.png,data/split/test/FAMILY-78/MOTHER/FM078_M1.png,FAMILY-67,FAMILY-78,MOTHER,0.0,0.0,0,False,27,1
impostor,0,data/split/test/FAMILY-67/MOTHER/FM067_M1.png,data/split/test/FAMILY-9/MOTHER/FM009_M1.png,FAMILY-67,FAMILY-9,MOTHER,0.0,0.0,0,False,27,9
impostor,0,data/split/test/FAMILY-78/MOTHER/FM078_M1.png,data/split/test/FAMILY-9/MOTHER/FM009_M1.png,FAMILY-78,FAMILY-9,MOTHER,0.0,0.0,0,False,1,9
