family,member,image,distortion_type,clean_count,distorted_count,rectified_count,clean_quality,distorted_quality,rectified_quality,clean_endings,distorted_endings,rectified_endings,clean_bifurcations,distorted_bifurcations,rectified_bifurcations,distorted_matched,rectified_matched,distorted_match_rate,rectified_match_rate,distorted_mean_distance,rectified_mean_distance,distorted_median_distance,rectified_median_distance
FAMILY-13,CHILD,FM013_C1.png,elastic,57,53,43,0.3564385771751404,0.37379246950149536,0.41595351696014404,29,27,29,28,26,14,26,7,0.45614035087719296,0.12280701754385964,7.909011872915121,9.95421096256801,7.035533905029297,10.049875259399414
FAMILY-13,CHILD,FM013_C2.png,elastic,35,19,20,0.33471426367759705,0.32826313376426697,0.358599990606308,11,7,10,24,12,10,7,6,0.2,0.17142857142857143,10.418202570506505,5.836568117141724,12.083045959472656,3.864328384399414
FAMILY-13,CHILD,FM013_C3.png,elastic,23,4,12,0.3759130537509918,0.6325000524520874,0.5041666626930237,12,2,9,11,2,3,0,3,0.0,0.13043478260869565,,9.54758596420288,,10.198039054870605
FAMILY-13,CHILD,FM013_C4.png,elastic,11,4,3,0.4549999535083771,0.5637500286102295,0.2383333444595337,6,3,0,5,1,3,0,0,0.0,0.0,,,,
FAMILY-13,CHILD,FM013_C5.png,elastic,24,17,23,0.33916667103767395,0.37367647886276245,0.3347826302051544,8,7,4,16,10,19,11,13,0.4583333333333333,0.5416666666666666,7.927332119508223,7.4344111405886135,7.8102498054504395,6.7082037925720215
FAMILY-13,FATHER,FM013_F1.png,elastic,38,17,22,0.33694732189178467,0.4445294141769409,0.4609999656677246,16,11,16,22,6,6,9,4,0.23684210526315788,0.10526315789473684,10.098206520080566,9.8247572183609,9.486832618713379,10.043179273605347
FAMILY-13,FATHER,FM013_F2.png,elastic,48,47,58,0.32770833373069763,0.3859362006187439,0.3444138169288635,19,27,22,29,20,36,21,19,0.4375,0.3958333333333333,7.741506128084092,8.33823423636587,8.062257766723633,8.9442720413208
FAMILY-13,FATHER,FM013_F3.png,elastic,66,65,67,0.3696666955947876,0.37450772523880005,0.3917313516139984,29,27,31,37,38,36,24,25,0.36363636363636365,0.3787878787878788,7.583162660400073,10.414550895690917,8.206287622451782,11.045360565185547
FAMILY-13,FATHER,FM013_F4.png,elastic,71,76,54,0.3738451302051544,0.33593425154685974,0.37929630279541016,31,24,25,40,52,29,28,19,0.39436619718309857,0.2676056338028169,8.194030140127454,8.922374298698024,8.27376937866211,9.486832618713379
FAMILY-13,FATHER,FM013_F5.png,elastic,73,66,70,0.3346712589263916,0.3445000648498535,0.3296857178211212,24,20,21,49,46,49,28,27,0.3835616438356164,0.3698630136986301,8.368753893034798,9.717572689056396,8.028230428695679,9.219544410705566
FAMILY-13,MOTHER,FM013_M1.png,elastic,54,51,63,0.344870388507843,0.3195391893386841,0.39844444394111633,22,14,31,32,37,32,14,25,0.25925925925925924,0.46296296296296297,7.373256547110421,9.12786407470703,8.031128883361816,9.0
FAMILY-13,MOTHER,FM013_M2.png,elastic,55,59,52,0.3522000312805176,0.34528815746307373,0.34057697653770447,24,24,20,31,35,32,32,22,0.5818181818181818,0.4,8.8743547052145,8.898631339723414,9.757587432861328,10.172752857208252
FAMILY-13,MOTHER,FM013_M3.png,elastic,41,22,9,0.4008293151855469,0.38499996066093445,0.37522220611572266,23,12,5,18,10,4,12,4,0.2926829268292683,0.0975609756097561,8.821940461794535,10.973410606384277,8.07768726348877,9.974685192108154
FAMILY-13,MOTHER,FM013_M4.png,elastic,43,42,54,0.31823253631591797,0.34361904859542847,0.32001858949661255,13,14,20,30,28,34,16,19,0.37209302325581395,0.4418604651162791,8.741776257753372,7.306129681436639,9.741928100585938,7.0
FAMILY-13,MOTHER,FM013_M5.png,elastic,36,48,35,0.3846944570541382,0.32083332538604736,0.32748571038246155,18,22,11,18,26,24,12,13,0.3333333333333333,0.3611111111111111,9.79044802983602,7.628338538683378,10.621699810028076,7.211102485656738
FAMILY-14,CHILD,FM014_C1.png,elastic,70,70,61,0.47653573751449585,0.3597000539302826,0.37030333280563354,44,35,25,26,35,36,28,23,0.4,0.32857142857142857,9.176353429044996,9.204425018766653,9.353188514709473,9.433980941772461
FAMILY-14,CHILD,FM014_C2.png,elastic,44,76,68,0.3917500376701355,0.46388164162635803,0.42204412817955017,19,46,31,25,30,37,18,12,0.4090909090909091,0.2727272727272727,7.815284589926402,8.079930941263834,9.109772205352783,8.485281467437744
FAMILY-14,CHILD,FM014_C3.png,elastic,43,45,35,0.4699302911758423,0.37827780842781067,0.41831427812576294,25,22,19,18,23,16,26,11,0.6046511627906976,0.2558139534883721,7.351430553656358,7.2814648151397705,7.245606184005737,5.830951690673828
FAMILY-14,CHILD,FM014_C4.png,elastic,64,75,73,0.4580468535423279,0.3957066535949707,0.38070547580718994,38,30,33,26,45,40,26,23,0.40625,0.359375,8.577306940005375,8.823476241982501,8.773298740386963,9.05538558959961
FAMILY-14,CHILD,FM014_C5.png,elastic,80,69,70,0.5264874696731567,0.4254927933216095,0.3765143156051636,54,36,30,26,33,40,33,28,0.4125,0.35,7.9235373338063555,9.29182357447488,8.062257766723633,9.46040678024292
FAMILY-14,FATHER,FM014_F1.png,elastic,106,103,90,0.4269244968891144,0.37848547101020813,0.4057777523994446,42,31,35,64,72,55,47,43,0.44339622641509435,0.4056603773584906,8.82660681136111,9.158725220103596,8.246211051940918,10.0
FAMILY-14,FATHER,FM014_F2.png,elastic,10,6,4,0.4509999752044678,0.296999990940094,0.33550000190734863,8,2,2,2,4,2,1,0,0.1,0.0,13.0,,13.0,
FAMILY-14,FATHER,FM014_F3.png,elastic,24,8,5,0.4271666705608368,0.4124999940395355,0.38940000534057617,18,5,4,6,3,1,6,3,0.25,0.125,9.89815123875936,9.258407910664877,9.77200174331665,8.9442720413208
FAMILY-14,FATHER,FM014_F4.png,elastic,80,61,49,0.381012499332428,0.35200002789497375,0.38185715675354004,27,20,21,53,41,28,30,17,0.375,0.2125,7.640273324648539,8.401252746582031,7.141085147857666,7.071067810058594
FAMILY-14,FATHER,FM014_F5.png,elastic,89,84,22,0.45878657698631287,0.40346425771713257,0.43174993991851807,44,45,16,45,39,6,38,17,0.42696629213483145,0.19101123595505617,8.074292766420465,9.192266485270332,7.413437843322754,10.630146026611328
FAMILY-14,MOTHER,FM014_M1.png,elastic,76,44,38,0.31103944778442383,0.35524997115135193,0.3920920789241791,18,17,23,58,27,15,26,14,0.34210526315789475,0.18421052631578946,7.563457952095912,8.945034222943443,8.062257766723633,9.21699047088623
FAMILY-14,MOTHER,FM014_M2.png,elastic,24,23,9,0.37308335304260254,0.38404345512390137,0.2994444668292999,11,16,2,13,7,7,7,3,0.2916666666666667,0.125,9.183567932673864,7.32352089881897,9.219544410705566,5.0
FAMILY-14,MOTHER,FM014_M3.png,elastic,7,11,7,0.4085714519023895,0.48500001430511475,0.3378571569919586,3,7,2,4,4,5,1,1,0.14285714285714285,0.14285714285714285,14.764822959899902,14.764822959899902,14.764822959899902,14.764822959899902
FAMILY-14,MOTHER,FM014_M4.png,elastic,59,39,27,0.30222031474113464,0.3644101917743683,0.32674071192741394,12,21,12,47,18,15,12,13,0.2033898305084746,0.22033898305084745,7.596894294023514,8.057941381747906,6.082762718200684,7.6157732009887695
FAMILY-14,MOTHER,FM014_M5.png,elastic,44,22,28,0.4302500784397125,0.48749998211860657,0.43567854166030884,32,20,21,12,2,7,5,5,0.11363636363636363,0.11363636363636363,8.564649772644042,9.951541233062745,9.486832618713379,8.062257766723633
FAMILY-15,CHILD,FM015_C1.png,elastic,64,76,70,0.39909377694129944,0.36560529470443726,0.4177643358707428,30,30,38,34,46,32,26,23,0.40625,0.359375,7.838359617269957,7.643352373786595,8.154234409332275,7.071067810058594
FAMILY-15,CHILD,FM015_C2.png,elastic,53,45,49,0.4045095145702362,0.36837777495384216,0.4413469135761261,30,27,33,23,18,16,22,18,0.41509433962264153,0.33962264150943394,8.20049614797939,9.293258322609795,8.59524154663086,9.641419410705566
FAMILY-15,CHILD,FM015_C3.png,elastic,42,66,57,0.3716428279876709,0.37166669964790344,0.37380704283714294,20,32,28,22,34,29,26,18,0.6190476190476191,0.42857142857142855,7.762686678996453,7.801699744330512,7.510676145553589,7.839015483856201
FAMILY-15,CHILD,FM015_C4.png,elastic,37,36,19,0.43732431530952454,0.37461110949516296,0.4729999601840973,27,20,18,10,16,1,18,7,0.4864864864864865,0.1891891891891892,8.60579980081982,8.22272116797311,10.309593677520752,7.071067810058594
FAMILY-15,CHILD,FM015_C5.png,elastic,31,27,26,0.40061286091804504,0.4008888602256775,0.44634613394737244,20,17,23,11,10,3,15,10,0.4838709677419355,0.3225806451612903,7.6948967456817625,8.847334551811219,7.071067810058594,8.74341630935669
FAMILY-15,FATHER,FM015_F1.png,elastic,46,39,41,0.41441312432289124,0.3706153333187103,0.40029269456863403,32,19,28,14,20,13,20,13,0.43478260869565216,0.2826086956521739,7.218012011051178,8.720017332297106,6.363839864730835,9.219544410705566
FAMILY-15,FATHER,FM015_F2.png,elastic,14,13,9,0.3732143044471741,0.44846153259277344,0.45222219824790955,5,8,5,9,5,4,6,3,0.42857142857142855,0.21428571428571427,10.247085014979044,4.427461942036946,11.216116428375244,4.4721360206604
FAMILY-15,FATHER,FM015_F3.png,elastic,2,3,3,0.38499999046325684,0.4216666519641876,0.4950000047683716,1,2,3,1,1,0,0,0,0.0,0.0,,,,
FAMILY-15,FATHER,FM015_F4.png,elastic,23,42,21,0.4495651423931122,0.3548809587955475,0.3876190781593323,16,12,9,7,30,12,11,7,0.4782608695652174,0.30434782608695654,7.345520626414906,7.24306515284947,7.211102485656738,5.099019527435303
FAMILY-15,FATHER,FM015_F5.png,elastic,9,0,4,0.43388888239860535,,0.38499999046325684,7,0,2,2,0,2,0,0,0.0,0.0,,,,
FAMILY-15,MOTHER,FM015_M1.png,elastic,49,40,34,0.41373470425605774,0.41304999589920044,0.4034411907196045,32,28,21,17,12,13,20,16,0.40816326530612246,0.32653061224489793,7.092477458715439,8.456114649772644,6.701562166213989,8.6409010887146
FAMILY-15,MOTHER,FM015_M2.png,elastic,19,21,17,0.39194735884666443,0.4258571267127991,0.33582350611686707,16,19,8,3,2,9,7,6,0.3684210526315789,0.3157894736842105,8.3569643838065,6.797394394874573,7.211102485656738,6.07775354385376
FAMILY-15,MOTHER,FM015_M3.png,elastic,6,17,19,0.42166662216186523,0.47558823227882385,0.4313157796859741,4,11,9,2,6,10,1,2,0.16666666666666666,0.3333333333333333,9.433980941772461,7.071067810058594,9.433980941772461,7.071067810058594
FAMILY-15,MOTHER,FM015_M4.png,elastic,43,26,13,0.41569772362709045,0.416307657957077,0.3934614956378937,27,19,7,16,7,6,14,7,0.32558139534883723,0.16279069767441862,8.868449483598981,9.637083700725011,10.097562789916992,10.770329475402832
FAMILY-15,MOTHER,FM015_M5.png,elastic,33,31,38,0.4283333122730255,0.37151607871055603,0.4058420658111572,23,17,25,10,14,13,8,4,0.24242424242424243,0.12121212121212122,8.346041083335876,8.31383490562439,8.438156127929688,7.232691049575806
FAMILY-20,CHILD,FM020_C1.png,elastic,4,0,8,0.4399999976158142,,0.3987500071525574,3,0,5,1,0,3,0,1,0.0,0.25,,8.5440034866333,,8.5440034866333
FAMILY-20,CHILD,FM020_C2.png,elastic,1,3,9,0.4950000047683716,0.34833335876464844,0.42166668176651,1,1,6,0,2,3,0,0,0.0,0.0,,,,
FAMILY-20,CHILD,FM020_C3.png,elastic,5,1,4,0.45100003480911255,0.4950000047683716,0.445499986410141,4,1,4,1,0,0,1,0,0.2,0.0,7.211102485656738,,7.211102485656738,
FAMILY-20,CHILD,FM020_C4.png,elastic,1,8,4,0.4950000047683716,0.32999998331069946,0.33000001311302185,1,2,1,0,6,3,0,0,0.0,0.0,,,,
FAMILY-20,CHILD,FM020_C5.png,elastic,3,4,4,0.2383333444595337,0.38499999046325684,0.3409999907016754,0,2,3,3,2,1,0,0,0.0,0.0,,,,
FAMILY-20,FATHER,FM020_F1.png,elastic,10,8,23,0.42899999022483826,0.4399999976158142,0.32378262281417847,7,6,8,3,2,15,1,3,0.1,0.3,9.433980941772461,10.744316895802816,9.433980941772461,12.529964447021484
FAMILY-20,FATHER,FM020_F2.png,elastic,10,2,3,0.40700000524520874,0.38499999046325684,0.34833332896232605,6,1,1,4,1,2,1,0,0.1,0.0,11.401754379272461,,11.401754379272461,
FAMILY-20,FATHER,FM020_F3.png,elastic,0,4,1,,0.4399999976158142,0.16500000655651093,0,3,0,0,1,1,0,0,0.0,0.0,,,,
FAMILY-20,FATHER,FM020_F4.png,elastic,16,2,3,0.31212499737739563,0.38499999046325684,0.34833335876464844,5,1,1,11,1,2,0,0,0.0,0.0,,,,
FAMILY-20,FATHER,FM020_F5.png,elastic,3,17,5,0.4216666519641876,0.32547059655189514,0.2794000208377838,2,9,2,1,8,3,1,1,0.3333333333333333,0.3333333333333333,13.601470947265625,8.5440034866333,13.601470947265625,8.5440034866333
FAMILY-20,MOTHER,FM020_M1.png,elastic,0,0,4,,,0.3904999792575836,0,0,3,0,0,1,0,0,0.0,0.0,,,,
FAMILY-20,MOTHER,FM020_M2.png,elastic,1,1,4,0.2750000059604645,0.2750000059604645,0.38499999046325684,0,0,2,1,1,2,1,0,1.0,0.0,3.605551242828369,,3.605551242828369,
FAMILY-20,MOTHER,FM020_M3.png,elastic,0,0,0,,,,0,0,0,0,0,0,0,0,0.0,0.0,,,,
FAMILY-20,MOTHER,FM020_M4.png,elastic,0,0,11,,,0.35200002789497375,0,0,4,0,0,7,0,0,0.0,0.0,,,,
FAMILY-20,MOTHER,FM020_M5.png,elastic,1,1,3,0.4950000047683716,0.2750000059604645,0.4216666519641876,1,0,2,0,1,1,0,0,0.0,0.0,,,,
FAMILY-23,CHILD,FM023_C1.png,elastic,18,29,34,0.4033333361148834,0.3872758150100708,0.32417646050453186,11,18,14,7,11,20,5,5,0.2777777777777778,0.2777777777777778,7.762563896179199,8.614580631256104,6.4031243324279785,8.485280990600586
FAMILY-23,CHILD,FM023_C2.png,elastic,2,12,16,0.38499999046325684,0.4464166462421417,0.367125004529953,1,8,9,1,4,7,0,0,0.0,0.0,,,,
FAMILY-23,CHILD,FM023_C3.png,elastic,13,16,20,0.4103845953941345,0.43312501907348633,0.37620002031326294,8,12,11,5,4,9,4,5,0.3076923076923077,0.38461538461538464,9.39639949798584,11.530937004089356,9.27200174331665,11.704699516296387
FAMILY-23,CHILD,FM023_C4.png,elastic,7,15,6,0.4635713994503021,0.3967333137989044,0.33000001311302185,6,11,2,1,4,4,4,0,0.5714285714285714,0.0,11.687381267547607,,12.185900211334229,
FAMILY-23,CHILD,FM023_C5.png,elastic,5,6,6,0.3630000054836273,0.2786666452884674,0.43449997901916504,2,1,3,3,5,3,1,1,0.2,0.2,12.529964447021484,7.280109882354736,12.529964447021484,7.280109882354736
FAMILY-23,FATHER,FM023_F1.png,elastic,25,24,21,0.3515600264072418,0.36024999618530273,0.3420476019382477,12,13,12,13,11,9,14,8,0.56,0.32,8.541607541697365,8.926784038543701,8.773298740386963,9.018153190612793
FAMILY-23,FATHER,FM023_F2.png,elastic,44,36,28,0.38850003480911255,0.3654443919658661,0.33628565073013306,20,20,12,24,16,16,14,16,0.3181818181818182,0.36363636363636365,8.245341777801514,9.268480733036995,8.215323448181152,9.353188514709473
FAMILY-23,FATHER,FM023_F3.png,elastic,58,58,43,0.4612414240837097,0.4316551983356476,0.39804649353027344,37,38,26,21,20,17,19,18,0.3275862068965517,0.3103448275862069,7.8752399243806535,7.923194785912831,7.211102485656738,8.9442720413208
FAMILY-23,FATHER,FM023_F4.png,elastic,29,25,16,0.4240688979625702,0.3718000054359436,0.40012499690055847,23,11,10,6,14,6,9,6,0.3103448275862069,0.20689655172413793,8.718142324023777,7.052363872528076,8.9442720413208,6.5163795948028564
FAMILY-23,FATHER,FM023_F5.png,elastic,81,81,70,0.5313950181007385,0.4648517966270447,0.4357571601867676,63,56,48,18,25,22,38,30,0.4691358024691358,0.37037037037037035,7.784436894090552,7.6941634058952335,7.90512490272522,9.081908226013184
FAMILY-23,MOTHER,FM023_M1.png,elastic,61,60,50,0.506901741027832,0.44476670026779175,0.3799400329589844,43,39,32,18,21,18,25,17,0.4098360655737705,0.2786885245901639,7.436084060668946,9.065144468756284,6.0,9.05538558959961
FAMILY-23,MOTHER,FM023_M2.png,elastic,18,37,39,0.4045555591583252,0.4224594533443451,0.4148973822593689,12,30,28,6,7,11,9,9,0.5,0.5,7.2627305454678,9.280501418643528,6.324555397033691,9.219544410705566
FAMILY-23,MOTHER,FM023_M3.png,elastic,16,20,16,0.4633750021457672,0.4867499768733978,0.4324374794960022,11,17,11,5,3,5,9,8,0.5625,0.5,7.657788064744738,8.834758937358856,7.071067810058594,8.14530611038208
FAMILY-23,MOTHER,FM023_M4.png,elastic,18,36,45,0.4228888750076294,0.3770555257797241,0.42093339562416077,13,21,29,5,15,16,4,11,0.2222222222222222,0.6111111111111112,7.180081844329834,8.219241705807773,7.4095728397369385,7.071067810058594
FAMILY-23,MOTHER,FM023_M5.png,elastic,9,33,38,0.3776666820049286,0.39233335852622986,0.34042102098464966,6,24,17,3,9,21,1,5,0.1111111111111111,0.5555555555555556,5.656854152679443,8.482950496673585,5.656854152679443,8.062257766723633
FAMILY-36,CHILD,FM036_C1.png,elastic,3,0,0,0.4216666519641876,,,2,0,0,1,0,0,0,0,0.0,0.0,,,,
FAMILY-36,CHILD,FM036_C2.png,elastic,0,0,0,,,,0,0,0,0,0,0,0,0,0.0,0.0,,,,
FAMILY-36,CHILD,FM036_C3.png,elastic,1,0,4,0.2750000059604645,,0.3850000202655792,0,0,2,1,0,2,0,1,0.0,1.0,,8.062257766723633,,8.062257766723633
FAMILY-36,CHILD,FM036_C4.png,elastic,0,0,0,,,,0,0,0,0,0,0,0,0,0.0,0.0,,,,
FAMILY-36,CHILD,FM036_C5.png,elastic,0,0,0,,,,0,0,0,0,0,0,0,0,0.0,0.0,,,,
FAMILY-36,FATHER,FM036_F1.png,elastic,11,2,0,0.4400000274181366,0.7425000071525574,,6,2,0,5,0,0,0,0,0.0,0.0,,,,
FAMILY-36,FATHER,FM036_F2.png,elastic,2,2,0,0.38499999046325684,0.4950000047683716,,1,2,0,1,0,0,0,0,0.0,0.0,,,,
FAMILY-36,FATHER,FM036_F3.png,elastic,0,0,0,,,,0,0,0,0,0,0,0,0,0.0,0.0,,,,
FAMILY-36,FATHER,FM036_F4.png,elastic,0,2,1,,0.38499999046325684,0.2750000059604645,0,1,0,0,1,1,0,0,0.0,0.0,,,,
FAMILY-36,FATHER,FM036_F5.png,elastic,0,0,0,,,,0,0,0,0,0,0,0,0,0.0,0.0,,,,
FAMILY-36,MOTHER,FM036_M1.png,elastic,23,11,10,0.39934781193733215,0.40199998021125793,0.3244999945163727,13,6,3,10,5,7,4,5,0.17391304347826086,0.21739130434782608,8.685510635375977,8.562402153015137,9.371021270751953,9.848857879638672
FAMILY-36,MOTHER,FM036_M2.png,elastic,0,0,0,,,,0,0,0,0,0,0,0,0,0.0,0.0,,,,
FAMILY-36,MOTHER,FM036_M3.png,elastic,1,1,5,0.4950000047683716,0.2750000059604645,0.5059999823570251,1,0,3,0,1,2,0,0,0.0,0.0,,,,
FAMILY-36,MOTHER,FM036_M4.png,elastic,1,2,2,0.2750000059604645,0.2750000059604645,0.2750000059604645,0,0,0,1,2,2,0,0,0.0,0.0,,,,
FAMILY-36,MOTHER,FM036_M5.png,elastic,5,0,4,0.40699997544288635,,0.35749998688697815,3,0,2,2,0,2,0,0,0.0,0.0,,,,
FAMILY-37,CHILD,FM037_C1.png,elastic,1,2,4,0.2750000059604645,0.38499999046325684,0.30799999833106995,0,1,2,1,1,2,0,1,0.0,1.0,,5.0,,5.0
FAMILY-37,CHILD,FM037_C2.png,elastic,5,1,7,0.4949999749660492,0.4950000047683716,0.35985714197158813,5,1,5,0,0,2,0,1,0.0,0.2,,2.2360680103302,,2.2360680103302
FAMILY-37,CHILD,FM037_C3.png,elastic,4,3,6,0.38499999046325684,0.4950000047683716,0.4216667115688324,2,3,4,2,0,2,0,0,0.0,0.0,,,,
FAMILY-37,CHILD,FM037_C4.png,elastic,2,9,8,0.38499999046325684,0.3361111283302307,0.4427500069141388,1,3,7,1,6,1,1,1,0.5,0.5,9.219544410705566,14.0,9.219544410705566,14.0
FAMILY-37,CHILD,FM037_C5.png,elastic,3,0,3,0.4216666519641876,,0.4216666519641876,2,0,2,1,0,1,0,0,0.0,0.0,,,,
FAMILY-37,FATHER,FM037_F1.png,elastic,52,26,15,0.41482698917388916,0.3761153817176819,0.3556666672229767,30,14,6,22,12,9,10,5,0.19230769230769232,0.09615384615384616,8.188873958587646,8.60322208404541,9.206451654434204,6.7082037925720215
FAMILY-37,FATHER,FM037_F2.png,elastic,35,19,10,0.4651428759098053,0.4672105312347412,0.3850000202655792,28,14,5,7,5,5,4,4,0.11428571428571428,0.11428571428571428,7.844218492507935,11.54193925857544,7.408327102661133,12.74760913848877
FAMILY-37,FATHER,FM037_F3.png,elastic,14,20,24,0.4478571116924286,0.34209999442100525,0.4413750171661377,11,8,20,3,12,4,4,4,0.2857142857142857,0.2857142857142857,11.614608883857727,10.336600422859192,13.179708003997803,10.799896717071533
FAMILY-37,FATHER,FM037_F4.png,elastic,26,14,24,0.3680769205093384,0.37871429324150085,0.42258331179618835,11,8,17,15,6,7,3,8,0.11538461538461539,0.3076923076923077,6.961591720581055,9.88495945930481,7.280109882354736,10.058489322662354
FAMILY-37,FATHER,FM037_F5.png,elastic,32,25,15,0.3880937695503235,0.36079996824264526,0.408466637134552,16,9,10,16,16,5,12,9,0.375,0.28125,6.842509508132935,8.441224098205566,7.354101896286011,8.062257766723633
FAMILY-37,MOTHER,FM037_M1.png,elastic,8,10,12,0.47437500953674316,0.3630000054836273,0.4065416157245636,6,4,7,2,6,5,3,4,0.375,0.5,12.741379102071127,5.680359899997711,12.727922439575195,6.041381359100342
FAMILY-37,MOTHER,FM037_M2.png,elastic,31,40,34,0.34525802731513977,0.3910500109195709,0.422529399394989,15,24,26,16,16,8,13,13,0.41935483870967744,0.41935483870967744,9.121867216550386,8.400922683569101,8.062257766723633,9.433980941772461
FAMILY-37,MOTHER,FM037_M3.png,elastic,0,7,6,,0.4635713994503021,0.38499999046325684,0,6,3,0,1,3,0,0,0.0,0.0,,,,
FAMILY-37,MOTHER,FM037_M4.png,elastic,7,8,2,0.37557145953178406,0.4207499921321869,0.38499999046325684,5,8,1,2,0,1,2,0,0.2857142857142857,0.0,4.7434163093566895,,4.7434163093566895,
FAMILY-37,MOTHER,FM037_M5.png,elastic,0,0,3,,,0.4216666519641876,0,0,2,0,0,1,0,0,0.0,0.0,,,,
FAMILY-42,CHILD,FM042_C1.png,elastic,1,0,0,0.2750000059604645,,,0,0,0,1,0,0,0,0,0.0,0.0,,,,
FAMILY-42,CHILD,FM042_C2.png,elastic,5,1,2,0.36299997568130493,0.4950000047683716,0.2750000059604645,2,1,0,3,0,2,0,0,0.0,0.0,,,,
FAMILY-42,CHILD,FM042_C3.png,elastic,0,0,0,,,,0,0,0,0,0,0,0,0,0.0,0.0,,,,
FAMILY-42,CHILD,FM042_C4.png,elastic,0,0,0,,,,0,0,0,0,0,0,0,0,0.0,0.0,,,,
FAMILY-42,CHILD,FM042_C5.png,elastic,0,1,0,,0.4950000047683716,,0,1,0,0,0,0,0,0,0.0,0.0,,,,
FAMILY-42,FATHER,FM042_F1.png,elastic,19,23,27,0.4776315689086914,0.39791300892829895,0.43388885259628296,14,12,15,5,11,12,2,4,0.10526315789473684,0.21052631578947367,4.828427076339722,9.131172895431519,4.828427076339722,10.262345790863037
FAMILY-42,FATHER,FM042_F2.png,elastic,1,1,4,0.4950000047683716,0.296999990940094,0.4399999976158142,1,1,3,0,0,1,0,0,0.0,0.0,,,,
FAMILY-42,FATHER,FM042_F3.png,elastic,5,1,2,0.4949999749660492,0.2750000059604645,0.4950000047683716,5,0,2,0,1,0,0,0,0.0,0.0,,,,
FAMILY-42,FATHER,FM042_F4.png,elastic,3,1,1,0.4950000047683716,0.550000011920929,0.2750000059604645,3,0,0,0,1,1,0,0,0.0,0.0,,,,
FAMILY-42,FATHER,FM042_F5.png,elastic,0,0,0,,,,0,0,0,0,0,0,0,0,0.0,0.0,,,,
FAMILY-42,MOTHER,FM042_M1.png,elastic,18,17,18,0.42411112785339355,0.4121764600276947,0.40088891983032227,14,12,13,4,5,5,7,10,0.3888888888888889,0.5555555555555556,8.889369896480016,8.373128509521484,9.219544410705566,8.109772205352783
FAMILY-42,MOTHER,FM042_M2.png,elastic,1,2,4,0.4950000047683716,0.38499999046325684,0.30250000953674316,1,1,1,0,1,3,0,1,0.0,1.0,,13.416407585144043,,13.416407585144043
FAMILY-42,MOTHER,FM042_M3.png,elastic,9,14,8,0.4705555737018585,0.35671427845954895,0.4455000162124634,8,7,5,1,7,3,2,1,0.2222222222222222,0.1111111111111111,7.647815227508545,11.401754379272461,7.647815227508545,11.401754379272461
FAMILY-42,MOTHER,FM042_M4.png,elastic,11,12,15,0.5199999809265137,0.40699997544288635,0.4620000123977661,10,9,11,1,3,4,6,5,0.5454545454545454,0.45454545454545453,7.774115641911824,8.359068012237548,7.531128883361816,7.8102498054504395
FAMILY-42,MOTHER,FM042_M5.png,elastic,0,4,5,,0.4950000047683716,0.32339996099472046,0,4,2,0,0,3,0,0,0.0,0.0,,,,
FAMILY-48,CHILD,FM048_C1.png,elastic,9,4,1,0.3605555593967438,0.4950000047683716,0.4950000047683716,4,4,1,5,0,0,1,0,0.1111111111111111,0.0,8.062257766723633,,8.062257766723633,
FAMILY-48,CHILD,FM048_C2.png,elastic,21,22,27,0.447857141494751,0.3934999704360962,0.3605555295944214,13,12,12,8,10,15,10,7,0.47619047619047616,0.3333333333333333,9.966356182098389,7.6457265104566305,10.58128309249878,7.0
FAMILY-48,CHILD,FM048_C3.png,elastic,2,2,2,0.4950000047683716,0.38499999046325684,0.38499999046325684,2,1,1,0,1,1,0,0,0.0,0.0,,,,
FAMILY-48,CHILD,FM048_C4.png,elastic,2,3,0,0.38499999046325684,0.4950000047683716,,1,3,0,1,0,0,0,0,0.0,0.0,,,,
FAMILY-48,CHILD,FM048_C5.png,elastic,5,2,4,0.3190000057220459,0.33000001311302185,0.33000001311302185,1,1,1,4,1,3,1,2,0.2,0.4,6.324555397033691,12.1656494140625,6.324555397033691,12.1656494140625
FAMILY-48,FATHER,FM048_F1.png,elastic,33,19,5,0.47733333706855774,0.4509999752044678,0.4114000201225281,29,17,4,4,2,1,13,4,0.3939393939393939,0.12121212121212122,8.507914368922894,6.565329432487488,9.0,6.14119291305542
FAMILY-48,FATHER,FM048_F2.png,elastic,11,14,8,0.5019999742507935,0.40071430802345276,0.45237499475479126,10,9,6,1,5,2,5,5,0.45454545454545453,0.45454545454545453,7.299679470062256,7.10204381942749,7.211102485656738,7.280109882354736
FAMILY-48,FATHER,FM048_F3.png,elastic,2,0,0,0.38499999046325684,,,1,0,0,1,0,0,0,0,0.0,0.0,,,,
FAMILY-48,FATHER,FM048_F4.png,elastic,0,5,5,,0.593999981880188,0.40699997544288635,0,5,3,0,0,2,0,0,0.0,0.0,,,,
FAMILY-48,FATHER,FM048_F5.png,elastic,1,7,18,0.4950000047683716,0.3692857325077057,0.3373333215713501,1,3,7,0,4,11,0,1,0.0,1.0,,12.165525436401367,,12.165525436401367
FAMILY-48,MOTHER,FM048_M1.png,elastic,10,5,4,0.4509999752044678,0.5543999671936035,0.4950000047683716,8,5,4,2,0,0,0,0,0.0,0.0,,,,
FAMILY-48,MOTHER,FM048_M2.png,elastic,0,5,4,,0.2750000059604645,0.3148750066757202,0,0,1,0,5,3,0,0,0.0,0.0,,,,
FAMILY-48,MOTHER,FM048_M3.png,elastic,1,0,3,0.2750000059604645,,0.4216666519641876,0,0,2,1,0,1,0,0,0.0,0.0,,,,
FAMILY-48,MOTHER,FM048_M4.png,elastic,8,2,1,0.2887499928474426,0.38499999046325684,0.4950000047683716,1,1,1,7,1,0,0,0,0.0,0.0,,,,
FAMILY-48,MOTHER,FM048_M5.png,elastic,0,0,2,,,0.38499999046325684,0,0,1,0,0,1,0,0,0.0,0.0,,,,
FAMILY-54,CHILD,FM054_C1.png,elastic,3,9,5,0.4950000047683716,0.3544444441795349,0.36299997568130493,3,3,2,0,6,3,0,0,0.0,0.0,,,,
FAMILY-54,CHILD,FM054_C2.png,elastic,0,1,5,,0.550000011920929,0.45100003480911255,0,0,4,0,1,1,0,0,0.0,0.0,,,,
FAMILY-54,CHILD,FM054_C3.png,elastic,0,1,0,,0.2750000059604645,,0,0,0,0,1,0,0,0,0.0,0.0,,,,
FAMILY-54,CHILD,FM054_C4.png,elastic,0,0,0,,,,0,0,0,0,0,0,0,0,0.0,0.0,,,,
FAMILY-54,CHILD,FM054_C5.png,elastic,8,3,3,0.4399999976158142,0.4216666519641876,0.34833335876464844,6,2,1,2,1,2,2,0,0.25,0.0,5.031128883361816,,5.031128883361816,
FAMILY-54,FATHER,FM054_F1.png,elastic,12,7,13,0.46291670203208923,0.5138571858406067,0.4611538350582123,8,4,9,4,3,4,2,2,0.16666666666666666,0.16666666666666666,11.732882499694824,3.810616374015808,11.732882499694824,3.810616374015808
FAMILY-54,FATHER,FM054_F2.png,elastic,4,0,0,0.33000001311302185,,,1,0,0,3,0,0,0,0,0.0,0.0,,,,
FAMILY-54,FATHER,FM054_F3.png,elastic,0,3,1,,0.5133333206176758,0.9900000095367432,0,1,1,0,2,0,0,0,0.0,0.0,,,,
FAMILY-54,FATHER,FM054_F4.png,elastic,2,7,9,0.4950000047683716,0.40071433782577515,0.4461110830307007,2,4,7,0,3,2,0,0,0.0,0.0,,,,
FAMILY-54,FATHER,FM054_F5.png,elastic,12,4,3,0.34833332896232605,0.4399999976158142,0.4216666519641876,4,3,2,8,1,1,0,1,0.0,0.08333333333333333,,14.764822959899902,,14.764822959899902
FAMILY-54,MOTHER,FM054_M1.png,elastic,65,59,43,0.4269692301750183,0.38910171389579773,0.37732553482055664,42,40,23,23,19,20,28,26,0.4307692307692308,0.4,8.535321784870964,8.523336474712078,9.081908226013184,8.503264904022217
FAMILY-54,MOTHER,FM054_M2.png,elastic,50,29,31,0.4171200692653656,0.450241357088089,0.4332580268383026,35,16,14,15,13,17,14,13,0.28,0.26,8.626278127942767,10.978720701657808,7.839015483856201,12.041594505310059
FAMILY-54,MOTHER,FM054_M3.png,elastic,43,8,19,0.375279039144516,0.4399999976158142,0.41684213280677795,21,6,10,22,2,9,3,10,0.06976744186046512,0.23255813953488372,11.73813247680664,8.801473569869994,13.03840446472168,9.196430683135986
FAMILY-54,MOTHER,FM054_M4.png,elastic,24,13,11,0.4652083218097687,0.3765384554862976,0.39499998092651367,15,6,6,9,7,5,5,4,0.20833333333333334,0.16666666666666666,7.721940040588379,8.014350771903992,8.062257766723633,8.558821678161621
FAMILY-54,MOTHER,FM054_M5.png,elastic,24,7,23,0.3721666634082794,0.43214279413223267,0.3190000057220459,13,5,7,11,2,16,4,10,0.16666666666666666,0.4166666666666667,5.797508597373962,7.590488147735596,5.186690092086792,7.623105525970459
FAMILY-65,CHILD,FM065_C1.png,elastic,55,61,79,0.7708002328872681,0.6053606271743774,0.5859239101409912,49,53,64,6,8,15,39,36,0.7090909090909091,0.6545454545454545,6.235081256964268,6.799525989426507,6.082762718200684,5.915475845336914
FAMILY-65,CHILD,FM065_C2.png,elastic,44,40,36,0.47300001978874207,0.4300999641418457,0.4115833044052124,29,28,26,15,12,10,26,19,0.5909090909090909,0.4318181818181818,7.461720608747923,7.754358385738573,8.365746021270752,7.6157732009887695
FAMILY-65,CHILD,FM065_C3.png,elastic,14,12,22,0.48321428894996643,0.47849997878074646,0.4779999554157257,11,12,19,3,0,3,5,5,0.35714285714285715,0.35714285714285715,7.7226691246032715,8.007469272613525,7.0,9.219544410705566
FAMILY-65,CHILD,FM065_C4.png,elastic,50,48,37,0.40084004402160645,0.40929165482521057,0.35794591903686523,30,33,20,20,15,17,22,20,0.44,0.4,6.863781224597584,9.110157036781311,7.640054941177368,9.421883583068848
FAMILY-65,CHILD,FM065_C5.png,elastic,18,2,2,0.33427777886390686,0.38499999046325684,0.4950000047683716,10,1,2,8,1,0,0,0,0.0,0.0,,,,
FAMILY-65,FATHER,FM065_F1.png,elastic,0,3,0,,0.4950000047683716,,0,3,0,0,0,0,0,0,0.0,0.0,,,,
FAMILY-65,FATHER,FM065_F2.png,elastic,0,0,2,,,0.38499999046325684,0,0,1,0,0,1,0,0,0.0,0.0,,,,
FAMILY-65,FATHER,FM065_F3.png,elastic,7,3,5,0.400714248418808,0.4216666519641876,0.4113999903202057,4,2,4,3,1,1,1,3,0.14285714285714285,0.42857142857142855,6.4031243324279785,9.217912197113037,6.4031243324279785,9.848857879638672
FAMILY-65,FATHER,FM065_F4.png,elastic,3,1,0,0.4950000047683716,0.4950000047683716,,3,1,0,0,0,0,0,0,0.0,0.0,,,,
FAMILY-65,FATHER,FM065_F5.png,elastic,0,0,0,,,,0,0,0,0,0,0,0,0,0.0,0.0,,,,
FAMILY-65,MOTHER,FM065_M1.png,elastic,0,0,0,,,,0,0,0,0,0,0,0,0,0.0,0.0,,,,
FAMILY-65,MOTHER,FM065_M2.png,elastic,3,5,9,0.4216666519641876,0.40700000524520874,0.34833332896232605,2,3,3,1,2,6,0,0,0.0,0.0,,,,
FAMILY-65,MOTHER,FM065_M3.png,elastic,0,0,0,,,,0,0,0,0,0,0,0,0,0.0,0.0,,,,
FAMILY-65,MOTHER,FM065_M4.png,elastic,8,4,7,0.45375001430511475,0.5087500214576721,0.47142860293388367,4,3,4,4,1,3,1,0,0.125,0.0,10.198039054870605,,10.198039054870605,
FAMILY-65,MOTHER,FM065_M5.png,elastic,0,0,1,,,0.2750000059604645,0,0,0,0,0,1,0,0,0.0,0.0,,,,
FAMILY-66,CHILD,FM066_C1.png,elastic,0,0,3,,,0.4216666519641876,0,0,2,0,0,1,0,0,0.0,0.0,,,,
FAMILY-66,CHILD,FM066_C2.png,elastic,2,11,1,0.4950000047683716,0.5,0.2750000059604645,2,10,0,0,1,1,1,0,0.5,0.0,7.6157732009887695,,7.6157732009887695,
FAMILY-66,CHILD,FM066_C3.png,elastic,5,8,4,0.40700000524520874,0.42625001072883606,0.7562499642372131,3,6,3,2,2,1,0,0,0.0,0.0,,,,
FAMILY-66,CHILD,FM066_C4.png,elastic,6,4,7,0.42166662216186523,0.4950000047683716,0.33157142996788025,4,4,5,2,0,2,0,2,0.0,0.3333333333333333,,6.646932601928711,,6.646932601928711
FAMILY-66,CHILD,FM066_C5.png,elastic,0,0,2,,,0.38499999046325684,0,0,1,0,0,1,0,0,0.0,0.0,,,,
FAMILY-66,FATHER,FM066_F1.png,elastic,12,0,10,0.5408332943916321,,0.5224999189376831,10,0,9,2,0,1,0,2,0.0,0.16666666666666666,,13.5,,13.5
FAMILY-66,FATHER,FM066_F2.png,elastic,2,0,0,0.2750000059604645,,,0,0,0,2,0,0,0,0,0.0,0.0,,,,
FAMILY-66,FATHER,FM066_F3.png,elastic,34,23,26,0.26464706659317017,0.39552173018455505,0.3173076808452606,6,14,7,28,9,19,8,11,0.23529411764705882,0.3235294117647059,7.265419453382492,6.828962196003307,7.545179843902588,5.099019527435303
FAMILY-66,FATHER,FM066_F4.png,elastic,10,11,7,0.4092000126838684,0.3449999988079071,0.40385717153549194,7,4,5,3,7,2,2,2,0.2,0.2,8.740049600601196,2.915475845336914,8.740049600601196,2.915475845336914
FAMILY-66,FATHER,FM066_F5.png,elastic,0,8,5,,0.30250000953674316,0.3718000054359436,0,1,4,0,7,1,0,0,0.0,0.0,,,,
FAMILY-66,MOTHER,FM066_M1.png,elastic,1,2,2,0.4950000047683716,0.4950000047683716,0.4950000047683716,1,2,2,0,0,0,0,0,0.0,0.0,,,,
FAMILY-66,MOTHER,FM066_M2.png,elastic,0,1,2,,0.2750000059604645,0.6324999928474426,0,0,1,0,1,1,0,0,0.0,0.0,,,,
FAMILY-66,MOTHER,FM066_M3.png,elastic,1,2,2,0.4950000047683716,0.5225000381469727,0.5225000381469727,1,1,1,0,1,1,0,0,0.0,0.0,,,,
FAMILY-66,MOTHER,FM066_M4.png,elastic,6,0,2,0.3116666376590729,,0.38499999046325684,1,0,1,5,0,1,0,1,0.0,0.16666666666666666,,2.0,,2.0
FAMILY-66,MOTHER,FM066_M5.png,elastic,0,2,0,,0.38499999046325684,,0,1,0,0,1,0,0,0,0.0,0.0,,,,
FAMILY-67,CHILD,FM067_C1.png,elastic,67,78,76,0.41898512840270996,0.39021798968315125,0.38167110085487366,25,38,21,42,40,55,31,22,0.4626865671641791,0.3283582089552239,8.278935478579614,10.38065367937088,8.0,11.851748943328857
FAMILY-67,CHILD,FM067_C2.png,elastic,54,59,49,0.3495555818080902,0.4040169417858124,0.4241734743118286,25,33,24,29,26,25,25,21,0.46296296296296297,0.3888888888888889,8.217190008163453,9.129313957123529,8.062257766723633,9.219544410705566
FAMILY-67,CHILD,FM067_C3.png,elastic,15,48,54,0.346866637468338,0.37720832228660583,0.33835193514823914,9,28,20,6,20,34,4,6,0.26666666666666666,0.4,6.9063281416893005,11.332714557647705,6.9937450885772705,12.124285697937012
FAMILY-67,CHILD,FM067_C4.png,elastic,27,46,52,0.3691110908985138,0.3343043029308319,0.37886542081832886,14,16,25,13,30,27,14,18,0.5185185185185185,0.6666666666666666,6.827030692781721,8.317951613002354,6.889635801315308,8.801162719726562
FAMILY-67,CHILD,FM067_C5.png,elastic,42,45,45,0.37138092517852783,0.38842228055000305,0.4554000496864319,27,23,27,15,22,18,17,14,0.40476190476190477,0.3333333333333333,7.42441341456245,8.362170151301793,8.062257766723633,7.343420505523682
FAMILY-67,FATHER,FM067_F1.png,elastic,8,12,28,0.37675002217292786,0.3804166615009308,0.4172142446041107,6,4,17,2,8,11,2,2,0.25,0.25,7.220153331756592,5.833904504776001,7.220153331756592,5.833904504776001
FAMILY-67,FATHER,FM067_F2.png,elastic,39,53,48,0.340999960899353,0.2924339473247528,0.3034166395664215,17,15,13,22,38,35,19,12,0.48717948717948717,0.3076923076923077,9.219875787433825,9.307885110378265,10.0,9.416293621063232
FAMILY-67,FATHER,FM067_F3.png,elastic,36,57,49,0.3189999759197235,0.3459210693836212,0.33202043175697327,13,27,23,23,30,26,19,15,0.5277777777777778,0.4166666666666667,6.413906524055882,8.367630990346273,6.7082037925720215,8.485280990600586
FAMILY-67,FATHER,FM067_F4.png,elastic,11,25,12,0.47999998927116394,0.37751999497413635,0.5224999785423279,8,14,9,3,11,3,3,2,0.2727272727272727,0.18181818181818182,8.205257733662924,3.1622776985168457,8.0,3.1622776985168457
FAMILY-67,FATHER,FM067_F5.png,elastic,20,27,17,0.3904999792575836,0.30759260058403015,0.3215882480144501,11,6,5,9,21,12,11,6,0.55,0.3,8.425897294824773,8.29638385772705,8.062257766723633,9.137465000152588
FAMILY-67,MOTHER,FM067_M1.png,elastic,18,45,42,0.41188886761665344,0.3434444069862366,0.405690461397171,13,21,25,5,24,17,6,7,0.3333333333333333,0.3888888888888889,11.64411195119222,7.665692125047956,13.678112983703613,7.6157732009887695
FAMILY-67,MOTHER,FM067_M2.png,elastic,43,18,25,0.39791861176490784,0.4024166464805603,0.3497999906539917,27,12,14,16,6,11,6,9,0.13953488372093023,0.20930232558139536,8.59847883383433,8.593112468719482,7.9120566844940186,9.219544410705566
FAMILY-67,MOTHER,FM067_M3.png,elastic,13,43,44,0.43661534786224365,0.333069771528244,0.31974995136260986,11,12,12,2,31,32,5,4,0.38461538461538464,0.3076923076923077,7.338623523712158,5.188576579093933,7.6157732009887695,5.771601915359497
FAMILY-67,MOTHER,FM067_M4.png,elastic,54,46,63,0.3141110837459564,0.33860865235328674,0.3135873079299927,24,18,22,30,28,41,12,21,0.2222222222222222,0.3888888888888889,6.721153765916824,7.525619450069609,5.854101896286011,7.071067810058594
FAMILY-67,MOTHER,FM067_M5.png,elastic,6,3,4,0.4033333361148834,0.4216666519641876,0.5142500400543213,4,2,3,2,1,1,2,0,0.3333333333333333,0.0,11.485135555267334,,11.485135555267334,
FAMILY-78,CHILD,FM078_C1.png,elastic,0,8,17,,0.35062500834465027,0.3267647325992584,0,2,4,0,6,13,0,0,0.0,0.0,,,,
FAMILY-78,CHILD,FM078_C2.png,elastic,0,9,9,,0.42166668176651,0.45711109042167664,0,6,7,0,3,2,0,0,0.0,0.0,,,,
FAMILY-78,CHILD,FM078_C3.png,elastic,0,4,2,,0.35750001668930054,0.38499999046325684,0,2,1,0,2,1,0,0,0.0,0.0,,,,
FAMILY-78,CHILD,FM078_C4.png,elastic,2,3,7,0.2750000059604645,0.34833332896232605,0.33157142996788025,0,1,5,2,2,2,0,0,0.0,0.0,,,,
FAMILY-78,CHILD,FM078_C5.png,elastic,0,0,1,,,0.2750000059604645,0,0,0,0,0,1,0,0,0.0,0.0,,,,
FAMILY-78,FATHER,FM078_F1.png,elastic,8,26,5,0.5362499952316284,0.44296151399612427,0.6489999890327454,5,16,4,3,10,1,6,0,0.75,0.0,8.021672566731771,,7.6366801261901855,
FAMILY-78,FATHER,FM078_F2.png,elastic,5,11,22,0.32339999079704285,0.3149999678134918,0.2600000202655792,2,3,1,3,8,21,2,3,0.4,0.6,10.586276769638062,5.873744249343872,10.586276769638062,5.385164737701416
FAMILY-78,FATHER,FM078_F3.png,elastic,5,0,5,0.5103999972343445,,0.550000011920929,4,0,4,1,0,1,0,1,0.0,0.2,,14.764822959899902,,14.764822959899902
FAMILY-78,FATHER,FM078_F4.png,elastic,0,0,2,,,0.6324999928474426,0,0,1,0,0,1,0,0,0.0,0.0,,,,
FAMILY-78,FATHER,FM078_F5.png,elastic,0,2,3,,0.4950000047683716,0.5866666436195374,0,2,2,0,0,1,0,0,0.0,0.0,,,,
FAMILY-78,MOTHER,FM078_M1.png,elastic,2,17,33,0.2750000059604645,0.3785293996334076,0.38333332538604736,0,9,14,2,8,19,0,2,0.0,1.0,,10.47242784500122,,10.47242784500122
FAMILY-78,MOTHER,FM078_M2.png,elastic,3,2,6,0.34833332896232605,0.2750000059604645,0.38866665959358215,1,0,4,2,2,2,0,0,0.0,0.0,,,,
FAMILY-78,MOTHER,FM078_M3.png,elastic,3,9,2,0.4216666519641876,0.4094444513320923,0.28600001335144043,2,6,1,1,3,1,1,1,0.3333333333333333,0.3333333333333333,8.062257766723633,12.806248664855957,8.062257766723633,12.806248664855957
FAMILY-78,MOTHER,FM078_M4.png,elastic,7,4,7,0.40071433782577515,0.4399999976158142,0.3692857325077057,4,3,3,3,1,4,0,0,0.0,0.0,,,,
FAMILY-78,MOTHER,FM078_M5.png,elastic,3,0,1,0.3556666672229767,,0.4950000047683716,2,0,1,1,0,0,0,0,0.0,0.0,,,,
FAMILY-9,CHILD,FM009_C1.png,elastic,7,10,9,0.3850000202655792,0.38499999046325684,0.4461110830307007,4,5,7,3,5,2,3,1,0.42857142857142855,0.14285714285714285,9.792052745819092,3.605551242828369,9.848857879638672,3.605551242828369
FAMILY-9,CHILD,FM009_C2.png,elastic,21,20,20,0.37347617745399475,0.38609999418258667,0.39159998297691345,13,11,12,8,9,8,5,7,0.23809523809523808,0.3333333333333333,8.298484420776367,9.188289778573173,8.246211051940918,9.848857879638672
FAMILY-9,CHILD,FM009_C3.png,elastic,29,31,30,0.40358614921569824,0.3367418646812439,0.34393325448036194,17,17,15,12,14,15,8,6,0.27586206896551724,0.20689655172413793,8.701271116733551,6.152209798494975,8.732877731323242,5.854101896286011
FAMILY-9,CHILD,FM009_C4.png,elastic,56,50,45,0.38126784563064575,0.3537600636482239,0.35151106119155884,31,25,18,25,25,27,28,18,0.5,0.32142857142857145,9.677657391343798,9.003345237837898,9.081908226013184,9.53420114517212
FAMILY-9,CHILD,FM009_C5.png,elastic,61,45,56,0.44991812109947205,0.3700889050960541,0.4136785864830017,48,27,29,13,18,27,24,23,0.39344262295081966,0.3770491803278688,9.370433270931244,8.720126214234725,9.219544410705566,8.5440034866333
FAMILY-9,FATHER,FM009_F1.png,elastic,47,45,43,0.3690851032733917,0.3361110985279083,0.4164651334285736,22,15,24,25,30,19,20,18,0.425531914893617,0.3829787234042553,9.305449962615967,8.872354666392008,10.0,8.4721360206604
FAMILY-9,FATHER,FM009_F2.png,elastic,50,37,44,0.3335200250148773,0.37489184737205505,0.3259999752044678,25,20,18,25,17,26,21,18,0.42,0.36,8.348749910082136,7.884972221321529,8.246211051940918,8.866521835327148
FAMILY-9,FATHER,FM009_F3.png,elastic,68,75,68,0.3875882625579834,0.4222533702850342,0.35652947425842285,44,36,38,24,39,30,32,30,0.47058823529411764,0.4411764705882353,7.538966581225395,8.738315312067668,7.071067810058594,8.6409010887146
FAMILY-9,FATHER,FM009_F4.png,elastic,77,70,60,0.3655714690685272,0.41752859950065613,0.38280001282691956,35,33,21,42,37,39,35,32,0.45454545454545453,0.4155844155844156,8.00303214618138,8.841022860258818,8.602325439453125,9.196430683135986
FAMILY-9,FATHER,FM009_F5.png,elastic,98,86,78,0.4121631979942322,0.42030227184295654,0.4696859121322632,53,44,46,45,42,32,55,50,0.5612244897959183,0.5102040816326531,7.851401573961431,8.571664893627167,7.071067810058594,8.39510726928711
FAMILY-9,MOTHER,FM009_M1.png,elastic,11,17,10,0.34700000286102295,0.2827646732330322,0.458700031042099,5,4,7,6,13,3,1,3,0.09090909090909091,0.2727272727272727,5.0,12.058847904205322,5.0,13.601470947265625
FAMILY-9,MOTHER,FM009_M2.png,elastic,37,37,38,0.32197293639183044,0.31305399537086487,0.29960525035858154,13,15,11,24,22,27,22,15,0.5945945945945946,0.40540540540540543,8.507307301868092,7.505427646636963,9.05538558959961,7.8102498054504395
FAMILY-9,MOTHER,FM009_M3.png,elastic,40,29,44,0.39311251044273376,0.32658615708351135,0.35324999690055847,22,15,21,18,14,23,15,15,0.375,0.375,6.409265367190043,7.304174780845642,5.385164737701416,7.280109882354736
FAMILY-9,MOTHER,FM009_M4.png,elastic,27,24,22,0.4131110906600952,0.3904999792575836,0.3569999933242798,21,15,10,6,9,12,6,5,0.2222222222222222,0.18518518518518517,10.683152834574381,11.02190341949463,11.543477535247803,11.401754379272461
FAMILY-9,MOTHER,FM009_M5.png,elastic,37,41,43,0.3279188871383667,0.3474390208721161,0.395999938249588,20,20,26,17,21,17,11,15,0.2972972972972973,0.40540540540540543,9.936412507837469,8.058323049545288,11.045360565185547,9.05538558959961
FAMILY-13,CHILD,FM013_C1.png,local,57,22,27,0.3564385771751404,0.3319999873638153,0.40312957763671875,29,10,20,28,12,7,7,14,0.12280701754385964,0.24561403508771928,9.052857041358948,8.730422105107989,12.041594505310059,9.025219678878784
FAMILY-13,CHILD,FM013_C2.png,local,35,28,21,0.33471426367759705,0.38264283537864685,0.3493809401988983,11,17,9,24,11,12,14,11,0.4,0.3142857142857143,7.775783973080771,8.944101030176336,7.930992126464844,10.198039054870605
FAMILY-13,CHILD,FM013_C3.png,local,23,15,8,0.3759130537509918,0.3461333215236664,0.32999998331069946,12,5,2,11,10,6,9,3,0.391304347826087,0.13043478260869565,7.816810647646586,6.007319609324138,6.4031243324279785,3.605551242828369
FAMILY-13,CHILD,FM013_C4.png,local,11,6,6,0.4549999535083771,0.5499999523162842,0.4216667115688324,6,4,4,5,2,2,4,1,0.36363636363636365,0.09090909090909091,8.342752993106842,13.45362377166748,8.603277683258057,13.45362377166748
FAMILY-13,CHILD,FM013_C5.png,local,24,16,14,0.33916667103767395,0.3712499737739563,0.40621426701545715,8,7,7,16,9,7,9,8,0.375,0.3333333333333333,6.361703448825413,8.302484393119812,5.830951690673828,7.839015483856201
FAMILY-13,FATHER,FM013_F1.png,local,38,30,24,0.33694732189178467,0.4179999530315399,0.38499999046325684,16,20,18,22,10,6,17,11,0.4473684210526316,0.2894736842105263,8.774508441195769,8.511228236285122,9.899495124816895,8.5440034866333
FAMILY-13,FATHER,FM013_F2.png,local,48,46,51,0.32770833373069763,0.3534347712993622,0.38909807801246643,19,20,27,29,26,24,24,28,0.5,0.5833333333333334,8.467068523168564,7.731236934661865,9.527692794799805,7.640054941177368
FAMILY-13,FATHER,FM013_F3.png,local,66,63,57,0.3696666955947876,0.38726991415023804,0.40699997544288635,29,26,22,37,37,35,20,28,0.30303030303030304,0.42424242424242425,8.196055686473846,9.442048502819878,7.545179843902588,9.609772205352783
FAMILY-13,FATHER,FM013_F4.png,local,71,74,74,0.3738451302051544,0.3500676155090332,0.4083378314971924,31,30,44,40,44,30,32,30,0.4507042253521127,0.4225352112676056,7.104189720004797,8.288790762424469,5.52100944519043,8.852412700653076
FAMILY-13,FATHER,FM013_F5.png,local,73,72,59,0.3346712589263916,0.37888890504837036,0.3523728847503662,24,30,21,49,42,38,37,28,0.5068493150684932,0.3835616438356164,5.722672414135289,8.122226472411837,4.0,7.807886600494385
FAMILY-13,MOTHER,FM013_M1.png,local,54,46,48,0.344870388507843,0.3594130277633667,0.33687496185302734,22,22,17,32,24,31,23,21,0.42592592592592593,0.3888888888888889,7.725413156592327,8.75556296961648,7.6157732009887695,9.433980941772461
FAMILY-13,MOTHER,FM013_M2.png,local,55,50,60,0.3522000312805176,0.3561800420284271,0.3522750437259674,24,21,28,31,29,32,27,28,0.4909090909090909,0.509090909090909,6.429522474606832,7.981839848416192,6.324555397033691,7.936253786087036
FAMILY-13,MOTHER,FM013_M3.png,local,41,21,4,0.4008293151855469,0.43580949306488037,0.445499986410141,23,14,4,18,7,0,10,2,0.24390243902439024,0.04878048780487805,4.380209636688233,7.606335163116455,2.1180340051651,7.606335163116455
FAMILY-13,MOTHER,FM013_M4.png,local,43,41,43,0.31823253631591797,0.30021950602531433,0.26527902483940125,13,13,10,30,28,33,19,15,0.4418604651162791,0.3488372093023256,7.38454092176337,9.061418533325195,6.7082037925720215,10.630146026611328
FAMILY-13,MOTHER,FM013_M5.png,local,36,40,31,0.3846944570541382,0.3883000314235687,0.4094838500022888,18,19,20,18,21,11,11,13,0.3055555555555556,0.3611111111111111,7.399098688905889,10.003497013678917,7.280109882354736,10.630146026611328
FAMILY-14,CHILD,FM014_C1.png,local,70,53,63,0.47653573751449585,0.43782082200050354,0.36657944321632385,44,30,26,26,23,37,27,28,0.38571428571428573,0.4,8.171579820138437,7.429268624101367,7.280109882354736,7.6366801261901855
FAMILY-14,CHILD,FM014_C2.png,local,44,58,62,0.3917500376701355,0.4307069480419159,0.41232264041900635,19,38,45,25,20,17,20,18,0.45454545454545453,0.4090909090909091,6.464035946130752,7.844076487753126,5.894144535064697,7.6157732009887695
FAMILY-14,CHILD,FM014_C3.png,local,43,36,40,0.4699302911758423,0.47666671872138977,0.517549991607666,25,20,29,18,16,11,27,22,0.627906976744186,0.5116279069767442,6.140744619899326,6.7867382981560445,5.830951690673828,7.035533905029297
FAMILY-14,CHILD,FM014_C4.png,local,64,61,62,0.4580468535423279,0.43332791328430176,0.40788716077804565,38,35,29,26,26,33,23,30,0.359375,0.46875,5.690533052320066,9.24417982896169,5.099019527435303,9.433980941772461
FAMILY-14,CHILD,FM014_C5.png,local,80,81,60,0.5264874696731567,0.45140743255615234,0.47538337111473083,54,43,46,26,38,14,39,32,0.4875,0.4,6.121359009009141,6.188592661172152,4.4721360206604,5.328427076339722
FAMILY-14,FATHER,FM014_F1.png,local,106,85,89,0.4269244968891144,0.3992353081703186,0.46410107612609863,42,32,38,64,53,51,59,53,0.5566037735849056,0.5,5.446717276411541,6.658924219743261,4.123105525970459,6.082762718200684
FAMILY-14,FATHER,FM014_F2.png,local,10,11,4,0.4509999752044678,0.4649999737739563,0.4950000047683716,8,10,4,2,1,0,6,4,0.6,0.4,3.9977726141611734,6.234755992889404,2.0,6.105551242828369
FAMILY-14,FATHER,FM014_F3.png,local,24,17,13,0.4271666705608368,0.43029409646987915,0.4357692003250122,18,12,10,6,5,3,9,8,0.375,0.3333333333333333,5.564909007814196,6.844426199793816,4.123105525970459,7.728656768798828
FAMILY-14,FATHER,FM014_F4.png,local,80,59,46,0.381012499332428,0.43552547693252563,0.38858696818351746,27,31,21,53,28,25,36,29,0.45,0.3625,6.397166291872661,7.8801100171845535,5.854860067367554,7.8102498054504395
FAMILY-14,FATHER,FM014_F5.png,local,89,69,59,0.45878657698631287,0.4513188600540161,0.45342373847961426,44,34,34,45,35,25,35,34,0.39325842696629215,0.38202247191011235,7.5616843768528526,8.35463578560773,6.082762718200684,8.303130626678467
FAMILY-14,MOTHER,FM014_M1.png,local,76,67,74,0.31103944778442383,0.34953731298446655,0.32539188861846924,18,23,28,58,44,46,36,25,0.47368421052631576,0.32894736842105265,7.840645674202177,8.515251107215882,8.307886600494385,9.433980941772461
FAMILY-14,MOTHER,FM014_M2.png,local,24,15,17,0.37308335304260254,0.4363332986831665,0.3714117705821991,11,11,8,13,4,9,6,8,0.25,0.3333333333333333,6.510462522506714,7.674772918224335,7.141085147857666,9.53420114517212
FAMILY-14,MOTHER,FM014_M3.png,local,7,13,4,0.4085714519023895,0.40361541509628296,0.34375,3,5,0,4,8,4,4,0,0.5714285714285714,0.0,6.467172533273697,,6.526361107826233,
FAMILY-14,MOTHER,FM014_M4.png,local,59,59,67,0.30222031474113464,0.33652544021606445,0.35446271300315857,12,23,31,47,36,36,24,26,0.4067796610169492,0.4406779661016949,5.380180324117343,7.990683876551115,4.123105525970459,8.39510726928711
FAMILY-14,MOTHER,FM014_M5.png,local,44,21,15,0.4302500784397125,0.5342856645584106,0.5426666140556335,32,18,9,12,3,6,4,5,0.09090909090909091,0.11363636363636363,4.57200026512146,9.641006374359131,3.1213202476501465,9.486832618713379
FAMILY-15,CHILD,FM015_C1.png,local,64,63,51,0.39909377694129944,0.37679368257522583,0.4430196285247803,30,27,23,34,36,28,30,25,0.46875,0.390625,8.164664538701375,9.824477195739746,7.763160467147827,10.816654205322266
FAMILY-15,CHILD,FM015_C2.png,local,53,34,43,0.4045095145702362,0.4044117331504822,0.4353954493999481,30,20,22,23,14,21,19,18,0.3584905660377358,0.33962264150943394,5.355324807919954,7.9994964599609375,3.605551242828369,8.37726092338562
FAMILY-15,CHILD,FM015_C3.png,local,42,48,49,0.3716428279876709,0.3726249933242798,0.3796122372150421,20,24,24,22,24,25,26,34,0.6190476190476191,0.8095238095238095,4.126123900596912,7.912563460714677,3.1622776985168457,7.0
FAMILY-15,CHILD,FM015_C4.png,local,37,35,19,0.43732431530952454,0.37619996070861816,0.3907894492149353,27,19,11,10,16,8,9,4,0.24324324324324326,0.10810810810810811,8.890338924196032,7.613903105258942,9.486832618713379,6.609772205352783
FAMILY-15,CHILD,FM015_C5.png,local,31,26,28,0.40061286091804504,0.4078461229801178,0.3551428020000458,20,14,13,11,12,15,13,17,0.41935483870967744,0.5483870967741935,5.987283266507662,8.508718168034273,4.4721360206604,9.05538558959961
FAMILY-15,FATHER,FM015_F1.png,local,46,41,49,0.41441312432289124,0.38607317209243774,0.3863469064235687,32,19,29,14,22,20,21,17,0.45652173913043476,0.3695652173913043,6.938514198575701,8.299276786692003,5.656854152679443,8.602325439453125
FAMILY-15,FATHER,FM015_F2.png,local,14,8,3,0.3732143044471741,0.32999998331069946,0.34833332896232605,5,2,1,9,6,2,3,2,0.21428571428571427,0.14285714285714285,9.102945804595947,9.062178611755371,10.630146026611328,9.062178611755371
FAMILY-15,FATHER,FM015_F3.png,local,2,0,8,0.38499999046325684,,0.32999998331069946,1,0,2,1,0,6,0,0,0.0,0.0,,,,
FAMILY-15,FATHER,FM015_F4.png,local,23,19,28,0.4495651423931122,0.32826316356658936,0.38185712695121765,16,7,11,7,12,17,7,11,0.30434782608695654,0.4782608695652174,5.3340744972229,6.753623962402344,4.0,5.385164737701416
FAMILY-15,FATHER,FM015_F5.png,local,9,11,9,0.43388888239860535,0.41499999165534973,0.34833332896232605,7,7,3,2,4,6,4,3,0.4444444444444444,0.3333333333333333,6.054886102676392,9.736997922261557,5.109772205352783,9.486832618713379
FAMILY-15,MOTHER,FM015_M1.png,local,49,28,39,0.41373470425605774,0.43371424078941345,0.3675127625465393,32,22,21,17,6,18,11,20,0.22448979591836735,0.40816326530612246,7.085052663629705,8.298917865753173,7.6157732009887695,7.343420505523682
FAMILY-15,MOTHER,FM015_M2.png,local,19,13,14,0.39194735884666443,0.42899996042251587,0.3865714371204376,16,10,8,3,3,6,7,7,0.3684210526315789,0.3684210526315789,7.672583545957293,7.8734866210392545,6.4031243324279785,8.5440034866333
FAMILY-15,MOTHER,FM015_M3.png,local,6,4,18,0.42166662216186523,0.4399999976158142,0.40700000524520874,4,3,11,2,1,7,0,4,0.0,0.6666666666666666,,11.265190482139587,,11.679034233093262
FAMILY-15,MOTHER,FM015_M4.png,local,43,33,13,0.41569772362709045,0.4039999842643738,0.3646923303604126,27,24,8,16,9,5,18,8,0.4186046511627907,0.18604651162790697,7.995678173171149,6.750244989991188,8.332291603088379,4.7434165477752686
FAMILY-15,MOTHER,FM015_M5.png,local,33,29,23,0.4283333122730255,0.41231030225753784,0.4318695366382599,23,19,20,10,10,3,14,12,0.42424242424242425,0.36363636363636365,5.690116201128278,10.99787720044454,5.0,12.384758472442627
FAMILY-20,CHILD,FM020_C1.png,local,4,3,6,0.4399999976158142,0.4950000047683716,0.42166662216186523,3,3,4,1,0,2,0,2,0.0,0.5,,5.640054941177368,,5.640054941177368
FAMILY-20,CHILD,FM020_C2.png,local,1,5,2,0.4950000047683716,0.46639999747276306,0.7425000071525574,1,3,2,0,2,0,0,0,0.0,0.0,,,,
FAMILY-20,CHILD,FM020_C3.png,local,5,4,9,0.45100003480911255,0.4950000047683716,0.3972221910953522,4,4,5,1,0,4,0,0,0.0,0.0,,,,
FAMILY-20,CHILD,FM020_C4.png,local,1,0,1,0.4950000047683716,,0.2750000059604645,1,0,0,0,0,1,0,0,0.0,0.0,,,,
FAMILY-20,CHILD,FM020_C5.png,local,3,2,1,0.2383333444595337,0.2750000059604645,0.2750000059604645,0,0,0,3,2,1,1,0,0.3333333333333333,0.0,3.0,,3.0,
FAMILY-20,FATHER,FM020_F1.png,local,10,1,2,0.42899999022483826,0.2750000059604645,0.2750000059604645,7,0,0,3,1,2,0,0,0.0,0.0,,,,
FAMILY-20,FATHER,FM020_F2.png,local,10,5,0,0.40700000524520874,0.3409999907016754,,6,2,0,4,3,0,2,0,0.2,0.0,5.645726799964905,,5.645726799964905,
FAMILY-20,FATHER,FM020_F3.png,local,0,3,0,,0.20900000631809235,,0,1,0,0,2,0,0,0,0.0,0.0,,,,
FAMILY-20,FATHER,FM020_F4.png,local,16,22,18,0.31212499737739563,0.3905000388622284,0.4216666519641876,5,13,8,11,9,10,5,6,0.3125,0.375,8.670527386665345,7.346534927686055,11.0,7.671183824539185
FAMILY-20,FATHER,FM020_F5.png,local,3,30,13,0.4216666519641876,0.2757333517074585,0.3850000202655792,2,5,7,1,25,6,1,1,0.3333333333333333,0.3333333333333333,12.529964447021484,5.099019527435303,12.529964447021484,5.099019527435303
FAMILY-20,MOTHER,FM020_M1.png,local,0,3,3,,0.2823333442211151,0.6600000262260437,0,1,3,0,2,0,0,0,0.0,0.0,,,,
FAMILY-20,MOTHER,FM020_M2.png,local,1,4,3,0.2750000059604645,0.3987500071525574,0.36666667461395264,0,1,0,1,3,3,0,0,0.0,0.0,,,,
FAMILY-20,MOTHER,FM020_M3.png,local,0,0,1,,,0.4950000047683716,0,0,1,0,0,0,0,0,0.0,0.0,,,,
FAMILY-20,MOTHER,FM020_M4.png,local,0,0,0,,,,0,0,0,0,0,0,0,0,0.0,0.0,,,,
FAMILY-20,MOTHER,FM020_M5.png,local,1,2,1,0.4950000047683716,0.4950000047683716,0.4950000047683716,1,2,1,0,0,0,0,1,0.0,1.0,,12.165525436401367,,12.165525436401367
FAMILY-23,CHILD,FM023_C1.png,local,18,11,28,0.4033333361148834,0.375,0.41249996423721313,11,6,22,7,5,6,4,5,0.2222222222222222,0.2777777777777778,7.3996124267578125,8.427016830444336,6.043954610824585,6.0
FAMILY-23,CHILD,FM023_C2.png,local,2,12,15,0.38499999046325684,0.3758333623409271,0.40993326902389526,1,6,11,1,6,4,0,2,0.0,1.0,,6.737096071243286,,6.737096071243286
FAMILY-23,CHILD,FM023_C3.png,local,13,7,15,0.4103845953941345,0.4352857172489166,0.414333313703537,8,6,10,5,1,5,4,6,0.3076923076923077,0.46153846153846156,5.814240217208862,8.454908768335978,5.720153331756592,8.4721360206604
FAMILY-23,CHILD,FM023_C4.png,local,7,2,4,0.4635713994503021,0.38499999046325684,0.32999998331069946,6,1,1,1,1,3,1,0,0.14285714285714285,0.0,12.165525436401367,,12.165525436401367,
FAMILY-23,CHILD,FM023_C5.png,local,5,5,0,0.3630000054836273,0.3498000204563141,,2,4,0,3,1,0,0,0,0.0,0.0,,,,
FAMILY-23,FATHER,FM023_F1.png,local,25,20,27,0.3515600264072418,0.3926999866962433,0.4298148453235626,12,13,19,13,7,8,12,11,0.48,0.44,5.7216043670972185,7.630134539170698,6.105551242828369,7.8102498054504395
FAMILY-23,FATHER,FM023_F2.png,local,44,34,39,0.38850003480911255,0.39098528027534485,0.34523072838783264,20,20,12,24,14,27,10,17,0.22727272727272727,0.38636363636363635,7.803628659248352,8.935640124713673,7.881794691085815,9.219544410705566
FAMILY-23,FATHER,FM023_F3.png,local,58,55,53,0.4612414240837097,0.4208000898361206,0.3966227173805237,37,37,27,21,18,26,28,30,0.4827586206896552,0.5172413793103449,7.835246907813208,7.755473868052165,8.035533905029297,8.123105525970459
FAMILY-23,FATHER,FM023_F4.png,local,29,38,30,0.4240688979625702,0.41857895255088806,0.4546666443347931,23,24,18,6,14,12,13,15,0.4482758620689655,0.5172413793103449,6.279298800688523,9.149485047658285,5.099019527435303,9.486832618713379
FAMILY-23,FATHER,FM023_F5.png,local,81,72,67,0.5313950181007385,0.5422083735466003,0.5301342606544495,63,51,48,18,21,19,50,44,0.6172839506172839,0.5432098765432098,5.978634595870972,6.849862182682211,5.242092132568359,6.95965313911438
FAMILY-23,MOTHER,FM023_M1.png,local,61,48,46,0.506901741027832,0.43954166769981384,0.42876091599464417,43,26,29,18,22,17,24,29,0.39344262295081966,0.47540983606557374,8.638530184825262,7.782994220996725,7.671183824539185,7.211102485656738
FAMILY-23,MOTHER,FM023_M2.png,local,18,26,39,0.4045555591583252,0.37315383553504944,0.37851279973983765,12,19,23,6,7,16,14,5,0.7777777777777778,0.2777777777777778,6.408517360687256,9.581982612609863,5.0,7.8102498054504395
FAMILY-23,MOTHER,FM023_M3.png,local,16,14,5,0.4633750021457672,0.3747856914997101,0.2794000208377838,11,7,2,5,7,3,6,0,0.375,0.0,4.538276235262553,,3.864328384399414,
FAMILY-23,MOTHER,FM023_M4.png,local,18,26,23,0.4228888750076294,0.4374615252017975,0.4395217001438141,13,21,19,5,5,4,14,7,0.7777777777777778,0.3888888888888889,9.178612538746425,7.550910745348249,10.334912300109863,7.071067810058594
FAMILY-23,MOTHER,FM023_M5.png,local,9,9,11,0.3776666820049286,0.42411109805107117,0.42100000381469727,6,7,10,3,2,1,6,5,0.6666666666666666,0.5555555555555556,9.784960428873697,8.301153063774109,9.732006072998047,8.0
FAMILY-36,CHILD,FM036_C1.png,local,3,2,0,0.4216666519641876,0.4950000047683716,,2,2,0,1,0,0,1,0,0.3333333333333333,0.0,7.211102485656738,,7.211102485656738,
FAMILY-36,CHILD,FM036_C2.png,local,0,0,2,,,0.2750000059604645,0,0,0,0,0,2,0,0,0.0,0.0,,,,
FAMILY-36,CHILD,FM036_C3.png,local,1,5,2,0.2750000059604645,0.45100003480911255,0.4950000047683716,0,4,2,1,1,0,1,0,1.0,0.0,3.1622776985168457,,3.1622776985168457,
FAMILY-36,CHILD,FM036_C4.png,local,0,0,0,,,,0,0,0,0,0,0,0,0,0.0,0.0,,,,
FAMILY-36,CHILD,FM036_C5.png,local,0,0,0,,,,0,0,0,0,0,0,0,0,0.0,0.0,,,,
FAMILY-36,FATHER,FM036_F1.png,local,11,4,4,0.4400000274181366,0.4399999976158142,0.45374998450279236,6,3,2,5,1,2,1,1,0.09090909090909091,0.09090909090909091,3.1622776985168457,8.485280990600586,3.1622776985168457,8.485280990600586
FAMILY-36,FATHER,FM036_F2.png,local,2,1,0,0.38499999046325684,0.2750000059604645,,1,0,0,1,1,0,0,0,0.0,0.0,,,,
FAMILY-36,FATHER,FM036_F3.png,local,0,1,0,,0.2750000059604645,,0,0,0,0,1,0,0,0,0.0,0.0,,,,
FAMILY-36,FATHER,FM036_F4.png,local,0,1,0,,0.4950000047683716,,0,1,0,0,0,0,0,0,0.0,0.0,,,,
FAMILY-36,FATHER,FM036_F5.png,local,0,0,0,,,,0,0,0,0,0,0,0,0,0.0,0.0,,,,
FAMILY-36,MOTHER,FM036_M1.png,local,23,18,17,0.39934781193733215,0.41555556654930115,0.3267647325992584,13,8,6,10,10,11,6,6,0.2608695652173913,0.2608695652173913,3.6068310340245566,5.153477231661479,3.081138849258423,4.8139026165008545
FAMILY-36,MOTHER,FM036_M2.png,local,0,0,0,,,,0,0,0,0,0,0,0,0,0.0,0.0,,,,
FAMILY-36,MOTHER,FM036_M3.png,local,1,0,0,0.4950000047683716,,,1,0,0,0,0,0,0,0,0.0,0.0,,,,
FAMILY-36,MOTHER,FM036_M4.png,local,1,0,0,0.2750000059604645,,,0,0,0,1,0,0,0,0,0.0,0.0,,,,
FAMILY-36,MOTHER,FM036_M5.png,local,5,1,0,0.40699997544288635,0.4950000047683716,,3,1,0,2,0,0,0,0,0.0,0.0,,,,
FAMILY-37,CHILD,FM037_C1.png,local,1,0,0,0.2750000059604645,,,0,0,0,1,0,0,0,0,0.0,0.0,,,,
FAMILY-37,CHILD,FM037_C2.png,local,5,7,1,0.4949999749660492,0.5342856645584106,0.2750000059604645,5,6,0,0,1,1,0,0,0.0,0.0,,,,
FAMILY-37,CHILD,FM037_C3.png,local,4,4,4,0.38499999046325684,0.38499999046325684,0.2750000059604645,2,2,0,2,2,4,0,0,0.0,0.0,,,,
FAMILY-37,CHILD,FM037_C4.png,local,2,2,5,0.38499999046325684,0.38499999046325684,0.4949999749660492,1,1,5,1,1,0,0,1,0.0,0.5,,13.892443656921387,,13.892443656921387
FAMILY-37,CHILD,FM037_C5.png,local,3,1,2,0.4216666519641876,0.4950000047683716,0.38499999046325684,2,1,1,1,0,1,0,1,0.0,0.3333333333333333,,13.928388595581055,,13.928388595581055
FAMILY-37,FATHER,FM037_F1.png,local,52,39,18,0.41482698917388916,0.35820508003234863,0.39722222089767456,30,14,10,22,25,8,14,9,0.2692307692307692,0.17307692307692307,9.388295931475502,8.386168003082275,9.46040678024292,8.246211051940918
FAMILY-37,FATHER,FM037_F2.png,local,35,9,7,0.4651428759098053,0.4705555737018585,0.400714248418808,28,8,4,7,1,3,7,4,0.2,0.11428571428571428,6.924908569880894,12.588669300079346,5.830951690673828,14.244304180145264
FAMILY-37,FATHER,FM037_F3.png,local,14,14,2,0.4478571116924286,0.47928568720817566,0.38499999046325684,11,13,1,3,1,1,3,0,0.21428571428571427,0.0,8.009793599446615,,8.485280990600586,
FAMILY-37,FATHER,FM037_F4.png,local,26,20,18,0.3680769205093384,0.36409997940063477,0.47361108660697937,11,9,14,15,11,4,9,10,0.34615384615384615,0.38461538461538464,7.152156829833984,9.127581977844239,6.4031243324279785,9.815073013305664
FAMILY-37,FATHER,FM037_F5.png,local,32,18,13,0.3880937695503235,0.39722222089767456,0.39769235253334045,16,10,5,16,8,8,9,8,0.28125,0.25,5.732832180129157,6.648952156305313,5.385164737701416,7.041381359100342
FAMILY-37,MOTHER,FM037_M1.png,local,8,14,12,0.47437500953674316,0.48321422934532166,0.476666659116745,6,12,11,2,2,1,8,6,1.0,0.75,4.472420126199722,5.3157234986623125,2.9953523874282837,4.7360680103302
FAMILY-37,MOTHER,FM037_M2.png,local,31,30,22,0.34525802731513977,0.3651999533176422,0.32999998331069946,15,16,10,16,14,12,15,11,0.4838709677419355,0.3548387096774194,5.939053018887837,7.072893142700195,3.605551242828369,5.830951690673828
FAMILY-37,MOTHER,FM037_M3.png,local,0,0,0,,,,0,0,0,0,0,0,0,0,0.0,0.0,,,,
FAMILY-37,MOTHER,FM037_M4.png,local,7,2,5,0.37557145953178406,0.38499999046325684,0.3717999756336212,5,1,4,2,1,1,0,2,0.0,0.2857142857142857,,9.313452005386353,,9.313452005386353
FAMILY-37,MOTHER,FM037_M5.png,local,0,0,0,,,,0,0,0,0,0,0,0,0,0.0,0.0,,,,
FAMILY-42,CHILD,FM042_C1.png,local,1,0,0,0.2750000059604645,,,0,0,0,1,0,0,0,0,0.0,0.0,,,,
FAMILY-42,CHILD,FM042_C2.png,local,5,0,1,0.36299997568130493,,0.2750000059604645,2,0,0,3,0,1,0,1,0.0,0.2,,2.8284270763397217,,2.8284270763397217
FAMILY-42,CHILD,FM042_C3.png,local,0,0,0,,,,0,0,0,0,0,0,0,0,0.0,0.0,,,,
FAMILY-42,CHILD,FM042_C4.png,local,0,0,0,,,,0,0,0,0,0,0,0,0,0.0,0.0,,,,
FAMILY-42,CHILD,FM042_C5.png,local,0,0,0,,,,0,0,0,0,0,0,0,0,0.0,0.0,,,,
FAMILY-42,FATHER,FM042_F1.png,local,19,14,12,0.4776315689086914,0.4675000011920929,0.42624998092651367,14,10,6,5,4,6,4,5,0.21052631578947367,0.2631578947368421,6.3442593812942505,7.728441429138184,5.0367960929870605,7.211102485656738
FAMILY-42,FATHER,FM042_F2.png,local,1,0,0,0.4950000047683716,,,1,0,0,0,0,0,0,0,0.0,0.0,,,,
FAMILY-42,FATHER,FM042_F3.png,local,5,0,1,0.4949999749660492,,0.4950000047683716,5,0,1,0,0,0,0,1,0.0,0.2,,4.123105525970459,,4.123105525970459
FAMILY-42,FATHER,FM042_F4.png,local,3,1,3,0.4950000047683716,0.9900000095367432,0.6050000190734863,3,1,1,0,0,2,0,0,0.0,0.0,,,,
FAMILY-42,FATHER,FM042_F5.png,local,0,0,0,,,,0,0,0,0,0,0,0,0,0.0,0.0,,,,
FAMILY-42,MOTHER,FM042_M1.png,local,18,18,16,0.42411112785339355,0.4216666519641876,0.45375001430511475,14,12,13,4,6,3,11,6,0.6111111111111112,0.3333333333333333,8.300761006095193,8.563483317693075,8.246211051940918,8.852412700653076
FAMILY-42,MOTHER,FM042_M2.png,local,1,6,3,0.4950000047683716,0.4583333432674408,0.4950000047683716,1,5,3,0,1,0,1,1,1.0,1.0,2.0,12.041594505310059,2.0,12.041594505310059
FAMILY-42,MOTHER,FM042_M3.png,local,9,7,1,0.4705555737018585,0.37557145953178406,0.4950000047683716,8,5,1,1,2,0,2,0,0.2222222222222222,0.0,13.067471981048584,,13.067471981048584,
FAMILY-42,MOTHER,FM042_M4.png,local,11,6,6,0.5199999809265137,0.36666667461395264,0.5408332943916321,10,3,5,1,3,1,3,5,0.2727272727272727,0.45454545454545453,5.061787764231364,5.553619289398194,4.123105525970459,7.280109882354736
FAMILY-42,MOTHER,FM042_M5.png,local,0,0,2,,,0.38499999046325684,0,0,1,0,0,1,0,0,0.0,0.0,,,,
FAMILY-48,CHILD,FM048_C1.png,local,9,4,6,0.3605555593967438,0.5637500286102295,0.4308333098888397,4,3,3,5,1,3,1,3,0.1111111111111111,0.3333333333333333,1.4142135381698608,6.643521308898926,1.4142135381698608,2.8284270763397217
FAMILY-48,CHILD,FM048_C2.png,local,21,20,18,0.447857141494751,0.547249972820282,0.4858333170413971,13,13,9,8,7,9,9,9,0.42857142857142855,0.42857142857142855,4.406767778926426,5.870423568619622,3.1622776985168457,5.0
FAMILY-48,CHILD,FM048_C3.png,local,2,0,1,0.4950000047683716,,0.9900000095367432,2,0,1,0,0,0,0,0,0.0,0.0,,,,
FAMILY-48,CHILD,FM048_C4.png,local,2,1,0,0.38499999046325684,0.2750000059604645,,1,0,0,1,1,0,0,0,0.0,0.0,,,,
FAMILY-48,CHILD,FM048_C5.png,local,5,5,5,0.3190000057220459,0.3630000054836273,0.36299997568130493,1,2,2,4,3,3,2,4,0.4,0.8,5.5,7.688312888145447,5.5,7.3766257762908936
FAMILY-48,FATHER,FM048_F1.png,local,33,21,19,0.47733333706855774,0.4426189959049225,0.4162631630897522,29,16,14,4,5,5,17,16,0.5151515151515151,0.48484848484848486,5.329864572076237,6.865027233958244,4.4721360206604,6.363839864730835
FAMILY-48,FATHER,FM048_F2.png,local,11,12,4,0.5019999742507935,0.4253333508968353,0.4950000047683716,10,10,4,1,2,0,7,2,0.6363636363636364,0.18181818181818182,6.274729251861572,4.830212295055389,6.324555397033691,4.830212295055389
FAMILY-48,FATHER,FM048_F3.png,local,2,0,2,0.38499999046325684,,0.38499999046325684,1,0,1,1,0,1,0,0,0.0,0.0,,,,
FAMILY-48,FATHER,FM048_F4.png,local,0,0,0,,,,0,0,0,0,0,0,0,0,0.0,0.0,,,,
FAMILY-48,FATHER,FM048_F5.png,local,1,4,7,0.4950000047683716,0.33000001311302185,0.33785709738731384,1,1,2,0,3,5,0,1,0.0,1.0,,7.071067810058594,,7.071067810058594
FAMILY-48,MOTHER,FM048_M1.png,local,10,16,12,0.4509999752044678,0.5018749833106995,0.38866662979125977,8,12,8,2,4,4,4,6,0.4,0.6,7.339984774589539,9.934152285257975,7.220339775085449,10.239501953125
FAMILY-48,MOTHER,FM048_M2.png,local,0,1,4,,0.2750000059604645,0.3850000202655792,0,0,2,0,1,2,0,0,0.0,0.0,,,,
FAMILY-48,MOTHER,FM048_M3.png,local,1,1,1,0.2750000059604645,0.2750000059604645,0.2750000059604645,0,0,0,1,1,1,0,0,0.0,0.0,,,,
FAMILY-48,MOTHER,FM048_M4.png,local,8,1,2,0.2887499928474426,0.4950000047683716,0.4950000047683716,1,1,2,7,0,0,0,0,0.0,0.0,,,,
FAMILY-48,MOTHER,FM048_M5.png,local,0,0,0,,,,0,0,0,0,0,0,0,0,0.0,0.0,,,,
FAMILY-54,CHILD,FM054_C1.png,local,3,8,7,0.4950000047683716,0.4496249854564667,0.4949999451637268,3,5,7,0,3,0,2,1,0.6666666666666666,0.3333333333333333,3.6180340051651,2.0,3.6180340051651,2.0
FAMILY-54,CHILD,FM054_C2.png,local,0,0,3,,,0.34833332896232605,0,0,1,0,0,2,0,0,0.0,0.0,,,,
FAMILY-54,CHILD,FM054_C3.png,local,0,0,0,,,,0,0,0,0,0,0,0,0,0.0,0.0,,,,
FAMILY-54,CHILD,FM054_C4.png,local,0,0,0,,,,0,0,0,0,0,0,0,0,0.0,0.0,,,,
FAMILY-54,CHILD,FM054_C5.png,local,8,12,3,0.4399999976158142,0.3850000202655792,0.4216666519641876,6,6,2,2,6,1,2,0,0.25,0.0,10.945226192474365,,10.945226192474365,
FAMILY-54,FATHER,FM054_F1.png,local,12,18,17,0.46291670203208923,0.48888885974884033,0.40441176295280457,8,14,10,4,4,7,2,1,0.16666666666666666,0.08333333333333333,9.427805185317993,12.165525436401367,9.427805185317993,12.165525436401367
FAMILY-54,FATHER,FM054_F2.png,local,4,0,0,0.33000001311302185,,,1,0,0,3,0,0,0,0,0.0,0.0,,,,
FAMILY-54,FATHER,FM054_F3.png,local,0,1,0,,0.550000011920929,,0,0,0,0,1,0,0,0,0.0,0.0,,,,
FAMILY-54,FATHER,FM054_F4.png,local,2,2,2,0.4950000047683716,0.4950000047683716,0.38499999046325684,2,2,1,0,0,1,1,0,0.5,0.0,1.0,,1.0,
FAMILY-54,FATHER,FM054_F5.png,local,12,7,11,0.34833332896232605,0.40700000524520874,0.41499999165534973,4,6,7,8,1,4,2,2,0.16666666666666666,0.16666666666666666,8.70087718963623,3.2071067690849304,8.70087718963623,3.2071067690849304
FAMILY-54,MOTHER,FM054_M1.png,local,65,55,45,0.4269692301750183,0.38460007309913635,0.3625110983848572,42,31,23,23,24,22,34,31,0.5230769230769231,0.47692307692307695,6.517730369287379,9.207307473305733,5.608058214187622,9.848857879638672
FAMILY-54,MOTHER,FM054_M2.png,local,50,31,30,0.4171200692653656,0.4055805802345276,0.4051666259765625,35,19,17,15,12,13,17,10,0.34,0.2,8.386087193208581,7.992179679870605,8.246211051940918,6.701562166213989
FAMILY-54,MOTHER,FM054_M3.png,local,43,21,8,0.375279039144516,0.43057137727737427,0.4675000011920929,21,14,7,22,7,1,13,4,0.3023255813953488,0.09302325581395349,7.161397411273076,5.577982187271118,5.830951690673828,4.96505331993103
FAMILY-54,MOTHER,FM054_M4.png,local,24,16,14,0.4652083218097687,0.4296875,0.3692857325077057,15,9,6,9,7,8,7,5,0.2916666666666667,0.20833333333333334,8.607614755630493,7.925803518295288,11.180339813232422,9.433980941772461
FAMILY-54,MOTHER,FM054_M5.png,local,24,13,6,0.3721666634082794,0.33761537075042725,0.4216667115688324,13,7,4,11,6,2,5,3,0.20833333333333334,0.125,4.252845764160156,7.461721579233806,1.0,5.385164737701416
FAMILY-65,CHILD,FM065_C1.png,local,55,62,60,0.7708002328872681,0.6953952312469482,0.6286500096321106,49,52,53,6,10,7,31,33,0.5636363636363636,0.6,5.927519790587887,8.244466095259696,5.830951690673828,8.5440034866333
FAMILY-65,CHILD,FM065_C2.png,local,44,36,34,0.47300001978874207,0.4045555591583252,0.407647043466568,29,24,18,15,12,16,24,28,0.5454545454545454,0.6363636363636364,6.531469444433848,7.704478544848306,5.692582368850708,7.8102498054504395
FAMILY-65,CHILD,FM065_C3.png,local,14,24,22,0.48321428894996643,0.4789583384990692,0.4270000159740448,11,20,18,3,4,4,6,5,0.42857142857142855,0.35714285714285715,2.83735861380895,8.644155502319336,1.2071067690849304,7.0
FAMILY-65,CHILD,FM065_C4.png,local,50,49,43,0.40084004402160645,0.41867348551750183,0.42209306359291077,30,29,23,20,20,20,24,21,0.48,0.42,6.336611285805702,8.590527676400685,5.242092132568359,8.0
FAMILY-65,CHILD,FM065_C5.png,local,18,14,10,0.33427777886390686,0.45964282751083374,0.4757499694824219,10,10,8,8,4,2,4,6,0.2222222222222222,0.3333333333333333,8.470253586769104,6.724265734354655,7.807886600494385,5.328427076339722
FAMILY-65,FATHER,FM065_F1.png,local,0,4,0,,0.4950000047683716,,0,4,0,0,0,0,0,0,0.0,0.0,,,,
FAMILY-65,FATHER,FM065_F2.png,local,0,0,1,,,0.4950000047683716,0,0,1,0,0,0,0,0,0.0,0.0,,,,
FAMILY-65,FATHER,FM065_F3.png,local,7,13,5,0.400714248418808,0.4442307651042938,0.40699997544288635,4,10,3,3,3,2,6,2,0.8571428571428571,0.2857142857142857,7.238060235977173,10.300323724746704,7.9721360206604,10.300323724746704
FAMILY-65,FATHER,FM065_F4.png,local,3,0,0,0.4950000047683716,,,3,0,0,0,0,0,0,0,0.0,0.0,,,,
FAMILY-65,FATHER,FM065_F5.png,local,0,0,0,,,,0,0,0,0,0,0,0,0,0.0,0.0,,,,
FAMILY-65,MOTHER,FM065_M1.png,local,0,1,0,,0.4950000047683716,,0,1,0,0,0,0,0,0,0.0,0.0,,,,
FAMILY-65,MOTHER,FM065_M2.png,local,3,0,3,0.4216666519641876,,0.4950000047683716,2,0,3,1,0,0,0,1,0.0,0.3333333333333333,,8.5440034866333,,8.5440034866333
FAMILY-65,MOTHER,FM065_M3.png,local,0,0,0,,,,0,0,0,0,0,0,0,0,0.0,0.0,,,,
FAMILY-65,MOTHER,FM065_M4.png,local,8,7,4,0.45375001430511475,0.37714284658432007,0.33000001311302185,4,2,1,4,5,3,5,2,0.625,0.25,6.303853130340576,4.192582368850708,5.830951690673828,4.192582368850708
FAMILY-65,MOTHER,FM065_M5.png,local,0,0,0,,,,0,0,0,0,0,0,0,0,0.0,0.0,,,,
FAMILY-66,CHILD,FM066_C1.png,local,0,1,8,,0.4950000047683716,0.4743749797344208,0,1,5,0,0,3,0,0,0.0,0.0,,,,
FAMILY-66,CHILD,FM066_C2.png,local,2,0,0,0.4950000047683716,,,2,0,0,0,0,0,0,0,0.0,0.0,,,,
FAMILY-66,CHILD,FM066_C3.png,local,5,11,14,0.40700000524520874,0.4020000398159027,0.5295714139938354,3,6,11,2,5,3,2,1,0.4,0.2,4.2360680103302,4.123105525970459,4.2360680103302,4.123105525970459
FAMILY-66,CHILD,FM066_C4.png,local,6,1,2,0.42166662216186523,0.4950000047683716,0.38499999046325684,4,1,1,2,0,1,0,0,0.0,0.0,,,,
FAMILY-66,CHILD,FM066_C5.png,local,0,1,0,,0.4950000047683716,,0,1,0,0,0,0,0,0,0.0,0.0,,,,
FAMILY-66,FATHER,FM066_F1.png,local,12,8,3,0.5408332943916321,0.4124999940395355,0.4216666519641876,10,2,2,2,6,1,2,0,0.16666666666666666,0.0,4.802775621414185,,4.802775621414185,
FAMILY-66,FATHER,FM066_F2.png,local,2,0,0,0.2750000059604645,,,0,0,0,2,0,0,0,0,0.0,0.0,,,,
FAMILY-66,FATHER,FM066_F3.png,local,34,16,22,0.26464706659317017,0.3712500035762787,0.3649999797344208,6,7,9,28,9,13,12,10,0.35294117647058826,0.29411764705882354,7.993914385636647,6.370127868652344,7.605551242828369,5.662277698516846
FAMILY-66,FATHER,FM066_F4.png,local,10,6,9,0.4092000126838684,0.3153333067893982,0.448555588722229,7,2,8,3,4,1,3,2,0.3,0.2,10.277318716049194,6.264982223510742,14.03566837310791,6.264982223510742
FAMILY-66,FATHER,FM066_F5.png,local,0,0,5,,,0.40700000524520874,0,0,3,0,0,2,0,0,0.0,0.0,,,,
FAMILY-66,MOTHER,FM066_M1.png,local,1,3,3,0.4950000047683716,0.4216666519641876,0.34833332896232605,1,2,1,0,1,2,0,0,0.0,0.0,,,,
FAMILY-66,MOTHER,FM066_M2.png,local,0,0,1,,,0.4950000047683716,0,0,1,0,0,0,0,0,0.0,0.0,,,,
FAMILY-66,MOTHER,FM066_M3.png,local,1,1,2,0.4950000047683716,0.9900000095367432,0.5225000381469727,1,1,1,0,0,1,0,0,0.0,0.0,,,,
FAMILY-66,MOTHER,FM066_M4.png,local,6,1,5,0.3116666376590729,0.4950000047683716,0.3190000057220459,1,1,1,5,0,4,0,2,0.0,0.3333333333333333,,7.456221342086792,,7.456221342086792
FAMILY-66,MOTHER,FM066_M5.png,local,0,6,7,,0.4216667115688324,0.3692857325077057,0,4,3,0,2,4,0,0,0.0,0.0,,,,
FAMILY-67,CHILD,FM067_C1.png,local,67,61,57,0.41898512840270996,0.402582049369812,0.41954389214515686,25,31,32,42,30,25,30,28,0.44776119402985076,0.417910447761194,5.787948246796926,7.142777706895556,5.0,7.071067810058594
FAMILY-67,CHILD,FM067_C2.png,local,54,68,65,0.3495555818080902,0.36639705300331116,0.38026154041290283,25,38,38,29,30,27,26,24,0.48148148148148145,0.4444444444444444,6.876884698867798,7.790678371985753,5.956857204437256,7.566662788391113
FAMILY-67,CHILD,FM067_C3.png,local,15,12,18,0.346866637468338,0.41616666316986084,0.4008888602256775,9,10,13,6,2,5,7,7,0.4666666666666667,0.4666666666666667,8.366917746407646,7.604001453944615,9.433980941772461,7.280109882354736
FAMILY-67,CHILD,FM067_C4.png,local,27,22,47,0.3691110908985138,0.3529999852180481,0.3601914942264557,14,12,24,13,10,23,8,15,0.2962962962962963,0.5555555555555556,6.916325718164444,7.840088812510173,6.889635801315308,7.071067810058594
FAMILY-67,CHILD,FM067_C5.png,local,42,46,51,0.37138092517852783,0.35008692741394043,0.3090784251689911,27,24,15,15,22,36,18,20,0.42857142857142855,0.47619047619047616,4.851946565839979,7.704557716846466,4.357388257980347,8.27376937866211
FAMILY-67,FATHER,FM067_F1.png,local,8,2,15,0.37675002217292786,0.38499999046325684,0.3974666893482208,6,1,8,2,1,7,1,3,0.125,0.375,3.1622776985168457,4.151870807011922,3.1622776985168457,2.2360680103302
FAMILY-67,FATHER,FM067_F2.png,local,39,43,43,0.340999960899353,0.40930238366127014,0.39855819940567017,17,26,27,22,17,16,20,17,0.5128205128205128,0.4358974358974359,7.178563022613526,7.730194091796875,6.07775354385376,7.211102485656738
FAMILY-67,FATHER,FM067_F3.png,local,36,31,51,0.3189999759197235,0.36867737770080566,0.38780391216278076,13,18,29,23,13,22,15,9,0.4166666666666667,0.25,6.937768602371216,9.744895140329996,6.7082037925720215,10.198039054870605
FAMILY-67,FATHER,FM067_F4.png,local,11,26,19,0.47999998927116394,0.4036153554916382,0.3890526294708252,8,18,9,3,8,10,3,2,0.2727272727272727,0.18181818181818182,4.86851708094279,11.323431015014648,3.605551242828369,11.323431015014648
FAMILY-67,FATHER,FM067_F5.png,local,20,6,17,0.3904999792575836,0.4583333432674408,0.3914705812931061,11,5,9,9,1,8,4,6,0.2,0.3,5.4086034297943115,8.4459969997406,5.2360680103302,7.807535648345947
FAMILY-67,MOTHER,FM067_M1.png,local,18,20,35,0.41188886761665344,0.35749998688697815,0.36708569526672363,13,12,18,5,8,17,0,8,0.0,0.4444444444444444,,7.836634576320648,,5.894144535064697
FAMILY-67,MOTHER,FM067_M2.png,local,43,19,18,0.39791861176490784,0.3409999907016754,0.3422222137451172,27,9,7,16,10,11,5,7,0.11627906976744186,0.16279069767441862,8.266890716552734,11.152779170445033,11.0,11.313708305358887
FAMILY-67,MOTHER,FM067_M3.png,local,13,8,3,0.43661534786224365,0.4399999976158142,0.4950000047683716,11,6,3,2,2,0,0,1,0.0,0.07692307692307693,,5.385164737701416,,5.385164737701416
FAMILY-67,MOTHER,FM067_M4.png,local,54,33,27,0.3141110837459564,0.3969999849796295,0.37603703141212463,24,21,17,30,12,10,13,8,0.24074074074074073,0.14814814814814814,9.022881948030912,7.829957067966461,7.211102485656738,7.6366801261901855
FAMILY-67,MOTHER,FM067_M5.png,local,6,4,6,0.4033333361148834,0.390500009059906,0.38499999046325684,4,3,3,2,1,3,0,1,0.0,0.16666666666666666,,0.0,,0.0
FAMILY-78,CHILD,FM078_C1.png,local,0,0,7,,,0.400714248418808,0,0,4,0,0,3,0,0,0.0,0.0,,,,
FAMILY-78,CHILD,FM078_C2.png,local,0,0,7,,,0.400714248418808,0,0,4,0,0,3,0,0,0.0,0.0,,,,
FAMILY-78,CHILD,FM078_C3.png,local,0,4,1,,0.38499999046325684,0.2750000059604645,0,2,0,0,2,1,0,0,0.0,0.0,,,,
FAMILY-78,CHILD,FM078_C4.png,local,2,2,0,0.2750000059604645,0.7425000071525574,,0,2,0,2,0,0,0,0,0.0,0.0,,,,
FAMILY-78,CHILD,FM078_C5.png,local,0,2,0,,0.2750000059604645,,0,0,0,0,2,0,0,0,0.0,0.0,,,,
FAMILY-78,FATHER,FM078_F1.png,local,8,17,19,0.5362499952316284,0.4429117739200592,0.4660526216030121,5,11,13,3,6,6,4,4,0.5,0.5,7.5339213609695435,11.126250863075256,7.164718389511108,11.550939559936523
FAMILY-78,FATHER,FM078_F2.png,local,5,6,5,0.32339999079704285,0.4216667115688324,0.3189999759197235,2,4,1,3,2,4,3,2,0.6,0.4,6.43187681833903,5.70710676908493,9.0,5.70710676908493
FAMILY-78,FATHER,FM078_F3.png,local,5,5,5,0.5103999972343445,0.30139997601509094,0.4949999749660492,4,2,5,1,3,0,2,3,0.4,0.6,4.7360680103302,6.540410916010539,4.7360680103302,5.385164737701416
FAMILY-78,FATHER,FM078_F4.png,local,0,0,3,,,0.4216666519641876,0,0,2,0,0,1,0,0,0.0,0.0,,,,
FAMILY-78,FATHER,FM078_F5.png,local,0,0,1,,,0.2750000059604645,0,0,0,0,0,1,0,0,0.0,0.0,,,,
FAMILY-78,MOTHER,FM078_M1.png,local,2,2,3,0.2750000059604645,0.7425000071525574,0.4216666519641876,0,2,2,2,0,1,0,0,0.0,0.0,,,,
FAMILY-78,MOTHER,FM078_M2.png,local,3,1,3,0.34833332896232605,0.4950000047683716,0.34833332896232605,1,1,1,2,0,2,0,1,0.0,0.3333333333333333,,14.03566837310791,,14.03566837310791
FAMILY-78,MOTHER,FM078_M3.png,local,3,2,1,0.4216666519641876,0.38499999046325684,0.4950000047683716,2,1,1,1,1,0,0,0,0.0,0.0,,,,
FAMILY-78,MOTHER,FM078_M4.png,local,7,3,7,0.40071433782577515,0.34833332896232605,0.4635713994503021,4,1,6,3,2,1,2,1,0.2857142857142857,0.14285714285714285,3.6426916122436523,1.0,3.6426916122436523,1.0
FAMILY-78,MOTHER,FM078_M5.png,local,3,11,2,0.3556666672229767,0.36899998784065247,0.3959999978542328,2,7,2,1,4,0,3,0,1.0,0.0,9.3091721534729,,9.486832618713379,
FAMILY-9,CHILD,FM009_C1.png,local,7,9,8,0.3850000202655792,0.37522220611572266,0.4124999940395355,4,5,5,3,4,3,3,2,0.42857142857142855,0.2857142857142857,11.327142079671225,5.8698084354400635,11.401754379272461,5.8698084354400635
FAMILY-9,CHILD,FM009_C2.png,local,21,22,23,0.37347617745399475,0.32100000977516174,0.345782607793808,13,8,12,8,14,11,12,12,0.5714285714285714,0.5714285714285714,7.598679145177205,9.125982185204824,7.854101896286011,10.24341630935669
FAMILY-9,CHILD,FM009_C3.png,local,29,34,28,0.40358614921569824,0.3526470363140106,0.3677142560482025,17,17,15,12,17,13,9,7,0.3103448275862069,0.2413793103448276,8.996329969829983,7.796571425029209,9.486832618713379,8.062257766723633
FAMILY-9,CHILD,FM009_C4.png,local,56,57,55,0.38126784563064575,0.41047370433807373,0.34820008277893066,31,38,26,25,19,29,31,31,0.5535714285714286,0.5535714285714286,5.104279368154464,7.096162338410655,4.123105525970459,7.8102498054504395
FAMILY-9,CHILD,FM009_C5.png,local,61,51,61,0.44991812109947205,0.42360788583755493,0.3846393823623657,48,35,38,13,16,23,29,28,0.47540983606557374,0.45901639344262296,6.954904021887944,7.502242190497262,6.4031243324279785,7.071067810058594
FAMILY-9,FATHER,FM009_F1.png,local,47,38,29,0.3690851032733917,0.32710522413253784,0.3334137797355652,22,10,11,25,28,18,18,14,0.3829787234042553,0.2978723404255319,5.3972048163414,8.271137339728218,4.5615527629852295,7.729254961013794
FAMILY-9,FATHER,FM009_F2.png,local,50,40,36,0.3335200250148773,0.3987500071525574,0.38499999046325684,25,23,23,25,17,13,25,22,0.5,0.44,7.711289930343628,6.696428488601338,8.062257766723633,6.454634666442871
FAMILY-9,FATHER,FM009_F3.png,local,68,69,75,0.3875882625579834,0.42437684535980225,0.4589932858943939,44,33,52,24,36,23,40,37,0.5882352941176471,0.5441176470588235,7.416067919135093,7.642794860375894,7.245606184005737,7.071067810058594
FAMILY-9,FATHER,FM009_F4.png,local,77,73,60,0.3655714690685272,0.37746578454971313,0.368316650390625,35,31,27,42,42,33,46,43,0.5974025974025974,0.5584415584415584,7.227470592312191,7.9400047424227695,6.2036590576171875,7.6157732009887695
FAMILY-9,FATHER,FM009_F5.png,local,98,85,86,0.4121631979942322,0.35627061128616333,0.38570356369018555,53,37,45,45,48,41,52,43,0.5306122448979592,0.4387755102040816,7.367808374074789,8.98454207597777,7.071067810058594,8.9442720413208
FAMILY-9,MOTHER,FM009_M1.png,local,11,14,14,0.34700000286102295,0.42742854356765747,0.4022856652736664,5,12,9,6,2,5,3,2,0.2727272727272727,0.18181818181818182,11.35905392964681,9.736076593399048,13.928388595581055,9.736076593399048
FAMILY-9,MOTHER,FM009_M2.png,local,37,28,37,0.32197293639183044,0.3158571422100067,0.33505403995513916,13,8,17,24,20,20,15,17,0.40540540540540543,0.4594594594594595,5.88950842221578,7.650476876427145,4.4721360206604,6.7082037925720215
FAMILY-9,MOTHER,FM009_M3.png,local,40,33,34,0.39311251044273376,0.35233333706855774,0.3584705889225006,22,15,19,18,18,15,20,11,0.5,0.275,8.626994222402573,5.254606658762151,8.801162719726562,5.099019527435303
FAMILY-9,MOTHER,FM009_M4.png,local,27,28,36,0.4131110906600952,0.3677142560482025,0.3727777898311615,21,15,17,6,13,19,5,10,0.18518518518518517,0.37037037037037035,4.370644903182983,7.540755033493042,4.4721360206604,7.1619884967803955
FAMILY-9,MOTHER,FM009_M5.png,local,37,44,51,0.3279188871383667,0.3544999659061432,0.31554901599884033,20,26,20,17,18,31,17,22,0.4594594594594595,0.5945945945945946,8.83554457215702,6.954316811128096,8.9442720413208,6.269577741622925
FAMILY-13,CHILD,FM013_C1.png,bending,57,48,50,0.3564385771751404,0.3630000054836273,0.29721999168395996,29,26,13,28,22,37,23,21,0.40350877192982454,0.3684210526315789,9.108875813691512,9.402548653738839,10.630146026611328,9.05538558959961
FAMILY-13,CHILD,FM013_C2.png,bending,35,26,12,0.33471426367759705,0.3096923232078552,0.33916667103767395,11,7,4,24,19,8,18,7,0.5142857142857142,0.2,8.823395530382792,7.353522505078997,9.137465000152588,7.280109882354736
FAMILY-13,CHILD,FM013_C3.png,bending,23,14,9,0.3759130537509918,0.3378571569919586,0.37888890504837036,12,4,2,11,10,7,7,5,0.30434782608695654,0.21739130434782608,5.859216281345913,8.343515825271606,5.385164737701416,10.816654205322266
FAMILY-13,CHILD,FM013_C4.png,bending,11,4,6,0.4549999535083771,0.4399999976158142,0.31166666746139526,6,3,1,5,1,5,0,0,0.0,0.0,,,,
FAMILY-13,CHILD,FM013_C5.png,bending,24,19,10,0.33916667103767395,0.3876052498817444,0.40149998664855957,8,10,4,16,9,6,11,7,0.4583333333333333,0.2916666666666667,6.3792454979636455,7.122200931821551,5.385164737701416,7.280109882354736
FAMILY-13,FATHER,FM013_F1.png,bending,38,29,24,0.33694732189178467,0.3671724200248718,0.3735416829586029,16,15,9,22,14,15,22,14,0.5789473684210527,0.3684210526315789,8.166501597924666,6.468136668205261,8.773298740386963,5.692582368850708
FAMILY-13,FATHER,FM013_F2.png,bending,48,64,50,0.32770833373069763,0.34031248092651367,0.34627997875213623,19,27,20,29,37,30,31,17,0.6458333333333334,0.3541666666666667,7.272640255189711,9.240760557791766,5.385164737701416,10.770329475402832
FAMILY-13,FATHER,FM013_F3.png,bending,66,74,62,0.3696666955947876,0.35378381609916687,0.3674355149269104,29,33,27,37,41,35,31,38,0.4696969696969697,0.5757575757575758,6.564394535556916,8.587917083188108,6.082762718200684,8.154234409332275
FAMILY-13,FATHER,FM013_F4.png,bending,71,70,57,0.3738451302051544,0.34304293990135193,0.30693861842155457,31,23,14,40,47,43,38,28,0.5352112676056338,0.39436619718309857,7.469535426089638,7.543923948492322,6.5163795948028564,7.447941541671753
FAMILY-13,FATHER,FM013_F5.png,bending,73,53,37,0.3346712589263916,0.37856605648994446,0.4043242931365967,24,25,21,49,28,16,22,15,0.3013698630136986,0.2054794520547945,7.654485030607744,10.816603851318359,7.839015483856201,11.401754379272461
FAMILY-13,MOTHER,FM013_M1.png,bending,54,59,50,0.344870388507843,0.3628135919570923,0.35134002566337585,22,28,22,32,31,28,19,18,0.35185185185185186,0.3333333333333333,9.380415960362082,9.879270043638018,11.180339813232422,10.128581047058105
FAMILY-13,MOTHER,FM013_M2.png,bending,55,57,62,0.3522000312805176,0.3662807047367096,0.37470975518226624,24,29,26,31,28,36,33,26,0.6,0.4727272727272727,8.142374631130334,9.679552559669201,8.062257766723633,10.440306663513184
FAMILY-13,MOTHER,FM013_M3.png,bending,41,44,29,0.4008293151855469,0.406000018119812,0.3182413578033447,23,25,10,18,19,19,21,12,0.5121951219512195,0.2926829268292683,7.597623416355678,9.300947070121765,8.5440034866333,9.486832618713379
FAMILY-13,MOTHER,FM013_M4.png,bending,43,37,33,0.31823253631591797,0.29937833547592163,0.3036666512489319,13,9,9,30,28,24,14,13,0.32558139534883723,0.3023255813953488,9.508182542664665,8.83638651554401,9.74341630935669,9.05538558959961
FAMILY-13,MOTHER,FM013_M5.png,bending,36,20,18,0.3846944570541382,0.3091000020503998,0.36116665601730347,18,5,9,18,15,9,10,12,0.2777777777777778,0.3333333333333333,7.732783651351928,9.855025291442871,8.27200174331665,10.908327102661133
FAMILY-14,CHILD,FM014_C1.png,bending,70,62,69,0.47653573751449585,0.3921855390071869,0.44127535820007324,44,40,43,26,22,26,32,22,0.45714285714285713,0.3142857142857143,8.256720259785652,8.46578696641055,7.839015483856201,9.081908226013184
FAMILY-14,CHILD,FM014_C2.png,bending,44,60,73,0.3917500376701355,0.39893341064453125,0.41845205426216125,19,34,37,25,26,36,24,23,0.5454545454545454,0.5227272727272727,7.6788978179295855,10.02442225165989,6.7082037925720215,11.180339813232422
FAMILY-14,CHILD,FM014_C3.png,bending,43,31,27,0.4699302911758423,0.5056451559066772,0.5072222352027893,25,22,20,18,9,7,24,18,0.5581395348837209,0.4186046511627907,7.267400215069453,10.46781700849533,7.035533905029297,12.041594505310059
FAMILY-14,CHILD,FM014_C4.png,bending,64,29,56,0.4580468535423279,0.3694482445716858,0.4702499806880951,38,11,37,26,18,19,14,20,0.21875,0.3125,9.207330090659005,8.368972849845886,10.514598846435547,8.062257766723633
FAMILY-14,CHILD,FM014_C5.png,bending,80,81,88,0.5264874696731567,0.4592839479446411,0.47712498903274536,54,48,55,26,33,33,39,37,0.4875,0.4625,6.5997553910964575,8.845893743875864,6.324555397033691,8.9442720413208
FAMILY-14,FATHER,FM014_F1.png,bending,106,95,96,0.4269244968891144,0.4384947419166565,0.43186458945274353,42,43,31,64,52,65,57,35,0.5377358490566038,0.330188679245283,7.804491235498796,9.332938391821726,8.0,9.486832618713379
FAMILY-14,FATHER,FM014_F2.png,bending,10,8,11,0.4509999752044678,0.4124999940395355,0.4749999940395355,8,5,10,2,3,1,5,7,0.5,0.7,8.084742546081543,9.479328666414533,7.8102498054504395,12.369317054748535
FAMILY-14,FATHER,FM014_F3.png,bending,24,23,13,0.4271666705608368,0.4280434548854828,0.427307665348053,18,16,9,6,7,4,15,11,0.625,0.4583333333333333,6.367848245302836,7.594022664156827,7.211102485656738,6.324555397033691
FAMILY-14,FATHER,FM014_F4.png,bending,80,55,38,0.381012499332428,0.3728000521659851,0.39513149857521057,27,21,18,53,34,20,35,25,0.4375,0.3125,7.133046368190221,8.3491770362854,5.830951690673828,8.485280990600586
FAMILY-14,FATHER,FM014_F5.png,bending,89,69,24,0.45878657698631287,0.41728267073631287,0.4441250264644623,44,31,16,45,38,8,34,12,0.38202247191011235,0.1348314606741573,7.353690235053792,9.730991244316101,7.6157732009887695,10.128581047058105
FAMILY-14,MOTHER,FM014_M1.png,bending,76,58,38,0.31103944778442383,0.3593965768814087,0.43710532784461975,18,28,28,58,30,10,35,17,0.4605263157894737,0.2236842105263158,7.542230524335589,8.278327030294081,7.280109882354736,7.8102498054504395
FAMILY-14,MOTHER,FM014_M2.png,bending,24,16,4,0.37308335304260254,0.4296875,0.33000001311302185,11,10,1,13,6,3,4,2,0.16666666666666666,0.08333333333333333,6.347515225410461,11.429124355316162,5.612267732620239,11.429124355316162
FAMILY-14,MOTHER,FM014_M3.png,bending,7,7,9,0.4085714519023895,0.400714248418808,0.4118889272212982,3,4,7,4,3,2,3,1,0.42857142857142855,0.14285714285714285,6.352026621500651,2.0,7.6157732009887695,2.0
FAMILY-14,MOTHER,FM014_M4.png,bending,59,64,37,0.30222031474113464,0.355093777179718,0.36924317479133606,12,25,15,47,39,22,28,18,0.4745762711864407,0.3050847457627119,7.164129321064268,8.601844416724312,7.175588846206665,8.650798320770264
FAMILY-14,MOTHER,FM014_M5.png,bending,44,19,37,0.4302500784397125,0.4776315689086914,0.5083783864974976,32,14,28,12,5,9,5,14,0.11363636363636363,0.3181818181818182,7.676723766326904,8.559349707194738,6.324555397033691,6.994156837463379
FAMILY-15,CHILD,FM015_C1.png,bending,64,52,56,0.39909377694129944,0.40467312932014465,0.40248212218284607,30,26,28,34,26,28,28,26,0.4375,0.40625,8.39608884709222,10.444662323364845,9.027692794799805,11.291047096252441
FAMILY-15,CHILD,FM015_C2.png,bending,53,41,36,0.4045095145702362,0.40646347403526306,0.34527772665023804,30,23,13,23,18,23,24,25,0.4528301886792453,0.4716981132075472,6.357597788174947,8.652056007385253,5.692582368850708,8.062257766723633
FAMILY-15,CHILD,FM015_C3.png,bending,42,49,46,0.3716428279876709,0.3910612463951111,0.363956481218338,20,22,20,22,27,26,33,17,0.7857142857142857,0.40476190476190477,6.758847662896821,7.397935895358815,6.0,6.7082037925720215
FAMILY-15,CHILD,FM015_C4.png,bending,37,42,47,0.43732431530952454,0.4211428463459015,0.4180000424385071,27,28,32,10,14,15,19,13,0.5135135135135135,0.35135135135135137,7.377437993099815,7.793567602451031,7.211102485656738,9.219544410705566
FAMILY-15,CHILD,FM015_C5.png,bending,31,28,34,0.40061286091804504,0.4270356595516205,0.4260881841182709,20,19,22,11,9,12,12,18,0.3870967741935484,0.5806451612903226,8.745170215765635,9.951269838545057,9.137465000152588,9.924845218658447
FAMILY-15,FATHER,FM015_F1.png,bending,46,42,31,0.41441312432289124,0.38552379608154297,0.33248382806777954,32,20,11,14,22,20,20,10,0.43478260869565216,0.21739130434782608,8.032106637954712,9.35667281150818,7.671183824539185,9.296939373016357
FAMILY-15,FATHER,FM015_F2.png,bending,14,13,9,0.3732143044471741,0.3723077178001404,0.46444448828697205,5,4,3,9,9,6,4,2,0.2857142857142857,0.14285714285714285,8.932599186897278,3.6225826144218445,8.206287622451782,3.6225826144218445
FAMILY-15,FATHER,FM015_F3.png,bending,2,3,2,0.38499999046325684,0.34833332896232605,0.38499999046325684,1,1,1,1,2,1,1,0,0.5,0.0,12.529964447021484,,12.529964447021484,
FAMILY-15,FATHER,FM015_F4.png,bending,23,12,12,0.4495651423931122,0.3318333327770233,0.3089166581630707,16,5,3,7,7,9,5,3,0.21739130434782608,0.13043478260869565,6.195897340774536,8.30740237236023,3.0,8.5440034866333
FAMILY-15,FATHER,FM015_F5.png,bending,9,9,5,0.43388888239860535,0.4583333432674408,0.4113999903202057,7,8,4,2,1,1,4,1,0.4444444444444444,0.1111111111111111,9.352638721466064,3.0,10.615107536315918,3.0
FAMILY-15,MOTHER,FM015_M1.png,bending,49,27,41,0.41373470425605774,0.4729999601840973,0.420951247215271,32,23,30,17,4,11,15,17,0.30612244897959184,0.3469387755102041,8.088272539774577,8.192554670221666,6.7082037925720215,8.9442720413208
FAMILY-15,MOTHER,FM015_M2.png,bending,19,11,19,0.39194735884666443,0.45500001311302185,0.46142107248306274,16,9,17,3,2,2,7,9,0.3684210526315789,0.47368421052631576,9.331306457519531,7.97985753748152,9.433980941772461,7.071067810058594
FAMILY-15,MOTHER,FM015_M3.png,bending,6,6,2,0.42166662216186523,0.38499999046325684,0.4950000047683716,4,3,2,2,3,0,3,0,0.5,0.0,11.843454043070475,,11.661903381347656,
FAMILY-15,MOTHER,FM015_M4.png,bending,43,31,27,0.41569772362709045,0.4062902629375458,0.4481481611728668,27,24,16,16,7,11,12,15,0.27906976744186046,0.3488372093023256,10.601919372876486,8.656051437060038,11.0,8.0
FAMILY-15,MOTHER,FM015_M5.png,bending,33,24,32,0.4283333122730255,0.40424999594688416,0.4124999940395355,23,16,21,10,8,11,9,11,0.2727272727272727,0.3333333333333333,7.59083190229204,10.826576124538075,6.7082037925720215,10.29563045501709
FAMILY-20,CHILD,FM020_C1.png,bending,4,12,11,0.4399999976158142,0.34833335876464844,0.2850000262260437,3,4,1,1,8,10,1,1,0.25,0.25,14.317821502685547,7.211102485656738,14.317821502685547,7.211102485656738
FAMILY-20,CHILD,FM020_C2.png,bending,1,4,0,0.4950000047683716,0.30250000953674316,,1,1,0,0,3,0,0,0,0.0,0.0,,,,
FAMILY-20,CHILD,FM020_C3.png,bending,5,2,13,0.45100003480911255,0.4950000047683716,0.3968461751937866,4,2,9,1,0,4,1,1,0.2,0.2,4.0,9.899495124816895,4.0,9.899495124816895
FAMILY-20,CHILD,FM020_C4.png,bending,1,4,3,0.4950000047683716,0.4399999976158142,0.4950000047683716,1,3,3,0,1,0,0,0,0.0,0.0,,,,
FAMILY-20,CHILD,FM020_C5.png,bending,3,2,2,0.2383333444595337,0.38499999046325684,0.38499999046325684,0,1,1,3,1,1,0,0,0.0,0.0,,,,
FAMILY-20,FATHER,FM020_F1.png,bending,10,4,2,0.42899999022483826,0.3409999907016754,0.4950000047683716,7,3,2,3,1,0,0,2,0.0,0.2,,12.357463359832764,,12.357463359832764
FAMILY-20,FATHER,FM020_F2.png,bending,10,2,7,0.40700000524520874,0.2750000059604645,0.43214288353919983,6,0,5,4,2,2,0,5,0.0,0.5,,7.687682056427002,,8.9442720413208
FAMILY-20,FATHER,FM020_F3.png,bending,0,0,4,,,0.32999998331069946,0,0,1,0,0,3,0,0,0.0,0.0,,,,
FAMILY-20,FATHER,FM020_F4.png,bending,16,8,0,0.31212499737739563,0.2750000059604645,,5,0,0,11,8,0,3,0,0.1875,0.0,9.316996415456137,,9.899495124816895,
FAMILY-20,FATHER,FM020_F5.png,bending,3,0,14,0.4216666519641876,,0.26085716485977173,2,0,2,1,0,12,0,0,0.0,0.0,,,,
FAMILY-20,MOTHER,FM020_M1.png,bending,0,1,1,,0.4950000047683716,0.4950000047683716,0,1,1,0,0,0,0,0,0.0,0.0,,,,
FAMILY-20,MOTHER,FM020_M2.png,bending,1,4,5,0.2750000059604645,0.38499999046325684,0.40700000524520874,0,2,3,1,2,2,0,0,0.0,0.0,,,,
FAMILY-20,MOTHER,FM020_M3.png,bending,0,0,1,,,0.2750000059604645,0,0,0,0,0,1,0,0,0.0,0.0,,,,
FAMILY-20,MOTHER,FM020_M4.png,bending,0,0,4,,,0.38499999046325684,0,0,2,0,0,2,0,0,0.0,0.0,,,,
FAMILY-20,MOTHER,FM020_M5.png,bending,1,1,2,0.4950000047683716,0.4950000047683716,0.38499999046325684,1,1,1,0,0,1,0,1,0.0,1.0,,14.560219764709473,,14.560219764709473
FAMILY-23,CHILD,FM023_C1.png,bending,18,9,19,0.4033333361148834,0.42166668176651,0.3630000054836273,11,6,9,7,3,10,4,5,0.2222222222222222,0.2777777777777778,8.996651649475098,10.574453926086425,9.13014841079712,10.0
FAMILY-23,CHILD,FM023_C2.png,bending,2,14,5,0.38499999046325684,0.4494285583496094,0.3497999906539917,1,12,4,1,2,1,1,0,0.5,0.0,9.219544410705566,,9.219544410705566,
FAMILY-23,CHILD,FM023_C3.png,bending,13,4,10,0.4103845953941345,0.38499999046325684,0.4509999752044678,8,2,8,5,2,2,2,5,0.15384615384615385,0.38461538461538464,10.882411479949951,10.028687286376954,10.882411479949951,9.219544410705566
FAMILY-23,CHILD,FM023_C4.png,bending,7,5,3,0.4635713994503021,0.32339996099472046,0.3556666672229767,6,2,2,1,3,1,0,1,0.0,0.14285714285714285,,14.764822959899902,,14.764822959899902
FAMILY-23,CHILD,FM023_C5.png,bending,5,5,3,0.3630000054836273,0.36739999055862427,0.4216666519641876,2,3,2,3,2,1,1,0,0.2,0.0,6.082762718200684,,6.082762718200684,
FAMILY-23,FATHER,FM023_F1.png,bending,25,22,22,0.3515600264072418,0.343999981880188,0.3410000205039978,12,12,9,13,10,13,14,9,0.56,0.36,7.045494079589844,7.809477170308431,6.9701642990112305,7.071067810058594
FAMILY-23,FATHER,FM023_F2.png,bending,44,37,41,0.38850003480911255,0.407297283411026,0.4153171181678772,20,22,28,24,15,13,22,22,0.5,0.5,7.364215460690585,8.81520390510559,5.854860067367554,8.866521835327148
FAMILY-23,FATHER,FM023_F3.png,bending,58,54,29,0.4612414240837097,0.37522226572036743,0.4362068474292755,37,27,19,21,27,10,31,17,0.5344827586206896,0.29310344827586204,8.358862980719536,8.546650290489197,8.062257766723633,8.0
FAMILY-23,FATHER,FM023_F4.png,bending,29,27,30,0.4240688979625702,0.41107407212257385,0.4363332688808441,23,19,22,6,8,8,7,15,0.2413793103448276,0.5172413793103449,6.754404578890119,9.011669603983561,6.7082037925720215,9.219544410705566
FAMILY-23,FATHER,FM023_F5.png,bending,81,75,63,0.5313950181007385,0.4746132791042328,0.4756190776824951,63,53,43,18,22,20,47,31,0.5802469135802469,0.38271604938271603,6.367829890961342,8.619059774183459,5.385164737701416,8.485280990600586
FAMILY-23,MOTHER,FM023_M1.png,bending,61,45,42,0.506901741027832,0.4187334179878235,0.40071427822113037,43,26,24,18,19,18,23,16,0.3770491803278688,0.26229508196721313,7.33028625405353,7.967060148715973,7.280109882354736,7.941217660903931
FAMILY-23,MOTHER,FM023_M2.png,bending,18,24,15,0.4045555591583252,0.41341665387153625,0.37913331389427185,12,16,8,6,8,7,10,10,0.5555555555555556,0.5555555555555556,9.09632649421692,7.347071886062622,7.671183824539185,6.576915264129639
FAMILY-23,MOTHER,FM023_M3.png,bending,16,13,13,0.4633750021457672,0.4421153664588928,0.33000004291534424,11,7,3,5,6,10,6,5,0.375,0.3125,5.91682763894399,8.613593292236327,5.035533905029297,8.062257766723633
FAMILY-23,MOTHER,FM023_M4.png,bending,18,10,31,0.4228888750076294,0.4509999752044678,0.46022579073905945,13,8,27,5,2,4,9,4,0.5,0.2222222222222222,6.226898590723674,8.81936001777649,6.4031243324279785,8.332291603088379
FAMILY-23,MOTHER,FM023_M5.png,bending,9,13,24,0.3776666820049286,0.37315383553504944,0.4115833342075348,6,9,19,3,4,5,2,3,0.2222222222222222,0.3333333333333333,5.701562166213989,9.914084911346436,5.701562166213989,12.165525436401367
FAMILY-36,CHILD,FM036_C1.png,bending,3,0,0,0.4216666519641876,,,2,0,0,1,0,0,0,0,0.0,0.0,,,,
FAMILY-36,CHILD,FM036_C2.png,bending,0,0,0,,,,0,0,0,0,0,0,0,0,0.0,0.0,,,,
FAMILY-36,CHILD,FM036_C3.png,bending,1,0,1,0.2750000059604645,,0.2750000059604645,0,0,0,1,0,1,0,1,0.0,1.0,,8.485280990600586,,8.485280990600586
FAMILY-36,CHILD,FM036_C4.png,bending,0,0,0,,,,0,0,0,0,0,0,0,0,0.0,0.0,,,,
FAMILY-36,CHILD,FM036_C5.png,bending,0,0,0,,,,0,0,0,0,0,0,0,0,0.0,0.0,,,,
FAMILY-36,FATHER,FM036_F1.png,bending,11,2,4,0.4400000274181366,0.6324999928474426,0.6187499761581421,6,1,4,5,1,0,0,0,0.0,0.0,,,,
FAMILY-36,FATHER,FM036_F2.png,bending,2,1,0,0.38499999046325684,0.4950000047683716,,1,1,0,1,0,0,1,0,0.5,0.0,2.0,,2.0,
FAMILY-36,FATHER,FM036_F3.png,bending,0,0,2,,,0.4950000047683716,0,0,2,0,0,0,0,0,0.0,0.0,,,,
FAMILY-36,FATHER,FM036_F4.png,bending,0,0,0,,,,0,0,0,0,0,0,0,0,0.0,0.0,,,,
FAMILY-36,FATHER,FM036_F5.png,bending,0,0,0,,,,0,0,0,0,0,0,0,0,0.0,0.0,,,,
FAMILY-36,MOTHER,FM036_M1.png,bending,23,21,14,0.39934781193733215,0.35880953073501587,0.45178574323654175,13,8,9,10,13,5,8,10,0.34782608695652173,0.43478260869565216,6.4429612159729,8.935002088546753,5.990704774856567,9.05538558959961
FAMILY-36,MOTHER,FM036_M2.png,bending,0,0,0,,,,0,0,0,0,0,0,0,0,0.0,0.0,,,,
FAMILY-36,MOTHER,FM036_M3.png,bending,1,0,0,0.4950000047683716,,,1,0,0,0,0,0,0,0,0.0,0.0,,,,
FAMILY-36,MOTHER,FM036_M4.png,bending,1,0,0,0.2750000059604645,,,0,0,0,1,0,0,0,0,0.0,0.0,,,,
FAMILY-36,MOTHER,FM036_M5.png,bending,5,0,0,0.40699997544288635,,,3,0,0,2,0,0,0,0,0.0,0.0,,,,
FAMILY-37,CHILD,FM037_C1.png,bending,1,0,0,0.2750000059604645,,,0,0,0,1,0,0,0,0,0.0,0.0,,,,
FAMILY-37,CHILD,FM037_C2.png,bending,5,2,1,0.4949999749660492,0.38499999046325684,0.4950000047683716,5,1,1,0,1,0,0,0,0.0,0.0,,,,
FAMILY-37,CHILD,FM037_C3.png,bending,4,0,1,0.38499999046325684,,0.2750000059604645,2,0,0,2,0,1,0,0,0.0,0.0,,,,
FAMILY-37,CHILD,FM037_C4.png,bending,2,2,6,0.38499999046325684,0.38499999046325684,0.4583333432674408,1,1,5,1,1,1,1,1,0.5,0.5,5.385164737701416,11.401754379272461,5.385164737701416,11.401754379272461
FAMILY-37,CHILD,FM037_C5.png,bending,3,0,2,0.4216666519641876,,0.6324999928474426,2,0,1,1,0,1,0,1,0.0,0.3333333333333333,,11.401754379272461,,11.401754379272461
FAMILY-37,FATHER,FM037_F1.png,bending,52,30,29,0.41482698917388916,0.3684999346733093,0.4172413647174835,30,13,13,22,17,16,16,9,0.3076923076923077,0.17307692307692307,7.553234562277794,10.96996029218038,7.175588846206665,12.041594505310059
FAMILY-37,FATHER,FM037_F2.png,bending,35,14,22,0.4651428759098053,0.447857141494751,0.44499996304512024,28,11,17,7,3,5,7,8,0.2,0.22857142857142856,9.105148587908063,7.99548876285553,8.5440034866333,8.246211051940918
FAMILY-37,FATHER,FM037_F3.png,bending,14,22,13,0.4478571116924286,0.4449999928474426,0.48399993777275085,11,17,11,3,5,2,6,2,0.42857142857142855,0.14285714285714285,8.946873346964518,12.883163452148438,8.999828815460205,12.883163452148438
FAMILY-37,FATHER,FM037_F4.png,bending,26,26,15,0.3680769205093384,0.41673076152801514,0.3813333511352539,11,15,5,15,11,10,11,3,0.4230769230769231,0.11538461538461539,7.649235595356334,5.780872503916423,6.082762718200684,3.1622776985168457
FAMILY-37,FATHER,FM037_F5.png,bending,32,23,13,0.3880937695503235,0.3754347860813141,0.4103846251964569,16,11,8,16,12,5,18,6,0.5625,0.1875,7.753334588474697,12.496174494425455,7.0,12.987744808197021
FAMILY-37,MOTHER,FM037_M1.png,bending,8,4,3,0.47437500953674316,0.38499999046325684,0.2750000059604645,6,2,0,2,2,3,1,0,0.125,0.0,4.4721360206604,,4.4721360206604,
FAMILY-37,MOTHER,FM037_M2.png,bending,31,20,22,0.34525802731513977,0.40149998664855957,0.3760000169277191,15,16,12,16,4,10,11,12,0.3548387096774194,0.3870967741935484,6.8720280148766255,7.894517819086711,7.280109882354736,7.941217660903931
FAMILY-37,MOTHER,FM037_M3.png,bending,0,1,2,,0.4950000047683716,0.6324999928474426,0,1,1,0,0,1,0,0,0.0,0.0,,,,
FAMILY-37,MOTHER,FM037_M4.png,bending,7,4,3,0.37557145953178406,0.35749998688697815,0.28966668248176575,5,2,2,2,2,1,2,3,0.2857142857142857,0.42857142857142855,11.280604362487793,9.048909982045492,11.280604362487793,7.280109882354736
FAMILY-37,MOTHER,FM037_M5.png,bending,0,0,0,,,,0,0,0,0,0,0,0,0,0.0,0.0,,,,
FAMILY-42,CHILD,FM042_C1.png,bending,1,0,0,0.2750000059604645,,,0,0,0,1,0,0,0,0,0.0,0.0,,,,
FAMILY-42,CHILD,FM042_C2.png,bending,5,0,0,0.36299997568130493,,,2,0,0,3,0,0,0,0,0.0,0.0,,,,
FAMILY-42,CHILD,FM042_C3.png,bending,0,0,0,,,,0,0,0,0,0,0,0,0,0.0,0.0,,,,
FAMILY-42,CHILD,FM042_C4.png,bending,0,1,0,,0.4950000047683716,,0,1,0,0,0,0,0,0,0.0,0.0,,,,
FAMILY-42,CHILD,FM042_C5.png,bending,0,0,0,,,,0,0,0,0,0,0,0,0,0.0,0.0,,,,
FAMILY-42,FATHER,FM042_F1.png,bending,19,12,5,0.4776315689086914,0.4033333361148834,0.4949999749660492,14,7,5,5,5,0,4,2,0.21052631578947367,0.10526315789473684,4.628856897354126,7.009448766708374,4.4721360206604,7.009448766708374
FAMILY-42,FATHER,FM042_F2.png,bending,1,1,1,0.4950000047683716,0.4950000047683716,0.4950000047683716,1,1,1,0,0,0,1,1,1.0,1.0,5.385164737701416,7.280109882354736,5.385164737701416,7.280109882354736
FAMILY-42,FATHER,FM042_F3.png,bending,5,3,2,0.4949999749660492,0.4216666519641876,0.38499999046325684,5,2,1,0,1,1,2,0,0.4,0.0,7.3876118659973145,,7.3876118659973145,
FAMILY-42,FATHER,FM042_F4.png,bending,3,1,0,0.4950000047683716,0.4950000047683716,,3,1,0,0,0,0,0,0,0.0,0.0,,,,
FAMILY-42,FATHER,FM042_F5.png,bending,0,0,0,,,,0,0,0,0,0,0,0,0,0.0,0.0,,,,
FAMILY-42,MOTHER,FM042_M1.png,bending,18,11,11,0.42411112785339355,0.5399999618530273,0.4749999940395355,14,11,10,4,0,1,5,5,0.2777777777777778,0.2777777777777778,6.154228687286377,10.422529220581055,6.4031243324279785,10.198039054870605
FAMILY-42,MOTHER,FM042_M2.png,bending,1,4,2,0.4950000047683716,0.4399999976158142,0.38499999046325684,1,3,1,0,1,1,1,0,1.0,0.0,8.062257766723633,,8.062257766723633,
FAMILY-42,MOTHER,FM042_M3.png,bending,9,1,4,0.4705555737018585,0.4950000047683716,0.4399999976158142,8,1,3,1,0,1,1,2,0.1111111111111111,0.2222222222222222,7.0,13.658910751342773,7.0,13.658910751342773
FAMILY-42,MOTHER,FM042_M4.png,bending,11,6,5,0.5199999809265137,0.32999998331069946,0.45100003480911255,10,2,4,1,4,1,1,0,0.09090909090909091,0.0,9.219544410705566,,9.219544410705566,
FAMILY-42,MOTHER,FM042_M5.png,bending,0,0,0,,,,0,0,0,0,0,0,0,0,0.0,0.0,,,,
FAMILY-48,CHILD,FM048_C1.png,bending,9,2,3,0.3605555593967438,0.38499999046325684,0.4216666519641876,4,1,2,5,1,1,2,0,0.2222222222222222,0.0,10.44710922241211,,10.44710922241211,
FAMILY-48,CHILD,FM048_C2.png,bending,21,15,15,0.447857141494751,0.3956333100795746,0.4172666668891907,13,8,8,8,7,7,12,6,0.5714285714285714,0.2857142857142857,7.835599929094315,10.10781216621399,7.936253786087036,9.3064284324646
FAMILY-48,CHILD,FM048_C3.png,bending,2,2,1,0.4950000047683716,0.6324999928474426,0.9900000095367432,2,1,1,0,1,0,0,0,0.0,0.0,,,,
FAMILY-48,CHILD,FM048_C4.png,bending,2,0,1,0.38499999046325684,,0.2750000059604645,1,0,0,1,0,1,0,0,0.0,0.0,,,,
FAMILY-48,CHILD,FM048_C5.png,bending,5,4,2,0.3190000057220459,0.38499999046325684,0.4950000047683716,1,2,2,4,2,0,3,0,0.6,0.0,2.441518465677897,,3.1622776985168457,
FAMILY-48,FATHER,FM048_F1.png,bending,33,19,7,0.47733333706855774,0.43073683977127075,0.3724285960197449,29,13,4,4,6,3,11,3,0.3333333333333333,0.09090909090909091,7.383902029557661,9.545530796051025,7.6157732009887695,8.0
FAMILY-48,FATHER,FM048_F2.png,bending,11,8,6,0.5019999742507935,0.4399999976158142,0.4583333432674408,10,6,5,1,2,1,4,4,0.36363636363636365,0.36363636363636365,5.9861732721328735,7.637814164161682,7.671183824539185,8.734105348587036
FAMILY-48,FATHER,FM048_F3.png,bending,2,0,1,0.38499999046325684,,0.4950000047683716,1,0,1,1,0,0,0,0,0.0,0.0,,,,
FAMILY-48,FATHER,FM048_F4.png,bending,0,0,0,,,,0,0,0,0,0,0,0,0,0.0,0.0,,,,
FAMILY-48,FATHER,FM048_F5.png,bending,1,3,3,0.4950000047683716,0.34833332896232605,0.34833332896232605,1,1,1,0,2,2,0,0,0.0,0.0,,,,
FAMILY-48,MOTHER,FM048_M1.png,bending,10,5,3,0.4509999752044678,0.36299997568130493,0.3630000054836273,8,2,3,2,3,0,1,0,0.1,0.0,3.0,,3.0,
FAMILY-48,MOTHER,FM048_M2.png,bending,0,3,5,,0.2750000059604645,0.3189999759197235,0,0,1,0,3,4,0,0,0.0,0.0,,,,
FAMILY-48,MOTHER,FM048_M3.png,bending,1,1,1,0.2750000059604645,0.2750000059604645,0.2750000059604645,0,0,0,1,1,1,0,1,0.0,1.0,,4.0,,4.0
FAMILY-48,MOTHER,FM048_M4.png,bending,8,1,2,0.2887499928474426,0.2750000059604645,0.38499999046325684,1,0,1,7,1,1,0,0,0.0,0.0,,,,
FAMILY-48,MOTHER,FM048_M5.png,bending,0,0,0,,,,0,0,0,0,0,0,0,0,0.0,0.0,,,,
FAMILY-54,CHILD,FM054_C1.png,bending,3,7,4,0.4950000047683716,0.4635713994503021,0.4950000047683716,3,6,4,0,1,0,3,3,1.0,1.0,5.333333333333333,9.763054847717285,4.0,9.848857879638672
FAMILY-54,CHILD,FM054_C2.png,bending,0,2,1,,0.4950000047683716,0.4950000047683716,0,2,1,0,0,0,0,0,0.0,0.0,,,,
FAMILY-54,CHILD,FM054_C3.png,bending,0,0,0,,,,0,0,0,0,0,0,0,0,0.0,0.0,,,,
FAMILY-54,CHILD,FM054_C4.png,bending,0,0,0,,,,0,0,0,0,0,0,0,0,0.0,0.0,,,,
FAMILY-54,CHILD,FM054_C5.png,bending,8,10,2,0.4399999976158142,0.42899999022483826,0.4950000047683716,6,7,2,2,3,0,4,2,0.5,0.25,5.846703290939331,6.0,6.662277698516846,6.0
FAMILY-54,FATHER,FM054_F1.png,bending,12,12,2,0.46291670203208923,0.4399999678134918,0.38499999046325684,8,9,1,4,3,1,4,2,0.3333333333333333,0.16666666666666666,5.126584410667419,11.02246642112732,5.590891122817993,11.02246642112732
FAMILY-54,FATHER,FM054_F2.png,bending,4,1,0,0.33000001311302185,0.4950000047683716,,1,1,0,3,0,0,0,0,0.0,0.0,,,,
FAMILY-54,FATHER,FM054_F3.png,bending,0,6,3,,0.4583333432674408,0.4950000047683716,0,5,3,0,1,0,0,0,0.0,0.0,,,,
FAMILY-54,FATHER,FM054_F4.png,bending,2,3,1,0.4950000047683716,0.2750000059604645,0.9900000095367432,2,0,1,0,3,0,0,0,0.0,0.0,,,,
FAMILY-54,FATHER,FM054_F5.png,bending,12,8,3,0.34833332896232605,0.38499999046325684,0.4216666519641876,4,4,2,8,4,1,3,1,0.25,0.08333333333333333,10.3819899559021,3.605551242828369,10.29563045501709,3.605551242828369
FAMILY-54,MOTHER,FM054_M1.png,bending,65,58,48,0.4269692301750183,0.3772241771221161,0.3817916810512543,42,32,28,23,26,20,30,27,0.46153846153846156,0.4153846153846154,7.577806305885315,8.782701081699795,7.071067810058594,9.486832618713379
FAMILY-54,MOTHER,FM054_M2.png,bending,50,39,39,0.4171200692653656,0.3912050724029541,0.4050256013870239,35,23,24,15,16,15,21,13,0.42,0.26,9.487580753508068,8.991189589867226,10.0,8.062257766723633
FAMILY-54,MOTHER,FM054_M3.png,bending,43,18,9,0.375279039144516,0.3605555295944214,0.34833329916000366,21,7,3,22,11,6,12,7,0.27906976744186046,0.16279069767441862,6.765217105547587,7.748094763074603,5.049509763717651,7.8102498054504395
FAMILY-54,MOTHER,FM054_M4.png,bending,24,16,5,0.4652083218097687,0.40837499499320984,0.5610000491142273,15,12,3,9,4,2,8,3,0.3333333333333333,0.125,9.205235242843628,4.87192440032959,9.330566883087158,4.0
FAMILY-54,MOTHER,FM054_M5.png,bending,24,11,15,0.3721666634082794,0.3569999933242798,0.3380666673183441,13,5,8,11,6,7,8,6,0.3333333333333333,0.25,11.152380153536797,7.520220438639323,12.53915548324585,7.245606184005737
FAMILY-65,CHILD,FM065_C1.png,bending,55,57,58,0.7708002328872681,0.7414385676383972,0.7094999551773071,49,50,50,6,7,8,35,31,0.6363636363636364,0.5636363636363636,6.9188373633793425,9.869844259754304,6.324555397033691,11.045360565185547
FAMILY-65,CHILD,FM065_C2.png,bending,44,36,43,0.47300001978874207,0.41830554604530334,0.4034186601638794,29,24,28,15,12,15,23,18,0.5227272727272727,0.4090909090909091,8.78948852290278,9.04210180706448,8.5440034866333,10.319172859191895
FAMILY-65,CHILD,FM065_C3.png,bending,14,25,15,0.48321428894996643,0.45100003480911255,0.4803332984447479,11,20,14,3,5,1,8,5,0.5714285714285714,0.35714285714285715,4.864791974425316,7.980458974838257,3.581138849258423,6.4031243324279785
FAMILY-65,CHILD,FM065_C4.png,bending,50,45,40,0.40084004402160645,0.4092000424861908,0.3932499885559082,30,27,22,20,18,18,26,14,0.52,0.28,8.861903607845306,6.820863374641964,8.714776515960693,7.175588846206665
FAMILY-65,CHILD,FM065_C5.png,bending,18,1,5,0.33427777886390686,0.4950000047683716,0.36739999055862427,10,1,3,8,0,2,0,2,0.0,0.1111111111111111,,8.501917123794556,,8.501917123794556
FAMILY-65,FATHER,FM065_F1.png,bending,0,0,0,,,,0,0,0,0,0,0,0,0,0.0,0.0,,,,
FAMILY-65,FATHER,FM065_F2.png,bending,0,3,2,,0.4216666519641876,0.4950000047683716,0,2,2,0,1,0,0,0,0.0,0.0,,,,
FAMILY-65,FATHER,FM065_F3.png,bending,7,4,9,0.400714248418808,0.32999998331069946,0.3972221910953522,4,1,5,3,3,4,3,4,0.42857142857142855,0.5714285714285714,9.362318356831869,8.772361159324646,11.045360565185547,9.01541805267334
FAMILY-65,FATHER,FM065_F4.png,bending,3,0,0,0.4950000047683716,,,3,0,0,0,0,0,0,0,0.0,0.0,,,,
FAMILY-65,FATHER,FM065_F5.png,bending,0,0,0,,,,0,0,0,0,0,0,0,0,0.0,0.0,,,,
FAMILY-65,MOTHER,FM065_M1.png,bending,0,0,0,,,,0,0,0,0,0,0,0,0,0.0,0.0,,,,
FAMILY-65,MOTHER,FM065_M2.png,bending,3,1,3,0.4216666519641876,0.4950000047683716,0.4950000047683716,2,1,3,1,0,0,0,0,0.0,0.0,,,,
FAMILY-65,MOTHER,FM065_M3.png,bending,0,0,0,,,,0,0,0,0,0,0,0,0,0.0,0.0,,,,
FAMILY-65,MOTHER,FM065_M4.png,bending,8,2,2,0.45375001430511475,0.38499999046325684,0.4125000238418579,4,1,0,4,1,2,1,1,0.125,0.125,14.560219764709473,1.0,14.560219764709473,1.0
FAMILY-65,MOTHER,FM065_M5.png,bending,0,0,0,,,,0,0,0,0,0,0,0,0,0.0,0.0,,,,
FAMILY-66,CHILD,FM066_C1.png,bending,0,1,0,,0.4950000047683716,,0,1,0,0,0,0,0,0,0.0,0.0,,,,
FAMILY-66,CHILD,FM066_C2.png,bending,2,3,2,0.4950000047683716,0.34833335876464844,0.33000001311302185,2,1,1,0,2,1,1,0,0.5,0.0,8.062257766723633,,8.062257766723633,
FAMILY-66,CHILD,FM066_C3.png,bending,5,11,10,0.40700000524520874,0.4400000274181366,0.33660000562667847,3,7,6,2,4,4,1,3,0.2,0.6,9.433980941772461,9.347886880238852,9.433980941772461,9.433980941772461
FAMILY-66,CHILD,FM066_C4.png,bending,6,2,2,0.42166662216186523,0.3959999978542328,0.23100000619888306,4,2,1,2,0,1,1,1,0.16666666666666666,0.16666666666666666,6.082762718200684,11.704699516296387,6.082762718200684,11.704699516296387
FAMILY-66,CHILD,FM066_C5.png,bending,0,1,2,,0.2750000059604645,0.28600001335144043,0,0,1,0,1,1,0,0,0.0,0.0,,,,
FAMILY-66,FATHER,FM066_F1.png,bending,12,7,0,0.5408332943916321,0.5735713839530945,,10,5,0,2,2,0,6,0,0.5,0.0,5.7582164605458575,,5.151543855667114,
FAMILY-66,FATHER,FM066_F2.png,bending,2,0,1,0.2750000059604645,,0.4950000047683716,0,0,1,2,0,0,0,0,0.0,0.0,,,,
FAMILY-66,FATHER,FM066_F3.png,bending,34,21,9,0.26464706659317017,0.35461902618408203,0.34833329916000366,6,9,3,28,12,6,13,5,0.38235294117647056,0.14705882352941177,7.317879970257099,6.127749800682068,5.830951690673828,8.0
FAMILY-66,FATHER,FM066_F4.png,bending,10,10,10,0.4092000126838684,0.3410000205039978,0.39819997549057007,7,3,7,3,7,3,1,2,0.1,0.2,12.165525436401367,4.7360680103302,12.165525436401367,4.7360680103302
FAMILY-66,FATHER,FM066_F5.png,bending,0,10,8,,0.43119996786117554,0.5293749570846558,0,8,7,0,2,1,0,0,0.0,0.0,,,,
FAMILY-66,MOTHER,FM066_M1.png,bending,1,0,0,0.4950000047683716,,,1,0,0,0,0,0,0,0,0.0,0.0,,,,
FAMILY-66,MOTHER,FM066_M2.png,bending,0,1,1,,0.4950000047683716,0.2750000059604645,0,1,0,0,0,1,0,0,0.0,0.0,,,,
FAMILY-66,MOTHER,FM066_M3.png,bending,1,0,7,0.4950000047683716,,0.3692857623100281,1,0,3,0,0,4,0,1,0.0,1.0,,6.324555397033691,,6.324555397033691
FAMILY-66,MOTHER,FM066_M4.png,bending,6,1,4,0.3116666376590729,0.296999990940094,0.5637500286102295,1,1,3,5,0,1,0,1,0.0,0.16666666666666666,,15.0,,15.0
FAMILY-66,MOTHER,FM066_M5.png,bending,0,11,0,,0.375,,0,5,0,0,6,0,0,0,0.0,0.0,,,,
FAMILY-67,CHILD,FM067_C1.png,bending,67,53,45,0.41898512840270996,0.3559434711933136,0.3639777600765228,25,22,21,42,31,24,31,18,0.4626865671641791,0.26865671641791045,9.078277818618282,10.370648278130425,9.219544410705566,10.315073013305664
FAMILY-67,CHILD,FM067_C2.png,bending,54,44,54,0.3495555818080902,0.3802500069141388,0.38642603158950806,25,24,30,29,20,24,13,15,0.24074074074074073,0.2777777777777778,9.822290310492882,8.22985356648763,10.049875259399414,9.219544410705566
FAMILY-67,CHILD,FM067_C3.png,bending,15,35,33,0.346866637468338,0.4186285436153412,0.40833330154418945,9,27,20,6,8,13,8,3,0.5333333333333333,0.2,5.9743863344192505,9.16915512084961,5.049509763717651,9.05538558959961
FAMILY-67,CHILD,FM067_C4.png,bending,27,38,54,0.3691110908985138,0.3690788745880127,0.35261115431785583,14,21,20,13,17,34,12,9,0.4444444444444444,0.3333333333333333,8.510492960611979,8.416871282789442,8.9721360206604,9.848857879638672
FAMILY-67,CHILD,FM067_C5.png,bending,42,42,42,0.37138092517852783,0.34361904859542847,0.32161903381347656,27,16,14,15,26,28,19,13,0.4523809523809524,0.30952380952380953,8.954827208268014,8.39958066206712,9.486832618713379,8.246211051940918
FAMILY-67,FATHER,FM067_F1.png,bending,8,15,11,0.37675002217292786,0.4620000123977661,0.4050000011920929,6,11,7,2,4,4,0,1,0.0,0.125,,10.29563045501709,,10.29563045501709
FAMILY-67,FATHER,FM067_F2.png,bending,39,55,45,0.340999960899353,0.36760005354881287,0.3248666524887085,17,24,15,22,31,30,18,14,0.46153846153846156,0.358974358974359,8.627497580316332,7.858098813465664,9.53420114517212,8.9442720413208
FAMILY-67,FATHER,FM067_F3.png,bending,36,46,27,0.3189999759197235,0.33860865235328674,0.4012962579727173,13,22,16,23,24,11,19,3,0.5277777777777778,0.08333333333333333,8.736416515551115,4.200775146484375,9.486832618713379,2.0
FAMILY-67,FATHER,FM067_F4.png,bending,11,19,16,0.47999998927116394,0.37921053171157837,0.37812498211860657,8,10,4,3,9,12,3,3,0.2727272727272727,0.2727272727272727,6.953404426574707,12.676498730977377,7.211102485656738,12.369317054748535
FAMILY-67,FATHER,FM067_F5.png,bending,20,12,3,0.3904999792575836,0.4216666519641876,0.4950000047683716,11,8,3,9,4,0,9,3,0.45,0.15,7.622914738125271,8.630234400431315,8.062257766723633,9.05538558959961
FAMILY-67,MOTHER,FM067_M1.png,bending,18,39,30,0.41188886761665344,0.4013589322566986,0.39416661858558655,13,28,19,5,11,11,6,1,0.3333333333333333,0.05555555555555555,9.501347541809082,5.830951690673828,8.876782178878784,5.830951690673828
FAMILY-67,MOTHER,FM067_M2.png,bending,43,43,44,0.39791861176490784,0.2969999611377716,0.29499998688697815,27,14,15,16,29,29,15,19,0.3488372093023256,0.4418604651162791,9.100084718068441,9.234627573113693,9.05538558959961,9.486832618713379
FAMILY-67,MOTHER,FM067_M3.png,bending,13,16,39,0.43661534786224365,0.38843750953674316,0.2992563545703888,11,7,10,2,9,29,6,6,0.46153846153846156,0.46153846153846156,8.43015170097351,10.05855679512024,8.14530611038208,9.18912649154663
FAMILY-67,MOTHER,FM067_M4.png,bending,54,43,28,0.3141110837459564,0.3243720829486847,0.3885357081890106,24,16,16,30,27,12,28,18,0.5185185185185185,0.3333333333333333,9.286049238273076,9.229009283913506,9.924428939819336,8.59524154663086
FAMILY-67,MOTHER,FM067_M5.png,bending,6,7,15,0.4033333361148834,0.3441428542137146,0.29846668243408203,4,4,5,2,3,10,0,1,0.0,0.16666666666666666,,8.9442720413208,,8.9442720413208
FAMILY-78,CHILD,FM078_C1.png,bending,0,10,7,,0.3630000054836273,0.4462856650352478,0,4,5,0,6,2,0,0,0.0,0.0,,,,
FAMILY-78,CHILD,FM078_C2.png,bending,0,0,0,,,,0,0,0,0,0,0,0,0,0.0,0.0,,,,
FAMILY-78,CHILD,FM078_C3.png,bending,0,2,3,,0.4950000047683716,0.31166666746139526,0,2,1,0,0,2,0,0,0.0,0.0,,,,
FAMILY-78,CHILD,FM078_C4.png,bending,2,0,3,0.2750000059604645,,0.6600000262260437,0,0,3,2,0,0,0,0,0.0,0.0,,,,
FAMILY-78,CHILD,FM078_C5.png,bending,0,1,0,,0.2750000059604645,,0,0,0,0,1,0,0,0,0.0,0.0,,,,
FAMILY-78,FATHER,FM078_F1.png,bending,8,13,8,0.5362499952316284,0.4154615104198456,0.5293750166893005,5,8,7,3,5,1,2,1,0.25,0.125,5.102934122085571,2.8284270763397217,5.102934122085571,2.8284270763397217
FAMILY-78,FATHER,FM078_F2.png,bending,5,4,15,0.32339999079704285,0.5087499618530273,0.2779333293437958,2,2,3,3,2,12,1,2,0.2,0.4,7.280109882354736,7.193406581878662,7.280109882354736,7.193406581878662
FAMILY-78,FATHER,FM078_F3.png,bending,5,4,2,0.5103999972343445,0.5637500286102295,0.6324999928474426,4,3,1,1,1,1,1,1,0.2,0.2,2.0,2.2360680103302,2.0,2.2360680103302
FAMILY-78,FATHER,FM078_F4.png,bending,0,1,0,,0.2750000059604645,,0,0,0,0,1,0,0,0,0.0,0.0,,,,
FAMILY-78,FATHER,FM078_F5.png,bending,0,4,3,,0.5637500286102295,0.4216666519641876,0,3,2,0,1,1,0,0,0.0,0.0,,,,
FAMILY-78,MOTHER,FM078_M1.png,bending,2,2,7,0.2750000059604645,0.4950000047683716,0.43214279413223267,0,2,5,2,0,2,0,1,0.0,0.5,,11.704699516296387,,11.704699516296387
FAMILY-78,MOTHER,FM078_M2.png,bending,3,3,4,0.34833332896232605,0.31166669726371765,0.38499999046325684,1,1,2,2,2,2,2,1,0.6666666666666666,0.3333333333333333,4.622520208358765,9.05538558959961,4.622520208358765,9.05538558959961
FAMILY-78,MOTHER,FM078_M3.png,bending,3,3,2,0.4216666519641876,0.4950000047683716,0.38499999046325684,2,3,1,1,0,1,0,0,0.0,0.0,,,,
FAMILY-78,MOTHER,FM078_M4.png,bending,7,4,9,0.40071433782577515,0.35750001668930054,0.3361111283302307,4,2,3,3,2,6,0,1,0.0,0.14285714285714285,,10.29563045501709,,10.29563045501709
FAMILY-78,MOTHER,FM078_M5.png,bending,3,6,3,0.3556666672229767,0.4253333508968353,0.4950000047683716,2,5,3,1,1,0,2,0,0.6666666666666666,0.0,6.5380584597587585,,6.5380584597587585,
FAMILY-9,CHILD,FM009_C1.png,bending,7,12,9,0.3850000202655792,0.4491666555404663,0.3630000054836273,4,10,5,3,2,4,4,1,0.5714285714285714,0.14285714285714285,9.74626636505127,7.280109882354736,9.577056884765625,7.280109882354736
FAMILY-9,CHILD,FM009_C2.png,bending,21,23,16,0.37347617745399475,0.3677825927734375,0.3148750066757202,13,13,7,8,10,9,8,7,0.38095238095238093,0.3333333333333333,7.424638390541077,9.310681411198207,8.031128883361816,9.219544410705566
FAMILY-9,CHILD,FM009_C3.png,bending,29,36,28,0.40358614921569824,0.32205551862716675,0.35828566551208496,17,13,12,12,23,16,11,9,0.3793103448275862,0.3103448275862069,8.819170063192194,11.294062084621853,7.211102485656738,12.0
FAMILY-9,CHILD,FM009_C4.png,bending,56,52,40,0.38126784563064575,0.3790769875049591,0.3277999758720398,31,27,14,25,25,26,28,19,0.5,0.3392857142857143,9.023170948028564,7.9195449038555745,9.081908226013184,8.5440034866333
FAMILY-9,CHILD,FM009_C5.png,bending,61,65,61,0.44991812109947205,0.4215538203716278,0.38788533210754395,48,52,41,13,13,20,39,34,0.639344262295082,0.5573770491803278,7.908744439100608,8.677625922595753,8.062257766723633,8.77200174331665
FAMILY-9,FATHER,FM009_F1.png,bending,47,35,41,0.3690851032733917,0.34477144479751587,0.3562926650047302,22,13,18,25,22,23,21,17,0.44680851063829785,0.3617021276595745,8.812787027586074,8.22388012268964,8.9442720413208,9.433980941772461
FAMILY-9,FATHER,FM009_F2.png,bending,50,37,47,0.3335200250148773,0.3267296850681305,0.30589359998703003,25,15,18,25,22,29,25,26,0.5,0.52,7.7397793006896975,7.8995841924960795,7.071067810058594,7.245606184005737
FAMILY-9,FATHER,FM009_F3.png,bending,68,65,77,0.3875882625579834,0.4243461489677429,0.3465714454650879,44,37,25,24,28,52,34,37,0.5,0.5441176470588235,7.344712930567124,7.861415756715311,7.447941541671753,8.062257766723633
FAMILY-9,FATHER,FM009_F4.png,bending,77,65,65,0.3655714690685272,0.37552309036254883,0.3438768982887268,35,29,22,42,36,43,45,28,0.5844155844155844,0.36363636363636365,8.269337116347419,8.456832775047847,8.062257766723633,7.936253786087036
FAMILY-9,FATHER,FM009_F5.png,bending,98,76,68,0.4121631979942322,0.35301315784454346,0.3924412131309509,53,34,36,45,42,32,49,41,0.5,0.41836734693877553,7.010437722108802,7.275062715134969,7.0,7.071067810058594
FAMILY-9,MOTHER,FM009_M1.png,bending,11,14,9,0.34700000286102295,0.35671427845954895,0.3972221910953522,5,7,5,6,7,4,4,4,0.36363636363636365,0.36363636363636365,6.358911871910095,10.120999336242676,4.653567910194397,12.165525436401367
FAMILY-9,MOTHER,FM009_M2.png,bending,37,35,34,0.32197293639183044,0.3529428243637085,0.3461764454841614,13,17,9,24,18,25,21,15,0.5675675675675675,0.40540540540540543,6.655236380440848,6.655783367156983,5.830951690673828,7.280109882354736
FAMILY-9,MOTHER,FM009_M3.png,bending,40,36,14,0.39311251044273376,0.3391666114330292,0.34885716438293457,22,18,7,18,18,7,16,8,0.4,0.2,9.243958592414856,9.890486001968384,9.353188514709473,10.43326473236084
FAMILY-9,MOTHER,FM009_M4.png,bending,27,17,15,0.4131110906600952,0.30217647552490234,0.40113332867622375,21,6,10,6,11,5,10,11,0.37037037037037035,0.4074074074074074,6.409173822402954,8.109518658031117,5.990704774856567,7.280109882354736
FAMILY-9,MOTHER,FM009_M5.png,bending,37,27,39,0.3279188871383667,0.3238888382911682,0.32858970761299133,20,13,18,17,14,21,17,14,0.4594594594594595,0.3783783783783784,8.122774460736442,10.443900448935372,8.062257766723633,11.112850189208984
