original_path,distorted_path,family,member,distortion_type,seed,mean_disp,max_disp,param_alpha,param_sigma,param_grid_step
data/split/train/FAMILY-1/CHILD/FM001_C1.png,data/train_distorted/distorted/FAMILY-1/CHILD/FM001_C1_elastic.png,FAMILY-1,CHILD,elastic,4200000,7.78,18.64,13.518,6.654,32
data/split/train/FAMILY-1/CHILD/FM001_C1.png,data/train_distorted/distorted/FAMILY-1/CHILD/FM001_C1_local.png,FAMILY-1,CHILD,local,4200001,3.24,8.64,,,
data/split/train/FAMILY-1/CHILD/FM001_C1.png,data/train_distorted/distorted/FAMILY-1/CHILD/FM001_C1_bending.png,FAMILY-1,CHILD,bending,4200002,6.37,11.53,,,
data/split/train/FAMILY-1/CHILD/FM001_C2.png,data/train_distorted/distorted/FAMILY-1/CHILD/FM001_C2_elastic.png,FAMILY-1,CHILD,elastic,4200010,8.48,20.89,13.889,5.404,32
data/split/train/FAMILY-1/CHILD/FM001_C2.png,data/train_distorted/distorted/FAMILY-1/CHILD/FM001_C2_local.png,FAMILY-1,CHILD,local,4200011,2.75,5.39,,,
data/split/train/FAMILY-1/CHILD/FM001_C2.png,data/train_distorted/distorted/FAMILY-1/CHILD/FM001_C2_bending.png,FAMILY-1,CHILD,bending,4200012,5.14,9.31,,,
data/split/train/FAMILY-1/CHILD/FM001_C3.png,data/train_distorted/distorted/FAMILY-1/CHILD/FM001_C3_elastic.png,FAMILY-1,CHILD,elastic,4200020,6.49,14.85,11.337,6.795,32
data/split/train/FAMILY-1/CHILD/FM001_C3.png,data/train_distorted/distorted/FAMILY-1/CHILD/FM001_C3_local.png,FAMILY-1,CHILD,local,4200021,4.5,10.89,,,
data/split/train/FAMILY-1/CHILD/FM001_C3.png,data/train_distorted/distorted/FAMILY-1/CHILD/FM001_C3_bending.png,FAMILY-1,CHILD,bending,4200022,5.92,9.98,,,
data/split/train/FAMILY-1/CHILD/FM001_C4.png,data/train_distorted/distorted/FAMILY-1/CHILD/FM001_C4_elastic.png,FAMILY-1,CHILD,elastic,4200030,7.68,19.46,13.003,6.345,32
data/split/train/FAMILY-1/CHILD/FM001_C4.png,data/train_distorted/distorted/FAMILY-1/CHILD/FM001_C4_local.png,FAMILY-1,CHILD,local,4200031,2.79,5.34,,,
data/split/train/FAMILY-1/CHILD/FM001_C4.png,data/train_distorted/distorted/FAMILY-1/CHILD/FM001_C4_bending.png,FAMILY-1,CHILD,bending,4200032,4.67,8.24,,,
data/split/train/FAMILY-1/CHILD/FM001_C5.png,data/train_distorted/distorted/FAMILY-1/CHILD/FM001_C5_elastic.png,FAMILY-1,CHILD,elastic,4200040,7.67,21.64,12.875,5.023,32
data/split/train/FAMILY-1/CHILD/FM001_C5.png,data/train_distorted/distorted/FAMILY-1/CHILD/FM001_C5_local.png,FAMILY-1,CHILD,local,4200041,4.27,9.19,,,
data/split/train/FAMILY-1/CHILD/FM001_C5.png,data/train_distorted/distorted/FAMILY-1/CHILD/FM001_C5_bending.png,FAMILY-1,CHILD,bending,4200042,6.66,11.56,,,
data/split/train/FAMILY-1/FATHER/FM001_F1.png,data/train_distorted/distorted/FAMILY-1/FATHER/FM001_F1_elastic.png,FAMILY-1,FATHER,elastic,4200050,7.96,19.57,13.129,5.357,32
data/split/train/FAMILY-1/FATHER/FM001_F1.png,data/train_distorted/distorted/FAMILY-1/FATHER/FM001_F1_local.png,FAMILY-1,FATHER,local,4200051,3.76,8.48,,,
data/split/train/FAMILY-1/FATHER/FM001_F1.png,data/train_distorted/distorted/FAMILY-1/FATHER/FM001_F1_bending.png,FAMILY-1,FATHER,bending,4200052,7.14,12.7,,,
data/split/train/FAMILY-1/FATHER/FM001_F2.png,data/train_distorted/distorted/FAMILY-1/FATHER/FM001_F2_elastic.png,FAMILY-1,FATHER,elastic,4200060,6.59,17.86,12.275,7.609,32
data/split/train/FAMILY-1/FATHER/FM001_F2.png,data/train_distorted/distorted/FAMILY-1/FATHER/FM001_F2_local.png,FAMILY-1,FATHER,local,4200061,4.63,11.96,,,
data/split/train/FAMILY-1/FATHER/FM001_F2.png,data/train_distorted/distorted/FAMILY-1/FATHER/FM001_F2_bending.png,FAMILY-1,FATHER,bending,4200062,4.84,8.05,,,
data/split/train/FAMILY-1/FATHER/FM001_F3.png,data/train_distorted/distorted/FAMILY-1/FATHER/FM001_F3_elastic.png,FAMILY-1,FATHER,elastic,4200070,6.35,14.52,11.27,5.214,32
data/split/train/FAMILY-1/FATHER/FM001_F3.png,data/train_distorted/distorted/FAMILY-1/FATHER/FM001_F3_local.png,FAMILY-1,FATHER,local,4200071,4.11,10.32,,,
data/split/train/FAMILY-1/FATHER/FM001_F3.png,data/train_distorted/distorted/FAMILY-1/FATHER/FM001_F3_bending.png,FAMILY-1,FATHER,bending,4200072,6.63,11.06,,,
data/split/train/FAMILY-1/FATHER/FM001_F4.png,data/train_distorted/distorted/FAMILY-1/FATHER/FM001_F4_elastic.png,FAMILY-1,FATHER,elastic,4200080,7.74,20.93,14.491,7.146,32
data/split/train/FAMILY-1/FATHER/FM001_F4.png,data/train_distorted/distorted/FAMILY-1/FATHER/FM001_F4_local.png,FAMILY-1,FATHER,local,4200081,4.94,10.38,,,
data/split/train/FAMILY-1/FATHER/FM001_F4.png,data/train_distorted/distorted/FAMILY-1/FATHER/FM001_F4_bending.png,FAMILY-1,FATHER,bending,4200082,6.09,11.13,,,
data/split/train/FAMILY-1/FATHER/FM001_F5.png,data/train_distorted/distorted/FAMILY-1/FATHER/FM001_F5_elastic.png,FAMILY-1,FATHER,elastic,4200090,7.5,19.06,14.839,7.613,32
data/split/train/FAMILY-1/FATHER/FM001_F5.png,data/train_distorted/distorted/FAMILY-1/FATHER/FM001_F5_local.png,FAMILY-1,FATHER,local,4200091,4.68,11.22,,,
data/split/train/FAMILY-1/FATHER/FM001_F5.png,data/train_distorted/distorted/FAMILY-1/FATHER/FM001_F5_bending.png,FAMILY-1,FATHER,bending,4200092,6.14,10.41,,,
data/split/train/FAMILY-1/MOTHER/FM001_M1.png,data/train_distorted/distorted/FAMILY-1/MOTHER/FM001_M1_elastic.png,FAMILY-1,MOTHER,elastic,4200100,8.51,19.82,14.593,5.721,32
data/split/train/FAMILY-1/MOTHER/FM001_M1.png,data/train_distorted/distorted/FAMILY-1/MOTHER/FM001_M1_local.png,FAMILY-1,MOTHER,local,4200101,4.76,10.4,,,
data/split/train/FAMILY-1/MOTHER/FM001_M1.png,data/train_distorted/distorted/FAMILY-1/MOTHER/FM001_M1_bending.png,FAMILY-1,MOTHER,bending,4200102,3.39,6.05,,,
data/split/train/FAMILY-1/MOTHER/FM001_M2.png,data/train_distorted/distorted/FAMILY-1/MOTHER/FM001_M2_elastic.png,FAMILY-1,MOTHER,elastic,4200110,6.18,14.28,12.365,7.57,32
data/split/train/FAMILY-1/MOTHER/FM001_M2.png,data/train_distorted/distorted/FAMILY-1/MOTHER/FM001_M2_local.png,FAMILY-1,MOTHER,local,4200111,4.06,8.99,,,
data/split/train/FAMILY-1/MOTHER/FM001_M2.png,data/train_distorted/distorted/FAMILY-1/MOTHER/FM001_M2_bending.png,FAMILY-1,MOTHER,bending,4200112,7.17,13.19,,,
data/split/train/FAMILY-1/MOTHER/FM001_M3.png,data/train_distorted/distorted/FAMILY-1/MOTHER/FM001_M3_elastic.png,FAMILY-1,MOTHER,elastic,4200120,7.8,18.57,14.865,7.626,32
data/split/train/FAMILY-1/MOTHER/FM001_M3.png,data/train_distorted/distorted/FAMILY-1/MOTHER/FM001_M3_local.png,FAMILY-1,MOTHER,local,4200121,3.82,9.42,,,
data/split/train/FAMILY-1/MOTHER/FM001_M3.png,data/train_distorted/distorted/FAMILY-1/MOTHER/FM001_M3_bending.png,FAMILY-1,MOTHER,bending,4200122,4.15,7.55,,,
data/split/train/FAMILY-1/MOTHER/FM001_M4.png,data/train_distorted/distorted/FAMILY-1/MOTHER/FM001_M4_elastic.png,FAMILY-1,MOTHER,elastic,4200130,7.42,20.0,13.314,7.932,32
data/split/train/FAMILY-1/MOTHER/FM001_M4.png,data/train_distorted/distorted/FAMILY-1/MOTHER/FM001_M4_local.png,FAMILY-1,MOTHER,local,4200131,4.5,10.76,,,
data/split/train/FAMILY-1/MOTHER/FM001_M4.png,data/train_distorted/distorted/FAMILY-1/MOTHER/FM001_M4_bending.png,FAMILY-1,MOTHER,bending,4200132,3.47,5.95,,,
data/split/train/FAMILY-1/MOTHER/FM001_M5.png,data/train_distorted/distorted/FAMILY-1/MOTHER/FM001_M5_elastic.png,FAMILY-1,MOTHER,elastic,4200140,7.75,22.41,15.838,7.684,32
data/split/train/FAMILY-1/MOTHER/FM001_M5.png,data/train_distorted/distorted/FAMILY-1/MOTHER/FM001_M5_local.png,FAMILY-1,MOTHER,local,4200141,4.9,11.93,,,
data/split/train/FAMILY-1/MOTHER/FM001_M5.png,data/train_distorted/distorted/FAMILY-1/MOTHER/FM001_M5_bending.png,FAMILY-1,MOTHER,bending,4200142,5.94,10.37,,,
data/split/train/FAMILY-10/CHILD/FM010_C1.png,data/train_distorted/distorted/FAMILY-10/CHILD/FM010_C1_elastic.png,FAMILY-10,CHILD,elastic,4200150,7.39,17.21,13.739,7.664,32
data/split/train/FAMILY-10/CHILD/FM010_C1.png,data/train_distorted/distorted/FAMILY-10/CHILD/FM010_C1_local.png,FAMILY-10,CHILD,local,4200151,3.58,7.54,,,
data/split/train/FAMILY-10/CHILD/FM010_C1.png,data/train_distorted/distorted/FAMILY-10/CHILD/FM010_C1_bending.png,FAMILY-10,CHILD,bending,4200152,4.33,7.71,,,
data/split/train/FAMILY-10/CHILD/FM010_C2.png,data/train_distorted/distorted/FAMILY-10/CHILD/FM010_C2_elastic.png,FAMILY-10,CHILD,elastic,4200160,5.75,13.63,10.179,7.991,32
data/split/train/FAMILY-10/CHILD/FM010_C2.png,data/train_distorted/distorted/FAMILY-10/CHILD/FM010_C2_local.png,FAMILY-10,CHILD,local,4200161,2.43,4.69,,,
data/split/train/FAMILY-10/CHILD/FM010_C2.png,data/train_distorted/distorted/FAMILY-10/CHILD/FM010_C2_bending.png,FAMILY-10,CHILD,bending,4200162,3.32,5.71,,,
data/split/train/FAMILY-10/CHILD/FM010_C3.png,data/train_distorted/distorted/FAMILY-10/CHILD/FM010_C3_elastic.png,FAMILY-10,CHILD,elastic,4200170,6.86,14.9,12.503,6.44,32
data/split/train/FAMILY-10/CHILD/FM010_C3.png,data/train_distorted/distorted/FAMILY-10/CHILD/FM010_C3_local.png,FAMILY-10,CHILD,local,4200171,4.8,11.34,,,
data/split/train/FAMILY-10/CHILD/FM010_C3.png,data/train_distorted/distorted/FAMILY-10/CHILD/FM010_C3_bending.png,FAMILY-10,CHILD,bending,4200172,6.49,11.06,,,
data/split/train/FAMILY-10/CHILD/FM010_C4.png,data/train_distorted/distorted/FAMILY-10/CHILD/FM010_C4_elastic.png,FAMILY-10,CHILD,elastic,4200180,6.08,15.48,12.66,7.896,32
data/split/train/FAMILY-10/CHILD/FM010_C4.png,data/train_distorted/distorted/FAMILY-10/CHILD/FM010_C4_local.png,FAMILY-10,CHILD,local,4200181,4.48,10.81,,,
data/split/train/FAMILY-10/CHILD/FM010_C4.png,data/train_distorted/distorted/FAMILY-10/CHILD/FM010_C4_bending.png,FAMILY-10,CHILD,bending,4200182,4.68,8.26,,,
data/split/train/FAMILY-10/CHILD/FM010_C5.png,data/train_distorted/distorted/FAMILY-10/CHILD/FM010_C5_elastic.png,FAMILY-10,CHILD,elastic,4200190,5.1,12.08,9.669,7.495,32
data/split/train/FAMILY-10/CHILD/FM010_C5.png,data/train_distorted/distorted/FAMILY-10/CHILD/FM010_C5_local.png,FAMILY-10,CHILD,local,4200191,4.7,9.34,,,
data/split/train/FAMILY-10/CHILD/FM010_C5.png,data/train_distorted/distorted/FAMILY-10/CHILD/FM010_C5_bending.png,FAMILY-10,CHILD,bending,4200192,4.82,8.05,,,
data/split/train/FAMILY-10/FATHER/FM010_F1.png,data/train_distorted/distorted/FAMILY-10/FATHER/FM010_F1_elastic.png,FAMILY-10,FATHER,elastic,4200200,6.53,18.67,12.3,7.791,32
data/split/train/FAMILY-10/FATHER/FM010_F1.png,data/train_distorted/distorted/FAMILY-10/FATHER/FM010_F1_local.png,FAMILY-10,FATHER,local,4200201,3.51,9.16,,,
data/split/train/FAMILY-10/FATHER/FM010_F1.png,data/train_distorted/distorted/FAMILY-10/FATHER/FM010_F1_bending.png,FAMILY-10,FATHER,bending,4200202,5.12,8.94,,,
data/split/train/FAMILY-10/FATHER/FM010_F2.png,data/train_distorted/distorted/FAMILY-10/FATHER/FM010_F2_elastic.png,FAMILY-10,FATHER,elastic,4200210,6.46,14.08,9.904,5.359,32
data/split/train/FAMILY-10/FATHER/FM010_F2.png,data/train_distorted/distorted/FAMILY-10/FATHER/FM010_F2_local.png,FAMILY-10,FATHER,local,4200211,4.08,9.79,,,
data/split/train/FAMILY-10/FATHER/FM010_F2.png,data/train_distorted/distorted/FAMILY-10/FATHER/FM010_F2_bending.png,FAMILY-10,FATHER,bending,4200212,5.25,9.07,,,
data/split/train/FAMILY-10/FATHER/FM010_F3.png,data/train_distorted/distorted/FAMILY-10/FATHER/FM010_F3_elastic.png,FAMILY-10,FATHER,elastic,4200220,7.93,19.65,13.776,5.499,32
data/split/train/FAMILY-10/FATHER/FM010_F3.png,data/train_distorted/distorted/FAMILY-10/FATHER/FM010_F3_local.png,FAMILY-10,FATHER,local,4200221,2.69,6.33,,,
data/split/train/FAMILY-10/FATHER/FM010_F3.png,data/train_distorted/distorted/FAMILY-10/FATHER/FM010_F3_bending.png,FAMILY-10,FATHER,bending,4200222,6.16,10.68,,,
data/split/train/FAMILY-10/FATHER/FM010_F4.png,data/train_distorted/distorted/FAMILY-10/FATHER/FM010_F4_elastic.png,FAMILY-10,FATHER,elastic,4200230,5.81,16.7,9.934,5.151,32
data/split/train/FAMILY-10/FATHER/FM010_F4.png,data/train_distorted/distorted/FAMILY-10/FATHER/FM010_F4_local.png,FAMILY-10,FATHER,local,4200231,4.36,8.74,,,
data/split/train/FAMILY-10/FATHER/FM010_F4.png,data/train_distorted/distorted/FAMILY-10/FATHER/FM010_F4_bending.png,FAMILY-10,FATHER,bending,4200232,6.38,10.77,,,
data/split/train/FAMILY-10/FATHER/FM010_F5.png,data/train_distorted/distorted/FAMILY-10/FATHER/FM010_F5_elastic.png,FAMILY-10,FATHER,elastic,4200240,7.08,17.38,14.048,7.589,32
data/split/train/FAMILY-10/FATHER/FM010_F5.png,data/train_distorted/distorted/FAMILY-10/FATHER/FM010_F5_local.png,FAMILY-10,FATHER,local,4200241,4.6,10.95,,,
data/split/train/FAMILY-10/FATHER/FM010_F5.png,data/train_distorted/distorted/FAMILY-10/FATHER/FM010_F5_bending.png,FAMILY-10,FATHER,bending,4200242,3.52,5.86,,,
data/split/train/FAMILY-10/MOTHER/FM010_M1.png,data/train_distorted/distorted/FAMILY-10/MOTHER/FM010_M1_elastic.png,FAMILY-10,MOTHER,elastic,4200250,8.29,21.22,14.28,5.826,32
data/split/train/FAMILY-10/MOTHER/FM010_M1.png,data/train_distorted/distorted/FAMILY-10/MOTHER/FM010_M1_local.png,FAMILY-10,MOTHER,local,4200251,5.1,10.64,,,
data/split/train/FAMILY-10/MOTHER/FM010_M1.png,data/train_distorted/distorted/FAMILY-10/MOTHER/FM010_M1_bending.png,FAMILY-10,MOTHER,bending,4200252,6.34,10.59,,,
data/split/train/FAMILY-10/MOTHER/FM010_M2.png,data/train_distorted/distorted/FAMILY-10/MOTHER/FM010_M2_elastic.png,FAMILY-10,MOTHER,elastic,4200260,5.91,15.7,10.48,5.125,32
data/split/train/FAMILY-10/MOTHER/FM010_M2.png,data/train_distorted/distorted/FAMILY-10/MOTHER/FM010_M2_local.png,FAMILY-10,MOTHER,local,4200261,4.19,9.41,,,
data/split/train/FAMILY-10/MOTHER/FM010_M2.png,data/train_distorted/distorted/FAMILY-10/MOTHER/FM010_M2_bending.png,FAMILY-10,MOTHER,bending,4200262,6.91,12.55,,,
data/split/train/FAMILY-10/MOTHER/FM010_M3.png,data/train_distorted/distorted/FAMILY-10/MOTHER/FM010_M3_elastic.png,FAMILY-10,MOTHER,elastic,4200270,5.25,14.93,9.699,5.81,32
data/split/train/FAMILY-10/MOTHER/FM010_M3.png,data/train_distorted/distorted/FAMILY-10/MOTHER/FM010_M3_local.png,FAMILY-10,MOTHER,local,4200271,3.63,7.6,,,
data/split/train/FAMILY-10/MOTHER/FM010_M3.png,data/train_distorted/distorted/FAMILY-10/MOTHER/FM010_M3_bending.png,FAMILY-10,MOTHER,bending,4200272,5.92,10.33,,,
data/split/train/FAMILY-10/MOTHER/FM010_M4.png,data/train_distorted/distorted/FAMILY-10/MOTHER/FM010_M4_elastic.png,FAMILY-10,MOTHER,elastic,4200280,5.87,14.18,9.798,6.373,32
data/split/train/FAMILY-10/MOTHER/FM010_M4.png,data/train_distorted/distorted/FAMILY-10/MOTHER/FM010_M4_local.png,FAMILY-10,MOTHER,local,4200281,3.72,8.09,,,
data/split/train/FAMILY-10/MOTHER/FM010_M4.png,data/train_distorted/distorted/FAMILY-10/MOTHER/FM010_M4_bending.png,FAMILY-10,MOTHER,bending,4200282,4.37,7.57,,,
data/split/train/FAMILY-10/MOTHER/FM010_M5.png,data/train_distorted/distorted/FAMILY-10/MOTHER/FM010_M5_elastic.png,FAMILY-10,MOTHER,elastic,4200290,8.11,21.55,14.143,6.446,32
data/split/train/FAMILY-10/MOTHER/FM010_M5.png,data/train_distorted/distorted/FAMILY-10/MOTHER/FM010_M5_local.png,FAMILY-10,MOTHER,local,4200291,3.37,7.87,,,
data/split/train/FAMILY-10/MOTHER/FM010_M5.png,data/train_distorted/distorted/FAMILY-10/MOTHER/FM010_M5_bending.png,FAMILY-10,MOTHER,bending,4200292,3.72,6.51,,,
data/split/train/FAMILY-100/CHILD/FM100_C1.png,data/train_distorted/distorted/FAMILY-100/CHILD/FM100_C1_elastic.png,FAMILY-100,CHILD,elastic,4200300,6.99,16.72,11.415,6.116,32
data/split/train/FAMILY-100/CHILD/FM100_C1.png,data/train_distorted/distorted/FAMILY-100/CHILD/FM100_C1_local.png,FAMILY-100,CHILD,local,4200301,3.49,8.01,,,
data/split/train/FAMILY-100/CHILD/FM100_C1.png,data/train_distorted/distorted/FAMILY-100/CHILD/FM100_C1_bending.png,FAMILY-100,CHILD,bending,4200302,7.05,12.16,,,
data/split/train/FAMILY-100/CHILD/FM100_C2.png,data/train_distorted/distorted/FAMILY-100/CHILD/FM100_C2_elastic.png,FAMILY-100,CHILD,elastic,4200310,6.6,14.38,11.509,5.735,32
data/split/train/FAMILY-100/CHILD/FM100_C2.png,data/train_distorted/distorted/FAMILY-100/CHILD/FM100_C2_local.png,FAMILY-100,CHILD,local,4200311,2.7,5.44,,,
data/split/train/FAMILY-100/CHILD/FM100_C2.png,data/train_distorted/distorted/FAMILY-100/CHILD/FM100_C2_bending.png,FAMILY-100,CHILD,bending,4200312,5.81,10.66,,,
data/split/train/FAMILY-100/CHILD/FM100_C3.png,data/train_distorted/distorted/FAMILY-100/CHILD/FM100_C3_elastic.png,FAMILY-100,CHILD,elastic,4200320,7.56,16.57,13.141,7.199,32
data/split/train/FAMILY-100/CHILD/FM100_C3.png,data/train_distorted/distorted/FAMILY-100/CHILD/FM100_C3_local.png,FAMILY-100,CHILD,local,4200321,4.42,9.97,,,
data/split/train/FAMILY-100/CHILD/FM100_C3.png,data/train_distorted/distorted/FAMILY-100/CHILD/FM100_C3_bending.png,FAMILY-100,CHILD,bending,4200322,4.71,8.7,,,
data/split/train/FAMILY-100/CHILD/FM100_C4.png,data/train_distorted/distorted/FAMILY-100/CHILD/FM100_C4_elastic.png,FAMILY-100,CHILD,elastic,4200330,7.51,17.11,13.951,6.477,32
data/split/train/FAMILY-100/CHILD/FM100_C4.png,data/train_distorted/distorted/FAMILY-100/CHILD/FM100_C4_local.png,FAMILY-100,CHILD,local,4200331,2.64,6.72,,,
data/split/train/FAMILY-100/CHILD/FM100_C4.png,data/train_distorted/distorted/FAMILY-100/CHILD/FM100_C4_bending.png,FAMILY-100,CHILD,bending,4200332,4.85,8.47,,,
data/split/train/FAMILY-100/CHILD/FM100_C5.png,data/train_distorted/distorted/FAMILY-100/CHILD/FM100_C5_elastic.png,FAMILY-100,CHILD,elastic,4200340,8.83,19.9,15.166,6.096,32
data/split/train/FAMILY-100/CHILD/FM100_C5.png,data/train_distorted/distorted/FAMILY-100/CHILD/FM100_C5_local.png,FAMILY-100,CHILD,local,4200341,3.13,5.65,,,
data/split/train/FAMILY-100/CHILD/FM100_C5.png,data/train_distorted/distorted/FAMILY-100/CHILD/FM100_C5_bending.png,FAMILY-100,CHILD,bending,4200342,4.92,8.92,,,
data/split/train/FAMILY-100/FATHER/FM100_F1.png,data/train_distorted/distorted/FAMILY-100/FATHER/FM100_F1_elastic.png,FAMILY-100,FATHER,elastic,4200350,7.2,20.81,13.948,7.448,32
data/split/train/FAMILY-100/FATHER/FM100_F1.png,data/train_distorted/distorted/FAMILY-100/FATHER/FM100_F1_local.png,FAMILY-100,FATHER,local,4200351,3.68,7.75,,,
data/split/train/FAMILY-100/FATHER/FM100_F1.png,data/train_distorted/distorted/FAMILY-100/FATHER/FM100_F1_bending.png,FAMILY-100,FATHER,bending,4200352,4.08,7.4,,,
data/split/train/FAMILY-100/FATHER/FM100_F2.png,data/train_distorted/distorted/FAMILY-100/FATHER/FM100_F2_elastic.png,FAMILY-100,FATHER,elastic,4200360,7.2,18.47,13.254,7.7,32
data/split/train/FAMILY-100/FATHER/FM100_F2.png,data/train_distorted/distorted/FAMILY-100/FATHER/FM100_F2_local.png,FAMILY-100,FATHER,local,4200361,3.58,7.97,,,
data/split/train/FAMILY-100/FATHER/FM100_F2.png,data/train_distorted/distorted/FAMILY-100/FATHER/FM100_F2_bending.png,FAMILY-100,FATHER,bending,4200362,5.44,9.16,,,
data/split/train/FAMILY-100/FATHER/FM100_F3.png,data/train_distorted/distorted/FAMILY-100/FATHER/FM100_F3_elastic.png,FAMILY-100,FATHER,elastic,4200370,6.72,16.65,11.277,7.087,32
data/split/train/FAMILY-100/FATHER/FM100_F3.png,data/train_distorted/distorted/FAMILY-100/FATHER/FM100_F3_local.png,FAMILY-100,FATHER,local,4200371,4.4,9.64,,,
data/split/train/FAMILY-100/FATHER/FM100_F3.png,data/train_distorted/distorted/FAMILY-100/FATHER/FM100_F3_bending.png,FAMILY-100,FATHER,bending,4200372,3.96,6.65,,,
data/split/train/FAMILY-100/FATHER/FM100_F4.png,data/train_distorted/distorted/FAMILY-100/FATHER/FM100_F4_elastic.png,FAMILY-100,FATHER,elastic,4200380,7.83,18.77,14.765,7.213,32
data/split/train/FAMILY-100/FATHER/FM100_F4.png,data/train_distorted/distorted/FAMILY-100/FATHER/FM100_F4_local.png,FAMILY-100,FATHER,local,4200381,2.82,7.67,,,
data/split/train/FAMILY-100/FATHER/FM100_F4.png,data/train_distorted/distorted/FAMILY-100/FATHER/FM100_F4_bending.png,FAMILY-100,FATHER,bending,4200382,5.92,9.87,,,
data/split/train/FAMILY-100/FATHER/FM100_F5.png,data/train_distorted/distorted/FAMILY-100/FATHER/FM100_F5_elastic.png,FAMILY-100,FATHER,elastic,4200390,4.78,12.1,8.614,6.341,32
data/split/train/FAMILY-100/FATHER/FM100_F5.png,data/train_distorted/distorted/FAMILY-100/FATHER/FM100_F5_local.png,FAMILY-100,FATHER,local,4200391,2.91,7.66,,,
data/split/train/FAMILY-100/FATHER/FM100_F5.png,data/train_distorted/distorted/FAMILY-100/FATHER/FM100_F5_bending.png,FAMILY-100,FATHER,bending,4200392,6.51,10.83,,,
data/split/train/FAMILY-100/MOTHER/FM100_M1.png,data/train_distorted/distorted/FAMILY-100/MOTHER/FM100_M1_elastic.png,FAMILY-100,MOTHER,elastic,4200400,6.49,17.71,11.338,7.467,32
data/split/train/FAMILY-100/MOTHER/FM100_M1.png,data/train_distorted/distorted/FAMILY-100/MOTHER/FM100_M1_local.png,FAMILY-100,MOTHER,local,4200401,4.31,9.7,,,
data/split/train/FAMILY-100/MOTHER/FM100_M1.png,data/train_distorted/distorted/FAMILY-100/MOTHER/FM100_M1_bending.png,FAMILY-100,MOTHER,bending,4200402,3.93,7.15,,,
data/split/train/FAMILY-100/MOTHER/FM100_M2.png,data/train_distorted/distorted/FAMILY-100/MOTHER/FM100_M2_elastic.png,FAMILY-100,MOTHER,elastic,4200410,9.15,24.6,15.546,6.171,32
data/split/train/FAMILY-100/MOTHER/FM100_M2.png,data/train_distorted/distorted/FAMILY-100/MOTHER/FM100_M2_local.png,FAMILY-100,MOTHER,local,4200411,3.66,9.29,,,
data/split/train/FAMILY-100/MOTHER/FM100_M2.png,data/train_distorted/distorted/FAMILY-100/MOTHER/FM100_M2_bending.png,FAMILY-100,MOTHER,bending,4200412,4.17,7.11,,,
data/split/train/FAMILY-100/MOTHER/FM100_M3.png,data/train_distorted/distorted/FAMILY-100/MOTHER/FM100_M3_elastic.png,FAMILY-100,MOTHER,elastic,4200420,6.04,15.97,11.093,5.434,32
data/split/train/FAMILY-100/MOTHER/FM100_M3.png,data/train_distorted/distorted/FAMILY-100/MOTHER/FM100_M3_local.png,FAMILY-100,MOTHER,local,4200421,5.47,11.72,,,
data/split/train/FAMILY-100/MOTHER/FM100_M3.png,data/train_distorted/distorted/FAMILY-100/MOTHER/FM100_M3_bending.png,FAMILY-100,MOTHER,bending,4200422,4.73,7.93,,,
data/split/train/FAMILY-100/MOTHER/FM100_M4.png,data/train_distorted/distorted/FAMILY-100/MOTHER/FM100_M4_elastic.png,FAMILY-100,MOTHER,elastic,4200430,4.48,11.19,8.503,6.503,32
data/split/train/FAMILY-100/MOTHER/FM100_M4.png,data/train_distorted/distorted/FAMILY-100/MOTHER/FM100_M4_local.png,FAMILY-100,MOTHER,local,4200431,2.75,5.96,,,
data/split/train/FAMILY-100/MOTHER/FM100_M4.png,data/train_distorted/distorted/FAMILY-100/MOTHER/FM100_M4_bending.png,FAMILY-100,MOTHER,bending,4200432,6.39,11.51,,,
data/split/train/FAMILY-100/MOTHER/FM100_M5.png,data/train_distorted/distorted/FAMILY-100/MOTHER/FM100_M5_elastic.png,FAMILY-100,MOTHER,elastic,4200440,5.48,14.09,9.654,5.901,32
data/split/train/FAMILY-100/MOTHER/FM100_M5.png,data/train_distorted/distorted/FAMILY-100/MOTHER/FM100_M5_local.png,FAMILY-100,MOTHER,local,4200441,2.49,5.78,,,
data/split/train/FAMILY-100/MOTHER/FM100_M5.png,data/train_distorted/distorted/FAMILY-100/MOTHER/FM100_M5_bending.png,FAMILY-100,MOTHER,bending,4200442,6.77,11.4,,,
data/split/train/FAMILY-11/CHILD/FM011_C1.png,data/train_distorted/distorted/FAMILY-11/CHILD/FM011_C1_elastic.png,FAMILY-11,CHILD,elastic,4200450,6.87,15.72,11.524,6.225,32
data/split/train/FAMILY-11/CHILD/FM011_C1.png,data/train_distorted/distorted/FAMILY-11/CHILD/FM011_C1_local.png,FAMILY-11,CHILD,local,4200451,4.33,9.43,,,
data/split/train/FAMILY-11/CHILD/FM011_C1.png,data/train_distorted/distorted/FAMILY-11/CHILD/FM011_C1_bending.png,FAMILY-11,CHILD,bending,4200452,6.94,12.01,,,
data/split/train/FAMILY-11/CHILD/FM011_C2.png,data/train_distorted/distorted/FAMILY-11/CHILD/FM011_C2_elastic.png,FAMILY-11,CHILD,elastic,4200460,5.69,15.48,9.95,5.412,32
data/split/train/FAMILY-11/CHILD/FM011_C2.png,data/train_distorted/distorted/FAMILY-11/CHILD/FM011_C2_local.png,FAMILY-11,CHILD,local,4200461,2.61,6.03,,,
data/split/train/FAMILY-11/CHILD/FM011_C2.png,data/train_distorted/distorted/FAMILY-11/CHILD/FM011_C2_bending.png,FAMILY-11,CHILD,bending,4200462,5.07,8.59,,,
data/split/train/FAMILY-11/CHILD/FM011_C3.png,data/train_distorted/distorted/FAMILY-11/CHILD/FM011_C3_elastic.png,FAMILY-11,CHILD,elastic,4200470,5.18,13.22,10.733,6.783,32
data/split/train/FAMILY-11/CHILD/FM011_C3.png,data/train_distorted/distorted/FAMILY-11/CHILD/FM011_C3_local.png,FAMILY-11,CHILD,local,4200471,4.04,8.07,,,
data/split/train/FAMILY-11/CHILD/FM011_C3.png,data/train_distorted/distorted/FAMILY-11/CHILD/FM011_C3_bending.png,FAMILY-11,CHILD,bending,4200472,6.91,12.61,,,
data/split/train/FAMILY-11/CHILD/FM011_C4.png,data/train_distorted/distorted/FAMILY-11/CHILD/FM011_C4_elastic.png,FAMILY-11,CHILD,elastic,4200480,6.73,17.9,11.258,5.218,32
data/split/train/FAMILY-11/CHILD/FM011_C4.png,data/train_distorted/distorted/FAMILY-11/CHILD/FM011_C4_local.png,FAMILY-11,CHILD,local,4200481,4.1,10.03,,,
data/split/train/FAMILY-11/CHILD/FM011_C4.png,data/train_distorted/distorted/FAMILY-11/CHILD/FM011_C4_bending.png,FAMILY-11,CHILD,bending,4200482,5.49,9.66,,,
data/split/train/FAMILY-11/CHILD/FM011_C5.png,data/train_distorted/distorted/FAMILY-11/CHILD/FM011_C5_elastic.png,FAMILY-11,CHILD,elastic,4200490,8.32,20.41,14.964,6.968,32
data/split/train/FAMILY-11/CHILD/FM011_C5.png,data/train_distorted/distorted/FAMILY-11/CHILD/FM011_C5_local.png,FAMILY-11,CHILD,local,4200491,3.99,10.78,,,
data/split/train/FAMILY-11/CHILD/FM011_C5.png,data/train_distorted/distorted/FAMILY-11/CHILD/FM011_C5_bending.png,FAMILY-11,CHILD,bending,4200492,4.81,8.36,,,
data/split/train/FAMILY-11/FATHER/FM011_F1.png,data/train_distorted/distorted/FAMILY-11/FATHER/FM011_F1_elastic.png,FAMILY-11,FATHER,elastic,4200500,5.79,12.35,9.193,5.238,32
data/split/train/FAMILY-11/FATHER/FM011_F1.png,data/train_distorted/distorted/FAMILY-11/FATHER/FM011_F1_local.png,FAMILY-11,FATHER,local,4200501,3.52,8.25,,,
data/split/train/FAMILY-11/FATHER/FM011_F1.png,data/train_distorted/distorted/FAMILY-11/FATHER/FM011_F1_bending.png,FAMILY-11,FATHER,bending,4200502,5.44,9.94,,,
data/split/train/FAMILY-11/FATHER/FM011_F2.png,data/train_distorted/distorted/FAMILY-11/FATHER/FM011_F2_elastic.png,FAMILY-11,FATHER,elastic,4200510,5.34,16.69,10.237,7.301,32
data/split/train/FAMILY-11/FATHER/FM011_F2.png,data/train_distorted/distorted/FAMILY-11/FATHER/FM011_F2_local.png,FAMILY-11,FATHER,local,4200511,4.31,8.94,,,
data/split/train/FAMILY-11/FATHER/FM011_F2.png,data/train_distorted/distorted/FAMILY-11/FATHER/FM011_F2_bending.png,FAMILY-11,FATHER,bending,4200512,5.58,9.34,,,
data/split/train/FAMILY-11/FATHER/FM011_F3.png,data/train_distorted/distorted/FAMILY-11/FATHER/FM011_F3_elastic.png,FAMILY-11,FATHER,elastic,4200520,7.27,20.06,13.95,7.767,32
data/split/train/FAMILY-11/FATHER/FM011_F3.png,data/train_distorted/distorted/FAMILY-11/FATHER/FM011_F3_local.png,FAMILY-11,FATHER,local,4200521,4.58,9.11,,,
data/split/train/FAMILY-11/FATHER/FM011_F3.png,data/train_distorted/distorted/FAMILY-11/FATHER/FM011_F3_bending.png,FAMILY-11,FATHER,bending,4200522,6.11,11.04,,,
data/split/train/FAMILY-11/FATHER/FM011_F4.png,data/train_distorted/distorted/FAMILY-11/FATHER/FM011_F4_elastic.png,FAMILY-11,FATHER,elastic,4200530,5.87,16.37,10.378,5.833,32
data/split/train/FAMILY-11/FATHER/FM011_F4.png,data/train_distorted/distorted/FAMILY-11/FATHER/FM011_F4_local.png,FAMILY-11,FATHER,local,4200531,2.81,6.98,,,
data/split/train/FAMILY-11/FATHER/FM011_F4.png,data/train_distorted/distorted/FAMILY-11/FATHER/FM011_F4_bending.png,FAMILY-11,FATHER,bending,4200532,6.03,10.77,,,
data/split/train/FAMILY-11/FATHER/FM011_F5.png,data/train_distorted/distorted/FAMILY-11/FATHER/FM011_F5_elastic.png,FAMILY-11,FATHER,elastic,4200540,5.07,13.28,8.708,6.096,32
data/split/train/FAMILY-11/FATHER/FM011_F5.png,data/train_distorted/distorted/FAMILY-11/FATHER/FM011_F5_local.png,FAMILY-11,FATHER,local,4200541,3.75,8.7,,,
data/split/train/FAMILY-11/FATHER/FM011_F5.png,data/train_distorted/distorted/FAMILY-11/FATHER/FM011_F5_bending.png,FAMILY-11,FATHER,bending,4200542,3.29,5.49,,,
data/split/train/FAMILY-11/MOTHER/FM011_M1.png,data/train_distorted/distorted/FAMILY-11/MOTHER/FM011_M1_elastic.png,FAMILY-11,MOTHER,elastic,4200550,6.45,15.88,12.573,7.805,32
data/split/train/FAMILY-11/MOTHER/FM011_M1.png,data/train_distorted/distorted/FAMILY-11/MOTHER/FM011_M1_local.png,FAMILY-11,MOTHER,local,4200551,3.63,7.38,,,
data/split/train/FAMILY-11/MOTHER/FM011_M1.png,data/train_distorted/distorted/FAMILY-11/MOTHER/FM011_M1_bending.png,FAMILY-11,MOTHER,bending,4200552,3.77,6.29,,,
data/split/train/FAMILY-11/MOTHER/FM011_M2.png,data/train_distorted/distorted/FAMILY-11/MOTHER/FM011_M2_elastic.png,FAMILY-11,MOTHER,elastic,4200560,4.85,11.15,8.563,5.838,32
data/split/train/FAMILY-11/MOTHER/FM011_M2.png,data/train_distorted/distorted/FAMILY-11/MOTHER/FM011_M2_local.png,FAMILY-11,MOTHER,local,4200561,5.4,11.9,,,
data/split/train/FAMILY-11/MOTHER/FM011_M2.png,data/train_distorted/distorted/FAMILY-11/MOTHER/FM011_M2_bending.png,FAMILY-11,MOTHER,bending,4200562,4.55,7.81,,,
data/split/train/FAMILY-11/MOTHER/FM011_M3.png,data/train_distorted/distorted/FAMILY-11/MOTHER/FM011_M3_elastic.png,FAMILY-11,MOTHER,elastic,4200570,6.11,15.55,11.656,6.621,32
data/split/train/FAMILY-11/MOTHER/FM011_M3.png,data/train_distorted/distorted/FAMILY-11/MOTHER/FM011_M3_local.png,FAMILY-11,MOTHER,local,4200571,4.44,9.83,,,
data/split/train/FAMILY-11/MOTHER/FM011_M3.png,data/train_distorted/distorted/FAMILY-11/MOTHER/FM011_M3_bending.png,FAMILY-11,MOTHER,bending,4200572,4.04,7.29,,,
data/split/train/FAMILY-11/MOTHER/FM011_M4.png,data/train_distorted/distorted/FAMILY-11/MOTHER/FM011_M4_elastic.png,FAMILY-11,MOTHER,elastic,4200580,4.4,9.94,8.296,7.078,32
data/split/train/FAMILY-11/MOTHER/FM011_M4.png,data/train_distorted/distorted/FAMILY-11/MOTHER/FM011_M4_local.png,FAMILY-11,MOTHER,local,4200581,2.33,5.23,,,
data/split/train/FAMILY-11/MOTHER/FM011_M4.png,data/train_distorted/distorted/FAMILY-11/MOTHER/FM011_M4_bending.png,FAMILY-11,MOTHER,bending,4200582,5.63,10.34,,,
data/split/train/FAMILY-11/MOTHER/FM011_M5.png,data/train_distorted/distorted/FAMILY-11/MOTHER/FM011_M5_elastic.png,FAMILY-11,MOTHER,elastic,4200590,8.69,19.39,14.702,5.061,32
data/split/train/FAMILY-11/MOTHER/FM011_M5.png,data/train_distorted/distorted/FAMILY-11/MOTHER/FM011_M5_local.png,FAMILY-11,MOTHER,local,4200591,4.23,10.86,,,
data/split/train/FAMILY-11/MOTHER/FM011_M5.png,data/train_distorted/distorted/FAMILY-11/MOTHER/FM011_M5_bending.png,FAMILY-11,MOTHER,bending,4200592,4.98,9.04,,,
data/split/train/FAMILY-16/CHILD/FM016_C1.png,data/train_distorted/distorted/FAMILY-16/CHILD/FM016_C1_elastic.png,FAMILY-16,CHILD,elastic,4200600,5.24,12.9,9.233,6.382,32
data/split/train/FAMILY-16/CHILD/FM016_C1.png,data/train_distorted/distorted/FAMILY-16/CHILD/FM016_C1_local.png,FAMILY-16,CHILD,local,4200601,4.25,9.77,,,
data/split/train/FAMILY-16/CHILD/FM016_C1.png,data/train_distorted/distorted/FAMILY-16/CHILD/FM016_C1_bending.png,FAMILY-16,CHILD,bending,4200602,6.8,11.6,,,
data/split/train/FAMILY-16/CHILD/FM016_C2.png,data/train_distorted/distorted/FAMILY-16/CHILD/FM016_C2_elastic.png,FAMILY-16,CHILD,elastic,4200610,6.05,13.99,10.047,5.756,32
data/split/train/FAMILY-16/CHILD/FM016_C2.png,data/train_distorted/distorted/FAMILY-16/CHILD/FM016_C2_local.png,FAMILY-16,CHILD,local,4200611,4.6,9.23,,,
data/split/train/FAMILY-16/CHILD/FM016_C2.png,data/train_distorted/distorted/FAMILY-16/CHILD/FM016_C2_bending.png,FAMILY-16,CHILD,bending,4200612,4.22,7.47,,,
data/split/train/FAMILY-16/CHILD/FM016_C3.png,data/train_distorted/distorted/FAMILY-16/CHILD/FM016_C3_elastic.png,FAMILY-16,CHILD,elastic,4200620,7.12,18.31,13.084,6.068,32
data/split/train/FAMILY-16/CHILD/FM016_C3.png,data/train_distorted/distorted/FAMILY-16/CHILD/FM016_C3_local.png,FAMILY-16,CHILD,local,4200621,3.03,7.12,,,
data/split/train/FAMILY-16/CHILD/FM016_C3.png,data/train_distorted/distorted/FAMILY-16/CHILD/FM016_C3_bending.png,FAMILY-16,CHILD,bending,4200622,5.77,10.66,,,
data/split/train/FAMILY-16/CHILD/FM016_C4.png,data/train_distorted/distorted/FAMILY-16/CHILD/FM016_C4_elastic.png,FAMILY-16,CHILD,elastic,4200630,6.32,16.19,12.118,7.819,32
data/split/train/FAMILY-16/CHILD/FM016_C4.png,data/train_distorted/distorted/FAMILY-16/CHILD/FM016_C4_local.png,FAMILY-16,CHILD,local,4200631,5.31,10.5,,,
data/split/train/FAMILY-16/CHILD/FM016_C4.png,data/train_distorted/distorted/FAMILY-16/CHILD/FM016_C4_bending.png,FAMILY-16,CHILD,bending,4200632,4.69,7.82,,,
data/split/train/FAMILY-16/CHILD/FM016_C5.png,data/train_distorted/distorted/FAMILY-16/CHILD/FM016_C5_elastic.png,FAMILY-16,CHILD,elastic,4200640,8.96,21.53,15.256,6.904,32
data/split/train/FAMILY-16/CHILD/FM016_C5.png,data/train_distorted/distorted/FAMILY-16/CHILD/FM016_C5_local.png,FAMILY-16,CHILD,local,4200641,3.42,7.42,,,
data/split/train/FAMILY-16/CHILD/FM016_C5.png,data/train_distorted/distorted/FAMILY-16/CHILD/FM016_C5_bending.png,FAMILY-16,CHILD,bending,4200642,6.44,11.07,,,
data/split/train/FAMILY-16/FATHER/FM016_F1.png,data/train_distorted/distorted/FAMILY-16/FATHER/FM016_F1_elastic.png,FAMILY-16,FATHER,elastic,4200650,5.14,12.17,8.988,6.704,32
data/split/train/FAMILY-16/FATHER/FM016_F1.png,data/train_distorted/distorted/FAMILY-16/FATHER/FM016_F1_local.png,FAMILY-16,FATHER,local,4200651,3.83,7.68,,,
data/split/train/FAMILY-16/FATHER/FM016_F1.png,data/train_distorted/distorted/FAMILY-16/FATHER/FM016_F1_bending.png,FAMILY-16,FATHER,bending,4200652,3.45,5.87,,,
data/split/train/FAMILY-16/FATHER/FM016_F2.png,data/train_distorted/distorted/FAMILY-16/FATHER/FM016_F2_elastic.png,FAMILY-16,FATHER,elastic,4200660,4.34,11.86,8.299,6.152,32
data/split/train/FAMILY-16/FATHER/FM016_F2.png,data/train_distorted/distorted/FAMILY-16/FATHER/FM016_F2_local.png,FAMILY-16,FATHER,local,4200661,3.87,7.28,,,
data/split/train/FAMILY-16/FATHER/FM016_F2.png,data/train_distorted/distorted/FAMILY-16/FATHER/FM016_F2_bending.png,FAMILY-16,FATHER,bending,4200662,4.61,7.68,,,
data/split/train/FAMILY-16/FATHER/FM016_F3.png,data/train_distorted/distorted/FAMILY-16/FATHER/FM016_F3_elastic.png,FAMILY-16,FATHER,elastic,4200670,5.25,13.16,9.656,5.666,32
data/split/train/FAMILY-16/FATHER/FM016_F3.png,data/train_distorted/distorted/FAMILY-16/FATHER/FM016_F3_local.png,FAMILY-16,FATHER,local,4200671,3.74,7.16,,,
data/split/train/FAMILY-16/FATHER/FM016_F3.png,data/train_distorted/distorted/FAMILY-16/FATHER/FM016_F3_bending.png,FAMILY-16,FATHER,bending,4200672,4.96,8.71,,,
data/split/train/FAMILY-16/FATHER/FM016_F4.png,data/train_distorted/distorted/FAMILY-16/FATHER/FM016_F4_elastic.png,FAMILY-16,FATHER,elastic,4200680,8.36,19.24,14.92,6.713,32
data/split/train/FAMILY-16/FATHER/FM016_F4.png,data/train_distorted/distorted/FAMILY-16/FATHER/FM016_F4_local.png,FAMILY-16,FATHER,local,4200681,3.22,8.98,,,
data/split/train/FAMILY-16/FATHER/FM016_F4.png,data/train_distorted/distorted/FAMILY-16/FATHER/FM016_F4_bending.png,FAMILY-16,FATHER,bending,4200682,4.15,7.18,,,
data/split/train/FAMILY-16/FATHER/FM016_F5.png,data/train_distorted/distorted/FAMILY-16/FATHER/FM016_F5_elastic.png,FAMILY-16,FATHER,elastic,4200690,8.84,21.12,15.004,5.134,32
data/split/train/FAMILY-16/FATHER/FM016_F5.png,data/train_distorted/distorted/FAMILY-16/FATHER/FM016_F5_local.png,FAMILY-16,FATHER,local,4200691,3.55,7.21,,,
data/split/train/FAMILY-16/FATHER/FM016_F5.png,data/train_distorted/distorted/FAMILY-16/FATHER/FM016_F5_bending.png,FAMILY-16,FATHER,bending,4200692,3.91,6.8,,,
data/split/train/FAMILY-16/MOTHER/FM016_M1.png,data/train_distorted/distorted/FAMILY-16/MOTHER/FM016_M1_elastic.png,FAMILY-16,MOTHER,elastic,4200700,6.43,20.3,12.177,6.686,32
data/split/train/FAMILY-16/MOTHER/FM016_M1.png,data/train_distorted/distorted/FAMILY-16/MOTHER/FM016_M1_local.png,FAMILY-16,MOTHER,local,4200701,3.27,5.98,,,
data/split/train/FAMILY-16/MOTHER/FM016_M1.png,data/train_distorted/distorted/FAMILY-16/MOTHER/FM016_M1_bending.png,FAMILY-16,MOTHER,bending,4200702,4.86,8.59,,,
data/split/train/FAMILY-16/MOTHER/FM016_M2.png,data/train_distorted/distorted/FAMILY-16/MOTHER/FM016_M2_elastic.png,FAMILY-16,MOTHER,elastic,4200710,7.37,18.51,13.039,6.005,32
data/split/train/FAMILY-16/MOTHER/FM016_M2.png,data/train_distorted/distorted/FAMILY-16/MOTHER/FM016_M2_local.png,FAMILY-16,MOTHER,local,4200711,3.07,7.68,,,
data/split/train/FAMILY-16/MOTHER/FM016_M2.png,data/train_distorted/distorted/FAMILY-16/MOTHER/FM016_M2_bending.png,FAMILY-16,MOTHER,bending,4200712,6.71,12.33,,,
data/split/train/FAMILY-16/MOTHER/FM016_M3.png,data/train_distorted/distorted/FAMILY-16/MOTHER/FM016_M3_elastic.png,FAMILY-16,MOTHER,elastic,4200720,7.59,18.77,14.34,7.044,32
data/split/train/FAMILY-16/MOTHER/FM016_M3.png,data/train_distorted/distorted/FAMILY-16/MOTHER/FM016_M3_local.png,FAMILY-16,MOTHER,local,4200721,4.73,9.08,,,
data/split/train/FAMILY-16/MOTHER/FM016_M3.png,data/train_distorted/distorted/FAMILY-16/MOTHER/FM016_M3_bending.png,FAMILY-16,MOTHER,bending,4200722,3.62,6.04,,,
data/split/train/FAMILY-16/MOTHER/FM016_M4.png,data/train_distorted/distorted/FAMILY-16/MOTHER/FM016_M4_elastic.png,FAMILY-16,MOTHER,elastic,4200730,5.5,14.43,10.401,5.396,32
data/split/train/FAMILY-16/MOTHER/FM016_M4.png,data/train_distorted/distorted/FAMILY-16/MOTHER/FM016_M4_local.png,FAMILY-16,MOTHER,local,4200731,4.06,8.36,,,
data/split/train/FAMILY-16/MOTHER/FM016_M4.png,data/train_distorted/distorted/FAMILY-16/MOTHER/FM016_M4_bending.png,FAMILY-16,MOTHER,bending,4200732,3.31,5.72,,,
data/split/train/FAMILY-16/MOTHER/FM016_M5.png,data/train_distorted/distorted/FAMILY-16/MOTHER/FM016_M5_elastic.png,FAMILY-16,MOTHER,elastic,4200740,8.32,18.14,14.139,5.937,32
data/split/train/FAMILY-16/MOTHER/FM016_M5.png,data/train_distorted/distorted/FAMILY-16/MOTHER/FM016_M5_local.png,FAMILY-16,MOTHER,local,4200741,3.38,7.57,,,
data/split/train/FAMILY-16/MOTHER/FM016_M5.png,data/train_distorted/distorted/FAMILY-16/MOTHER/FM016_M5_bending.png,FAMILY-16,MOTHER,bending,4200742,4.53,7.72,,,
data/split/train/FAMILY-17/CHILD/FM017_C1.png,data/train_distorted/distorted/FAMILY-17/CHILD/FM017_C1_elastic.png,FAMILY-17,CHILD,elastic,4200750,4.64,10.7,8.205,7.664,32
data/split/train/FAMILY-17/CHILD/FM017_C1.png,data/train_distorted/distorted/FAMILY-17/CHILD/FM017_C1_local.png,FAMILY-17,CHILD,local,4200751,2.91,7.84,,,
data/split/train/FAMILY-17/CHILD/FM017_C1.png,data/train_distorted/distorted/FAMILY-17/CHILD/FM017_C1_bending.png,FAMILY-17,CHILD,bending,4200752,6.12,10.8,,,
data/split/train/FAMILY-17/CHILD/FM017_C2.png,data/train_distorted/distorted/FAMILY-17/CHILD/FM017_C2_elastic.png,FAMILY-17,CHILD,elastic,4200760,4.68,12.54,8.118,6.602,32
data/split/train/FAMILY-17/CHILD/FM017_C2.png,data/train_distorted/distorted/FAMILY-17/CHILD/FM017_C2_local.png,FAMILY-17,CHILD,local,4200761,2.9,6.15,,,
data/split/train/FAMILY-17/CHILD/FM017_C2.png,data/train_distorted/distorted/FAMILY-17/CHILD/FM017_C2_bending.png,FAMILY-17,CHILD,bending,4200762,4.1,6.92,,,
data/split/train/FAMILY-17/CHILD/FM017_C3.png,data/train_distorted/distorted/FAMILY-17/CHILD/FM017_C3_elastic.png,FAMILY-17,CHILD,elastic,4200770,8.54,19.59,14.535,6.276,32
data/split/train/FAMILY-17/CHILD/FM017_C3.png,data/train_distorted/distorted/FAMILY-17/CHILD/FM017_C3_local.png,FAMILY-17,CHILD,local,4200771,3.27,7.82,,,
data/split/train/FAMILY-17/CHILD/FM017_C3.png,data/train_distorted/distorted/FAMILY-17/CHILD/FM017_C3_bending.png,FAMILY-17,CHILD,bending,4200772,6.84,11.76,,,
data/split/train/FAMILY-17/CHILD/FM017_C4.png,data/train_distorted/distorted/FAMILY-17/CHILD/FM017_C4_elastic.png,FAMILY-17,CHILD,elastic,4200780,8.05,21.92,13.867,5.644,32
data/split/train/FAMILY-17/CHILD/FM017_C4.png,data/train_distorted/distorted/FAMILY-17/CHILD/FM017_C4_local.png,FAMILY-17,CHILD,local,4200781,3.26,8.71,,,
data/split/train/FAMILY-17/CHILD/FM017_C4.png,data/train_distorted/distorted/FAMILY-17/CHILD/FM017_C4_bending.png,FAMILY-17,CHILD,bending,4200782,3.86,6.64,,,
data/split/train/FAMILY-17/CHILD/FM017_C5.png,data/train_distorted/distorted/FAMILY-17/CHILD/FM017_C5_elastic.png,FAMILY-17,CHILD,elastic,4200790,5.78,14.31,11.423,6.817,32
data/split/train/FAMILY-17/CHILD/FM017_C5.png,data/train_distorted/distorted/FAMILY-17/CHILD/FM017_C5_local.png,FAMILY-17,CHILD,local,4200791,3.52,8.12,,,
data/split/train/FAMILY-17/CHILD/FM017_C5.png,data/train_distorted/distorted/FAMILY-17/CHILD/FM017_C5_bending.png,FAMILY-17,CHILD,bending,4200792,3.49,6.08,,,
data/split/train/FAMILY-17/FATHER/FM017_F1.png,data/train_distorted/distorted/FAMILY-17/FATHER/FM017_F1_elastic.png,FAMILY-17,FATHER,elastic,4200800,6.25,17.18,11.944,6.16,32
data/split/train/FAMILY-17/FATHER/FM017_F1.png,data/train_distorted/distorted/FAMILY-17/FATHER/FM017_F1_local.png,FAMILY-17,FATHER,local,4200801,3.64,8.38,,,
data/split/train/FAMILY-17/FATHER/FM017_F1.png,data/train_distorted/distorted/FAMILY-17/FATHER/FM017_F1_bending.png,FAMILY-17,FATHER,bending,4200802,4.69,8.31,,,
data/split/train/FAMILY-17/FATHER/FM017_F2.png,data/train_distorted/distorted/FAMILY-17/FATHER/FM017_F2_elastic.png,FAMILY-17,FATHER,elastic,4200810,4.67,11.84,8.698,6.969,32
data/split/train/FAMILY-17/FATHER/FM017_F2.png,data/train_distorted/distorted/FAMILY-17/FATHER/FM017_F2_local.png,FAMILY-17,FATHER,local,4200811,2.54,4.9,,,
data/split/train/FAMILY-17/FATHER/FM017_F2.png,data/train_distorted/distorted/FAMILY-17/FATHER/FM017_F2_bending.png,FAMILY-17,FATHER,bending,4200812,5.78,9.67,,,
data/split/train/FAMILY-17/FATHER/FM017_F3.png,data/train_distorted/distorted/FAMILY-17/FATHER/FM017_F3_elastic.png,FAMILY-17,FATHER,elastic,4200820,5.69,11.59,8.7,5.09,32
data/split/train/FAMILY-17/FATHER/FM017_F3.png,data/train_distorted/distorted/FAMILY-17/FATHER/FM017_F3_local.png,FAMILY-17,FATHER,local,4200821,4.99,10.46,,,
data/split/train/FAMILY-17/FATHER/FM017_F3.png,data/train_distorted/distorted/FAMILY-17/FATHER/FM017_F3_bending.png,FAMILY-17,FATHER,bending,4200822,6.02,10.63,,,
data/split/train/FAMILY-17/FATHER/FM017_F4.png,data/train_distorted/distorted/FAMILY-17/FATHER/FM017_F4_elastic.png,FAMILY-17,FATHER,elastic,4200830,7.44,16.75,12.291,5.843,32
data/split/train/FAMILY-17/FATHER/FM017_F4.png,data/train_distorted/distorted/FAMILY-17/FATHER/FM017_F4_local.png,FAMILY-17,FATHER,local,4200831,3.27,6.58,,,
data/split/train/FAMILY-17/FATHER/FM017_F4.png,data/train_distorted/distorted/FAMILY-17/FATHER/FM017_F4_bending.png,FAMILY-17,FATHER,bending,4200832,3.53,6.15,,,
data/split/train/FAMILY-17/FATHER/FM017_F5.png,data/train_distorted/distorted/FAMILY-17/FATHER/FM017_F5_elastic.png,FAMILY-17,FATHER,elastic,4200840,6.49,15.42,11.647,6.042,32
data/split/train/FAMILY-17/FATHER/FM017_F5.png,data/train_distorted/distorted/FAMILY-17/FATHER/FM017_F5_local.png,FAMILY-17,FATHER,local,4200841,5.43,11.52,,,
data/split/train/FAMILY-17/FATHER/FM017_F5.png,data/train_distorted/distorted/FAMILY-17/FATHER/FM017_F5_bending.png,FAMILY-17,FATHER,bending,4200842,3.44,6.28,,,
data/split/train/FAMILY-17/MOTHER/FM017_M1.png,data/train_distorted/distorted/FAMILY-17/MOTHER/FM017_M1_elastic.png,FAMILY-17,MOTHER,elastic,4200850,8.56,21.95,14.887,7.029,32
data/split/train/FAMILY-17/MOTHER/FM017_M1.png,data/train_distorted/distorted/FAMILY-17/MOTHER/FM017_M1_local.png,FAMILY-17,MOTHER,local,4200851,3.54,8.79,,,
data/split/train/FAMILY-17/MOTHER/FM017_M1.png,data/train_distorted/distorted/FAMILY-17/MOTHER/FM017_M1_bending.png,FAMILY-17,MOTHER,bending,4200852,7.22,13.2,,,
data/split/train/FAMILY-17/MOTHER/FM017_M2.png,data/train_distorted/distorted/FAMILY-17/MOTHER/FM017_M2_elastic.png,FAMILY-17,MOTHER,elastic,4200860,9.17,23.55,14.003,5.603,32
data/split/train/FAMILY-17/MOTHER/FM017_M2.png,data/train_distorted/distorted/FAMILY-17/MOTHER/FM017_M2_local.png,FAMILY-17,MOTHER,local,4200861,3.51,7.3,,,
data/split/train/FAMILY-17/MOTHER/FM017_M2.png,data/train_distorted/distorted/FAMILY-17/MOTHER/FM017_M2_bending.png,FAMILY-17,MOTHER,bending,4200862,6.74,11.74,,,
data/split/train/FAMILY-17/MOTHER/FM017_M3.png,data/train_distorted/distorted/FAMILY-17/MOTHER/FM017_M3_elastic.png,FAMILY-17,MOTHER,elastic,4200870,7.63,18.17,13.829,5.367,32
data/split/train/FAMILY-17/MOTHER/FM017_M3.png,data/train_distorted/distorted/FAMILY-17/MOTHER/FM017_M3_local.png,FAMILY-17,MOTHER,local,4200871,2.95,6.63,,,
data/split/train/FAMILY-17/MOTHER/FM017_M3.png,data/train_distorted/distorted/FAMILY-17/MOTHER/FM017_M3_bending.png,FAMILY-17,MOTHER,bending,4200872,5.0,8.32,,,
data/split/train/FAMILY-17/MOTHER/FM017_M4.png,data/train_distorted/distorted/FAMILY-17/MOTHER/FM017_M4_elastic.png,FAMILY-17,MOTHER,elastic,4200880,5.97,18.3,11.265,6.448,32
data/split/train/FAMILY-17/MOTHER/FM017_M4.png,data/train_distorted/distorted/FAMILY-17/MOTHER/FM017_M4_local.png,FAMILY-17,MOTHER,local,4200881,4.55,9.55,,,
data/split/train/FAMILY-17/MOTHER/FM017_M4.png,data/train_distorted/distorted/FAMILY-17/MOTHER/FM017_M4_bending.png,FAMILY-17,MOTHER,bending,4200882,3.73,6.77,,,
data/split/train/FAMILY-17/MOTHER/FM017_M5.png,data/train_distorted/distorted/FAMILY-17/MOTHER/FM017_M5_elastic.png,FAMILY-17,MOTHER,elastic,4200890,8.61,22.51,15.143,6.186,32
data/split/train/FAMILY-17/MOTHER/FM017_M5.png,data/train_distorted/distorted/FAMILY-17/MOTHER/FM017_M5_local.png,FAMILY-17,MOTHER,local,4200891,4.48,10.86,,,
data/split/train/FAMILY-17/MOTHER/FM017_M5.png,data/train_distorted/distorted/FAMILY-17/MOTHER/FM017_M5_bending.png,FAMILY-17,MOTHER,bending,4200892,5.65,10.27,,,
data/split/train/FAMILY-18/CHILD/FM018_C1.png,data/train_distorted/distorted/FAMILY-18/CHILD/FM018_C1_elastic.png,FAMILY-18,CHILD,elastic,4200900,7.82,19.49,13.442,6.138,32
data/split/train/FAMILY-18/CHILD/FM018_C1.png,data/train_distorted/distorted/FAMILY-18/CHILD/FM018_C1_local.png,FAMILY-18,CHILD,local,4200901,5.36,10.65,,,
data/split/train/FAMILY-18/CHILD/FM018_C1.png,data/train_distorted/distorted/FAMILY-18/CHILD/FM018_C1_bending.png,FAMILY-18,CHILD,bending,4200902,6.87,11.84,,,
data/split/train/FAMILY-18/CHILD/FM018_C2.png,data/train_distorted/distorted/FAMILY-18/CHILD/FM018_C2_elastic.png,FAMILY-18,CHILD,elastic,4200910,8.86,22.4,15.372,6.308,32
data/split/train/FAMILY-18/CHILD/FM018_C2.png,data/train_distorted/distorted/FAMILY-18/CHILD/FM018_C2_local.png,FAMILY-18,CHILD,local,4200911,2.98,6.71,,,
data/split/train/FAMILY-18/CHILD/FM018_C2.png,data/train_distorted/distorted/FAMILY-18/CHILD/FM018_C2_bending.png,FAMILY-18,CHILD,bending,4200912,4.17,7.58,,,
data/split/train/FAMILY-18/CHILD/FM018_C3.png,data/train_distorted/distorted/FAMILY-18/CHILD/FM018_C3_elastic.png,FAMILY-18,CHILD,elastic,4200920,5.9,15.02,10.524,7.682,32
data/split/train/FAMILY-18/CHILD/FM018_C3.png,data/train_distorted/distorted/FAMILY-18/CHILD/FM018_C3_local.png,FAMILY-18,CHILD,local,4200921,3.77,9.11,,,
data/split/train/FAMILY-18/CHILD/FM018_C3.png,data/train_distorted/distorted/FAMILY-18/CHILD/FM018_C3_bending.png,FAMILY-18,CHILD,bending,4200922,6.89,12.24,,,
data/split/train/FAMILY-18/CHILD/FM018_C4.png,data/train_distorted/distorted/FAMILY-18/CHILD/FM018_C4_elastic.png,FAMILY-18,CHILD,elastic,4200930,5.64,13.94,9.887,5.27,32
data/split/train/FAMILY-18/CHILD/FM018_C4.png,data/train_distorted/distorted/FAMILY-18/CHILD/FM018_C4_local.png,FAMILY-18,CHILD,local,4200931,3.63,8.62,,,
data/split/train/FAMILY-18/CHILD/FM018_C4.png,data/train_distorted/distorted/FAMILY-18/CHILD/FM018_C4_bending.png,FAMILY-18,CHILD,bending,4200932,3.98,7.06,,,
data/split/train/FAMILY-18/CHILD/FM018_C5.png,data/train_distorted/distorted/FAMILY-18/CHILD/FM018_C5_elastic.png,FAMILY-18,CHILD,elastic,4200940,8.24,19.19,15.059,7.061,32
data/split/train/FAMILY-18/CHILD/FM018_C5.png,data/train_distorted/distorted/FAMILY-18/CHILD/FM018_C5_local.png,FAMILY-18,CHILD,local,4200941,2.6,6.88,,,
data/split/train/FAMILY-18/CHILD/FM018_C5.png,data/train_distorted/distorted/FAMILY-18/CHILD/FM018_C5_bending.png,FAMILY-18,CHILD,bending,4200942,5.04,8.44,,,
data/split/train/FAMILY-18/FATHER/FM018_F1.png,data/train_distorted/distorted/FAMILY-18/FATHER/FM018_F1_elastic.png,FAMILY-18,FATHER,elastic,4200950,6.0,14.21,10.62,6.128,32
data/split/train/FAMILY-18/FATHER/FM018_F1.png,data/train_distorted/distorted/FAMILY-18/FATHER/FM018_F1_local.png,FAMILY-18,FATHER,local,4200951,3.34,8.21,,,
data/split/train/FAMILY-18/FATHER/FM018_F1.png,data/train_distorted/distorted/FAMILY-18/FATHER/FM018_F1_bending.png,FAMILY-18,FATHER,bending,4200952,6.22,11.33,,,
data/split/train/FAMILY-18/FATHER/FM018_F2.png,data/train_distorted/distorted/FAMILY-18/FATHER/FM018_F2_elastic.png,FAMILY-18,FATHER,elastic,4200960,7.81,21.85,14.04,6.807,32
data/split/train/FAMILY-18/FATHER/FM018_F2.png,data/train_distorted/distorted/FAMILY-18/FATHER/FM018_F2_local.png,FAMILY-18,FATHER,local,4200961,2.79,6.4,,,
data/split/train/FAMILY-18/FATHER/FM018_F2.png,data/train_distorted/distorted/FAMILY-18/FATHER/FM018_F2_bending.png,FAMILY-18,FATHER,bending,4200962,3.86,6.61,,,
data/split/train/FAMILY-18/FATHER/FM018_F3.png,data/train_distorted/distorted/FAMILY-18/FATHER/FM018_F3_elastic.png,FAMILY-18,FATHER,elastic,4200970,5.44,12.95,9.438,6.133,32
data/split/train/FAMILY-18/FATHER/FM018_F3.png,data/train_distorted/distorted/FAMILY-18/FATHER/FM018_F3_local.png,FAMILY-18,FATHER,local,4200971,3.86,9.14,,,
data/split/train/FAMILY-18/FATHER/FM018_F3.png,data/train_distorted/distorted/FAMILY-18/FATHER/FM018_F3_bending.png,FAMILY-18,FATHER,bending,4200972,6.21,10.9,,,
data/split/train/FAMILY-18/FATHER/FM018_F4.png,data/train_distorted/distorted/FAMILY-18/FATHER/FM018_F4_elastic.png,FAMILY-18,FATHER,elastic,4200980,8.99,21.82,15.848,6.175,32
data/split/train/FAMILY-18/FATHER/FM018_F4.png,data/train_distorted/distorted/FAMILY-18/FATHER/FM018_F4_local.png,FAMILY-18,FATHER,local,4200981,3.88,11.04,,,
data/split/train/FAMILY-18/FATHER/FM018_F4.png,data/train_distorted/distorted/FAMILY-18/FATHER/FM018_F4_bending.png,FAMILY-18,FATHER,bending,4200982,6.23,10.52,,,
data/split/train/FAMILY-18/FATHER/FM018_F5.png,data/train_distorted/distorted/FAMILY-18/FATHER/FM018_F5_elastic.png,FAMILY-18,FATHER,elastic,4200990,9.45,26.46,15.738,5.01,32
data/split/train/FAMILY-18/FATHER/FM018_F5.png,data/train_distorted/distorted/FAMILY-18/FATHER/FM018_F5_local.png,FAMILY-18,FATHER,local,4200991,4.42,7.47,,,
data/split/train/FAMILY-18/FATHER/FM018_F5.png,data/train_distorted/distorted/FAMILY-18/FATHER/FM018_F5_bending.png,FAMILY-18,FATHER,bending,4200992,6.21,11.23,,,
data/split/train/FAMILY-18/MOTHER/FM018_M1.png,data/train_distorted/distorted/FAMILY-18/MOTHER/FM018_M1_elastic.png,FAMILY-18,MOTHER,elastic,4201000,7.75,20.57,13.157,6.064,32
data/split/train/FAMILY-18/MOTHER/FM018_M1.png,data/train_distorted/distorted/FAMILY-18/MOTHER/FM018_M1_local.png,FAMILY-18,MOTHER,local,4201001,4.41,8.8,,,
data/split/train/FAMILY-18/MOTHER/FM018_M1.png,data/train_distorted/distorted/FAMILY-18/MOTHER/FM018_M1_bending.png,FAMILY-18,MOTHER,bending,4201002,5.87,10.69,,,
data/split/train/FAMILY-18/MOTHER/FM018_M2.png,data/train_distorted/distorted/FAMILY-18/MOTHER/FM018_M2_elastic.png,FAMILY-18,MOTHER,elastic,4201010,8.02,21.54,15.249,5.541,32
data/split/train/FAMILY-18/MOTHER/FM018_M2.png,data/train_distorted/distorted/FAMILY-18/MOTHER/FM018_M2_local.png,FAMILY-18,MOTHER,local,4201011,3.28,6.93,,,
data/split/train/FAMILY-18/MOTHER/FM018_M2.png,data/train_distorted/distorted/FAMILY-18/MOTHER/FM018_M2_bending.png,FAMILY-18,MOTHER,bending,4201012,6.73,12.31,,,
data/split/train/FAMILY-18/MOTHER/FM018_M3.png,data/train_distorted/distorted/FAMILY-18/MOTHER/FM018_M3_elastic.png,FAMILY-18,MOTHER,elastic,4201020,4.34,11.64,8.062,5.815,32
data/split/train/FAMILY-18/MOTHER/FM018_M3.png,data/train_distorted/distorted/FAMILY-18/MOTHER/FM018_M3_local.png,FAMILY-18,MOTHER,local,4201021,3.2,9.43,,,
data/split/train/FAMILY-18/MOTHER/FM018_M3.png,data/train_distorted/distorted/FAMILY-18/MOTHER/FM018_M3_bending.png,FAMILY-18,MOTHER,bending,4201022,3.8,6.37,,,
data/split/train/FAMILY-18/MOTHER/FM018_M4.png,data/train_distorted/distorted/FAMILY-18/MOTHER/FM018_M4_elastic.png,FAMILY-18,MOTHER,elastic,4201030,5.39,11.82,8.937,5.447,32
data/split/train/FAMILY-18/MOTHER/FM018_M4.png,data/train_distorted/distorted/FAMILY-18/MOTHER/FM018_M4_local.png,FAMILY-18,MOTHER,local,4201031,2.98,7.49,,,
data/split/train/FAMILY-18/MOTHER/FM018_M4.png,data/train_distorted/distorted/FAMILY-18/MOTHER/FM018_M4_bending.png,FAMILY-18,MOTHER,bending,4201032,6.96,11.68,,,
data/split/train/FAMILY-18/MOTHER/FM018_M5.png,data/train_distorted/distorted/FAMILY-18/MOTHER/FM018_M5_elastic.png,FAMILY-18,MOTHER,elastic,4201040,7.8,15.82,12.878,6.304,32
data/split/train/FAMILY-18/MOTHER/FM018_M5.png,data/train_distorted/distorted/FAMILY-18/MOTHER/FM018_M5_local.png,FAMILY-18,MOTHER,local,4201041,3.95,7.89,,,
data/split/train/FAMILY-18/MOTHER/FM018_M5.png,data/train_distorted/distorted/FAMILY-18/MOTHER/FM018_M5_bending.png,FAMILY-18,MOTHER,bending,4201042,4.67,8.57,,,
data/split/train/FAMILY-19/CHILD/FM019_C1.png,data/train_distorted/distorted/FAMILY-19/CHILD/FM019_C1_elastic.png,FAMILY-19,CHILD,elastic,4201050,6.65,17.53,11.737,5.222,32
data/split/train/FAMILY-19/CHILD/FM019_C1.png,data/train_distorted/distorted/FAMILY-19/CHILD/FM019_C1_local.png,FAMILY-19,CHILD,local,4201051,4.54,8.07,,,
data/split/train/FAMILY-19/CHILD/FM019_C1.png,data/train_distorted/distorted/FAMILY-19/CHILD/FM019_C1_bending.png,FAMILY-19,CHILD,bending,4201052,5.27,9.31,,,
data/split/train/FAMILY-19/CHILD/FM019_C2.png,data/train_distorted/distorted/FAMILY-19/CHILD/FM019_C2_elastic.png,FAMILY-19,CHILD,elastic,4201060,8.96,21.47,15.735,6.081,32
data/split/train/FAMILY-19/CHILD/FM019_C2.png,data/train_distorted/distorted/FAMILY-19/CHILD/FM019_C2_local.png,FAMILY-19,CHILD,local,4201061,4.74,10.44,,,
data/split/train/FAMILY-19/CHILD/FM019_C2.png,data/train_distorted/distorted/FAMILY-19/CHILD/FM019_C2_bending.png,FAMILY-19,CHILD,bending,4201062,4.94,8.23,,,
data/split/train/FAMILY-19/CHILD/FM019_C3.png,data/train_distorted/distorted/FAMILY-19/CHILD/FM019_C3_elastic.png,FAMILY-19,CHILD,elastic,4201070,7.83,20.01,13.15,6.527,32
data/split/train/FAMILY-19/CHILD/FM019_C3.png,data/train_distorted/distorted/FAMILY-19/CHILD/FM019_C3_local.png,FAMILY-19,CHILD,local,4201071,2.64,6.38,,,
data/split/train/FAMILY-19/CHILD/FM019_C3.png,data/train_distorted/distorted/FAMILY-19/CHILD/FM019_C3_bending.png,FAMILY-19,CHILD,bending,4201072,7.15,12.7,,,
data/split/train/FAMILY-19/CHILD/FM019_C4.png,data/train_distorted/distorted/FAMILY-19/CHILD/FM019_C4_elastic.png,FAMILY-19,CHILD,elastic,4201080,6.84,16.69,11.427,6.559,32
data/split/train/FAMILY-19/CHILD/FM019_C4.png,data/train_distorted/distorted/FAMILY-19/CHILD/FM019_C4_local.png,FAMILY-19,CHILD,local,4201081,2.36,6.07,,,
data/split/train/FAMILY-19/CHILD/FM019_C4.png,data/train_distorted/distorted/FAMILY-19/CHILD/FM019_C4_bending.png,FAMILY-19,CHILD,bending,4201082,5.29,9.14,,,
data/split/train/FAMILY-19/CHILD/FM019_C5.png,data/train_distorted/distorted/FAMILY-19/CHILD/FM019_C5_elastic.png,FAMILY-19,CHILD,elastic,4201090,4.47,13.49,8.045,6.687,32
data/split/train/FAMILY-19/CHILD/FM019_C5.png,data/train_distorted/distorted/FAMILY-19/CHILD/FM019_C5_local.png,FAMILY-19,CHILD,local,4201091,4.43,9.43,,,
data/split/train/FAMILY-19/CHILD/FM019_C5.png,data/train_distorted/distorted/FAMILY-19/CHILD/FM019_C5_bending.png,FAMILY-19,CHILD,bending,4201092,3.48,6.38,,,
data/split/train/FAMILY-19/FATHER/FM019_F1.png,data/train_distorted/distorted/FAMILY-19/FATHER/FM019_F1_elastic.png,FAMILY-19,FATHER,elastic,4201100,5.89,15.37,11.499,7.039,32
data/split/train/FAMILY-19/FATHER/FM019_F1.png,data/train_distorted/distorted/FAMILY-19/FATHER/FM019_F1_local.png,FAMILY-19,FATHER,local,4201101,5.37,9.18,,,
data/split/train/FAMILY-19/FATHER/FM019_F1.png,data/train_distorted/distorted/FAMILY-19/FATHER/FM019_F1_bending.png,FAMILY-19,FATHER,bending,4201102,4.08,6.83,,,
data/split/train/FAMILY-19/FATHER/FM019_F2.png,data/train_distorted/distorted/FAMILY-19/FATHER/FM019_F2_elastic.png,FAMILY-19,FATHER,elastic,4201110,5.1,11.64,8.826,7.623,32
data/split/train/FAMILY-19/FATHER/FM019_F2.png,data/train_distorted/distorted/FAMILY-19/FATHER/FM019_F2_local.png,FAMILY-19,FATHER,local,4201111,4.26,9.24,,,
data/split/train/FAMILY-19/FATHER/FM019_F2.png,data/train_distorted/distorted/FAMILY-19/FATHER/FM019_F2_bending.png,FAMILY-19,FATHER,bending,4201112,6.35,10.58,,,
data/split/train/FAMILY-19/FATHER/FM019_F3.png,data/train_distorted/distorted/FAMILY-19/FATHER/FM019_F3_elastic.png,FAMILY-19,FATHER,elastic,4201120,4.94,10.24,8.567,5.661,32
data/split/train/FAMILY-19/FATHER/FM019_F3.png,data/train_distorted/distorted/FAMILY-19/FATHER/FM019_F3_local.png,FAMILY-19,FATHER,local,4201121,3.47,7.36,,,
data/split/train/FAMILY-19/FATHER/FM019_F3.png,data/train_distorted/distorted/FAMILY-19/FATHER/FM019_F3_bending.png,FAMILY-19,FATHER,bending,4201122,4.38,7.69,,,
data/split/train/FAMILY-19/FATHER/FM019_F4.png,data/train_distorted/distorted/FAMILY-19/FATHER/FM019_F4_elastic.png,FAMILY-19,FATHER,elastic,4201130,6.81,19.98,11.491,5.165,32
data/split/train/FAMILY-19/FATHER/FM019_F4.png,data/train_distorted/distorted/FAMILY-19/FATHER/FM019_F4_local.png,FAMILY-19,FATHER,local,4201131,5.32,12.62,,,
data/split/train/FAMILY-19/FATHER/FM019_F4.png,data/train_distorted/distorted/FAMILY-19/FATHER/FM019_F4_bending.png,FAMILY-19,FATHER,bending,4201132,6.65,11.07,,,
data/split/train/FAMILY-19/FATHER/FM019_F5.png,data/train_distorted/distorted/FAMILY-19/FATHER/FM019_F5_elastic.png,FAMILY-19,FATHER,elastic,4201140,5.88,12.51,11.397,6.991,32
data/split/train/FAMILY-19/FATHER/FM019_F5.png,data/train_distorted/distorted/FAMILY-19/FATHER/FM019_F5_local.png,FAMILY-19,FATHER,local,4201141,2.34,5.03,,,
data/split/train/FAMILY-19/FATHER/FM019_F5.png,data/train_distorted/distorted/FAMILY-19/FATHER/FM019_F5_bending.png,FAMILY-19,FATHER,bending,4201142,5.02,8.51,,,
data/split/train/FAMILY-19/MOTHER/FM019_M1.png,data/train_distorted/distorted/FAMILY-19/MOTHER/FM019_M1_elastic.png,FAMILY-19,MOTHER,elastic,4201150,9.12,25.62,14.765,5.225,32
data/split/train/FAMILY-19/MOTHER/FM019_M1.png,data/train_distorted/distorted/FAMILY-19/MOTHER/FM019_M1_local.png,FAMILY-19,MOTHER,local,4201151,3.56,8.0,,,
data/split/train/FAMILY-19/MOTHER/FM019_M1.png,data/train_distorted/distorted/FAMILY-19/MOTHER/FM019_M1_bending.png,FAMILY-19,MOTHER,bending,4201152,6.62,11.99,,,
data/split/train/FAMILY-19/MOTHER/FM019_M2.png,data/train_distorted/distorted/FAMILY-19/MOTHER/FM019_M2_elastic.png,FAMILY-19,MOTHER,elastic,4201160,5.58,13.73,10.508,6.376,32
data/split/train/FAMILY-19/MOTHER/FM019_M2.png,data/train_distorted/distorted/FAMILY-19/MOTHER/FM019_M2_local.png,FAMILY-19,MOTHER,local,4201161,4.0,8.79,,,
data/split/train/FAMILY-19/MOTHER/FM019_M2.png,data/train_distorted/distorted/FAMILY-19/MOTHER/FM019_M2_bending.png,FAMILY-19,MOTHER,bending,4201162,3.99,6.9,,,
data/split/train/FAMILY-19/MOTHER/FM019_M3.png,data/train_distorted/distorted/FAMILY-19/MOTHER/FM019_M3_elastic.png,FAMILY-19,MOTHER,elastic,4201170,8.04,19.45,14.663,6.646,32
data/split/train/FAMILY-19/MOTHER/FM019_M3.png,data/train_distorted/distorted/FAMILY-19/MOTHER/FM019_M3_local.png,FAMILY-19,MOTHER,local,4201171,3.04,6.38,,,
data/split/train/FAMILY-19/MOTHER/FM019_M3.png,data/train_distorted/distorted/FAMILY-19/MOTHER/FM019_M3_bending.png,FAMILY-19,MOTHER,bending,4201172,4.23,7.58,,,
data/split/train/FAMILY-19/MOTHER/FM019_M4.png,data/train_distorted/distorted/FAMILY-19/MOTHER/FM019_M4_elastic.png,FAMILY-19,MOTHER,elastic,4201180,7.34,17.71,11.962,5.569,32
data/split/train/FAMILY-19/MOTHER/FM019_M4.png,data/train_distorted/distorted/FAMILY-19/MOTHER/FM019_M4_local.png,FAMILY-19,MOTHER,local,4201181,4.07,9.73,,,
data/split/train/FAMILY-19/MOTHER/FM019_M4.png,data/train_distorted/distorted/FAMILY-19/MOTHER/FM019_M4_bending.png,FAMILY-19,MOTHER,bending,4201182,4.55,8.11,,,
data/split/train/FAMILY-19/MOTHER/FM019_M5.png,data/train_distorted/distorted/FAMILY-19/MOTHER/FM019_M5_elastic.png,FAMILY-19,MOTHER,elastic,4201190,6.07,13.88,10.27,5.542,32
data/split/train/FAMILY-19/MOTHER/FM019_M5.png,data/train_distorted/distorted/FAMILY-19/MOTHER/FM019_M5_local.png,FAMILY-19,MOTHER,local,4201191,3.04,6.1,,,
data/split/train/FAMILY-19/MOTHER/FM019_M5.png,data/train_distorted/distorted/FAMILY-19/MOTHER/FM019_M5_bending.png,FAMILY-19,MOTHER,bending,4201192,4.05,7.28,,,
data/split/train/FAMILY-2/CHILD/FM002_C1.png,data/train_distorted/distorted/FAMILY-2/CHILD/FM002_C1_elastic.png,FAMILY-2,CHILD,elastic,4201200,4.47,11.46,8.527,6.896,32
data/split/train/FAMILY-2/CHILD/FM002_C1.png,data/train_distorted/distorted/FAMILY-2/CHILD/FM002_C1_local.png,FAMILY-2,CHILD,local,4201201,2.61,6.22,,,
data/split/train/FAMILY-2/CHILD/FM002_C1.png,data/train_distorted/distorted/FAMILY-2/CHILD/FM002_C1_bending.png,FAMILY-2,CHILD,bending,4201202,3.91,7.12,,,
data/split/train/FAMILY-2/CHILD/FM002_C2.png,data/train_distorted/distorted/FAMILY-2/CHILD/FM002_C2_elastic.png,FAMILY-2,CHILD,elastic,4201210,7.99,19.91,13.52,5.011,32
data/split/train/FAMILY-2/CHILD/FM002_C2.png,data/train_distorted/distorted/FAMILY-2/CHILD/FM002_C2_local.png,FAMILY-2,CHILD,local,4201211,2.8,6.37,,,
data/split/train/FAMILY-2/CHILD/FM002_C2.png,data/train_distorted/distorted/FAMILY-2/CHILD/FM002_C2_bending.png,FAMILY-2,CHILD,bending,4201212,3.57,6.51,,,
data/split/train/FAMILY-2/CHILD/FM002_C3.png,data/train_distorted/distorted/FAMILY-2/CHILD/FM002_C3_elastic.png,FAMILY-2,CHILD,elastic,4201220,7.18,15.15,12.475,6.257,32
data/split/train/FAMILY-2/CHILD/FM002_C3.png,data/train_distorted/distorted/FAMILY-2/CHILD/FM002_C3_local.png,FAMILY-2,CHILD,local,4201221,2.81,6.35,,,
data/split/train/FAMILY-2/CHILD/FM002_C3.png,data/train_distorted/distorted/FAMILY-2/CHILD/FM002_C3_bending.png,FAMILY-2,CHILD,bending,4201222,6.62,11.46,,,
data/split/train/FAMILY-2/CHILD/FM002_C4.png,data/train_distorted/distorted/FAMILY-2/CHILD/FM002_C4_elastic.png,FAMILY-2,CHILD,elastic,4201230,4.84,11.14,9.046,6.815,32
data/split/train/FAMILY-2/CHILD/FM002_C4.png,data/train_distorted/distorted/FAMILY-2/CHILD/FM002_C4_local.png,FAMILY-2,CHILD,local,4201231,4.33,8.72,,,
data/split/train/FAMILY-2/CHILD/FM002_C4.png,data/train_distorted/distorted/FAMILY-2/CHILD/FM002_C4_bending.png,FAMILY-2,CHILD,bending,4201232,5.7,10.35,,,
data/split/train/FAMILY-2/CHILD/FM002_C5.png,data/train_distorted/distorted/FAMILY-2/CHILD/FM002_C5_elastic.png,FAMILY-2,CHILD,elastic,4201240,9.06,22.22,15.729,7.177,32
data/split/train/FAMILY-2/CHILD/FM002_C5.png,data/train_distorted/distorted/FAMILY-2/CHILD/FM002_C5_local.png,FAMILY-2,CHILD,local,4201241,3.9,7.96,,,
data/split/train/FAMILY-2/CHILD/FM002_C5.png,data/train_distorted/distorted/FAMILY-2/CHILD/FM002_C5_bending.png,FAMILY-2,CHILD,bending,4201242,4.33,7.74,,,
data/split/train/FAMILY-2/FATHER/FM002_F1.png,data/train_distorted/distorted/FAMILY-2/FATHER/FM002_F1_elastic.png,FAMILY-2,FATHER,elastic,4201250,8.62,20.52,15.055,5.69,32
data/split/train/FAMILY-2/FATHER/FM002_F1.png,data/train_distorted/distorted/FAMILY-2/FATHER/FM002_F1_local.png,FAMILY-2,FATHER,local,4201251,2.99,5.59,,,
data/split/train/FAMILY-2/FATHER/FM002_F1.png,data/train_distorted/distorted/FAMILY-2/FATHER/FM002_F1_bending.png,FAMILY-2,FATHER,bending,4201252,6.46,10.95,,,
data/split/train/FAMILY-2/FATHER/FM002_F2.png,data/train_distorted/distorted/FAMILY-2/FATHER/FM002_F2_elastic.png,FAMILY-2,FATHER,elastic,4201260,8.27,19.05,15.634,7.033,32
data/split/train/FAMILY-2/FATHER/FM002_F2.png,data/train_distorted/distorted/FAMILY-2/FATHER/FM002_F2_local.png,FAMILY-2,FATHER,local,4201261,3.05,7.33,,,
data/split/train/FAMILY-2/FATHER/FM002_F2.png,data/train_distorted/distorted/FAMILY-2/FATHER/FM002_F2_bending.png,FAMILY-2,FATHER,bending,4201262,3.51,5.89,,,
data/split/train/FAMILY-2/FATHER/FM002_F3.png,data/train_distorted/distorted/FAMILY-2/FATHER/FM002_F3_elastic.png,FAMILY-2,FATHER,elastic,4201270,5.25,10.62,8.891,6.783,32
data/split/train/FAMILY-2/FATHER/FM002_F3.png,data/train_distorted/distorted/FAMILY-2/FATHER/FM002_F3_local.png,FAMILY-2,FATHER,local,4201271,3.71,7.27,,,
data/split/train/FAMILY-2/FATHER/FM002_F3.png,data/train_distorted/distorted/FAMILY-2/FATHER/FM002_F3_bending.png,FAMILY-2,FATHER,bending,4201272,6.94,11.56,,,
data/split/train/FAMILY-2/FATHER/FM002_F4.png,data/train_distorted/distorted/FAMILY-2/FATHER/FM002_F4_elastic.png,FAMILY-2,FATHER,elastic,4201280,7.73,15.81,12.898,7.043,32
data/split/train/FAMILY-2/FATHER/FM002_F4.png,data/train_distorted/distorted/FAMILY-2/FATHER/FM002_F4_local.png,FAMILY-2,FATHER,local,4201281,3.46,8.27,,,
data/split/train/FAMILY-2/FATHER/FM002_F4.png,data/train_distorted/distorted/FAMILY-2/FATHER/FM002_F4_bending.png,FAMILY-2,FATHER,bending,4201282,3.86,6.69,,,
data/split/train/FAMILY-2/FATHER/FM002_F5.png,data/train_distorted/distorted/FAMILY-2/FATHER/FM002_F5_elastic.png,FAMILY-2,FATHER,elastic,4201290,6.07,16.34,11.792,6.564,32
data/split/train/FAMILY-2/FATHER/FM002_F5.png,data/train_distorted/distorted/FAMILY-2/FATHER/FM002_F5_local.png,FAMILY-2,FATHER,local,4201291,4.26,11.97,,,
data/split/train/FAMILY-2/FATHER/FM002_F5.png,data/train_distorted/distorted/FAMILY-2/FATHER/FM002_F5_bending.png,FAMILY-2,FATHER,bending,4201292,6.71,11.86,,,
data/split/train/FAMILY-2/MOTHER/FM002_M1.png,data/train_distorted/distorted/FAMILY-2/MOTHER/FM002_M1_elastic.png,FAMILY-2,MOTHER,elastic,4201300,6.64,18.9,12.548,7.274,32
data/split/train/FAMILY-2/MOTHER/FM002_M1.png,data/train_distorted/distorted/FAMILY-2/MOTHER/FM002_M1_local.png,FAMILY-2,MOTHER,local,4201301,3.76,8.52,,,
data/split/train/FAMILY-2/MOTHER/FM002_M1.png,data/train_distorted/distorted/FAMILY-2/MOTHER/FM002_M1_bending.png,FAMILY-2,MOTHER,bending,4201302,5.34,9.15,,,
data/split/train/FAMILY-2/MOTHER/FM002_M2.png,data/train_distorted/distorted/FAMILY-2/MOTHER/FM002_M2_elastic.png,FAMILY-2,MOTHER,elastic,4201310,7.8,19.52,13.492,5.903,32
data/split/train/FAMILY-2/MOTHER/FM002_M2.png,data/train_distorted/distorted/FAMILY-2/MOTHER/FM002_M2_local.png,FAMILY-2,MOTHER,local,4201311,4.11,10.75,,,
data/split/train/FAMILY-2/MOTHER/FM002_M2.png,data/train_distorted/distorted/FAMILY-2/MOTHER/FM002_M2_bending.png,FAMILY-2,MOTHER,bending,4201312,4.88,8.93,,,
data/split/train/FAMILY-2/MOTHER/FM002_M3.png,data/train_distorted/distorted/FAMILY-2/MOTHER/FM002_M3_elastic.png,FAMILY-2,MOTHER,elastic,4201320,8.01,18.85,14.683,6.744,32
data/split/train/FAMILY-2/MOTHER/FM002_M3.png,data/train_distorted/distorted/FAMILY-2/MOTHER/FM002_M3_local.png,FAMILY-2,MOTHER,local,4201321,4.06,10.85,,,
data/split/train/FAMILY-2/MOTHER/FM002_M3.png,data/train_distorted/distorted/FAMILY-2/MOTHER/FM002_M3_bending.png,FAMILY-2,MOTHER,bending,4201322,6.72,11.83,,,
data/split/train/FAMILY-2/MOTHER/FM002_M4.png,data/train_distorted/distorted/FAMILY-2/MOTHER/FM002_M4_elastic.png,FAMILY-2,MOTHER,elastic,4201330,4.67,12.16,8.175,5.217,32
data/split/train/FAMILY-2/MOTHER/FM002_M4.png,data/train_distorted/distorted/FAMILY-2/MOTHER/FM002_M4_local.png,FAMILY-2,MOTHER,local,4201331,4.14,9.01,,,
data/split/train/FAMILY-2/MOTHER/FM002_M4.png,data/train_distorted/distorted/FAMILY-2/MOTHER/FM002_M4_bending.png,FAMILY-2,MOTHER,bending,4201332,7.26,13.42,,,
data/split/train/FAMILY-2/MOTHER/FM002_M5.png,data/train_distorted/distorted/FAMILY-2/MOTHER/FM002_M5_elastic.png,FAMILY-2,MOTHER,elastic,4201340,8.85,20.31,15.711,6.644,32
data/split/train/FAMILY-2/MOTHER/FM002_M5.png,data/train_distorted/distorted/FAMILY-2/MOTHER/FM002_M5_local.png,FAMILY-2,MOTHER,local,4201341,5.02,10.02,,,
data/split/train/FAMILY-2/MOTHER/FM002_M5.png,data/train_distorted/distorted/FAMILY-2/MOTHER/FM002_M5_bending.png,FAMILY-2,MOTHER,bending,4201342,3.72,6.2,,,
data/split/train/FAMILY-21/CHILD/FM021_C1.png,data/train_distorted/distorted/FAMILY-21/CHILD/FM021_C1_elastic.png,FAMILY-21,CHILD,elastic,4201350,4.77,12.29,8.094,6.582,32
data/split/train/FAMILY-21/CHILD/FM021_C1.png,data/train_distorted/distorted/FAMILY-21/CHILD/FM021_C1_local.png,FAMILY-21,CHILD,local,4201351,4.16,9.69,,,
data/split/train/FAMILY-21/CHILD/FM021_C1.png,data/train_distorted/distorted/FAMILY-21/CHILD/FM021_C1_bending.png,FAMILY-21,CHILD,bending,4201352,7.3,13.43,,,
data/split/train/FAMILY-21/CHILD/FM021_C2.png,data/train_distorted/distorted/FAMILY-21/CHILD/FM021_C2_elastic.png,FAMILY-21,CHILD,elastic,4201360,8.56,18.86,14.263,5.954,32
data/split/train/FAMILY-21/CHILD/FM021_C2.png,data/train_distorted/distorted/FAMILY-21/CHILD/FM021_C2_local.png,FAMILY-21,CHILD,local,4201361,2.8,6.88,,,
data/split/train/FAMILY-21/CHILD/FM021_C2.png,data/train_distorted/distorted/FAMILY-21/CHILD/FM021_C2_bending.png,FAMILY-21,CHILD,bending,4201362,4.3,7.94,,,
data/split/train/FAMILY-21/CHILD/FM021_C3.png,data/train_distorted/distorted/FAMILY-21/CHILD/FM021_C3_elastic.png,FAMILY-21,CHILD,elastic,4201370,8.79,22.45,15.289,6.174,32
data/split/train/FAMILY-21/CHILD/FM021_C3.png,data/train_distorted/distorted/FAMILY-21/CHILD/FM021_C3_local.png,FAMILY-21,CHILD,local,4201371,3.5,6.2,,,
data/split/train/FAMILY-21/CHILD/FM021_C3.png,data/train_distorted/distorted/FAMILY-21/CHILD/FM021_C3_bending.png,FAMILY-21,CHILD,bending,4201372,6.97,11.65,,,
data/split/train/FAMILY-21/CHILD/FM021_C4.png,data/train_distorted/distorted/FAMILY-21/CHILD/FM021_C4_elastic.png,FAMILY-21,CHILD,elastic,4201380,6.1,14.41,9.817,5.208,32
data/split/train/FAMILY-21/CHILD/FM021_C4.png,data/train_distorted/distorted/FAMILY-21/CHILD/FM021_C4_local.png,FAMILY-21,CHILD,local,4201381,3.1,6.41,,,
data/split/train/FAMILY-21/CHILD/FM021_C4.png,data/train_distorted/distorted/FAMILY-21/CHILD/FM021_C4_bending.png,FAMILY-21,CHILD,bending,4201382,6.61,11.94,,,
data/split/train/FAMILY-21/CHILD/FM021_C5.png,data/train_distorted/distorted/FAMILY-21/CHILD/FM021_C5_elastic.png,FAMILY-21,CHILD,elastic,4201390,6.93,16.1,13.029,6.258,32
data/split/train/FAMILY-21/CHILD/FM021_C5.png,data/train_distorted/distorted/FAMILY-21/CHILD/FM021_C5_local.png,FAMILY-21,CHILD,local,4201391,2.98,6.5,,,
data/split/train/FAMILY-21/CHILD/FM021_C5.png,data/train_distorted/distorted/FAMILY-21/CHILD/FM021_C5_bending.png,FAMILY-21,CHILD,bending,4201392,4.57,8.05,,,
data/split/train/FAMILY-21/FATHER/FM021_F1.png,data/train_distorted/distorted/FAMILY-21/FATHER/FM021_F1_elastic.png,FAMILY-21,FATHER,elastic,4201400,8.5,22.42,15.284,5.181,32
data/split/train/FAMILY-21/FATHER/FM021_F1.png,data/train_distorted/distorted/FAMILY-21/FATHER/FM021_F1_local.png,FAMILY-21,FATHER,local,4201401,4.24,9.43,,,
data/split/train/FAMILY-21/FATHER/FM021_F1.png,data/train_distorted/distorted/FAMILY-21/FATHER/FM021_F1_bending.png,FAMILY-21,FATHER,bending,4201402,6.97,12.4,,,
data/split/train/FAMILY-21/FATHER/FM021_F2.png,data/train_distorted/distorted/FAMILY-21/FATHER/FM021_F2_elastic.png,FAMILY-21,FATHER,elastic,4201410,6.64,16.46,11.321,6.473,32
data/split/train/FAMILY-21/FATHER/FM021_F2.png,data/train_distorted/distorted/FAMILY-21/FATHER/FM021_F2_local.png,FAMILY-21,FATHER,local,4201411,4.89,10.31,,,
data/split/train/FAMILY-21/FATHER/FM021_F2.png,data/train_distorted/distorted/FAMILY-21/FATHER/FM021_F2_bending.png,FAMILY-21,FATHER,bending,4201412,6.16,10.95,,,
data/split/train/FAMILY-21/FATHER/FM021_F3.png,data/train_distorted/distorted/FAMILY-21/FATHER/FM021_F3_elastic.png,FAMILY-21,FATHER,elastic,4201420,6.52,17.08,12.304,6.917,32
data/split/train/FAMILY-21/FATHER/FM021_F3.png,data/train_distorted/distorted/FAMILY-21/FATHER/FM021_F3_local.png,FAMILY-21,FATHER,local,4201421,3.64,9.79,,,
data/split/train/FAMILY-21/FATHER/FM021_F3.png,data/train_distorted/distorted/FAMILY-21/FATHER/FM021_F3_bending.png,FAMILY-21,FATHER,bending,4201422,5.83,9.94,,,
data/split/train/FAMILY-21/FATHER/FM021_F4.png,data/train_distorted/distorted/FAMILY-21/FATHER/FM021_F4_elastic.png,FAMILY-21,FATHER,elastic,4201430,8.1,19.69,13.935,5.746,32
data/split/train/FAMILY-21/FATHER/FM021_F4.png,data/train_distorted/distorted/FAMILY-21/FATHER/FM021_F4_local.png,FAMILY-21,FATHER,local,4201431,3.58,7.33,,,
data/split/train/FAMILY-21/FATHER/FM021_F4.png,data/train_distorted/distorted/FAMILY-21/FATHER/FM021_F4_bending.png,FAMILY-21,FATHER,bending,4201432,4.48,8.2,,,
data/split/train/FAMILY-21/FATHER/FM021_F5.png,data/train_distorted/distorted/FAMILY-21/FATHER/FM021_F5_elastic.png,FAMILY-21,FATHER,elastic,4201440,8.81,21.72,15.284,5.537,32
data/split/train/FAMILY-21/FATHER/FM021_F5.png,data/train_distorted/distorted/FAMILY-21/FATHER/FM021_F5_local.png,FAMILY-21,FATHER,local,4201441,2.84,6.47,,,
data/split/train/FAMILY-21/FATHER/FM021_F5.png,data/train_distorted/distorted/FAMILY-21/FATHER/FM021_F5_bending.png,FAMILY-21,FATHER,bending,4201442,3.99,7.21,,,
data/split/train/FAMILY-21/MOTHER/FM021_M1.png,data/train_distorted/distorted/FAMILY-21/MOTHER/FM021_M1_elastic.png,FAMILY-21,MOTHER,elastic,4201450,9.85,25.33,15.896,5.553,32
data/split/train/FAMILY-21/MOTHER/FM021_M1.png,data/train_distorted/distorted/FAMILY-21/MOTHER/FM021_M1_local.png,FAMILY-21,MOTHER,local,4201451,2.8,6.58,,,
data/split/train/FAMILY-21/MOTHER/FM021_M1.png,data/train_distorted/distorted/FAMILY-21/MOTHER/FM021_M1_bending.png,FAMILY-21,MOTHER,bending,4201452,6.63,11.06,,,
data/split/train/FAMILY-21/MOTHER/FM021_M2.png,data/train_distorted/distorted/FAMILY-21/MOTHER/FM021_M2_elastic.png,FAMILY-21,MOTHER,elastic,4201460,5.68,13.38,9.915,6.057,32
data/split/train/FAMILY-21/MOTHER/FM021_M2.png,data/train_distorted/distorted/FAMILY-21/MOTHER/FM021_M2_local.png,FAMILY-21,MOTHER,local,4201461,4.18,11.05,,,
data/split/train/FAMILY-21/MOTHER/FM021_M2.png,data/train_distorted/distorted/FAMILY-21/MOTHER/FM021_M2_bending.png,FAMILY-21,MOTHER,bending,4201462,6.7,12.1,,,
data/split/train/FAMILY-21/MOTHER/FM021_M3.png,data/train_distorted/distorted/FAMILY-21/MOTHER/FM021_M3_elastic.png,FAMILY-21,MOTHER,elastic,4201470,7.72,22.55,13.515,6.499,32
data/split/train/FAMILY-21/MOTHER/FM021_M3.png,data/train_distorted/distorted/FAMILY-21/MOTHER/FM021_M3_local.png,FAMILY-21,MOTHER,local,4201471,2.63,6.99,,,
data/split/train/FAMILY-21/MOTHER/FM021_M3.png,data/train_distorted/distorted/FAMILY-21/MOTHER/FM021_M3_bending.png,FAMILY-21,MOTHER,bending,4201472,4.89,8.42,,,
data/split/train/FAMILY-21/MOTHER/FM021_M4.png,data/train_distorted/distorted/FAMILY-21/MOTHER/FM021_M4_elastic.png,FAMILY-21,MOTHER,elastic,4201480,5.81,15.98,11.564,6.787,32
data/split/train/FAMILY-21/MOTHER/FM021_M4.png,data/train_distorted/distorted/FAMILY-21/MOTHER/FM021_M4_local.png,FAMILY-21,MOTHER,local,4201481,4.22,8.59,,,
data/split/train/FAMILY-21/MOTHER/FM021_M4.png,data/train_distorted/distorted/FAMILY-21/MOTHER/FM021_M4_bending.png,FAMILY-21,MOTHER,bending,4201482,3.92,6.64,,,
data/split/train/FAMILY-21/MOTHER/FM021_M5.png,data/train_distorted/distorted/FAMILY-21/MOTHER/FM021_M5_elastic.png,FAMILY-21,MOTHER,elastic,4201490,4.95,11.82,8.59,6.594,32
data/split/train/FAMILY-21/MOTHER/FM021_M5.png,data/train_distorted/distorted/FAMILY-21/MOTHER/FM021_M5_local.png,FAMILY-21,MOTHER,local,4201491,3.96,8.58,,,
data/split/train/FAMILY-21/MOTHER/FM021_M5.png,data/train_distorted/distorted/FAMILY-21/MOTHER/FM021_M5_bending.png,FAMILY-21,MOTHER,bending,4201492,6.5,10.85,,,
data/split/train/FAMILY-22/CHILD/FM022_C1.png,data/train_distorted/distorted/FAMILY-22/CHILD/FM022_C1_elastic.png,FAMILY-22,CHILD,elastic,4201500,4.44,10.75,8.636,6.464,32
data/split/train/FAMILY-22/CHILD/FM022_C1.png,data/train_distorted/distorted/FAMILY-22/CHILD/FM022_C1_local.png,FAMILY-22,CHILD,local,4201501,3.96,10.46,,,
data/split/train/FAMILY-22/CHILD/FM022_C1.png,data/train_distorted/distorted/FAMILY-22/CHILD/FM022_C1_bending.png,FAMILY-22,CHILD,bending,4201502,4.63,7.71,,,
data/split/train/FAMILY-22/CHILD/FM022_C2.png,data/train_distorted/distorted/FAMILY-22/CHILD/FM022_C2_elastic.png,FAMILY-22,CHILD,elastic,4201510,6.87,15.13,11.058,5.475,32
data/split/train/FAMILY-22/CHILD/FM022_C2.png,data/train_distorted/distorted/FAMILY-22/CHILD/FM022_C2_local.png,FAMILY-22,CHILD,local,4201511,2.78,6.1,,,
data/split/train/FAMILY-22/CHILD/FM022_C2.png,data/train_distorted/distorted/FAMILY-22/CHILD/FM022_C2_bending.png,FAMILY-22,CHILD,bending,4201512,5.39,9.37,,,
data/split/train/FAMILY-22/CHILD/FM022_C3.png,data/train_distorted/distorted/FAMILY-22/CHILD/FM022_C3_elastic.png,FAMILY-22,CHILD,elastic,4201520,8.76,24.83,15.952,7.895,32
data/split/train/FAMILY-22/CHILD/FM022_C3.png,data/train_distorted/distorted/FAMILY-22/CHILD/FM022_C3_local.png,FAMILY-22,CHILD,local,4201521,3.9,8.25,,,
data/split/train/FAMILY-22/CHILD/FM022_C3.png,data/train_distorted/distorted/FAMILY-22/CHILD/FM022_C3_bending.png,FAMILY-22,CHILD,bending,4201522,4.83,8.05,,,
data/split/train/FAMILY-22/CHILD/FM022_C4.png,data/train_distorted/distorted/FAMILY-22/CHILD/FM022_C4_elastic.png,FAMILY-22,CHILD,elastic,4201530,7.71,19.67,13.898,6.64,32
data/split/train/FAMILY-22/CHILD/FM022_C4.png,data/train_distorted/distorted/FAMILY-22/CHILD/FM022_C4_local.png,FAMILY-22,CHILD,local,4201531,4.22,8.51,,,
data/split/train/FAMILY-22/CHILD/FM022_C4.png,data/train_distorted/distorted/FAMILY-22/CHILD/FM022_C4_bending.png,FAMILY-22,CHILD,bending,4201532,7.07,11.89,,,
data/split/train/FAMILY-22/CHILD/FM022_C5.png,data/train_distorted/distorted/FAMILY-22/CHILD/FM022_C5_elastic.png,FAMILY-22,CHILD,elastic,4201540,6.63,14.95,11.754,7.212,32
data/split/train/FAMILY-22/CHILD/FM022_C5.png,data/train_distorted/distorted/FAMILY-22/CHILD/FM022_C5_local.png,FAMILY-22,CHILD,local,4201541,4.38,12.05,,,
data/split/train/FAMILY-22/CHILD/FM022_C5.png,data/train_distorted/distorted/FAMILY-22/CHILD/FM022_C5_bending.png,FAMILY-22,CHILD,bending,4201542,5.66,9.57,,,
data/split/train/FAMILY-22/FATHER/FM022_F1.png,data/train_distorted/distorted/FAMILY-22/FATHER/FM022_F1_elastic.png,FAMILY-22,FATHER,elastic,4201550,5.21,12.07,9.18,6.935,32
data/split/train/FAMILY-22/FATHER/FM022_F1.png,data/train_distorted/distorted/FAMILY-22/FATHER/FM022_F1_local.png,FAMILY-22,FATHER,local,4201551,3.78,8.26,,,
data/split/train/FAMILY-22/FATHER/FM022_F1.png,data/train_distorted/distorted/FAMILY-22/FATHER/FM022_F1_bending.png,FAMILY-22,FATHER,bending,4201552,5.18,8.62,,,
data/split/train/FAMILY-22/FATHER/FM022_F2.png,data/train_distorted/distorted/FAMILY-22/FATHER/FM022_F2_elastic.png,FAMILY-22,FATHER,elastic,4201560,7.51,18.54,15.631,7.29,32
data/split/train/FAMILY-22/FATHER/FM022_F2.png,data/train_distorted/distorted/FAMILY-22/FATHER/FM022_F2_local.png,FAMILY-22,FATHER,local,4201561,2.86,6.75,,,
data/split/train/FAMILY-22/FATHER/FM022_F2.png,data/train_distorted/distorted/FAMILY-22/FATHER/FM022_F2_bending.png,FAMILY-22,FATHER,bending,4201562,5.62,9.97,,,
data/split/train/FAMILY-22/FATHER/FM022_F3.png,data/train_distorted/distorted/FAMILY-22/FATHER/FM022_F3_elastic.png,FAMILY-22,FATHER,elastic,4201570,7.24,16.65,13.842,5.575,32
data/split/train/FAMILY-22/FATHER/FM022_F3.png,data/train_distorted/distorted/FAMILY-22/FATHER/FM022_F3_local.png,FAMILY-22,FATHER,local,4201571,3.15,6.28,,,
data/split/train/FAMILY-22/FATHER/FM022_F3.png,data/train_distorted/distorted/FAMILY-22/FATHER/FM022_F3_bending.png,FAMILY-22,FATHER,bending,4201572,4.55,8.05,,,
data/split/train/FAMILY-22/FATHER/FM022_F4.png,data/train_distorted/distorted/FAMILY-22/FATHER/FM022_F4_elastic.png,FAMILY-22,FATHER,elastic,4201580,4.93,11.77,8.905,5.15,32
data/split/train/FAMILY-22/FATHER/FM022_F4.png,data/train_distorted/distorted/FAMILY-22/FATHER/FM022_F4_local.png,FAMILY-22,FATHER,local,4201581,4.7,10.07,,,
data/split/train/FAMILY-22/FATHER/FM022_F4.png,data/train_distorted/distorted/FAMILY-22/FATHER/FM022_F4_bending.png,FAMILY-22,FATHER,bending,4201582,6.21,10.73,,,
data/split/train/FAMILY-22/FATHER/FM022_F5.png,data/train_distorted/distorted/FAMILY-22/FATHER/FM022_F5_elastic.png,FAMILY-22,FATHER,elastic,4201590,4.63,11.8,8.967,7.78,32
data/split/train/FAMILY-22/FATHER/FM022_F5.png,data/train_distorted/distorted/FAMILY-22/FATHER/FM022_F5_local.png,FAMILY-22,FATHER,local,4201591,3.08,7.52,,,
data/split/train/FAMILY-22/FATHER/FM022_F5.png,data/train_distorted/distorted/FAMILY-22/FATHER/FM022_F5_bending.png,FAMILY-22,FATHER,bending,4201592,6.55,11.95,,,
data/split/train/FAMILY-22/MOTHER/FM022_M1.png,data/train_distorted/distorted/FAMILY-22/MOTHER/FM022_M1_elastic.png,FAMILY-22,MOTHER,elastic,4201600,6.73,15.48,11.95,6.956,32
data/split/train/FAMILY-22/MOTHER/FM022_M1.png,data/train_distorted/distorted/FAMILY-22/MOTHER/FM022_M1_local.png,FAMILY-22,MOTHER,local,4201601,4.91,10.93,,,
data/split/train/FAMILY-22/MOTHER/FM022_M1.png,data/train_distorted/distorted/FAMILY-22/MOTHER/FM022_M1_bending.png,FAMILY-22,MOTHER,bending,4201602,4.57,8.32,,,
data/split/train/FAMILY-22/MOTHER/FM022_M2.png,data/train_distorted/distorted/FAMILY-22/MOTHER/FM022_M2_elastic.png,FAMILY-22,MOTHER,elastic,4201610,6.57,17.13,11.31,5.024,32
data/split/train/FAMILY-22/MOTHER/FM022_M2.png,data/train_distorted/distorted/FAMILY-22/MOTHER/FM022_M2_local.png,FAMILY-22,MOTHER,local,4201611,3.18,6.02,,,
data/split/train/FAMILY-22/MOTHER/FM022_M2.png,data/train_distorted/distorted/FAMILY-22/MOTHER/FM022_M2_bending.png,FAMILY-22,MOTHER,bending,4201612,3.94,6.93,,,
data/split/train/FAMILY-22/MOTHER/FM022_M3.png,data/train_distorted/distorted/FAMILY-22/MOTHER/FM022_M3_elastic.png,FAMILY-22,MOTHER,elastic,4201620,4.46,11.34,8.655,7.75,32
data/split/train/FAMILY-22/MOTHER/FM022_M3.png,data/train_distorted/distorted/FAMILY-22/MOTHER/FM022_M3_local.png,FAMILY-22,MOTHER,local,4201621,3.92,8.3,,,
data/split/train/FAMILY-22/MOTHER/FM022_M3.png,data/train_distorted/distorted/FAMILY-22/MOTHER/FM022_M3_bending.png,FAMILY-22,MOTHER,bending,4201622,4.05,7.44,,,
data/split/train/FAMILY-22/MOTHER/FM022_M4.png,data/train_distorted/distorted/FAMILY-22/MOTHER/FM022_M4_elastic.png,FAMILY-22,MOTHER,elastic,4201630,6.54,14.8,12.007,6.248,32
data/split/train/FAMILY-22/MOTHER/FM022_M4.png,data/train_distorted/distorted/FAMILY-22/MOTHER/FM022_M4_local.png,FAMILY-22,MOTHER,local,4201631,4.18,11.57,,,
data/split/train/FAMILY-22/MOTHER/FM022_M4.png,data/train_distorted/distorted/FAMILY-22/MOTHER/FM022_M4_bending.png,FAMILY-22,MOTHER,bending,4201632,5.65,10.06,,,
data/split/train/FAMILY-22/MOTHER/FM022_M5.png,data/train_distorted/distorted/FAMILY-22/MOTHER/FM022_M5_elastic.png,FAMILY-22,MOTHER,elastic,4201640,5.66,15.93,9.841,7.133,32
data/split/train/FAMILY-22/MOTHER/FM022_M5.png,data/train_distorted/distorted/FAMILY-22/MOTHER/FM022_M5_local.png,FAMILY-22,MOTHER,local,4201641,2.77,5.09,,,
data/split/train/FAMILY-22/MOTHER/FM022_M5.png,data/train_distorted/distorted/FAMILY-22/MOTHER/FM022_M5_bending.png,FAMILY-22,MOTHER,bending,4201642,5.17,8.9,,,
data/split/train/FAMILY-24/CHILD/FM024_C1.png,data/train_distorted/distorted/FAMILY-24/CHILD/FM024_C1_elastic.png,FAMILY-24,CHILD,elastic,4201650,8.36,20.57,15.554,6.624,32
data/split/train/FAMILY-24/CHILD/FM024_C1.png,data/train_distorted/distorted/FAMILY-24/CHILD/FM024_C1_local.png,FAMILY-24,CHILD,local,4201651,3.28,8.19,,,
data/split/train/FAMILY-24/CHILD/FM024_C1.png,data/train_distorted/distorted/FAMILY-24/CHILD/FM024_C1_bending.png,FAMILY-24,CHILD,bending,4201652,5.57,10.15,,,
data/split/train/FAMILY-24/CHILD/FM024_C2.png,data/train_distorted/distorted/FAMILY-24/CHILD/FM024_C2_elastic.png,FAMILY-24,CHILD,elastic,4201660,6.4,17.08,11.394,6.187,32
data/split/train/FAMILY-24/CHILD/FM024_C2.png,data/train_distorted/distorted/FAMILY-24/CHILD/FM024_C2_local.png,FAMILY-24,CHILD,local,4201661,4.98,12.71,,,
data/split/train/FAMILY-24/CHILD/FM024_C2.png,data/train_distorted/distorted/FAMILY-24/CHILD/FM024_C2_bending.png,FAMILY-24,CHILD,bending,4201662,6.6,11.78,,,
data/split/train/FAMILY-24/CHILD/FM024_C3.png,data/train_distorted/distorted/FAMILY-24/CHILD/FM024_C3_elastic.png,FAMILY-24,CHILD,elastic,4201670,4.76,11.32,8.832,6.464,32
data/split/train/FAMILY-24/CHILD/FM024_C3.png,data/train_distorted/distorted/FAMILY-24/CHILD/FM024_C3_local.png,FAMILY-24,CHILD,local,4201671,3.31,8.18,,,
data/split/train/FAMILY-24/CHILD/FM024_C3.png,data/train_distorted/distorted/FAMILY-24/CHILD/FM024_C3_bending.png,FAMILY-24,CHILD,bending,4201672,4.6,8.51,,,
data/split/train/FAMILY-24/CHILD/FM024_C4.png,data/train_distorted/distorted/FAMILY-24/CHILD/FM024_C4_elastic.png,FAMILY-24,CHILD,elastic,4201680,5.82,13.4,10.191,5.331,32
data/split/train/FAMILY-24/CHILD/FM024_C4.png,data/train_distorted/distorted/FAMILY-24/CHILD/FM024_C4_local.png,FAMILY-24,CHILD,local,4201681,3.85,8.54,,,
data/split/train/FAMILY-24/CHILD/FM024_C4.png,data/train_distorted/distorted/FAMILY-24/CHILD/FM024_C4_bending.png,FAMILY-24,CHILD,bending,4201682,5.96,10.59,,,
data/split/train/FAMILY-24/CHILD/FM024_C5.png,data/train_distorted/distorted/FAMILY-24/CHILD/FM024_C5_elastic.png,FAMILY-24,CHILD,elastic,4201690,6.81,16.41,13.162,7.064,32
data/split/train/FAMILY-24/CHILD/FM024_C5.png,data/train_distorted/distorted/FAMILY-24/CHILD/FM024_C5_local.png,FAMILY-24,CHILD,local,4201691,2.57,6.84,,,
data/split/train/FAMILY-24/CHILD/FM024_C5.png,data/train_distorted/distorted/FAMILY-24/CHILD/FM024_C5_bending.png,FAMILY-24,CHILD,bending,4201692,5.2,8.73,,,
data/split/train/FAMILY-24/FATHER/FM024_F1.png,data/train_distorted/distorted/FAMILY-24/FATHER/FM024_F1_elastic.png,FAMILY-24,FATHER,elastic,4201700,8.12,18.33,14.14,5.406,32
data/split/train/FAMILY-24/FATHER/FM024_F1.png,data/train_distorted/distorted/FAMILY-24/FATHER/FM024_F1_local.png,FAMILY-24,FATHER,local,4201701,3.29,8.89,,,
data/split/train/FAMILY-24/FATHER/FM024_F1.png,data/train_distorted/distorted/FAMILY-24/FATHER/FM024_F1_bending.png,FAMILY-24,FATHER,bending,4201702,6.11,10.55,,,
data/split/train/FAMILY-24/FATHER/FM024_F2.png,data/train_distorted/distorted/FAMILY-24/FATHER/FM024_F2_elastic.png,FAMILY-24,FATHER,elastic,4201710,4.98,11.36,9.09,6.611,32
data/split/train/FAMILY-24/FATHER/FM024_F2.png,data/train_distorted/distorted/FAMILY-24/FATHER/FM024_F2_local.png,FAMILY-24,FATHER,local,4201711,4.1,9.5,,,
data/split/train/FAMILY-24/FATHER/FM024_F2.png,data/train_distorted/distorted/FAMILY-24/FATHER/FM024_F2_bending.png,FAMILY-24,FATHER,bending,4201712,4.68,8.22,,,
data/split/train/FAMILY-24/FATHER/FM024_F3.png,data/train_distorted/distorted/FAMILY-24/FATHER/FM024_F3_elastic.png,FAMILY-24,FATHER,elastic,4201720,6.78,18.02,11.776,6.367,32
data/split/train/FAMILY-24/FATHER/FM024_F3.png,data/train_distorted/distorted/FAMILY-24/FATHER/FM024_F3_local.png,FAMILY-24,FATHER,local,4201721,4.55,10.07,,,
data/split/train/FAMILY-24/FATHER/FM024_F3.png,data/train_distorted/distorted/FAMILY-24/FATHER/FM024_F3_bending.png,FAMILY-24,FATHER,bending,4201722,4.54,7.86,,,
data/split/train/FAMILY-24/FATHER/FM024_F4.png,data/train_distorted/distorted/FAMILY-24/FATHER/FM024_F4_elastic.png,FAMILY-24,FATHER,elastic,4201730,7.97,20.75,15.539,6.978,32
data/split/train/FAMILY-24/FATHER/FM024_F4.png,data/train_distorted/distorted/FAMILY-24/FATHER/FM024_F4_local.png,FAMILY-24,FATHER,local,4201731,2.58,6.13,,,
data/split/train/FAMILY-24/FATHER/FM024_F4.png,data/train_distorted/distorted/FAMILY-24/FATHER/FM024_F4_bending.png,FAMILY-24,FATHER,bending,4201732,3.55,6.39,,,
data/split/train/FAMILY-24/FATHER/FM024_F5.png,data/train_distorted/distorted/FAMILY-24/FATHER/FM024_F5_elastic.png,FAMILY-24,FATHER,elastic,4201740,5.0,11.72,9.331,7.161,32
data/split/train/FAMILY-24/FATHER/FM024_F5.png,data/train_distorted/distorted/FAMILY-24/FATHER/FM024_F5_local.png,FAMILY-24,FATHER,local,4201741,2.85,6.52,,,
data/split/train/FAMILY-24/FATHER/FM024_F5.png,data/train_distorted/distorted/FAMILY-24/FATHER/FM024_F5_bending.png,FAMILY-24,FATHER,bending,4201742,5.8,9.71,,,
data/split/train/FAMILY-24/MOTHER/FM024_M1.png,data/train_distorted/distorted/FAMILY-24/MOTHER/FM024_M1_elastic.png,FAMILY-24,MOTHER,elastic,4201750,6.85,18.14,11.634,6.94,32
data/split/train/FAMILY-24/MOTHER/FM024_M1.png,data/train_distorted/distorted/FAMILY-24/MOTHER/FM024_M1_local.png,FAMILY-24,MOTHER,local,4201751,3.21,8.6,,,
data/split/train/FAMILY-24/MOTHER/FM024_M1.png,data/train_distorted/distorted/FAMILY-24/MOTHER/FM024_M1_bending.png,FAMILY-24,MOTHER,bending,4201752,6.54,10.88,,,
data/split/train/FAMILY-24/MOTHER/FM024_M2.png,data/train_distorted/distorted/FAMILY-24/MOTHER/FM024_M2_elastic.png,FAMILY-24,MOTHER,elastic,4201760,5.05,11.59,9.711,7.554,32
data/split/train/FAMILY-24/MOTHER/FM024_M2.png,data/train_distorted/distorted/FAMILY-24/MOTHER/FM024_M2_local.png,FAMILY-24,MOTHER,local,4201761,4.19,8.58,,,
data/split/train/FAMILY-24/MOTHER/FM024_M2.png,data/train_distorted/distorted/FAMILY-24/MOTHER/FM024_M2_bending.png,FAMILY-24,MOTHER,bending,4201762,6.14,10.47,,,
data/split/train/FAMILY-24/MOTHER/FM024_M3.png,data/train_distorted/distorted/FAMILY-24/MOTHER/FM024_M3_elastic.png,FAMILY-24,MOTHER,elastic,4201770,6.34,13.52,11.528,7.97,32
data/split/train/FAMILY-24/MOTHER/FM024_M3.png,data/train_distorted/distorted/FAMILY-24/MOTHER/FM024_M3_local.png,FAMILY-24,MOTHER,local,4201771,4.14,7.91,,,
data/split/train/FAMILY-24/MOTHER/FM024_M3.png,data/train_distorted/distorted/FAMILY-24/MOTHER/FM024_M3_bending.png,FAMILY-24,MOTHER,bending,4201772,4.43,7.69,,,
data/split/train/FAMILY-24/MOTHER/FM024_M4.png,data/train_distorted/distorted/FAMILY-24/MOTHER/FM024_M4_elastic.png,FAMILY-24,MOTHER,elastic,4201780,6.53,15.31,11.246,7.238,32
data/split/train/FAMILY-24/MOTHER/FM024_M4.png,data/train_distorted/distorted/FAMILY-24/MOTHER/FM024_M4_local.png,FAMILY-24,MOTHER,local,4201781,4.41,11.98,,,
data/split/train/FAMILY-24/MOTHER/FM024_M4.png,data/train_distorted/distorted/FAMILY-24/MOTHER/FM024_M4_bending.png,FAMILY-24,MOTHER,bending,4201782,7.03,11.78,,,
data/split/train/FAMILY-24/MOTHER/FM024_M5.png,data/train_distorted/distorted/FAMILY-24/MOTHER/FM024_M5_elastic.png,FAMILY-24,MOTHER,elastic,4201790,6.71,16.96,11.215,5.338,32
data/split/train/FAMILY-24/MOTHER/FM024_M5.png,data/train_distorted/distorted/FAMILY-24/MOTHER/FM024_M5_local.png,FAMILY-24,MOTHER,local,4201791,3.97,7.57,,,
data/split/train/FAMILY-24/MOTHER/FM024_M5.png,data/train_distorted/distorted/FAMILY-24/MOTHER/FM024_M5_bending.png,FAMILY-24,MOTHER,bending,4201792,4.03,6.71,,,
data/split/train/FAMILY-25/CHILD/FM025_C1.png,data/train_distorted/distorted/FAMILY-25/CHILD/FM025_C1_elastic.png,FAMILY-25,CHILD,elastic,4201800,7.08,19.62,12.995,7.297,32
data/split/train/FAMILY-25/CHILD/FM025_C1.png,data/train_distorted/distorted/FAMILY-25/CHILD/FM025_C1_local.png,FAMILY-25,CHILD,local,4201801,2.68,5.66,,,
data/split/train/FAMILY-25/CHILD/FM025_C1.png,data/train_distorted/distorted/FAMILY-25/CHILD/FM025_C1_bending.png,FAMILY-25,CHILD,bending,4201802,5.1,9.19,,,
data/split/train/FAMILY-25/CHILD/FM025_C2.png,data/train_distorted/distorted/FAMILY-25/CHILD/FM025_C2_elastic.png,FAMILY-25,CHILD,elastic,4201810,5.99,13.09,9.515,5.427,32
data/split/train/FAMILY-25/CHILD/FM025_C2.png,data/train_distorted/distorted/FAMILY-25/CHILD/FM025_C2_local.png,FAMILY-25,CHILD,local,4201811,4.84,10.41,,,
data/split/train/FAMILY-25/CHILD/FM025_C2.png,data/train_distorted/distorted/FAMILY-25/CHILD/FM025_C2_bending.png,FAMILY-25,CHILD,bending,4201812,6.91,11.74,,,
data/split/train/FAMILY-25/CHILD/FM025_C3.png,data/train_distorted/distorted/FAMILY-25/CHILD/FM025_C3_elastic.png,FAMILY-25,CHILD,elastic,4201820,7.86,19.76,13.08,6.355,32
data/split/train/FAMILY-25/CHILD/FM025_C3.png,data/train_distorted/distorted/FAMILY-25/CHILD/FM025_C3_local.png,FAMILY-25,CHILD,local,4201821,4.41,10.21,,,
data/split/train/FAMILY-25/CHILD/FM025_C3.png,data/train_distorted/distorted/FAMILY-25/CHILD/FM025_C3_bending.png,FAMILY-25,CHILD,bending,4201822,4.98,8.43,,,
data/split/train/FAMILY-25/CHILD/FM025_C4.png,data/train_distorted/distorted/FAMILY-25/CHILD/FM025_C4_elastic.png,FAMILY-25,CHILD,elastic,4201830,7.54,17.79,15.156,7.278,32
data/split/train/FAMILY-25/CHILD/FM025_C4.png,data/train_distorted/distorted/FAMILY-25/CHILD/FM025_C4_local.png,FAMILY-25,CHILD,local,4201831,4.05,9.67,,,
data/split/train/FAMILY-25/CHILD/FM025_C4.png,data/train_distorted/distorted/FAMILY-25/CHILD/FM025_C4_bending.png,FAMILY-25,CHILD,bending,4201832,3.53,6.39,,,
data/split/train/FAMILY-25/CHILD/FM025_C5.png,data/train_distorted/distorted/FAMILY-25/CHILD/FM025_C5_elastic.png,FAMILY-25,CHILD,elastic,4201840,4.28,12.1,8.744,6.777,32
data/split/train/FAMILY-25/CHILD/FM025_C5.png,data/train_distorted/distorted/FAMILY-25/CHILD/FM025_C5_local.png,FAMILY-25,CHILD,local,4201841,2.68,5.72,,,
data/split/train/FAMILY-25/CHILD/FM025_C5.png,data/train_distorted/distorted/FAMILY-25/CHILD/FM025_C5_bending.png,FAMILY-25,CHILD,bending,4201842,3.33,5.55,,,
data/split/train/FAMILY-25/FATHER/FM025_F1.png,data/train_distorted/distorted/FAMILY-25/FATHER/FM025_F1_elastic.png,FAMILY-25,FATHER,elastic,4201850,4.92,11.65,8.497,5.163,32
data/split/train/FAMILY-25/FATHER/FM025_F1.png,data/train_distorted/distorted/FAMILY-25/FATHER/FM025_F1_local.png,FAMILY-25,FATHER,local,4201851,4.08,8.35,,,
data/split/train/FAMILY-25/FATHER/FM025_F1.png,data/train_distorted/distorted/FAMILY-25/FATHER/FM025_F1_bending.png,FAMILY-25,FATHER,bending,4201852,6.43,10.7,,,
data/split/train/FAMILY-25/FATHER/FM025_F2.png,data/train_distorted/distorted/FAMILY-25/FATHER/FM025_F2_elastic.png,FAMILY-25,FATHER,elastic,4201860,5.41,12.68,9.725,7.16,32
data/split/train/FAMILY-25/FATHER/FM025_F2.png,data/train_distorted/distorted/FAMILY-25/FATHER/FM025_F2_local.png,FAMILY-25,FATHER,local,4201861,2.9,7.49,,,
data/split/train/FAMILY-25/FATHER/FM025_F2.png,data/train_distorted/distorted/FAMILY-25/FATHER/FM025_F2_bending.png,FAMILY-25,FATHER,bending,4201862,3.5,6.12,,,
data/split/train/FAMILY-25/FATHER/FM025_F3.png,data/train_distorted/distorted/FAMILY-25/FATHER/FM025_F3_elastic.png,FAMILY-25,FATHER,elastic,4201870,8.01,20.03,14.945,7.689,32
data/split/train/FAMILY-25/FATHER/FM025_F3.png,data/train_distorted/distorted/FAMILY-25/FATHER/FM025_F3_local.png,FAMILY-25,FATHER,local,4201871,3.95,9.1,,,
data/split/train/FAMILY-25/FATHER/FM025_F3.png,data/train_distorted/distorted/FAMILY-25/FATHER/FM025_F3_bending.png,FAMILY-25,FATHER,bending,4201872,5.09,9.0,,,
data/split/train/FAMILY-25/FATHER/FM025_F4.png,data/train_distorted/distorted/FAMILY-25/FATHER/FM025_F4_elastic.png,FAMILY-25,FATHER,elastic,4201880,7.63,19.09,13.383,5.346,32
data/split/train/FAMILY-25/FATHER/FM025_F4.png,data/train_distorted/distorted/FAMILY-25/FATHER/FM025_F4_local.png,FAMILY-25,FATHER,local,4201881,3.16,7.28,,,
data/split/train/FAMILY-25/FATHER/FM025_F4.png,data/train_distorted/distorted/FAMILY-25/FATHER/FM025_F4_bending.png,FAMILY-25,FATHER,bending,4201882,5.17,9.14,,,
data/split/train/FAMILY-25/FATHER/FM025_F5.png,data/train_distorted/distorted/FAMILY-25/FATHER/FM025_F5_elastic.png,FAMILY-25,FATHER,elastic,4201890,5.47,14.61,11.009,6.637,32
data/split/train/FAMILY-25/FATHER/FM025_F5.png,data/train_distorted/distorted/FAMILY-25/FATHER/FM025_F5_local.png,FAMILY-25,FATHER,local,4201891,4.1,8.69,,,
data/split/train/FAMILY-25/FATHER/FM025_F5.png,data/train_distorted/distorted/FAMILY-25/FATHER/FM025_F5_bending.png,FAMILY-25,FATHER,bending,4201892,4.85,8.67,,,
data/split/train/FAMILY-25/MOTHER/FM025_M1.png,data/train_distorted/distorted/FAMILY-25/MOTHER/FM025_M1_elastic.png,FAMILY-25,MOTHER,elastic,4201900,4.7,10.3,8.2,7.796,32
data/split/train/FAMILY-25/MOTHER/FM025_M1.png,data/train_distorted/distorted/FAMILY-25/MOTHER/FM025_M1_local.png,FAMILY-25,MOTHER,local,4201901,2.9,6.35,,,
data/split/train/FAMILY-25/MOTHER/FM025_M1.png,data/train_distorted/distorted/FAMILY-25/MOTHER/FM025_M1_bending.png,FAMILY-25,MOTHER,bending,4201902,3.7,6.36,,,
data/split/train/FAMILY-25/MOTHER/FM025_M2.png,data/train_distorted/distorted/FAMILY-25/MOTHER/FM025_M2_elastic.png,FAMILY-25,MOTHER,elastic,4201910,4.51,10.87,8.262,6.781,32
data/split/train/FAMILY-25/MOTHER/FM025_M2.png,data/train_distorted/distorted/FAMILY-25/MOTHER/FM025_M2_local.png,FAMILY-25,MOTHER,local,4201911,4.1,7.84,,,
data/split/train/FAMILY-25/MOTHER/FM025_M2.png,data/train_distorted/distorted/FAMILY-25/MOTHER/FM025_M2_bending.png,FAMILY-25,MOTHER,bending,4201912,6.82,12.39,,,
data/split/train/FAMILY-25/MOTHER/FM025_M3.png,data/train_distorted/distorted/FAMILY-25/MOTHER/FM025_M3_elastic.png,FAMILY-25,MOTHER,elastic,4201920,5.56,14.27,10.435,6.717,32
data/split/train/FAMILY-25/MOTHER/FM025_M3.png,data/train_distorted/distorted/FAMILY-25/MOTHER/FM025_M3_local.png,FAMILY-25,MOTHER,local,4201921,2.51,5.12,,,
data/split/train/FAMILY-25/MOTHER/FM025_M3.png,data/train_distorted/distorted/FAMILY-25/MOTHER/FM025_M3_bending.png,FAMILY-25,MOTHER,bending,4201922,4.25,7.4,,,
data/split/train/FAMILY-25/MOTHER/FM025_M4.png,data/train_distorted/distorted/FAMILY-25/MOTHER/FM025_M4_elastic.png,FAMILY-25,MOTHER,elastic,4201930,8.66,23.77,14.065,6.024,32
data/split/train/FAMILY-25/MOTHER/FM025_M4.png,data/train_distorted/distorted/FAMILY-25/MOTHER/FM025_M4_local.png,FAMILY-25,MOTHER,local,4201931,4.64,11.89,,,
data/split/train/FAMILY-25/MOTHER/FM025_M4.png,data/train_distorted/distorted/FAMILY-25/MOTHER/FM025_M4_bending.png,FAMILY-25,MOTHER,bending,4201932,6.67,11.34,,,
data/split/train/FAMILY-25/MOTHER/FM025_M5.png,data/train_distorted/distorted/FAMILY-25/MOTHER/FM025_M5_elastic.png,FAMILY-25,MOTHER,elastic,4201940,8.57,22.75,15.333,5.94,32
data/split/train/FAMILY-25/MOTHER/FM025_M5.png,data/train_distorted/distorted/FAMILY-25/MOTHER/FM025_M5_local.png,FAMILY-25,MOTHER,local,4201941,3.6,8.31,,,
data/split/train/FAMILY-25/MOTHER/FM025_M5.png,data/train_distorted/distorted/FAMILY-25/MOTHER/FM025_M5_bending.png,FAMILY-25,MOTHER,bending,4201942,7.12,12.56,,,
data/split/train/FAMILY-26/CHILD/FM026_C1.png,data/train_distorted/distorted/FAMILY-26/CHILD/FM026_C1_elastic.png,FAMILY-26,CHILD,elastic,4201950,5.34,11.99,10.686,7.5,32
data/split/train/FAMILY-26/CHILD/FM026_C1.png,data/train_distorted/distorted/FAMILY-26/CHILD/FM026_C1_local.png,FAMILY-26,CHILD,local,4201951,4.67,9.02,,,
data/split/train/FAMILY-26/CHILD/FM026_C1.png,data/train_distorted/distorted/FAMILY-26/CHILD/FM026_C1_bending.png,FAMILY-26,CHILD,bending,4201952,3.59,5.99,,,
data/split/train/FAMILY-26/CHILD/FM026_C2.png,data/train_distorted/distorted/FAMILY-26/CHILD/FM026_C2_elastic.png,FAMILY-26,CHILD,elastic,4201960,6.12,13.34,9.829,5.017,32
data/split/train/FAMILY-26/CHILD/FM026_C2.png,data/train_distorted/distorted/FAMILY-26/CHILD/FM026_C2_local.png,FAMILY-26,CHILD,local,4201961,3.12,8.31,,,
data/split/train/FAMILY-26/CHILD/FM026_C2.png,data/train_distorted/distorted/FAMILY-26/CHILD/FM026_C2_bending.png,FAMILY-26,CHILD,bending,4201962,6.65,11.43,,,
data/split/train/FAMILY-26/CHILD/FM026_C3.png,data/train_distorted/distorted/FAMILY-26/CHILD/FM026_C3_elastic.png,FAMILY-26,CHILD,elastic,4201970,5.93,14.61,9.724,6.189,32
data/split/train/FAMILY-26/CHILD/FM026_C3.png,data/train_distorted/distorted/FAMILY-26/CHILD/FM026_C3_local.png,FAMILY-26,CHILD,local,4201971,4.28,8.88,,,
data/split/train/FAMILY-26/CHILD/FM026_C3.png,data/train_distorted/distorted/FAMILY-26/CHILD/FM026_C3_bending.png,FAMILY-26,CHILD,bending,4201972,3.7,6.16,,,
data/split/train/FAMILY-26/CHILD/FM026_C4.png,data/train_distorted/distorted/FAMILY-26/CHILD/FM026_C4_elastic.png,FAMILY-26,CHILD,elastic,4201980,8.48,19.17,14.844,5.867,32
data/split/train/FAMILY-26/CHILD/FM026_C4.png,data/train_distorted/distorted/FAMILY-26/CHILD/FM026_C4_local.png,FAMILY-26,CHILD,local,4201981,4.47,10.3,,,
data/split/train/FAMILY-26/CHILD/FM026_C4.png,data/train_distorted/distorted/FAMILY-26/CHILD/FM026_C4_bending.png,FAMILY-26,CHILD,bending,4201982,4.04,6.73,,,
data/split/train/FAMILY-26/CHILD/FM026_C5.png,data/train_distorted/distorted/FAMILY-26/CHILD/FM026_C5_elastic.png,FAMILY-26,CHILD,elastic,4201990,5.84,14.94,11.16,7.773,32
data/split/train/FAMILY-26/CHILD/FM026_C5.png,data/train_distorted/distorted/FAMILY-26/CHILD/FM026_C5_local.png,FAMILY-26,CHILD,local,4201991,4.2,8.81,,,
data/split/train/FAMILY-26/CHILD/FM026_C5.png,data/train_distorted/distorted/FAMILY-26/CHILD/FM026_C5_bending.png,FAMILY-26,CHILD,bending,4201992,5.3,9.54,,,
data/split/train/FAMILY-26/FATHER/FM026_F1.png,data/train_distorted/distorted/FAMILY-26/FATHER/FM026_F1_elastic.png,FAMILY-26,FATHER,elastic,4202000,5.11,12.95,10.035,7.873,32
data/split/train/FAMILY-26/FATHER/FM026_F1.png,data/train_distorted/distorted/FAMILY-26/FATHER/FM026_F1_local.png,FAMILY-26,FATHER,local,4202001,4.25,8.58,,,
data/split/train/FAMILY-26/FATHER/FM026_F1.png,data/train_distorted/distorted/FAMILY-26/FATHER/FM026_F1_bending.png,FAMILY-26,FATHER,bending,4202002,6.44,11.32,,,
data/split/train/FAMILY-26/FATHER/FM026_F2.png,data/train_distorted/distorted/FAMILY-26/FATHER/FM026_F2_elastic.png,FAMILY-26,FATHER,elastic,4202010,5.19,13.28,8.195,5.169,32
data/split/train/FAMILY-26/FATHER/FM026_F2.png,data/train_distorted/distorted/FAMILY-26/FATHER/FM026_F2_local.png,FAMILY-26,FATHER,local,4202011,4.13,10.55,,,
data/split/train/FAMILY-26/FATHER/FM026_F2.png,data/train_distorted/distorted/FAMILY-26/FATHER/FM026_F2_bending.png,FAMILY-26,FATHER,bending,4202012,5.75,9.6,,,
data/split/train/FAMILY-26/FATHER/FM026_F3.png,data/train_distorted/distorted/FAMILY-26/FATHER/FM026_F3_elastic.png,FAMILY-26,FATHER,elastic,4202020,5.11,10.17,8.974,7.692,32
data/split/train/FAMILY-26/FATHER/FM026_F3.png,data/train_distorted/distorted/FAMILY-26/FATHER/FM026_F3_local.png,FAMILY-26,FATHER,local,4202021,5.38,10.13,,,
data/split/train/FAMILY-26/FATHER/FM026_F3.png,data/train_distorted/distorted/FAMILY-26/FATHER/FM026_F3_bending.png,FAMILY-26,FATHER,bending,4202022,6.64,11.36,,,
data/split/train/FAMILY-26/FATHER/FM026_F4.png,data/train_distorted/distorted/FAMILY-26/FATHER/FM026_F4_elastic.png,FAMILY-26,FATHER,elastic,4202030,7.32,16.47,14.167,6.208,32
data/split/train/FAMILY-26/FATHER/FM026_F4.png,data/train_distorted/distorted/FAMILY-26/FATHER/FM026_F4_local.png,FAMILY-26,FATHER,local,4202031,4.38,9.38,,,
data/split/train/FAMILY-26/FATHER/FM026_F4.png,data/train_distorted/distorted/FAMILY-26/FATHER/FM026_F4_bending.png,FAMILY-26,FATHER,bending,4202032,3.51,6.15,,,
data/split/train/FAMILY-26/FATHER/FM026_F5.png,data/train_distorted/distorted/FAMILY-26/FATHER/FM026_F5_elastic.png,FAMILY-26,FATHER,elastic,4202040,5.6,13.06,9.63,6.408,32
data/split/train/FAMILY-26/FATHER/FM026_F5.png,data/train_distorted/distorted/FAMILY-26/FATHER/FM026_F5_local.png,FAMILY-26,FATHER,local,4202041,2.97,5.92,,,
data/split/train/FAMILY-26/FATHER/FM026_F5.png,data/train_distorted/distorted/FAMILY-26/FATHER/FM026_F5_bending.png,FAMILY-26,FATHER,bending,4202042,3.64,6.5,,,
data/split/train/FAMILY-26/MOTHER/FM026_M1.png,data/train_distorted/distorted/FAMILY-26/MOTHER/FM026_M1_elastic.png,FAMILY-26,MOTHER,elastic,4202050,7.01,16.58,12.27,6.595,32
data/split/train/FAMILY-26/MOTHER/FM026_M1.png,data/train_distorted/distorted/FAMILY-26/MOTHER/FM026_M1_local.png,FAMILY-26,MOTHER,local,4202051,4.06,9.89,,,
data/split/train/FAMILY-26/MOTHER/FM026_M1.png,data/train_distorted/distorted/FAMILY-26/MOTHER/FM026_M1_bending.png,FAMILY-26,MOTHER,bending,4202052,5.09,8.82,,,
data/split/train/FAMILY-26/MOTHER/FM026_M2.png,data/train_distorted/distorted/FAMILY-26/MOTHER/FM026_M2_elastic.png,FAMILY-26,MOTHER,elastic,4202060,4.62,12.56,8.162,5.253,32
data/split/train/FAMILY-26/MOTHER/FM026_M2.png,data/train_distorted/distorted/FAMILY-26/MOTHER/FM026_M2_local.png,FAMILY-26,MOTHER,local,4202061,3.85,8.66,,,
data/split/train/FAMILY-26/MOTHER/FM026_M2.png,data/train_distorted/distorted/FAMILY-26/MOTHER/FM026_M2_bending.png,FAMILY-26,MOTHER,bending,4202062,7.01,12.31,,,
data/split/train/FAMILY-26/MOTHER/FM026_M3.png,data/train_distorted/distorted/FAMILY-26/MOTHER/FM026_M3_elastic.png,FAMILY-26,MOTHER,elastic,4202070,8.68,21.71,14.938,5.27,32
data/split/train/FAMILY-26/MOTHER/FM026_M3.png,data/train_distorted/distorted/FAMILY-26/MOTHER/FM026_M3_local.png,FAMILY-26,MOTHER,local,4202071,3.34,6.92,,,
data/split/train/FAMILY-26/MOTHER/FM026_M3.png,data/train_distorted/distorted/FAMILY-26/MOTHER/FM026_M3_bending.png,FAMILY-26,MOTHER,bending,4202072,4.03,6.71,,,
data/split/train/FAMILY-26/MOTHER/FM026_M4.png,data/train_distorted/distorted/FAMILY-26/MOTHER/FM026_M4_elastic.png,FAMILY-26,MOTHER,elastic,4202080,5.53,13.98,9.547,5.265,32
data/split/train/FAMILY-26/MOTHER/FM026_M4.png,data/train_distorted/distorted/FAMILY-26/MOTHER/FM026_M4_local.png,FAMILY-26,MOTHER,local,4202081,3.95,8.78,,,
data/split/train/FAMILY-26/MOTHER/FM026_M4.png,data/train_distorted/distorted/FAMILY-26/MOTHER/FM026_M4_bending.png,FAMILY-26,MOTHER,bending,4202082,4.49,7.71,,,
data/split/train/FAMILY-26/MOTHER/FM026_M5.png,data/train_distorted/distorted/FAMILY-26/MOTHER/FM026_M5_elastic.png,FAMILY-26,MOTHER,elastic,4202090,6.4,15.58,11.357,7.188,32
data/split/train/FAMILY-26/MOTHER/FM026_M5.png,data/train_distorted/distorted/FAMILY-26/MOTHER/FM026_M5_local.png,FAMILY-26,MOTHER,local,4202091,3.17,6.29,,,
data/split/train/FAMILY-26/MOTHER/FM026_M5.png,data/train_distorted/distorted/FAMILY-26/MOTHER/FM026_M5_bending.png,FAMILY-26,MOTHER,bending,4202092,6.85,12.54,,,
data/split/train/FAMILY-27/CHILD/FM027_C1.png,data/train_distorted/distorted/FAMILY-27/CHILD/FM027_C1_elastic.png,FAMILY-27,CHILD,elastic,4202100,7.19,18.05,14.478,7.991,32
data/split/train/FAMILY-27/CHILD/FM027_C1.png,data/train_distorted/distorted/FAMILY-27/CHILD/FM027_C1_local.png,FAMILY-27,CHILD,local,4202101,4.95,11.77,,,
data/split/train/FAMILY-27/CHILD/FM027_C1.png,data/train_distorted/distorted/FAMILY-27/CHILD/FM027_C1_bending.png,FAMILY-27,CHILD,bending,4202102,5.39,9.71,,,
data/split/train/FAMILY-27/CHILD/FM027_C2.png,data/train_distorted/distorted/FAMILY-27/CHILD/FM027_C2_elastic.png,FAMILY-27,CHILD,elastic,4202110,4.93,12.57,8.656,5.783,32
data/split/train/FAMILY-27/CHILD/FM027_C2.png,data/train_distorted/distorted/FAMILY-27/CHILD/FM027_C2_local.png,FAMILY-27,CHILD,local,4202111,4.06,10.47,,,
data/split/train/FAMILY-27/CHILD/FM027_C2.png,data/train_distorted/distorted/FAMILY-27/CHILD/FM027_C2_bending.png,FAMILY-27,CHILD,bending,4202112,5.25,9.49,,,
data/split/train/FAMILY-27/CHILD/FM027_C3.png,data/train_distorted/distorted/FAMILY-27/CHILD/FM027_C3_elastic.png,FAMILY-27,CHILD,elastic,4202120,4.51,12.23,8.354,6.031,32
data/split/train/FAMILY-27/CHILD/FM027_C3.png,data/train_distorted/distorted/FAMILY-27/CHILD/FM027_C3_local.png,FAMILY-27,CHILD,local,4202121,2.97,6.62,,,
data/split/train/FAMILY-27/CHILD/FM027_C3.png,data/train_distorted/distorted/FAMILY-27/CHILD/FM027_C3_bending.png,FAMILY-27,CHILD,bending,4202122,6.85,11.41,,,
data/split/train/FAMILY-27/CHILD/FM027_C4.png,data/train_distorted/distorted/FAMILY-27/CHILD/FM027_C4_elastic.png,FAMILY-27,CHILD,elastic,4202130,6.82,16.42,11.984,5.383,32
data/split/train/FAMILY-27/CHILD/FM027_C4.png,data/train_distorted/distorted/FAMILY-27/CHILD/FM027_C4_local.png,FAMILY-27,CHILD,local,4202131,3.16,6.76,,,
data/split/train/FAMILY-27/CHILD/FM027_C4.png,data/train_distorted/distorted/FAMILY-27/CHILD/FM027_C4_bending.png,FAMILY-27,CHILD,bending,4202132,6.47,11.85,,,
data/split/train/FAMILY-27/CHILD/FM027_C5.png,data/train_distorted/distorted/FAMILY-27/CHILD/FM027_C5_elastic.png,FAMILY-27,CHILD,elastic,4202140,7.69,17.38,12.562,5.8,32
data/split/train/FAMILY-27/CHILD/FM027_C5.png,data/train_distorted/distorted/FAMILY-27/CHILD/FM027_C5_local.png,FAMILY-27,CHILD,local,4202141,4.4,9.57,,,
data/split/train/FAMILY-27/CHILD/FM027_C5.png,data/train_distorted/distorted/FAMILY-27/CHILD/FM027_C5_bending.png,FAMILY-27,CHILD,bending,4202142,5.47,9.99,,,
data/split/train/FAMILY-27/FATHER/FM027_F1.png,data/train_distorted/distorted/FAMILY-27/FATHER/FM027_F1_elastic.png,FAMILY-27,FATHER,elastic,4202150,7.38,17.7,14.213,7.22,32
data/split/train/FAMILY-27/FATHER/FM027_F1.png,data/train_distorted/distorted/FAMILY-27/FATHER/FM027_F1_local.png,FAMILY-27,FATHER,local,4202151,3.13,6.04,,,
data/split/train/FAMILY-27/FATHER/FM027_F1.png,data/train_distorted/distorted/FAMILY-27/FATHER/FM027_F1_bending.png,FAMILY-27,FATHER,bending,4202152,5.22,8.69,,,
data/split/train/FAMILY-27/FATHER/FM027_F2.png,data/train_distorted/distorted/FAMILY-27/FATHER/FM027_F2_elastic.png,FAMILY-27,FATHER,elastic,4202160,8.29,22.4,15.353,5.974,32
data/split/train/FAMILY-27/FATHER/FM027_F2.png,data/train_distorted/distorted/FAMILY-27/FATHER/FM027_F2_local.png,FAMILY-27,FATHER,local,4202161,3.97,8.67,,,
data/split/train/FAMILY-27/FATHER/FM027_F2.png,data/train_distorted/distorted/FAMILY-27/FATHER/FM027_F2_bending.png,FAMILY-27,FATHER,bending,4202162,5.42,9.21,,,
data/split/train/FAMILY-27/FATHER/FM027_F3.png,data/train_distorted/distorted/FAMILY-27/FATHER/FM027_F3_elastic.png,FAMILY-27,FATHER,elastic,4202170,7.42,18.46,12.861,6.65,32
data/split/train/FAMILY-27/FATHER/FM027_F3.png,data/train_distorted/distorted/FAMILY-27/FATHER/FM027_F3_local.png,FAMILY-27,FATHER,local,4202171,4.36,10.96,,,
data/split/train/FAMILY-27/FATHER/FM027_F3.png,data/train_distorted/distorted/FAMILY-27/FATHER/FM027_F3_bending.png,FAMILY-27,FATHER,bending,4202172,4.0,6.98,,,
data/split/train/FAMILY-27/FATHER/FM027_F4.png,data/train_distorted/distorted/FAMILY-27/FATHER/FM027_F4_elastic.png,FAMILY-27,FATHER,elastic,4202180,5.51,13.91,10.475,7.797,32
data/split/train/FAMILY-27/FATHER/FM027_F4.png,data/train_distorted/distorted/FAMILY-27/FATHER/FM027_F4_local.png,FAMILY-27,FATHER,local,4202181,2.91,7.61,,,
data/split/train/FAMILY-27/FATHER/FM027_F4.png,data/train_distorted/distorted/FAMILY-27/FATHER/FM027_F4_bending.png,FAMILY-27,FATHER,bending,4202182,4.38,8.06,,,
data/split/train/FAMILY-27/FATHER/FM027_F5.png,data/train_distorted/distorted/FAMILY-27/FATHER/FM027_F5_elastic.png,FAMILY-27,FATHER,elastic,4202190,6.04,14.63,10.544,5.706,32
data/split/train/FAMILY-27/FATHER/FM027_F5.png,data/train_distorted/distorted/FAMILY-27/FATHER/FM027_F5_local.png,FAMILY-27,FATHER,local,4202191,4.73,9.88,,,
data/split/train/FAMILY-27/FATHER/FM027_F5.png,data/train_distorted/distorted/FAMILY-27/FATHER/FM027_F5_bending.png,FAMILY-27,FATHER,bending,4202192,3.67,6.65,,,
data/split/train/FAMILY-27/MOTHER/FM027_M1.png,data/train_distorted/distorted/FAMILY-27/MOTHER/FM027_M1_elastic.png,FAMILY-27,MOTHER,elastic,4202200,5.83,15.61,10.813,6.004,32
data/split/train/FAMILY-27/MOTHER/FM027_M1.png,data/train_distorted/distorted/FAMILY-27/MOTHER/FM027_M1_local.png,FAMILY-27,MOTHER,local,4202201,4.02,9.59,,,
data/split/train/FAMILY-27/MOTHER/FM027_M1.png,data/train_distorted/distorted/FAMILY-27/MOTHER/FM027_M1_bending.png,FAMILY-27,MOTHER,bending,4202202,5.23,9.08,,,
data/split/train/FAMILY-27/MOTHER/FM027_M2.png,data/train_distorted/distorted/FAMILY-27/MOTHER/FM027_M2_elastic.png,FAMILY-27,MOTHER,elastic,4202210,6.94,15.49,11.919,6.338,32
data/split/train/FAMILY-27/MOTHER/FM027_M2.png,data/train_distorted/distorted/FAMILY-27/MOTHER/FM027_M2_local.png,FAMILY-27,MOTHER,local,4202211,3.36,6.51,,,
data/split/train/FAMILY-27/MOTHER/FM027_M2.png,data/train_distorted/distorted/FAMILY-27/MOTHER/FM027_M2_bending.png,FAMILY-27,MOTHER,bending,4202212,3.66,6.4,,,
data/split/train/FAMILY-27/MOTHER/FM027_M3.png,data/train_distorted/distorted/FAMILY-27/MOTHER/FM027_M3_elastic.png,FAMILY-27,MOTHER,elastic,4202220,6.72,15.6,12.293,5.632,32
data/split/train/FAMILY-27/MOTHER/FM027_M3.png,data/train_distorted/distorted/FAMILY-27/MOTHER/FM027_M3_local.png,FAMILY-27,MOTHER,local,4202221,3.27,6.17,,,
data/split/train/FAMILY-27/MOTHER/FM027_M3.png,data/train_distorted/distorted/FAMILY-27/MOTHER/FM027_M3_bending.png,FAMILY-27,MOTHER,bending,4202222,4.32,7.21,,,
data/split/train/FAMILY-27/MOTHER/FM027_M4.png,data/train_distorted/distorted/FAMILY-27/MOTHER/FM027_M4_elastic.png,FAMILY-27,MOTHER,elastic,4202230,6.53,15.68,11.623,6.403,32
data/split/train/FAMILY-27/MOTHER/FM027_M4.png,data/train_distorted/distorted/FAMILY-27/MOTHER/FM027_M4_local.png,FAMILY-27,MOTHER,local,4202231,4.6,10.18,,,
data/split/train/FAMILY-27/MOTHER/FM027_M4.png,data/train_distorted/distorted/FAMILY-27/MOTHER/FM027_M4_bending.png,FAMILY-27,MOTHER,bending,4202232,7.02,12.37,,,
data/split/train/FAMILY-27/MOTHER/FM027_M5.png,data/train_distorted/distorted/FAMILY-27/MOTHER/FM027_M5_elastic.png,FAMILY-27,MOTHER,elastic,4202240,8.43,18.48,15.668,7.459,32
data/split/train/FAMILY-27/MOTHER/FM027_M5.png,data/train_distorted/distorted/FAMILY-27/MOTHER/FM027_M5_local.png,FAMILY-27,MOTHER,local,4202241,2.87,6.06,,,
data/split/train/FAMILY-27/MOTHER/FM027_M5.png,data/train_distorted/distorted/FAMILY-27/MOTHER/FM027_M5_bending.png,FAMILY-27,MOTHER,bending,4202242,3.39,6.02,,,
data/split/train/FAMILY-28/CHILD/FM028_C1.png,data/train_distorted/distorted/FAMILY-28/CHILD/FM028_C1_elastic.png,FAMILY-28,CHILD,elastic,4202250,6.01,15.74,10.469,5.886,32
data/split/train/FAMILY-28/CHILD/FM028_C1.png,data/train_distorted/distorted/FAMILY-28/CHILD/FM028_C1_local.png,FAMILY-28,CHILD,local,4202251,3.27,6.65,,,
data/split/train/FAMILY-28/CHILD/FM028_C1.png,data/train_distorted/distorted/FAMILY-28/CHILD/FM028_C1_bending.png,FAMILY-28,CHILD,bending,4202252,3.41,6.24,,,
data/split/train/FAMILY-28/CHILD/FM028_C2.png,data/train_distorted/distorted/FAMILY-28/CHILD/FM028_C2_elastic.png,FAMILY-28,CHILD,elastic,4202260,7.58,17.65,12.248,5.234,32
data/split/train/FAMILY-28/CHILD/FM028_C2.png,data/train_distorted/distorted/FAMILY-28/CHILD/FM028_C2_local.png,FAMILY-28,CHILD,local,4202261,3.17,7.99,,,
data/split/train/FAMILY-28/CHILD/FM028_C2.png,data/train_distorted/distorted/FAMILY-28/CHILD/FM028_C2_bending.png,FAMILY-28,CHILD,bending,4202262,6.49,11.69,,,
data/split/train/FAMILY-28/CHILD/FM028_C3.png,data/train_distorted/distorted/FAMILY-28/CHILD/FM028_C3_elastic.png,FAMILY-28,CHILD,elastic,4202270,5.11,13.43,9.246,5.523,32
data/split/train/FAMILY-28/CHILD/FM028_C3.png,data/train_distorted/distorted/FAMILY-28/CHILD/FM028_C3_local.png,FAMILY-28,CHILD,local,4202271,3.6,7.84,,,
data/split/train/FAMILY-28/CHILD/FM028_C3.png,data/train_distorted/distorted/FAMILY-28/CHILD/FM028_C3_bending.png,FAMILY-28,CHILD,bending,4202272,5.12,9.1,,,
data/split/train/FAMILY-28/CHILD/FM028_C4.png,data/train_distorted/distorted/FAMILY-28/CHILD/FM028_C4_elastic.png,FAMILY-28,CHILD,elastic,4202280,5.24,12.26,9.409,6.826,32
data/split/train/FAMILY-28/CHILD/FM028_C4.png,data/train_distorted/distorted/FAMILY-28/CHILD/FM028_C4_local.png,FAMILY-28,CHILD,local,4202281,5.27,12.09,,,
data/split/train/FAMILY-28/CHILD/FM028_C4.png,data/train_distorted/distorted/FAMILY-28/CHILD/FM028_C4_bending.png,FAMILY-28,CHILD,bending,4202282,5.8,10.17,,,
data/split/train/FAMILY-28/CHILD/FM028_C5.png,data/train_distorted/distorted/FAMILY-28/CHILD/FM028_C5_elastic.png,FAMILY-28,CHILD,elastic,4202290,5.72,13.76,10.405,7.251,32
data/split/train/FAMILY-28/CHILD/FM028_C5.png,data/train_distorted/distorted/FAMILY-28/CHILD/FM028_C5_local.png,FAMILY-28,CHILD,local,4202291,3.68,7.31,,,
data/split/train/FAMILY-28/CHILD/FM028_C5.png,data/train_distorted/distorted/FAMILY-28/CHILD/FM028_C5_bending.png,FAMILY-28,CHILD,bending,4202292,4.65,8.37,,,
data/split/train/FAMILY-28/FATHER/FM028_F1.png,data/train_distorted/distorted/FAMILY-28/FATHER/FM028_F1_elastic.png,FAMILY-28,FATHER,elastic,4202300,7.52,17.84,13.142,5.917,32
data/split/train/FAMILY-28/FATHER/FM028_F1.png,data/train_distorted/distorted/FAMILY-28/FATHER/FM028_F1_local.png,FAMILY-28,FATHER,local,4202301,5.43,11.29,,,
data/split/train/FAMILY-28/FATHER/FM028_F1.png,data/train_distorted/distorted/FAMILY-28/FATHER/FM028_F1_bending.png,FAMILY-28,FATHER,bending,4202302,5.91,10.79,,,
data/split/train/FAMILY-28/FATHER/FM028_F2.png,data/train_distorted/distorted/FAMILY-28/FATHER/FM028_F2_elastic.png,FAMILY-28,FATHER,elastic,4202310,8.69,22.27,14.916,5.664,32
data/split/train/FAMILY-28/FATHER/FM028_F2.png,data/train_distorted/distorted/FAMILY-28/FATHER/FM028_F2_local.png,FAMILY-28,FATHER,local,4202311,4.97,9.38,,,
data/split/train/FAMILY-28/FATHER/FM028_F2.png,data/train_distorted/distorted/FAMILY-28/FATHER/FM028_F2_bending.png,FAMILY-28,FATHER,bending,4202312,4.25,7.72,,,
data/split/train/FAMILY-28/FATHER/FM028_F3.png,data/train_distorted/distorted/FAMILY-28/FATHER/FM028_F3_elastic.png,FAMILY-28,FATHER,elastic,4202320,7.7,18.5,13.836,7.107,32
data/split/train/FAMILY-28/FATHER/FM028_F3.png,data/train_distorted/distorted/FAMILY-28/FATHER/FM028_F3_local.png,FAMILY-28,FATHER,local,4202321,2.49,5.89,,,
data/split/train/FAMILY-28/FATHER/FM028_F3.png,data/train_distorted/distorted/FAMILY-28/FATHER/FM028_F3_bending.png,FAMILY-28,FATHER,bending,4202322,5.19,9.1,,,
data/split/train/FAMILY-28/FATHER/FM028_F4.png,data/train_distorted/distorted/FAMILY-28/FATHER/FM028_F4_elastic.png,FAMILY-28,FATHER,elastic,4202330,8.82,20.63,15.536,7.785,32
data/split/train/FAMILY-28/FATHER/FM028_F4.png,data/train_distorted/distorted/FAMILY-28/FATHER/FM028_F4_local.png,FAMILY-28,FATHER,local,4202331,3.61,8.11,,,
data/split/train/FAMILY-28/FATHER/FM028_F4.png,data/train_distorted/distorted/FAMILY-28/FATHER/FM028_F4_bending.png,FAMILY-28,FATHER,bending,4202332,4.51,8.05,,,
data/split/train/FAMILY-28/FATHER/FM028_F5.png,data/train_distorted/distorted/FAMILY-28/FATHER/FM028_F5_elastic.png,FAMILY-28,FATHER,elastic,4202340,7.96,18.25,14.353,7.73,32
data/split/train/FAMILY-28/FATHER/FM028_F5.png,data/train_distorted/distorted/FAMILY-28/FATHER/FM028_F5_local.png,FAMILY-28,FATHER,local,4202341,3.79,8.0,,,
data/split/train/FAMILY-28/FATHER/FM028_F5.png,data/train_distorted/distorted/FAMILY-28/FATHER/FM028_F5_bending.png,FAMILY-28,FATHER,bending,4202342,3.63,6.04,,,
data/split/train/FAMILY-28/MOTHER/FM028_M1.png,data/train_distorted/distorted/FAMILY-28/MOTHER/FM028_M1_elastic.png,FAMILY-28,MOTHER,elastic,4202350,8.56,21.51,14.775,5.403,32
data/split/train/FAMILY-28/MOTHER/FM028_M1.png,data/train_distorted/distorted/FAMILY-28/MOTHER/FM028_M1_local.png,FAMILY-28,MOTHER,local,4202351,4.56,9.77,,,
data/split/train/FAMILY-28/MOTHER/FM028_M1.png,data/train_distorted/distorted/FAMILY-28/MOTHER/FM028_M1_bending.png,FAMILY-28,MOTHER,bending,4202352,6.6,11.93,,,
data/split/train/FAMILY-28/MOTHER/FM028_M2.png,data/train_distorted/distorted/FAMILY-28/MOTHER/FM028_M2_elastic.png,FAMILY-28,MOTHER,elastic,4202360,8.94,22.27,15.764,5.797,32
data/split/train/FAMILY-28/MOTHER/FM028_M2.png,data/train_distorted/distorted/FAMILY-28/MOTHER/FM028_M2_local.png,FAMILY-28,MOTHER,local,4202361,5.46,9.88,,,
data/split/train/FAMILY-28/MOTHER/FM028_M2.png,data/train_distorted/distorted/FAMILY-28/MOTHER/FM028_M2_bending.png,FAMILY-28,MOTHER,bending,4202362,6.15,10.25,,,
data/split/train/FAMILY-28/MOTHER/FM028_M3.png,data/train_distorted/distorted/FAMILY-28/MOTHER/FM028_M3_elastic.png,FAMILY-28,MOTHER,elastic,4202370,6.33,15.77,11.406,5.417,32
data/split/train/FAMILY-28/MOTHER/FM028_M3.png,data/train_distorted/distorted/FAMILY-28/MOTHER/FM028_M3_local.png,FAMILY-28,MOTHER,local,4202371,2.54,6.62,,,
data/split/train/FAMILY-28/MOTHER/FM028_M3.png,data/train_distorted/distorted/FAMILY-28/MOTHER/FM028_M3_bending.png,FAMILY-28,MOTHER,bending,4202372,5.22,8.69,,,
data/split/train/FAMILY-28/MOTHER/FM028_M4.png,data/train_distorted/distorted/FAMILY-28/MOTHER/FM028_M4_elastic.png,FAMILY-28,MOTHER,elastic,4202380,6.93,19.69,13.45,6.924,32
data/split/train/FAMILY-28/MOTHER/FM028_M4.png,data/train_distorted/distorted/FAMILY-28/MOTHER/FM028_M4_local.png,FAMILY-28,MOTHER,local,4202381,4.07,11.4,,,
data/split/train/FAMILY-28/MOTHER/FM028_M4.png,data/train_distorted/distorted/FAMILY-28/MOTHER/FM028_M4_bending.png,FAMILY-28,MOTHER,bending,4202382,3.72,6.2,,,
data/split/train/FAMILY-28/MOTHER/FM028_M5.png,data/train_distorted/distorted/FAMILY-28/MOTHER/FM028_M5_elastic.png,FAMILY-28,MOTHER,elastic,4202390,7.86,17.56,13.494,5.831,32
data/split/train/FAMILY-28/MOTHER/FM028_M5.png,data/train_distorted/distorted/FAMILY-28/MOTHER/FM028_M5_local.png,FAMILY-28,MOTHER,local,4202391,3.96,9.71,,,
data/split/train/FAMILY-28/MOTHER/FM028_M5.png,data/train_distorted/distorted/FAMILY-28/MOTHER/FM028_M5_bending.png,FAMILY-28,MOTHER,bending,4202392,4.4,7.33,,,
data/split/train/FAMILY-29/CHILD/FM029_C1.png,data/train_distorted/distorted/FAMILY-29/CHILD/FM029_C1_elastic.png,FAMILY-29,CHILD,elastic,4202400,7.94,21.12,14.609,7.627,32
data/split/train/FAMILY-29/CHILD/FM029_C1.png,data/train_distorted/distorted/FAMILY-29/CHILD/FM029_C1_local.png,FAMILY-29,CHILD,local,4202401,3.96,8.99,,,
data/split/train/FAMILY-29/CHILD/FM029_C1.png,data/train_distorted/distorted/FAMILY-29/CHILD/FM029_C1_bending.png,FAMILY-29,CHILD,bending,4202402,5.22,8.78,,,
data/split/train/FAMILY-29/CHILD/FM029_C2.png,data/train_distorted/distorted/FAMILY-29/CHILD/FM029_C2_elastic.png,FAMILY-29,CHILD,elastic,4202410,6.26,15.65,11.512,6.6,32
data/split/train/FAMILY-29/CHILD/FM029_C2.png,data/train_distorted/distorted/FAMILY-29/CHILD/FM029_C2_local.png,FAMILY-29,CHILD,local,4202411,2.97,7.91,,,
data/split/train/FAMILY-29/CHILD/FM029_C2.png,data/train_distorted/distorted/FAMILY-29/CHILD/FM029_C2_bending.png,FAMILY-29,CHILD,bending,4202412,4.02,7.08,,,
data/split/train/FAMILY-29/CHILD/FM029_C3.png,data/train_distorted/distorted/FAMILY-29/CHILD/FM029_C3_elastic.png,FAMILY-29,CHILD,elastic,4202420,9.17,20.72,15.705,7.499,32
data/split/train/FAMILY-29/CHILD/FM029_C3.png,data/train_distorted/distorted/FAMILY-29/CHILD/FM029_C3_local.png,FAMILY-29,CHILD,local,4202421,4.66,9.92,,,
data/split/train/FAMILY-29/CHILD/FM029_C3.png,data/train_distorted/distorted/FAMILY-29/CHILD/FM029_C3_bending.png,FAMILY-29,CHILD,bending,4202422,7.08,12.13,,,
data/split/train/FAMILY-29/CHILD/FM029_C4.png,data/train_distorted/distorted/FAMILY-29/CHILD/FM029_C4_elastic.png,FAMILY-29,CHILD,elastic,4202430,6.37,16.17,11.177,7.613,32
data/split/train/FAMILY-29/CHILD/FM029_C4.png,data/train_distorted/distorted/FAMILY-29/CHILD/FM029_C4_local.png,FAMILY-29,CHILD,local,4202431,4.36,9.37,,,
data/split/train/FAMILY-29/CHILD/FM029_C4.png,data/train_distorted/distorted/FAMILY-29/CHILD/FM029_C4_bending.png,FAMILY-29,CHILD,bending,4202432,6.41,10.9,,,
data/split/train/FAMILY-29/CHILD/FM029_C5.png,data/train_distorted/distorted/FAMILY-29/CHILD/FM029_C5_elastic.png,FAMILY-29,CHILD,elastic,4202440,6.72,17.66,11.981,6.96,32
data/split/train/FAMILY-29/CHILD/FM029_C5.png,data/train_distorted/distorted/FAMILY-29/CHILD/FM029_C5_local.png,FAMILY-29,CHILD,local,4202441,5.18,9.32,,,
data/split/train/FAMILY-29/CHILD/FM029_C5.png,data/train_distorted/distorted/FAMILY-29/CHILD/FM029_C5_bending.png,FAMILY-29,CHILD,bending,4202442,4.37,7.34,,,
data/split/train/FAMILY-29/FATHER/FM029_F1.png,data/train_distorted/distorted/FAMILY-29/FATHER/FM029_F1_elastic.png,FAMILY-29,FATHER,elastic,4202450,5.8,12.2,9.525,5.368,32
data/split/train/FAMILY-29/FATHER/FM029_F1.png,data/train_distorted/distorted/FAMILY-29/FATHER/FM029_F1_local.png,FAMILY-29,FATHER,local,4202451,3.5,9.28,,,
data/split/train/FAMILY-29/FATHER/FM029_F1.png,data/train_distorted/distorted/FAMILY-29/FATHER/FM029_F1_bending.png,FAMILY-29,FATHER,bending,4202452,5.24,8.73,,,
data/split/train/FAMILY-29/FATHER/FM029_F2.png,data/train_distorted/distorted/FAMILY-29/FATHER/FM029_F2_elastic.png,FAMILY-29,FATHER,elastic,4202460,7.83,17.69,14.277,7.306,32
data/split/train/FAMILY-29/FATHER/FM029_F2.png,data/train_distorted/distorted/FAMILY-29/FATHER/FM029_F2_local.png,FAMILY-29,FATHER,local,4202461,3.67,8.53,,,
data/split/train/FAMILY-29/FATHER/FM029_F2.png,data/train_distorted/distorted/FAMILY-29/FATHER/FM029_F2_bending.png,FAMILY-29,FATHER,bending,4202462,5.3,9.63,,,
data/split/train/FAMILY-29/FATHER/FM029_F3.png,data/train_distorted/distorted/FAMILY-29/FATHER/FM029_F3_elastic.png,FAMILY-29,FATHER,elastic,4202470,5.61,12.46,9.743,5.812,32
data/split/train/FAMILY-29/FATHER/FM029_F3.png,data/train_distorted/distorted/FAMILY-29/FATHER/FM029_F3_local.png,FAMILY-29,FATHER,local,4202471,5.01,11.28,,,
data/split/train/FAMILY-29/FATHER/FM029_F3.png,data/train_distorted/distorted/FAMILY-29/FATHER/FM029_F3_bending.png,FAMILY-29,FATHER,bending,4202472,4.75,8.47,,,
data/split/train/FAMILY-29/FATHER/FM029_F4.png,data/train_distorted/distorted/FAMILY-29/FATHER/FM029_F4_elastic.png,FAMILY-29,FATHER,elastic,4202480,7.97,17.66,14.646,6.122,32
data/split/train/FAMILY-29/FATHER/FM029_F4.png,data/train_distorted/distorted/FAMILY-29/FATHER/FM029_F4_local.png,FAMILY-29,FATHER,local,4202481,2.99,6.14,,,
data/split/train/FAMILY-29/FATHER/FM029_F4.png,data/train_distorted/distorted/FAMILY-29/FATHER/FM029_F4_bending.png,FAMILY-29,FATHER,bending,4202482,5.77,10.02,,,
data/split/train/FAMILY-29/FATHER/FM029_F5.png,data/train_distorted/distorted/FAMILY-29/FATHER/FM029_F5_elastic.png,FAMILY-29,FATHER,elastic,4202490,6.97,17.15,11.176,5.229,32
data/split/train/FAMILY-29/FATHER/FM029_F5.png,data/train_distorted/distorted/FAMILY-29/FATHER/FM029_F5_local.png,FAMILY-29,FATHER,local,4202491,5.85,11.26,,,
data/split/train/FAMILY-29/FATHER/FM029_F5.png,data/train_distorted/distorted/FAMILY-29/FATHER/FM029_F5_bending.png,FAMILY-29,FATHER,bending,4202492,4.68,8.0,,,
data/split/train/FAMILY-29/MOTHER/FM029_M1.png,data/train_distorted/distorted/FAMILY-29/MOTHER/FM029_M1_elastic.png,FAMILY-29,MOTHER,elastic,4202500,7.73,21.54,13.13,5.528,32
data/split/train/FAMILY-29/MOTHER/FM029_M1.png,data/train_distorted/distorted/FAMILY-29/MOTHER/FM029_M1_local.png,FAMILY-29,MOTHER,local,4202501,2.74,6.8,,,
data/split/train/FAMILY-29/MOTHER/FM029_M1.png,data/train_distorted/distorted/FAMILY-29/MOTHER/FM029_M1_bending.png,FAMILY-29,MOTHER,bending,4202502,6.61,11.01,,,
data/split/train/FAMILY-29/MOTHER/FM029_M2.png,data/train_distorted/distorted/FAMILY-29/MOTHER/FM029_M2_elastic.png,FAMILY-29,MOTHER,elastic,4202510,6.58,15.85,11.729,5.753,32
data/split/train/FAMILY-29/MOTHER/FM029_M2.png,data/train_distorted/distorted/FAMILY-29/MOTHER/FM029_M2_local.png,FAMILY-29,MOTHER,local,4202511,3.89,7.61,,,
data/split/train/FAMILY-29/MOTHER/FM029_M2.png,data/train_distorted/distorted/FAMILY-29/MOTHER/FM029_M2_bending.png,FAMILY-29,MOTHER,bending,4202512,4.13,7.44,,,
data/split/train/FAMILY-29/MOTHER/FM029_M3.png,data/train_distorted/distorted/FAMILY-29/MOTHER/FM029_M3_elastic.png,FAMILY-29,MOTHER,elastic,4202520,5.44,15.44,9.687,5.649,32
data/split/train/FAMILY-29/MOTHER/FM029_M3.png,data/train_distorted/distorted/FAMILY-29/MOTHER/FM029_M3_local.png,FAMILY-29,MOTHER,local,4202521,3.02,5.62,,,
data/split/train/FAMILY-29/MOTHER/FM029_M3.png,data/train_distorted/distorted/FAMILY-29/MOTHER/FM029_M3_bending.png,FAMILY-29,MOTHER,bending,4202522,4.65,8.55,,,
data/split/train/FAMILY-29/MOTHER/FM029_M4.png,data/train_distorted/distorted/FAMILY-29/MOTHER/FM029_M4_elastic.png,FAMILY-29,MOTHER,elastic,4202530,5.09,12.49,9.28,6.554,32
data/split/train/FAMILY-29/MOTHER/FM029_M4.png,data/train_distorted/distorted/FAMILY-29/MOTHER/FM029_M4_local.png,FAMILY-29,MOTHER,local,4202531,3.7,8.19,,,
data/split/train/FAMILY-29/MOTHER/FM029_M4.png,data/train_distorted/distorted/FAMILY-29/MOTHER/FM029_M4_bending.png,FAMILY-29,MOTHER,bending,4202532,3.88,7.16,,,
data/split/train/FAMILY-29/MOTHER/FM029_M5.png,data/train_distorted/distorted/FAMILY-29/MOTHER/FM029_M5_elastic.png,FAMILY-29,MOTHER,elastic,4202540,6.58,15.31,12.007,6.651,32
data/split/train/FAMILY-29/MOTHER/FM029_M5.png,data/train_distorted/distorted/FAMILY-29/MOTHER/FM029_M5_local.png,FAMILY-29,MOTHER,local,4202541,3.25,7.07,,,
data/split/train/FAMILY-29/MOTHER/FM029_M5.png,data/train_distorted/distorted/FAMILY-29/MOTHER/FM029_M5_bending.png,FAMILY-29,MOTHER,bending,4202542,3.5,6.32,,,
data/split/train/FAMILY-3/CHILD/FM003_C1.png,data/train_distorted/distorted/FAMILY-3/CHILD/FM003_C1_elastic.png,FAMILY-3,CHILD,elastic,4202550,6.13,14.81,12.468,6.684,32
data/split/train/FAMILY-3/CHILD/FM003_C1.png,data/train_distorted/distorted/FAMILY-3/CHILD/FM003_C1_local.png,FAMILY-3,CHILD,local,4202551,2.99,7.58,,,
data/split/train/FAMILY-3/CHILD/FM003_C1.png,data/train_distorted/distorted/FAMILY-3/CHILD/FM003_C1_bending.png,FAMILY-3,CHILD,bending,4202552,6.47,11.8,,,
data/split/train/FAMILY-3/CHILD/FM003_C2.png,data/train_distorted/distorted/FAMILY-3/CHILD/FM003_C2_elastic.png,FAMILY-3,CHILD,elastic,4202560,7.5,17.79,12.802,6.751,32
data/split/train/FAMILY-3/CHILD/FM003_C2.png,data/train_distorted/distorted/FAMILY-3/CHILD/FM003_C2_local.png,FAMILY-3,CHILD,local,4202561,3.89,10.51,,,
data/split/train/FAMILY-3/CHILD/FM003_C2.png,data/train_distorted/distorted/FAMILY-3/CHILD/FM003_C2_bending.png,FAMILY-3,CHILD,bending,4202562,3.94,6.95,,,
data/split/train/FAMILY-3/CHILD/FM003_C3.png,data/train_distorted/distorted/FAMILY-3/CHILD/FM003_C3_elastic.png,FAMILY-3,CHILD,elastic,4202570,5.49,11.52,8.982,5.339,32
data/split/train/FAMILY-3/CHILD/FM003_C3.png,data/train_distorted/distorted/FAMILY-3/CHILD/FM003_C3_local.png,FAMILY-3,CHILD,local,4202571,3.72,7.77,,,
data/split/train/FAMILY-3/CHILD/FM003_C3.png,data/train_distorted/distorted/FAMILY-3/CHILD/FM003_C3_bending.png,FAMILY-3,CHILD,bending,4202572,4.36,7.31,,,
data/split/train/FAMILY-3/CHILD/FM003_C4.png,data/train_distorted/distorted/FAMILY-3/CHILD/FM003_C4_elastic.png,FAMILY-3,CHILD,elastic,4202580,7.0,14.74,12.637,6.537,32
data/split/train/FAMILY-3/CHILD/FM003_C4.png,data/train_distorted/distorted/FAMILY-3/CHILD/FM003_C4_local.png,FAMILY-3,CHILD,local,4202581,3.23,7.32,,,
data/split/train/FAMILY-3/CHILD/FM003_C4.png,data/train_distorted/distorted/FAMILY-3/CHILD/FM003_C4_bending.png,FAMILY-3,CHILD,bending,4202582,3.4,5.79,,,
data/split/train/FAMILY-3/CHILD/FM003_C5.png,data/train_distorted/distorted/FAMILY-3/CHILD/FM003_C5_elastic.png,FAMILY-3,CHILD,elastic,4202590,6.66,16.99,12.114,6.802,32
data/split/train/FAMILY-3/CHILD/FM003_C5.png,data/train_distorted/distorted/FAMILY-3/CHILD/FM003_C5_local.png,FAMILY-3,CHILD,local,4202591,2.23,5.62,,,
data/split/train/FAMILY-3/CHILD/FM003_C5.png,data/train_distorted/distorted/FAMILY-3/CHILD/FM003_C5_bending.png,FAMILY-3,CHILD,bending,4202592,5.81,10.07,,,
data/split/train/FAMILY-3/FATHER/FM003_F1.png,data/train_distorted/distorted/FAMILY-3/FATHER/FM003_F1_elastic.png,FAMILY-3,FATHER,elastic,4202600,5.43,13.36,9.394,7.224,32
data/split/train/FAMILY-3/FATHER/FM003_F1.png,data/train_distorted/distorted/FAMILY-3/FATHER/FM003_F1_local.png,FAMILY-3,FATHER,local,4202601,4.45,9.67,,,
data/split/train/FAMILY-3/FATHER/FM003_F1.png,data/train_distorted/distorted/FAMILY-3/FATHER/FM003_F1_bending.png,FAMILY-3,FATHER,bending,4202602,5.4,9.0,,,
data/split/train/FAMILY-3/FATHER/FM003_F2.png,data/train_distorted/distorted/FAMILY-3/FATHER/FM003_F2_elastic.png,FAMILY-3,FATHER,elastic,4202610,4.46,12.94,8.134,5.367,32
data/split/train/FAMILY-3/FATHER/FM003_F2.png,data/train_distorted/distorted/FAMILY-3/FATHER/FM003_F2_local.png,FAMILY-3,FATHER,local,4202611,4.16,9.52,,,
data/split/train/FAMILY-3/FATHER/FM003_F2.png,data/train_distorted/distorted/FAMILY-3/FATHER/FM003_F2_bending.png,FAMILY-3,FATHER,bending,4202612,5.0,8.33,,,
data/split/train/FAMILY-3/FATHER/FM003_F3.png,data/train_distorted/distorted/FAMILY-3/FATHER/FM003_F3_elastic.png,FAMILY-3,FATHER,elastic,4202620,4.17,10.31,8.33,7.826,32
data/split/train/FAMILY-3/FATHER/FM003_F3.png,data/train_distorted/distorted/FAMILY-3/FATHER/FM003_F3_local.png,FAMILY-3,FATHER,local,4202621,2.9,7.5,,,
data/split/train/FAMILY-3/FATHER/FM003_F3.png,data/train_distorted/distorted/FAMILY-3/FATHER/FM003_F3_bending.png,FAMILY-3,FATHER,bending,4202622,5.32,9.8,,,
data/split/train/FAMILY-3/FATHER/FM003_F4.png,data/train_distorted/distorted/FAMILY-3/FATHER/FM003_F4_elastic.png,FAMILY-3,FATHER,elastic,4202630,8.13,24.03,14.686,6.148,32
data/split/train/FAMILY-3/FATHER/FM003_F4.png,data/train_distorted/distorted/FAMILY-3/FATHER/FM003_F4_local.png,FAMILY-3,FATHER,local,4202631,2.39,6.7,,,
data/split/train/FAMILY-3/FATHER/FM003_F4.png,data/train_distorted/distorted/FAMILY-3/FATHER/FM003_F4_bending.png,FAMILY-3,FATHER,bending,4202632,4.05,7.25,,,
data/split/train/FAMILY-3/FATHER/FM003_F5.png,data/train_distorted/distorted/FAMILY-3/FATHER/FM003_F5_elastic.png,FAMILY-3,FATHER,elastic,4202640,7.59,19.18,14.124,7.744,32
data/split/train/FAMILY-3/FATHER/FM003_F5.png,data/train_distorted/distorted/FAMILY-3/FATHER/FM003_F5_local.png,FAMILY-3,FATHER,local,4202641,3.97,7.73,,,
data/split/train/FAMILY-3/FATHER/FM003_F5.png,data/train_distorted/distorted/FAMILY-3/FATHER/FM003_F5_bending.png,FAMILY-3,FATHER,bending,4202642,4.17,7.48,,,
data/split/train/FAMILY-3/MOTHER/FM003_M1.png,data/train_distorted/distorted/FAMILY-3/MOTHER/FM003_M1_elastic.png,FAMILY-3,MOTHER,elastic,4202650,5.07,13.7,8.681,5.227,32
data/split/train/FAMILY-3/MOTHER/FM003_M1.png,data/train_distorted/distorted/FAMILY-3/MOTHER/FM003_M1_local.png,FAMILY-3,MOTHER,local,4202651,4.13,9.75,,,
data/split/train/FAMILY-3/MOTHER/FM003_M1.png,data/train_distorted/distorted/FAMILY-3/MOTHER/FM003_M1_bending.png,FAMILY-3,MOTHER,bending,4202652,4.54,8.09,,,
data/split/train/FAMILY-3/MOTHER/FM003_M2.png,data/train_distorted/distorted/FAMILY-3/MOTHER/FM003_M2_elastic.png,FAMILY-3,MOTHER,elastic,4202660,5.89,15.38,11.061,6.098,32
data/split/train/FAMILY-3/MOTHER/FM003_M2.png,data/train_distorted/distorted/FAMILY-3/MOTHER/FM003_M2_local.png,FAMILY-3,MOTHER,local,4202661,3.89,8.97,,,
data/split/train/FAMILY-3/MOTHER/FM003_M2.png,data/train_distorted/distorted/FAMILY-3/MOTHER/FM003_M2_bending.png,FAMILY-3,MOTHER,bending,4202662,4.74,8.63,,,
data/split/train/FAMILY-3/MOTHER/FM003_M3.png,data/train_distorted/distorted/FAMILY-3/MOTHER/FM003_M3_elastic.png,FAMILY-3,MOTHER,elastic,4202670,5.54,15.04,10.49,6.952,32
data/split/train/FAMILY-3/MOTHER/FM003_M3.png,data/train_distorted/distorted/FAMILY-3/MOTHER/FM003_M3_local.png,FAMILY-3,MOTHER,local,4202671,2.79,6.47,,,
data/split/train/FAMILY-3/MOTHER/FM003_M3.png,data/train_distorted/distorted/FAMILY-3/MOTHER/FM003_M3_bending.png,FAMILY-3,MOTHER,bending,4202672,6.04,10.6,,,
data/split/train/FAMILY-3/MOTHER/FM003_M4.png,data/train_distorted/distorted/FAMILY-3/MOTHER/FM003_M4_elastic.png,FAMILY-3,MOTHER,elastic,4202680,8.58,23.04,14.473,5.273,32
data/split/train/FAMILY-3/MOTHER/FM003_M4.png,data/train_distorted/distorted/FAMILY-3/MOTHER/FM003_M4_local.png,FAMILY-3,MOTHER,local,4202681,4.36,10.25,,,
data/split/train/FAMILY-3/MOTHER/FM003_M4.png,data/train_distorted/distorted/FAMILY-3/MOTHER/FM003_M4_bending.png,FAMILY-3,MOTHER,bending,4202682,5.05,9.06,,,
data/split/train/FAMILY-3/MOTHER/FM003_M5.png,data/train_distorted/distorted/FAMILY-3/MOTHER/FM003_M5_elastic.png,FAMILY-3,MOTHER,elastic,4202690,5.9,13.32,10.157,6.927,32
data/split/train/FAMILY-3/MOTHER/FM003_M5.png,data/train_distorted/distorted/FAMILY-3/MOTHER/FM003_M5_local.png,FAMILY-3,MOTHER,local,4202691,4.52,10.68,,,
data/split/train/FAMILY-3/MOTHER/FM003_M5.png,data/train_distorted/distorted/FAMILY-3/MOTHER/FM003_M5_bending.png,FAMILY-3,MOTHER,bending,4202692,3.78,6.51,,,
data/split/train/FAMILY-30/CHILD/FM030_C1.png,data/train_distorted/distorted/FAMILY-30/CHILD/FM030_C1_elastic.png,FAMILY-30,CHILD,elastic,4202700,7.06,16.94,13.319,7.012,32
data/split/train/FAMILY-30/CHILD/FM030_C1.png,data/train_distorted/distorted/FAMILY-30/CHILD/FM030_C1_local.png,FAMILY-30,CHILD,local,4202701,5.71,10.96,,,
data/split/train/FAMILY-30/CHILD/FM030_C1.png,data/train_distorted/distorted/FAMILY-30/CHILD/FM030_C1_bending.png,FAMILY-30,CHILD,bending,4202702,5.47,9.94,,,
data/split/train/FAMILY-30/CHILD/FM030_C2.png,data/train_distorted/distorted/FAMILY-30/CHILD/FM030_C2_elastic.png,FAMILY-30,CHILD,elastic,4202710,6.74,16.51,10.99,6.021,32
data/split/train/FAMILY-30/CHILD/FM030_C2.png,data/train_distorted/distorted/FAMILY-30/CHILD/FM030_C2_local.png,FAMILY-30,CHILD,local,4202711,2.61,5.89,,,
data/split/train/FAMILY-30/CHILD/FM030_C2.png,data/train_distorted/distorted/FAMILY-30/CHILD/FM030_C2_bending.png,FAMILY-30,CHILD,bending,4202712,5.02,8.36,,,
data/split/train/FAMILY-30/CHILD/FM030_C3.png,data/train_distorted/distorted/FAMILY-30/CHILD/FM030_C3_elastic.png,FAMILY-30,CHILD,elastic,4202720,8.55,21.63,15.278,5.603,32
data/split/train/FAMILY-30/CHILD/FM030_C3.png,data/train_distorted/distorted/FAMILY-30/CHILD/FM030_C3_local.png,FAMILY-30,CHILD,local,4202721,4.34,8.72,,,
data/split/train/FAMILY-30/CHILD/FM030_C3.png,data/train_distorted/distorted/FAMILY-30/CHILD/FM030_C3_bending.png,FAMILY-30,CHILD,bending,4202722,4.95,8.62,,,
data/split/train/FAMILY-30/CHILD/FM030_C4.png,data/train_distorted/distorted/FAMILY-30/CHILD/FM030_C4_elastic.png,FAMILY-30,CHILD,elastic,4202730,6.17,14.8,10.98,5.711,32
data/split/train/FAMILY-30/CHILD/FM030_C4.png,data/train_distorted/distorted/FAMILY-30/CHILD/FM030_C4_local.png,FAMILY-30,CHILD,local,4202731,2.23,6.33,,,
data/split/train/FAMILY-30/CHILD/FM030_C4.png,data/train_distorted/distorted/FAMILY-30/CHILD/FM030_C4_bending.png,FAMILY-30,CHILD,bending,4202732,3.8,6.53,,,
data/split/train/FAMILY-30/CHILD/FM030_C5.png,data/train_distorted/distorted/FAMILY-30/CHILD/FM030_C5_elastic.png,FAMILY-30,CHILD,elastic,4202740,7.38,21.48,14.949,7.273,32
data/split/train/FAMILY-30/CHILD/FM030_C5.png,data/train_distorted/distorted/FAMILY-30/CHILD/FM030_C5_local.png,FAMILY-30,CHILD,local,4202741,5.08,11.41,,,
data/split/train/FAMILY-30/CHILD/FM030_C5.png,data/train_distorted/distorted/FAMILY-30/CHILD/FM030_C5_bending.png,FAMILY-30,CHILD,bending,4202742,4.41,7.8,,,
data/split/train/FAMILY-30/FATHER/FM030_F1.png,data/train_distorted/distorted/FAMILY-30/FATHER/FM030_F1_elastic.png,FAMILY-30,FATHER,elastic,4202750,4.32,11.83,8.873,7.244,32
data/split/train/FAMILY-30/FATHER/FM030_F1.png,data/train_distorted/distorted/FAMILY-30/FATHER/FM030_F1_local.png,FAMILY-30,FATHER,local,4202751,2.71,5.98,,,
data/split/train/FAMILY-30/FATHER/FM030_F1.png,data/train_distorted/distorted/FAMILY-30/FATHER/FM030_F1_bending.png,FAMILY-30,FATHER,bending,4202752,4.88,8.84,,,
data/split/train/FAMILY-30/FATHER/FM030_F2.png,data/train_distorted/distorted/FAMILY-30/FATHER/FM030_F2_elastic.png,FAMILY-30,FATHER,elastic,4202760,5.94,13.44,11.421,7.816,32
data/split/train/FAMILY-30/FATHER/FM030_F2.png,data/train_distorted/distorted/FAMILY-30/FATHER/FM030_F2_local.png,FAMILY-30,FATHER,local,4202761,3.0,6.61,,,
data/split/train/FAMILY-30/FATHER/FM030_F2.png,data/train_distorted/distorted/FAMILY-30/FATHER/FM030_F2_bending.png,FAMILY-30,FATHER,bending,4202762,4.53,8.06,,,
data/split/train/FAMILY-30/FATHER/FM030_F3.png,data/train_distorted/distorted/FAMILY-30/FATHER/FM030_F3_elastic.png,FAMILY-30,FATHER,elastic,4202770,4.89,12.08,9.086,6.294,32
data/split/train/FAMILY-30/FATHER/FM030_F3.png,data/train_distorted/distorted/FAMILY-30/FATHER/FM030_F3_local.png,FAMILY-30,FATHER,local,4202771,4.35,8.6,,,
data/split/train/FAMILY-30/FATHER/FM030_F3.png,data/train_distorted/distorted/FAMILY-30/FATHER/FM030_F3_bending.png,FAMILY-30,FATHER,bending,4202772,6.49,11.3,,,
data/split/train/FAMILY-30/FATHER/FM030_F4.png,data/train_distorted/distorted/FAMILY-30/FATHER/FM030_F4_elastic.png,FAMILY-30,FATHER,elastic,4202780,8.16,18.28,15.041,7.14,32
data/split/train/FAMILY-30/FATHER/FM030_F4.png,data/train_distorted/distorted/FAMILY-30/FATHER/FM030_F4_local.png,FAMILY-30,FATHER,local,4202781,3.2,6.79,,,
data/split/train/FAMILY-30/FATHER/FM030_F4.png,data/train_distorted/distorted/FAMILY-30/FATHER/FM030_F4_bending.png,FAMILY-30,FATHER,bending,4202782,4.81,8.46,,,
data/split/train/FAMILY-30/FATHER/FM030_F5.png,data/train_distorted/distorted/FAMILY-30/FATHER/FM030_F5_elastic.png,FAMILY-30,FATHER,elastic,4202790,9.15,22.19,15.338,5.438,32
data/split/train/FAMILY-30/FATHER/FM030_F5.png,data/train_distorted/distorted/FAMILY-30/FATHER/FM030_F5_local.png,FAMILY-30,FATHER,local,4202791,3.44,9.03,,,
data/split/train/FAMILY-30/FATHER/FM030_F5.png,data/train_distorted/distorted/FAMILY-30/FATHER/FM030_F5_bending.png,FAMILY-30,FATHER,bending,4202792,5.83,10.04,,,
data/split/train/FAMILY-30/MOTHER/FM030_M1.png,data/train_distorted/distorted/FAMILY-30/MOTHER/FM030_M1_elastic.png,FAMILY-30,MOTHER,elastic,4202800,6.83,16.49,13.254,7.509,32
data/split/train/FAMILY-30/MOTHER/FM030_M1.png,data/train_distorted/distorted/FAMILY-30/MOTHER/FM030_M1_local.png,FAMILY-30,MOTHER,local,4202801,3.49,7.23,,,
data/split/train/FAMILY-30/MOTHER/FM030_M1.png,data/train_distorted/distorted/FAMILY-30/MOTHER/FM030_M1_bending.png,FAMILY-30,MOTHER,bending,4202802,5.28,9.04,,,
data/split/train/FAMILY-30/MOTHER/FM030_M2.png,data/train_distorted/distorted/FAMILY-30/MOTHER/FM030_M2_elastic.png,FAMILY-30,MOTHER,elastic,4202810,4.63,10.68,8.208,5.958,32
data/split/train/FAMILY-30/MOTHER/FM030_M2.png,data/train_distorted/distorted/FAMILY-30/MOTHER/FM030_M2_local.png,FAMILY-30,MOTHER,local,4202811,4.73,12.59,,,
data/split/train/FAMILY-30/MOTHER/FM030_M2.png,data/train_distorted/distorted/FAMILY-30/MOTHER/FM030_M2_bending.png,FAMILY-30,MOTHER,bending,4202812,4.98,8.77,,,
data/split/train/FAMILY-30/MOTHER/FM030_M3.png,data/train_distorted/distorted/FAMILY-30/MOTHER/FM030_M3_elastic.png,FAMILY-30,MOTHER,elastic,4202820,5.11,12.97,8.292,6.344,32
data/split/train/FAMILY-30/MOTHER/FM030_M3.png,data/train_distorted/distorted/FAMILY-30/MOTHER/FM030_M3_local.png,FAMILY-30,MOTHER,local,4202821,5.03,9.91,,,
data/split/train/FAMILY-30/MOTHER/FM030_M3.png,data/train_distorted/distorted/FAMILY-30/MOTHER/FM030_M3_bending.png,FAMILY-30,MOTHER,bending,4202822,6.65,11.43,,,
data/split/train/FAMILY-30/MOTHER/FM030_M4.png,data/train_distorted/distorted/FAMILY-30/MOTHER/FM030_M4_elastic.png,FAMILY-30,MOTHER,elastic,4202830,5.14,10.89,8.341,6.297,32
data/split/train/FAMILY-30/MOTHER/FM030_M4.png,data/train_distorted/distorted/FAMILY-30/MOTHER/FM030_M4_local.png,FAMILY-30,MOTHER,local,4202831,4.24,9.11,,,
data/split/train/FAMILY-30/MOTHER/FM030_M4.png,data/train_distorted/distorted/FAMILY-30/MOTHER/FM030_M4_bending.png,FAMILY-30,MOTHER,bending,4202832,3.68,6.59,,,
data/split/train/FAMILY-30/MOTHER/FM030_M5.png,data/train_distorted/distorted/FAMILY-30/MOTHER/FM030_M5_elastic.png,FAMILY-30,MOTHER,elastic,4202840,6.7,14.69,11.359,5.318,32
data/split/train/FAMILY-30/MOTHER/FM030_M5.png,data/train_distorted/distorted/FAMILY-30/MOTHER/FM030_M5_local.png,FAMILY-30,MOTHER,local,4202841,2.69,5.88,,,
data/split/train/FAMILY-30/MOTHER/FM030_M5.png,data/train_distorted/distorted/FAMILY-30/MOTHER/FM030_M5_bending.png,FAMILY-30,MOTHER,bending,4202842,5.53,9.27,,,
data/split/train/FAMILY-32/CHILD/FM032_C1.png,data/train_distorted/distorted/FAMILY-32/CHILD/FM032_C1_elastic.png,FAMILY-32,CHILD,elastic,4202850,4.96,12.95,8.78,5.384,32
data/split/train/FAMILY-32/CHILD/FM032_C1.png,data/train_distorted/distorted/FAMILY-32/CHILD/FM032_C1_local.png,FAMILY-32,CHILD,local,4202851,4.43,9.92,,,
data/split/train/FAMILY-32/CHILD/FM032_C1.png,data/train_distorted/distorted/FAMILY-32/CHILD/FM032_C1_bending.png,FAMILY-32,CHILD,bending,4202852,5.2,8.73,,,
data/split/train/FAMILY-32/CHILD/FM032_C2.png,data/train_distorted/distorted/FAMILY-32/CHILD/FM032_C2_elastic.png,FAMILY-32,CHILD,elastic,4202860,4.24,10.33,8.107,6.382,32
data/split/train/FAMILY-32/CHILD/FM032_C2.png,data/train_distorted/distorted/FAMILY-32/CHILD/FM032_C2_local.png,FAMILY-32,CHILD,local,4202861,3.07,8.04,,,
data/split/train/FAMILY-32/CHILD/FM032_C2.png,data/train_distorted/distorted/FAMILY-32/CHILD/FM032_C2_bending.png,FAMILY-32,CHILD,bending,4202862,6.72,11.41,,,
data/split/train/FAMILY-32/CHILD/FM032_C3.png,data/train_distorted/distorted/FAMILY-32/CHILD/FM032_C3_elastic.png,FAMILY-32,CHILD,elastic,4202870,6.96,17.36,12.475,7.155,32
data/split/train/FAMILY-32/CHILD/FM032_C3.png,data/train_distorted/distorted/FAMILY-32/CHILD/FM032_C3_local.png,FAMILY-32,CHILD,local,4202871,4.14,9.28,,,
data/split/train/FAMILY-32/CHILD/FM032_C3.png,data/train_distorted/distorted/FAMILY-32/CHILD/FM032_C3_bending.png,FAMILY-32,CHILD,bending,4202872,5.87,10.48,,,
data/split/train/FAMILY-32/CHILD/FM032_C4.png,data/train_distorted/distorted/FAMILY-32/CHILD/FM032_C4_elastic.png,FAMILY-32,CHILD,elastic,4202880,8.52,19.25,15.093,5.986,32
data/split/train/FAMILY-32/CHILD/FM032_C4.png,data/train_distorted/distorted/FAMILY-32/CHILD/FM032_C4_local.png,FAMILY-32,CHILD,local,4202881,2.4,5.72,,,
data/split/train/FAMILY-32/CHILD/FM032_C4.png,data/train_distorted/distorted/FAMILY-32/CHILD/FM032_C4_bending.png,FAMILY-32,CHILD,bending,4202882,4.98,8.97,,,
data/split/train/FAMILY-32/CHILD/FM032_C5.png,data/train_distorted/distorted/FAMILY-32/CHILD/FM032_C5_elastic.png,FAMILY-32,CHILD,elastic,4202890,9.29,25.11,15.578,5.794,32
data/split/train/FAMILY-32/CHILD/FM032_C5.png,data/train_distorted/distorted/FAMILY-32/CHILD/FM032_C5_local.png,FAMILY-32,CHILD,local,4202891,2.98,7.87,,,
data/split/train/FAMILY-32/CHILD/FM032_C5.png,data/train_distorted/distorted/FAMILY-32/CHILD/FM032_C5_bending.png,FAMILY-32,CHILD,bending,4202892,5.04,8.73,,,
data/split/train/FAMILY-32/FATHER/FM032_F1.png,data/train_distorted/distorted/FAMILY-32/FATHER/FM032_F1_elastic.png,FAMILY-32,FATHER,elastic,4202900,5.05,10.73,9.774,7.654,32
data/split/train/FAMILY-32/FATHER/FM032_F1.png,data/train_distorted/distorted/FAMILY-32/FATHER/FM032_F1_local.png,FAMILY-32,FATHER,local,4202901,3.29,7.93,,,
data/split/train/FAMILY-32/FATHER/FM032_F1.png,data/train_distorted/distorted/FAMILY-32/FATHER/FM032_F1_bending.png,FAMILY-32,FATHER,bending,4202902,3.37,5.93,,,
data/split/train/FAMILY-32/FATHER/FM032_F2.png,data/train_distorted/distorted/FAMILY-32/FATHER/FM032_F2_elastic.png,FAMILY-32,FATHER,elastic,4202910,6.02,15.51,12.083,7.793,32
data/split/train/FAMILY-32/FATHER/FM032_F2.png,data/train_distorted/distorted/FAMILY-32/FATHER/FM032_F2_local.png,FAMILY-32,FATHER,local,4202911,4.55,9.39,,,
data/split/train/FAMILY-32/FATHER/FM032_F2.png,data/train_distorted/distorted/FAMILY-32/FATHER/FM032_F2_bending.png,FAMILY-32,FATHER,bending,4202912,5.86,9.77,,,
data/split/train/FAMILY-32/FATHER/FM032_F3.png,data/train_distorted/distorted/FAMILY-32/FATHER/FM032_F3_elastic.png,FAMILY-32,FATHER,elastic,4202920,7.65,21.96,13.91,7.135,32
data/split/train/FAMILY-32/FATHER/FM032_F3.png,data/train_distorted/distorted/FAMILY-32/FATHER/FM032_F3_local.png,FAMILY-32,FATHER,local,4202921,3.83,8.38,,,
data/split/train/FAMILY-32/FATHER/FM032_F3.png,data/train_distorted/distorted/FAMILY-32/FATHER/FM032_F3_bending.png,FAMILY-32,FATHER,bending,4202922,5.28,9.67,,,
data/split/train/FAMILY-32/FATHER/FM032_F4.png,data/train_distorted/distorted/FAMILY-32/FATHER/FM032_F4_elastic.png,FAMILY-32,FATHER,elastic,4202930,5.22,11.18,8.964,7.905,32
data/split/train/FAMILY-32/FATHER/FM032_F4.png,data/train_distorted/distorted/FAMILY-32/FATHER/FM032_F4_local.png,FAMILY-32,FATHER,local,4202931,4.28,9.37,,,
data/split/train/FAMILY-32/FATHER/FM032_F4.png,data/train_distorted/distorted/FAMILY-32/FATHER/FM032_F4_bending.png,FAMILY-32,FATHER,bending,4202932,5.72,9.98,,,
data/split/train/FAMILY-32/FATHER/FM032_F5.png,data/train_distorted/distorted/FAMILY-32/FATHER/FM032_F5_elastic.png,FAMILY-32,FATHER,elastic,4202940,9.21,20.81,15.299,6.458,32
data/split/train/FAMILY-32/FATHER/FM032_F5.png,data/train_distorted/distorted/FAMILY-32/FATHER/FM032_F5_local.png,FAMILY-32,FATHER,local,4202941,2.41,7.54,,,
data/split/train/FAMILY-32/FATHER/FM032_F5.png,data/train_distorted/distorted/FAMILY-32/FATHER/FM032_F5_bending.png,FAMILY-32,FATHER,bending,4202942,3.77,6.28,,,
data/split/train/FAMILY-32/MOTHER/FM032_M1.png,data/train_distorted/distorted/FAMILY-32/MOTHER/FM032_M1_elastic.png,FAMILY-32,MOTHER,elastic,4202950,7.01,16.26,11.808,5.981,32
data/split/train/FAMILY-32/MOTHER/FM032_M1.png,data/train_distorted/distorted/FAMILY-32/MOTHER/FM032_M1_local.png,FAMILY-32,MOTHER,local,4202951,2.57,5.5,,,
data/split/train/FAMILY-32/MOTHER/FM032_M1.png,data/train_distorted/distorted/FAMILY-32/MOTHER/FM032_M1_bending.png,FAMILY-32,MOTHER,bending,4202952,5.69,9.8,,,
data/split/train/FAMILY-32/MOTHER/FM032_M2.png,data/train_distorted/distorted/FAMILY-32/MOTHER/FM032_M2_elastic.png,FAMILY-32,MOTHER,elastic,4202960,5.04,11.46,8.884,6.875,32
data/split/train/FAMILY-32/MOTHER/FM032_M2.png,data/train_distorted/distorted/FAMILY-32/MOTHER/FM032_M2_local.png,FAMILY-32,MOTHER,local,4202961,4.86,10.11,,,
data/split/train/FAMILY-32/MOTHER/FM032_M2.png,data/train_distorted/distorted/FAMILY-32/MOTHER/FM032_M2_bending.png,FAMILY-32,MOTHER,bending,4202962,3.99,6.93,,,
data/split/train/FAMILY-32/MOTHER/FM032_M3.png,data/train_distorted/distorted/FAMILY-32/MOTHER/FM032_M3_elastic.png,FAMILY-32,MOTHER,elastic,4202970,4.83,13.35,9.4,7.3,32
data/split/train/FAMILY-32/MOTHER/FM032_M3.png,data/train_distorted/distorted/FAMILY-32/MOTHER/FM032_M3_local.png,FAMILY-32,MOTHER,local,4202971,2.74,5.53,,,
data/split/train/FAMILY-32/MOTHER/FM032_M3.png,data/train_distorted/distorted/FAMILY-32/MOTHER/FM032_M3_bending.png,FAMILY-32,MOTHER,bending,4202972,4.56,8.31,,,
data/split/train/FAMILY-32/MOTHER/FM032_M4.png,data/train_distorted/distorted/FAMILY-32/MOTHER/FM032_M4_elastic.png,FAMILY-32,MOTHER,elastic,4202980,5.37,14.5,10.521,7.333,32
data/split/train/FAMILY-32/MOTHER/FM032_M4.png,data/train_distorted/distorted/FAMILY-32/MOTHER/FM032_M4_local.png,FAMILY-32,MOTHER,local,4202981,3.98,9.09,,,
data/split/train/FAMILY-32/MOTHER/FM032_M4.png,data/train_distorted/distorted/FAMILY-32/MOTHER/FM032_M4_bending.png,FAMILY-32,MOTHER,bending,4202982,3.76,6.57,,,
data/split/train/FAMILY-32/MOTHER/FM032_M5.png,data/train_distorted/distorted/FAMILY-32/MOTHER/FM032_M5_elastic.png,FAMILY-32,MOTHER,elastic,4202990,5.96,13.87,10.342,5.299,32
data/split/train/FAMILY-32/MOTHER/FM032_M5.png,data/train_distorted/distorted/FAMILY-32/MOTHER/FM032_M5_local.png,FAMILY-32,MOTHER,local,4202991,5.38,11.12,,,
data/split/train/FAMILY-32/MOTHER/FM032_M5.png,data/train_distorted/distorted/FAMILY-32/MOTHER/FM032_M5_bending.png,FAMILY-32,MOTHER,bending,4202992,7.27,13.32,,,
data/split/train/FAMILY-33/CHILD/FM033_C1.png,data/train_distorted/distorted/FAMILY-33/CHILD/FM033_C1_elastic.png,FAMILY-33,CHILD,elastic,4203000,7.96,17.0,12.892,5.635,32
data/split/train/FAMILY-33/CHILD/FM033_C1.png,data/train_distorted/distorted/FAMILY-33/CHILD/FM033_C1_local.png,FAMILY-33,CHILD,local,4203001,4.71,10.51,,,
data/split/train/FAMILY-33/CHILD/FM033_C1.png,data/train_distorted/distorted/FAMILY-33/CHILD/FM033_C1_bending.png,FAMILY-33,CHILD,bending,4203002,5.11,8.82,,,
data/split/train/FAMILY-33/CHILD/FM033_C2.png,data/train_distorted/distorted/FAMILY-33/CHILD/FM033_C2_elastic.png,FAMILY-33,CHILD,elastic,4203010,4.97,11.69,9.32,7.542,32
data/split/train/FAMILY-33/CHILD/FM033_C2.png,data/train_distorted/distorted/FAMILY-33/CHILD/FM033_C2_local.png,FAMILY-33,CHILD,local,4203011,3.7,6.35,,,
data/split/train/FAMILY-33/CHILD/FM033_C2.png,data/train_distorted/distorted/FAMILY-33/CHILD/FM033_C2_bending.png,FAMILY-33,CHILD,bending,4203012,5.17,9.53,,,
data/split/train/FAMILY-33/CHILD/FM033_C3.png,data/train_distorted/distorted/FAMILY-33/CHILD/FM033_C3_elastic.png,FAMILY-33,CHILD,elastic,4203020,7.18,20.41,13.932,5.673,32
data/split/train/FAMILY-33/CHILD/FM033_C3.png,data/train_distorted/distorted/FAMILY-33/CHILD/FM033_C3_local.png,FAMILY-33,CHILD,local,4203021,3.07,6.48,,,
data/split/train/FAMILY-33/CHILD/FM033_C3.png,data/train_distorted/distorted/FAMILY-33/CHILD/FM033_C3_bending.png,FAMILY-33,CHILD,bending,4203022,6.44,10.72,,,
data/split/train/FAMILY-33/CHILD/FM033_C4.png,data/train_distorted/distorted/FAMILY-33/CHILD/FM033_C4_elastic.png,FAMILY-33,CHILD,elastic,4203030,8.72,20.99,14.881,5.69,32
data/split/train/FAMILY-33/CHILD/FM033_C4.png,data/train_distorted/distorted/FAMILY-33/CHILD/FM033_C4_local.png,FAMILY-33,CHILD,local,4203031,3.33,7.72,,,
data/split/train/FAMILY-33/CHILD/FM033_C4.png,data/train_distorted/distorted/FAMILY-33/CHILD/FM033_C4_bending.png,FAMILY-33,CHILD,bending,4203032,4.65,8.25,,,
data/split/train/FAMILY-33/CHILD/FM033_C5.png,data/train_distorted/distorted/FAMILY-33/CHILD/FM033_C5_elastic.png,FAMILY-33,CHILD,elastic,4203040,7.15,15.88,11.549,5.338,32
data/split/train/FAMILY-33/CHILD/FM033_C5.png,data/train_distorted/distorted/FAMILY-33/CHILD/FM033_C5_local.png,FAMILY-33,CHILD,local,4203041,2.78,6.98,,,
data/split/train/FAMILY-33/CHILD/FM033_C5.png,data/train_distorted/distorted/FAMILY-33/CHILD/FM033_C5_bending.png,FAMILY-33,CHILD,bending,4203042,6.4,10.81,,,
data/split/train/FAMILY-33/FATHER/FM033_F1.png,data/train_distorted/distorted/FAMILY-33/FATHER/FM033_F1_elastic.png,FAMILY-33,FATHER,elastic,4203050,7.11,17.86,12.89,6.395,32
data/split/train/FAMILY-33/FATHER/FM033_F1.png,data/train_distorted/distorted/FAMILY-33/FATHER/FM033_F1_local.png,FAMILY-33,FATHER,local,4203051,2.85,8.16,,,
data/split/train/FAMILY-33/FATHER/FM033_F1.png,data/train_distorted/distorted/FAMILY-33/FATHER/FM033_F1_bending.png,FAMILY-33,FATHER,bending,4203052,3.98,6.62,,,
data/split/train/FAMILY-33/FATHER/FM033_F2.png,data/train_distorted/distorted/FAMILY-33/FATHER/FM033_F2_elastic.png,FAMILY-33,FATHER,elastic,4203060,8.92,24.08,15.561,5.588,32
data/split/train/FAMILY-33/FATHER/FM033_F2.png,data/train_distorted/distorted/FAMILY-33/FATHER/FM033_F2_local.png,FAMILY-33,FATHER,local,4203061,2.92,6.58,,,
data/split/train/FAMILY-33/FATHER/FM033_F2.png,data/train_distorted/distorted/FAMILY-33/FATHER/FM033_F2_bending.png,FAMILY-33,FATHER,bending,4203062,4.07,6.87,,,
data/split/train/FAMILY-33/FATHER/FM033_F3.png,data/train_distorted/distorted/FAMILY-33/FATHER/FM033_F3_elastic.png,FAMILY-33,FATHER,elastic,4203070,8.04,17.9,14.114,6.862,32
data/split/train/FAMILY-33/FATHER/FM033_F3.png,data/train_distorted/distorted/FAMILY-33/FATHER/FM033_F3_local.png,FAMILY-33,FATHER,local,4203071,2.65,5.02,,,
data/split/train/FAMILY-33/FATHER/FM033_F3.png,data/train_distorted/distorted/FAMILY-33/FATHER/FM033_F3_bending.png,FAMILY-33,FATHER,bending,4203072,3.92,7.07,,,
data/split/train/FAMILY-33/FATHER/FM033_F4.png,data/train_distorted/distorted/FAMILY-33/FATHER/FM033_F4_elastic.png,FAMILY-33,FATHER,elastic,4203080,7.52,19.3,14.672,7.603,32
data/split/train/FAMILY-33/FATHER/FM033_F4.png,data/train_distorted/distorted/FAMILY-33/FATHER/FM033_F4_local.png,FAMILY-33,FATHER,local,4203081,2.93,6.7,,,
data/split/train/FAMILY-33/FATHER/FM033_F4.png,data/train_distorted/distorted/FAMILY-33/FATHER/FM033_F4_bending.png,FAMILY-33,FATHER,bending,4203082,6.73,11.66,,,
data/split/train/FAMILY-33/FATHER/FM033_F5.png,data/train_distorted/distorted/FAMILY-33/FATHER/FM033_F5_elastic.png,FAMILY-33,FATHER,elastic,4203090,6.71,14.76,12.338,6.908,32
data/split/train/FAMILY-33/FATHER/FM033_F5.png,data/train_distorted/distorted/FAMILY-33/FATHER/FM033_F5_local.png,FAMILY-33,FATHER,local,4203091,2.47,5.19,,,
data/split/train/FAMILY-33/FATHER/FM033_F5.png,data/train_distorted/distorted/FAMILY-33/FATHER/FM033_F5_bending.png,FAMILY-33,FATHER,bending,4203092,3.73,6.45,,,
data/split/train/FAMILY-33/MOTHER/FM033_M1.png,data/train_distorted/distorted/FAMILY-33/MOTHER/FM033_M1_elastic.png,FAMILY-33,MOTHER,elastic,4203100,7.9,19.95,13.237,5.843,32
data/split/train/FAMILY-33/MOTHER/FM033_M1.png,data/train_distorted/distorted/FAMILY-33/MOTHER/FM033_M1_local.png,FAMILY-33,MOTHER,local,4203101,3.17,6.57,,,
data/split/train/FAMILY-33/MOTHER/FM033_M1.png,data/train_distorted/distorted/FAMILY-33/MOTHER/FM033_M1_bending.png,FAMILY-33,MOTHER,bending,4203102,7.07,11.99,,,
data/split/train/FAMILY-33/MOTHER/FM033_M2.png,data/train_distorted/distorted/FAMILY-33/MOTHER/FM033_M2_elastic.png,FAMILY-33,MOTHER,elastic,4203110,7.42,15.73,12.947,7.854,32
data/split/train/FAMILY-33/MOTHER/FM033_M2.png,data/train_distorted/distorted/FAMILY-33/MOTHER/FM033_M2_local.png,FAMILY-33,MOTHER,local,4203111,3.01,5.88,,,
data/split/train/FAMILY-33/MOTHER/FM033_M2.png,data/train_distorted/distorted/FAMILY-33/MOTHER/FM033_M2_bending.png,FAMILY-33,MOTHER,bending,4203112,6.95,12.84,,,
data/split/train/FAMILY-33/MOTHER/FM033_M3.png,data/train_distorted/distorted/FAMILY-33/MOTHER/FM033_M3_elastic.png,FAMILY-33,MOTHER,elastic,4203120,5.05,12.0,8.869,6.881,32
data/split/train/FAMILY-33/MOTHER/FM033_M3.png,data/train_distorted/distorted/FAMILY-33/MOTHER/FM033_M3_local.png,FAMILY-33,MOTHER,local,4203121,3.36,7.23,,,
data/split/train/FAMILY-33/MOTHER/FM033_M3.png,data/train_distorted/distorted/FAMILY-33/MOTHER/FM033_M3_bending.png,FAMILY-33,MOTHER,bending,4203122,5.93,10.56,,,
data/split/train/FAMILY-33/MOTHER/FM033_M4.png,data/train_distorted/distorted/FAMILY-33/MOTHER/FM033_M4_elastic.png,FAMILY-33,MOTHER,elastic,4203130,5.06,11.2,8.674,6.253,32
data/split/train/FAMILY-33/MOTHER/FM033_M4.png,data/train_distorted/distorted/FAMILY-33/MOTHER/FM033_M4_local.png,FAMILY-33,MOTHER,local,4203131,3.49,7.14,,,
data/split/train/FAMILY-33/MOTHER/FM033_M4.png,data/train_distorted/distorted/FAMILY-33/MOTHER/FM033_M4_bending.png,FAMILY-33,MOTHER,bending,4203132,5.66,10.4,,,
data/split/train/FAMILY-33/MOTHER/FM033_M5.png,data/train_distorted/distorted/FAMILY-33/MOTHER/FM033_M5_elastic.png,FAMILY-33,MOTHER,elastic,4203140,5.76,12.86,10.631,5.779,32
data/split/train/FAMILY-33/MOTHER/FM033_M5.png,data/train_distorted/distorted/FAMILY-33/MOTHER/FM033_M5_local.png,FAMILY-33,MOTHER,local,4203141,4.31,9.69,,,
data/split/train/FAMILY-33/MOTHER/FM033_M5.png,data/train_distorted/distorted/FAMILY-33/MOTHER/FM033_M5_bending.png,FAMILY-33,MOTHER,bending,4203142,4.89,9.01,,,
data/split/train/FAMILY-34/CHILD/FM034_C1.png,data/train_distorted/distorted/FAMILY-34/CHILD/FM034_C1_elastic.png,FAMILY-34,CHILD,elastic,4203150,6.99,15.8,11.647,5.251,32
data/split/train/FAMILY-34/CHILD/FM034_C1.png,data/train_distorted/distorted/FAMILY-34/CHILD/FM034_C1_local.png,FAMILY-34,CHILD,local,4203151,2.75,5.32,,,
data/split/train/FAMILY-34/CHILD/FM034_C1.png,data/train_distorted/distorted/FAMILY-34/CHILD/FM034_C1_bending.png,FAMILY-34,CHILD,bending,4203152,6.13,11.16,,,
data/split/train/FAMILY-34/CHILD/FM034_C2.png,data/train_distorted/distorted/FAMILY-34/CHILD/FM034_C2_elastic.png,FAMILY-34,CHILD,elastic,4203160,5.76,13.22,10.24,5.156,32
data/split/train/FAMILY-34/CHILD/FM034_C2.png,data/train_distorted/distorted/FAMILY-34/CHILD/FM034_C2_local.png,FAMILY-34,CHILD,local,4203161,3.28,5.48,,,
data/split/train/FAMILY-34/CHILD/FM034_C2.png,data/train_distorted/distorted/FAMILY-34/CHILD/FM034_C2_bending.png,FAMILY-34,CHILD,bending,4203162,5.35,9.79,,,
data/split/train/FAMILY-34/CHILD/FM034_C3.png,data/train_distorted/distorted/FAMILY-34/CHILD/FM034_C3_elastic.png,FAMILY-34,CHILD,elastic,4203170,5.03,14.88,9.63,7.849,32
data/split/train/FAMILY-34/CHILD/FM034_C3.png,data/train_distorted/distorted/FAMILY-34/CHILD/FM034_C3_local.png,FAMILY-34,CHILD,local,4203171,3.47,6.35,,,
data/split/train/FAMILY-34/CHILD/FM034_C3.png,data/train_distorted/distorted/FAMILY-34/CHILD/FM034_C3_bending.png,FAMILY-34,CHILD,bending,4203172,4.24,7.68,,,
data/split/train/FAMILY-34/CHILD/FM034_C4.png,data/train_distorted/distorted/FAMILY-34/CHILD/FM034_C4_elastic.png,FAMILY-34,CHILD,elastic,4203180,6.9,13.88,11.699,5.962,32
data/split/train/FAMILY-34/CHILD/FM034_C4.png,data/train_distorted/distorted/FAMILY-34/CHILD/FM034_C4_local.png,FAMILY-34,CHILD,local,4203181,4.33,12.49,,,
data/split/train/FAMILY-34/CHILD/FM034_C4.png,data/train_distorted/distorted/FAMILY-34/CHILD/FM034_C4_bending.png,FAMILY-34,CHILD,bending,4203182,5.31,8.85,,,
data/split/train/FAMILY-34/CHILD/FM034_C5.png,data/train_distorted/distorted/FAMILY-34/CHILD/FM034_C5_elastic.png,FAMILY-34,CHILD,elastic,4203190,7.63,17.48,13.781,5.07,32
data/split/train/FAMILY-34/CHILD/FM034_C5.png,data/train_distorted/distorted/FAMILY-34/CHILD/FM034_C5_local.png,FAMILY-34,CHILD,local,4203191,2.94,7.03,,,
data/split/train/FAMILY-34/CHILD/FM034_C5.png,data/train_distorted/distorted/FAMILY-34/CHILD/FM034_C5_bending.png,FAMILY-34,CHILD,bending,4203192,4.01,7.19,,,
data/split/train/FAMILY-34/FATHER/FM034_F1.png,data/train_distorted/distorted/FAMILY-34/FATHER/FM034_F1_elastic.png,FAMILY-34,FATHER,elastic,4203200,7.97,17.17,11.696,5.007,32
data/split/train/FAMILY-34/FATHER/FM034_F1.png,data/train_distorted/distorted/FAMILY-34/FATHER/FM034_F1_local.png,FAMILY-34,FATHER,local,4203201,2.65,8.82,,,
data/split/train/FAMILY-34/FATHER/FM034_F1.png,data/train_distorted/distorted/FAMILY-34/FATHER/FM034_F1_bending.png,FAMILY-34,FATHER,bending,4203202,5.94,10.38,,,
data/split/train/FAMILY-34/FATHER/FM034_F2.png,data/train_distorted/distorted/FAMILY-34/FATHER/FM034_F2_elastic.png,FAMILY-34,FATHER,elastic,4203210,8.32,19.82,13.155,5.224,32
data/split/train/FAMILY-34/FATHER/FM034_F2.png,data/train_distorted/distorted/FAMILY-34/FATHER/FM034_F2_local.png,FAMILY-34,FATHER,local,4203211,4.07,7.68,,,
data/split/train/FAMILY-34/FATHER/FM034_F2.png,data/train_distorted/distorted/FAMILY-34/FATHER/FM034_F2_bending.png,FAMILY-34,FATHER,bending,4203212,3.97,7.29,,,
data/split/train/FAMILY-34/FATHER/FM034_F3.png,data/train_distorted/distorted/FAMILY-34/FATHER/FM034_F3_elastic.png,FAMILY-34,FATHER,elastic,4203220,5.32,12.08,8.541,6.292,32
data/split/train/FAMILY-34/FATHER/FM034_F3.png,data/train_distorted/distorted/FAMILY-34/FATHER/FM034_F3_local.png,FAMILY-34,FATHER,local,4203221,4.1,8.73,,,
data/split/train/FAMILY-34/FATHER/FM034_F3.png,data/train_distorted/distorted/FAMILY-34/FATHER/FM034_F3_bending.png,FAMILY-34,FATHER,bending,4203222,6.27,10.44,,,
data/split/train/FAMILY-34/FATHER/FM034_F4.png,data/train_distorted/distorted/FAMILY-34/FATHER/FM034_F4_elastic.png,FAMILY-34,FATHER,elastic,4203230,4.83,12.23,8.343,7.103,32
data/split/train/FAMILY-34/FATHER/FM034_F4.png,data/train_distorted/distorted/FAMILY-34/FATHER/FM034_F4_local.png,FAMILY-34,FATHER,local,4203231,2.94,6.64,,,
data/split/train/FAMILY-34/FATHER/FM034_F4.png,data/train_distorted/distorted/FAMILY-34/FATHER/FM034_F4_bending.png,FAMILY-34,FATHER,bending,4203232,6.24,11.51,,,
data/split/train/FAMILY-34/FATHER/FM034_F5.png,data/train_distorted/distorted/FAMILY-34/FATHER/FM034_F5_elastic.png,FAMILY-34,FATHER,elastic,4203240,7.96,20.75,14.971,6.255,32
data/split/train/FAMILY-34/FATHER/FM034_F5.png,data/train_distorted/distorted/FAMILY-34/FATHER/FM034_F5_local.png,FAMILY-34,FATHER,local,4203241,2.95,6.59,,,
data/split/train/FAMILY-34/FATHER/FM034_F5.png,data/train_distorted/distorted/FAMILY-34/FATHER/FM034_F5_bending.png,FAMILY-34,FATHER,bending,4203242,3.33,5.8,,,
data/split/train/FAMILY-34/MOTHER/FM034_M1.png,data/train_distorted/distorted/FAMILY-34/MOTHER/FM034_M1_elastic.png,FAMILY-34,MOTHER,elastic,4203250,6.16,16.3,11.113,6.923,32
data/split/train/FAMILY-34/MOTHER/FM034_M1.png,data/train_distorted/distorted/FAMILY-34/MOTHER/FM034_M1_local.png,FAMILY-34,MOTHER,local,4203251,3.75,7.3,,,
data/split/train/FAMILY-34/MOTHER/FM034_M1.png,data/train_distorted/distorted/FAMILY-34/MOTHER/FM034_M1_bending.png,FAMILY-34,MOTHER,bending,4203252,6.03,10.79,,,
data/split/train/FAMILY-34/MOTHER/FM034_M2.png,data/train_distorted/distorted/FAMILY-34/MOTHER/FM034_M2_elastic.png,FAMILY-34,MOTHER,elastic,4203260,7.55,17.83,14.923,7.895,32
data/split/train/FAMILY-34/MOTHER/FM034_M2.png,data/train_distorted/distorted/FAMILY-34/MOTHER/FM034_M2_local.png,FAMILY-34,MOTHER,local,4203261,3.58,10.0,,,
data/split/train/FAMILY-34/MOTHER/FM034_M2.png,data/train_distorted/distorted/FAMILY-34/MOTHER/FM034_M2_bending.png,FAMILY-34,MOTHER,bending,4203262,6.82,11.9,,,
data/split/train/FAMILY-34/MOTHER/FM034_M3.png,data/train_distorted/distorted/FAMILY-34/MOTHER/FM034_M3_elastic.png,FAMILY-34,MOTHER,elastic,4203270,8.82,22.43,15.358,7.194,32
data/split/train/FAMILY-34/MOTHER/FM034_M3.png,data/train_distorted/distorted/FAMILY-34/MOTHER/FM034_M3_local.png,FAMILY-34,MOTHER,local,4203271,4.9,9.75,,,
data/split/train/FAMILY-34/MOTHER/FM034_M3.png,data/train_distorted/distorted/FAMILY-34/MOTHER/FM034_M3_bending.png,FAMILY-34,MOTHER,bending,4203272,5.75,9.93,,,
data/split/train/FAMILY-34/MOTHER/FM034_M4.png,data/train_distorted/distorted/FAMILY-34/MOTHER/FM034_M4_elastic.png,FAMILY-34,MOTHER,elastic,4203280,5.61,12.54,9.845,7.159,32
data/split/train/FAMILY-34/MOTHER/FM034_M4.png,data/train_distorted/distorted/FAMILY-34/MOTHER/FM034_M4_local.png,FAMILY-34,MOTHER,local,4203281,3.34,8.28,,,
data/split/train/FAMILY-34/MOTHER/FM034_M4.png,data/train_distorted/distorted/FAMILY-34/MOTHER/FM034_M4_bending.png,FAMILY-34,MOTHER,bending,4203282,5.37,9.38,,,
data/split/train/FAMILY-34/MOTHER/FM034_M5.png,data/train_distorted/distorted/FAMILY-34/MOTHER/FM034_M5_elastic.png,FAMILY-34,MOTHER,elastic,4203290,8.07,20.39,14.907,7.394,32
data/split/train/FAMILY-34/MOTHER/FM034_M5.png,data/train_distorted/distorted/FAMILY-34/MOTHER/FM034_M5_local.png,FAMILY-34,MOTHER,local,4203291,5.45,12.98,,,
data/split/train/FAMILY-34/MOTHER/FM034_M5.png,data/train_distorted/distorted/FAMILY-34/MOTHER/FM034_M5_bending.png,FAMILY-34,MOTHER,bending,4203292,4.57,8.03,,,
data/split/train/FAMILY-38/CHILD/FM038_C1.png,data/train_distorted/distorted/FAMILY-38/CHILD/FM038_C1_elastic.png,FAMILY-38,CHILD,elastic,4203300,6.34,16.4,12.103,5.846,32
data/split/train/FAMILY-38/CHILD/FM038_C1.png,data/train_distorted/distorted/FAMILY-38/CHILD/FM038_C1_local.png,FAMILY-38,CHILD,local,4203301,4.79,11.85,,,
data/split/train/FAMILY-38/CHILD/FM038_C1.png,data/train_distorted/distorted/FAMILY-38/CHILD/FM038_C1_bending.png,FAMILY-38,CHILD,bending,4203302,4.55,8.09,,,
data/split/train/FAMILY-38/CHILD/FM038_C2.png,data/train_distorted/distorted/FAMILY-38/CHILD/FM038_C2_elastic.png,FAMILY-38,CHILD,elastic,4203310,8.5,20.32,13.542,5.918,32
data/split/train/FAMILY-38/CHILD/FM038_C2.png,data/train_distorted/distorted/FAMILY-38/CHILD/FM038_C2_local.png,FAMILY-38,CHILD,local,4203311,2.79,6.69,,,
data/split/train/FAMILY-38/CHILD/FM038_C2.png,data/train_distorted/distorted/FAMILY-38/CHILD/FM038_C2_bending.png,FAMILY-38,CHILD,bending,4203312,7.09,12.04,,,
data/split/train/FAMILY-38/CHILD/FM038_C3.png,data/train_distorted/distorted/FAMILY-38/CHILD/FM038_C3_elastic.png,FAMILY-38,CHILD,elastic,4203320,6.03,15.28,10.503,7.399,32
data/split/train/FAMILY-38/CHILD/FM038_C3.png,data/train_distorted/distorted/FAMILY-38/CHILD/FM038_C3_local.png,FAMILY-38,CHILD,local,4203321,2.68,6.04,,,
data/split/train/FAMILY-38/CHILD/FM038_C3.png,data/train_distorted/distorted/FAMILY-38/CHILD/FM038_C3_bending.png,FAMILY-38,CHILD,bending,4203322,5.04,9.01,,,
data/split/train/FAMILY-38/CHILD/FM038_C4.png,data/train_distorted/distorted/FAMILY-38/CHILD/FM038_C4_elastic.png,FAMILY-38,CHILD,elastic,4203330,5.9,15.65,11.247,6.509,32
data/split/train/FAMILY-38/CHILD/FM038_C4.png,data/train_distorted/distorted/FAMILY-38/CHILD/FM038_C4_local.png,FAMILY-38,CHILD,local,4203331,2.79,6.28,,,
data/split/train/FAMILY-38/CHILD/FM038_C4.png,data/train_distorted/distorted/FAMILY-38/CHILD/FM038_C4_bending.png,FAMILY-38,CHILD,bending,4203332,6.7,11.42,,,
data/split/train/FAMILY-38/CHILD/FM038_C5.png,data/train_distorted/distorted/FAMILY-38/CHILD/FM038_C5_elastic.png,FAMILY-38,CHILD,elastic,4203340,8.29,19.28,14.857,6.809,32
data/split/train/FAMILY-38/CHILD/FM038_C5.png,data/train_distorted/distorted/FAMILY-38/CHILD/FM038_C5_local.png,FAMILY-38,CHILD,local,4203341,2.98,7.2,,,
data/split/train/FAMILY-38/CHILD/FM038_C5.png,data/train_distorted/distorted/FAMILY-38/CHILD/FM038_C5_bending.png,FAMILY-38,CHILD,bending,4203342,6.86,11.63,,,
data/split/train/FAMILY-38/FATHER/FM038_F1.png,data/train_distorted/distorted/FAMILY-38/FATHER/FM038_F1_elastic.png,FAMILY-38,FATHER,elastic,4203350,6.8,17.69,10.876,6.206,32
data/split/train/FAMILY-38/FATHER/FM038_F1.png,data/train_distorted/distorted/FAMILY-38/FATHER/FM038_F1_local.png,FAMILY-38,FATHER,local,4203351,3.87,8.72,,,
data/split/train/FAMILY-38/FATHER/FM038_F1.png,data/train_distorted/distorted/FAMILY-38/FATHER/FM038_F1_bending.png,FAMILY-38,FATHER,bending,4203352,3.99,7.33,,,
data/split/train/FAMILY-38/FATHER/FM038_F2.png,data/train_distorted/distorted/FAMILY-38/FATHER/FM038_F2_elastic.png,FAMILY-38,FATHER,elastic,4203360,6.35,17.87,11.03,5.296,32
data/split/train/FAMILY-38/FATHER/FM038_F2.png,data/train_distorted/distorted/FAMILY-38/FATHER/FM038_F2_local.png,FAMILY-38,FATHER,local,4203361,3.21,6.71,,,
data/split/train/FAMILY-38/FATHER/FM038_F2.png,data/train_distorted/distorted/FAMILY-38/FATHER/FM038_F2_bending.png,FAMILY-38,FATHER,bending,4203362,3.49,6.18,,,
data/split/train/FAMILY-38/FATHER/FM038_F3.png,data/train_distorted/distorted/FAMILY-38/FATHER/FM038_F3_elastic.png,FAMILY-38,FATHER,elastic,4203370,6.91,18.3,13.697,7.927,32
data/split/train/FAMILY-38/FATHER/FM038_F3.png,data/train_distorted/distorted/FAMILY-38/FATHER/FM038_F3_local.png,FAMILY-38,FATHER,local,4203371,2.69,5.49,,,
data/split/train/FAMILY-38/FATHER/FM038_F3.png,data/train_distorted/distorted/FAMILY-38/FATHER/FM038_F3_bending.png,FAMILY-38,FATHER,bending,4203372,4.71,8.57,,,
data/split/train/FAMILY-38/FATHER/FM038_F4.png,data/train_distorted/distorted/FAMILY-38/FATHER/FM038_F4_elastic.png,FAMILY-38,FATHER,elastic,4203380,6.01,13.75,10.206,5.562,32
data/split/train/FAMILY-38/FATHER/FM038_F4.png,data/train_distorted/distorted/FAMILY-38/FATHER/FM038_F4_local.png,FAMILY-38,FATHER,local,4203381,3.78,8.48,,,
data/split/train/FAMILY-38/FATHER/FM038_F4.png,data/train_distorted/distorted/FAMILY-38/FATHER/FM038_F4_bending.png,FAMILY-38,FATHER,bending,4203382,7.13,13.07,,,
data/split/train/FAMILY-38/FATHER/FM038_F5.png,data/train_distorted/distorted/FAMILY-38/FATHER/FM038_F5_elastic.png,FAMILY-38,FATHER,elastic,4203390,6.03,13.99,11.548,7.469,32
data/split/train/FAMILY-38/FATHER/FM038_F5.png,data/train_distorted/distorted/FAMILY-38/FATHER/FM038_F5_local.png,FAMILY-38,FATHER,local,4203391,4.44,9.19,,,
data/split/train/FAMILY-38/FATHER/FM038_F5.png,data/train_distorted/distorted/FAMILY-38/FATHER/FM038_F5_bending.png,FAMILY-38,FATHER,bending,4203392,4.83,8.77,,,
data/split/train/FAMILY-38/MOTHER/FM038_M1.png,data/train_distorted/distorted/FAMILY-38/MOTHER/FM038_M1_elastic.png,FAMILY-38,MOTHER,elastic,4203400,4.37,11.07,8.215,5.401,32
data/split/train/FAMILY-38/MOTHER/FM038_M1.png,data/train_distorted/distorted/FAMILY-38/MOTHER/FM038_M1_local.png,FAMILY-38,MOTHER,local,4203401,2.99,6.69,,,
data/split/train/FAMILY-38/MOTHER/FM038_M1.png,data/train_distorted/distorted/FAMILY-38/MOTHER/FM038_M1_bending.png,FAMILY-38,MOTHER,bending,4203402,5.79,10.34,,,
data/split/train/FAMILY-38/MOTHER/FM038_M2.png,data/train_distorted/distorted/FAMILY-38/MOTHER/FM038_M2_elastic.png,FAMILY-38,MOTHER,elastic,4203410,9.85,24.31,15.622,5.28,32
data/split/train/FAMILY-38/MOTHER/FM038_M2.png,data/train_distorted/distorted/FAMILY-38/MOTHER/FM038_M2_local.png,FAMILY-38,MOTHER,local,4203411,2.52,5.49,,,
data/split/train/FAMILY-38/MOTHER/FM038_M2.png,data/train_distorted/distorted/FAMILY-38/MOTHER/FM038_M2_bending.png,FAMILY-38,MOTHER,bending,4203412,5.15,9.26,,,
data/split/train/FAMILY-38/MOTHER/FM038_M3.png,data/train_distorted/distorted/FAMILY-38/MOTHER/FM038_M3_elastic.png,FAMILY-38,MOTHER,elastic,4203420,8.92,22.17,15.917,7.452,32
data/split/train/FAMILY-38/MOTHER/FM038_M3.png,data/train_distorted/distorted/FAMILY-38/MOTHER/FM038_M3_local.png,FAMILY-38,MOTHER,local,4203421,2.44,6.37,,,
data/split/train/FAMILY-38/MOTHER/FM038_M3.png,data/train_distorted/distorted/FAMILY-38/MOTHER/FM038_M3_bending.png,FAMILY-38,MOTHER,bending,4203422,4.97,8.42,,,
data/split/train/FAMILY-38/MOTHER/FM038_M4.png,data/train_distorted/distorted/FAMILY-38/MOTHER/FM038_M4_elastic.png,FAMILY-38,MOTHER,elastic,4203430,8.84,21.27,15.088,5.112,32
data/split/train/FAMILY-38/MOTHER/FM038_M4.png,data/train_distorted/distorted/FAMILY-38/MOTHER/FM038_M4_local.png,FAMILY-38,MOTHER,local,4203431,4.24,9.73,,,
data/split/train/FAMILY-38/MOTHER/FM038_M4.png,data/train_distorted/distorted/FAMILY-38/MOTHER/FM038_M4_bending.png,FAMILY-38,MOTHER,bending,4203432,4.65,7.79,,,
data/split/train/FAMILY-38/MOTHER/FM038_M5.png,data/train_distorted/distorted/FAMILY-38/MOTHER/FM038_M5_elastic.png,FAMILY-38,MOTHER,elastic,4203440,7.8,24.0,15.359,7.172,32
data/split/train/FAMILY-38/MOTHER/FM038_M5.png,data/train_distorted/distorted/FAMILY-38/MOTHER/FM038_M5_local.png,FAMILY-38,MOTHER,local,4203441,4.72,8.59,,,
data/split/train/FAMILY-38/MOTHER/FM038_M5.png,data/train_distorted/distorted/FAMILY-38/MOTHER/FM038_M5_bending.png,FAMILY-38,MOTHER,bending,4203442,6.79,12.36,,,
data/split/train/FAMILY-39/CHILD/FM039_C1.png,data/train_distorted/distorted/FAMILY-39/CHILD/FM039_C1_elastic.png,FAMILY-39,CHILD,elastic,4203450,5.42,14.39,8.855,5.144,32
data/split/train/FAMILY-39/CHILD/FM039_C1.png,data/train_distorted/distorted/FAMILY-39/CHILD/FM039_C1_local.png,FAMILY-39,CHILD,local,4203451,4.0,8.26,,,
data/split/train/FAMILY-39/CHILD/FM039_C1.png,data/train_distorted/distorted/FAMILY-39/CHILD/FM039_C1_bending.png,FAMILY-39,CHILD,bending,4203452,3.51,6.42,,,
data/split/train/FAMILY-39/CHILD/FM039_C2.png,data/train_distorted/distorted/FAMILY-39/CHILD/FM039_C2_elastic.png,FAMILY-39,CHILD,elastic,4203460,5.65,15.01,10.003,6.975,32
data/split/train/FAMILY-39/CHILD/FM039_C2.png,data/train_distorted/distorted/FAMILY-39/CHILD/FM039_C2_local.png,FAMILY-39,CHILD,local,4203461,3.48,7.79,,,
data/split/train/FAMILY-39/CHILD/FM039_C2.png,data/train_distorted/distorted/FAMILY-39/CHILD/FM039_C2_bending.png,FAMILY-39,CHILD,bending,4203462,5.97,10.99,,,
data/split/train/FAMILY-39/CHILD/FM039_C3.png,data/train_distorted/distorted/FAMILY-39/CHILD/FM039_C3_elastic.png,FAMILY-39,CHILD,elastic,4203470,6.23,14.96,11.143,6.784,32
data/split/train/FAMILY-39/CHILD/FM039_C3.png,data/train_distorted/distorted/FAMILY-39/CHILD/FM039_C3_local.png,FAMILY-39,CHILD,local,4203471,4.31,7.65,,,
data/split/train/FAMILY-39/CHILD/FM039_C3.png,data/train_distorted/distorted/FAMILY-39/CHILD/FM039_C3_bending.png,FAMILY-39,CHILD,bending,4203472,3.45,6.3,,,
data/split/train/FAMILY-39/CHILD/FM039_C4.png,data/train_distorted/distorted/FAMILY-39/CHILD/FM039_C4_elastic.png,FAMILY-39,CHILD,elastic,4203480,5.87,16.37,10.626,6.005,32
data/split/train/FAMILY-39/CHILD/FM039_C4.png,data/train_distorted/distorted/FAMILY-39/CHILD/FM039_C4_local.png,FAMILY-39,CHILD,local,4203481,2.56,6.36,,,
data/split/train/FAMILY-39/CHILD/FM039_C4.png,data/train_distorted/distorted/FAMILY-39/CHILD/FM039_C4_bending.png,FAMILY-39,CHILD,bending,4203482,4.64,8.47,,,
data/split/train/FAMILY-39/CHILD/FM039_C5.png,data/train_distorted/distorted/FAMILY-39/CHILD/FM039_C5_elastic.png,FAMILY-39,CHILD,elastic,4203490,5.03,12.26,9.19,7.655,32
data/split/train/FAMILY-39/CHILD/FM039_C5.png,data/train_distorted/distorted/FAMILY-39/CHILD/FM039_C5_local.png,FAMILY-39,CHILD,local,4203491,5.74,11.99,,,
data/split/train/FAMILY-39/CHILD/FM039_C5.png,data/train_distorted/distorted/FAMILY-39/CHILD/FM039_C5_bending.png,FAMILY-39,CHILD,bending,4203492,4.87,8.32,,,
data/split/train/FAMILY-39/FATHER/FM039_F1.png,data/train_distorted/distorted/FAMILY-39/FATHER/FM039_F1_elastic.png,FAMILY-39,FATHER,elastic,4203500,5.46,13.9,11.365,7.586,32
data/split/train/FAMILY-39/FATHER/FM039_F1.png,data/train_distorted/distorted/FAMILY-39/FATHER/FM039_F1_local.png,FAMILY-39,FATHER,local,4203501,2.53,6.46,,,
data/split/train/FAMILY-39/FATHER/FM039_F1.png,data/train_distorted/distorted/FAMILY-39/FATHER/FM039_F1_bending.png,FAMILY-39,FATHER,bending,4203502,3.67,6.67,,,
data/split/train/FAMILY-39/FATHER/FM039_F2.png,data/train_distorted/distorted/FAMILY-39/FATHER/FM039_F2_elastic.png,FAMILY-39,FATHER,elastic,4203510,8.33,19.67,15.285,6.349,32
data/split/train/FAMILY-39/FATHER/FM039_F2.png,data/train_distorted/distorted/FAMILY-39/FATHER/FM039_F2_local.png,FAMILY-39,FATHER,local,4203511,2.75,5.13,,,
data/split/train/FAMILY-39/FATHER/FM039_F2.png,data/train_distorted/distorted/FAMILY-39/FATHER/FM039_F2_bending.png,FAMILY-39,FATHER,bending,4203512,3.74,6.29,,,
data/split/train/FAMILY-39/FATHER/FM039_F3.png,data/train_distorted/distorted/FAMILY-39/FATHER/FM039_F3_elastic.png,FAMILY-39,FATHER,elastic,4203520,8.54,20.2,14.333,5.669,32
data/split/train/FAMILY-39/FATHER/FM039_F3.png,data/train_distorted/distorted/FAMILY-39/FATHER/FM039_F3_local.png,FAMILY-39,FATHER,local,4203521,3.61,6.99,,,
data/split/train/FAMILY-39/FATHER/FM039_F3.png,data/train_distorted/distorted/FAMILY-39/FATHER/FM039_F3_bending.png,FAMILY-39,FATHER,bending,4203522,5.53,9.34,,,
data/split/train/FAMILY-39/FATHER/FM039_F4.png,data/train_distorted/distorted/FAMILY-39/FATHER/FM039_F4_elastic.png,FAMILY-39,FATHER,elastic,4203530,7.9,21.2,14.427,5.982,32
data/split/train/FAMILY-39/FATHER/FM039_F4.png,data/train_distorted/distorted/FAMILY-39/FATHER/FM039_F4_local.png,FAMILY-39,FATHER,local,4203531,3.49,6.23,,,
data/split/train/FAMILY-39/FATHER/FM039_F4.png,data/train_distorted/distorted/FAMILY-39/FATHER/FM039_F4_bending.png,FAMILY-39,FATHER,bending,4203532,5.9,9.82,,,
data/split/train/FAMILY-39/FATHER/FM039_F5.png,data/train_distorted/distorted/FAMILY-39/FATHER/FM039_F5_elastic.png,FAMILY-39,FATHER,elastic,4203540,4.48,12.2,8.957,7.946,32
data/split/train/FAMILY-39/FATHER/FM039_F5.png,data/train_distorted/distorted/FAMILY-39/FATHER/FM039_F5_local.png,FAMILY-39,FATHER,local,4203541,3.15,7.18,,,
data/split/train/FAMILY-39/FATHER/FM039_F5.png,data/train_distorted/distorted/FAMILY-39/FATHER/FM039_F5_bending.png,FAMILY-39,FATHER,bending,4203542,4.35,7.88,,,
data/split/train/FAMILY-39/MOTHER/FM039_M1.png,data/train_distorted/distorted/FAMILY-39/MOTHER/FM039_M1_elastic.png,FAMILY-39,MOTHER,elastic,4203550,9.0,23.91,15.064,6.879,32
data/split/train/FAMILY-39/MOTHER/FM039_M1.png,data/train_distorted/distorted/FAMILY-39/MOTHER/FM039_M1_local.png,FAMILY-39,MOTHER,local,4203551,3.25,8.46,,,
data/split/train/FAMILY-39/MOTHER/FM039_M1.png,data/train_distorted/distorted/FAMILY-39/MOTHER/FM039_M1_bending.png,FAMILY-39,MOTHER,bending,4203552,5.01,8.87,,,
data/split/train/FAMILY-39/MOTHER/FM039_M2.png,data/train_distorted/distorted/FAMILY-39/MOTHER/FM039_M2_elastic.png,FAMILY-39,MOTHER,elastic,4203560,6.4,16.3,12.681,7.478,32
data/split/train/FAMILY-39/MOTHER/FM039_M2.png,data/train_distorted/distorted/FAMILY-39/MOTHER/FM039_M2_local.png,FAMILY-39,MOTHER,local,4203561,5.19,9.97,,,
data/split/train/FAMILY-39/MOTHER/FM039_M2.png,data/train_distorted/distorted/FAMILY-39/MOTHER/FM039_M2_bending.png,FAMILY-39,MOTHER,bending,4203562,5.16,8.67,,,
data/split/train/FAMILY-39/MOTHER/FM039_M3.png,data/train_distorted/distorted/FAMILY-39/MOTHER/FM039_M3_elastic.png,FAMILY-39,MOTHER,elastic,4203570,6.97,16.24,11.755,5.834,32
data/split/train/FAMILY-39/MOTHER/FM039_M3.png,data/train_distorted/distorted/FAMILY-39/MOTHER/FM039_M3_local.png,FAMILY-39,MOTHER,local,4203571,3.82,7.7,,,
data/split/train/FAMILY-39/MOTHER/FM039_M3.png,data/train_distorted/distorted/FAMILY-39/MOTHER/FM039_M3_bending.png,FAMILY-39,MOTHER,bending,4203572,4.55,8.07,,,
data/split/train/FAMILY-39/MOTHER/FM039_M4.png,data/train_distorted/distorted/FAMILY-39/MOTHER/FM039_M4_elastic.png,FAMILY-39,MOTHER,elastic,4203580,5.35,13.95,9.975,6.842,32
data/split/train/FAMILY-39/MOTHER/FM039_M4.png,data/train_distorted/distorted/FAMILY-39/MOTHER/FM039_M4_local.png,FAMILY-39,MOTHER,local,4203581,2.33,7.47,,,
data/split/train/FAMILY-39/MOTHER/FM039_M4.png,data/train_distorted/distorted/FAMILY-39/MOTHER/FM039_M4_bending.png,FAMILY-39,MOTHER,bending,4203582,6.27,11.09,,,
data/split/train/FAMILY-39/MOTHER/FM039_M5.png,data/train_distorted/distorted/FAMILY-39/MOTHER/FM039_M5_elastic.png,FAMILY-39,MOTHER,elastic,4203590,6.71,16.42,11.451,6.947,32
data/split/train/FAMILY-39/MOTHER/FM039_M5.png,data/train_distorted/distorted/FAMILY-39/MOTHER/FM039_M5_local.png,FAMILY-39,MOTHER,local,4203591,2.8,6.08,,,
data/split/train/FAMILY-39/MOTHER/FM039_M5.png,data/train_distorted/distorted/FAMILY-39/MOTHER/FM039_M5_bending.png,FAMILY-39,MOTHER,bending,4203592,3.61,6.34,,,
data/split/train/FAMILY-4/CHILD/FM004_C1.png,data/train_distorted/distorted/FAMILY-4/CHILD/FM004_C1_elastic.png,FAMILY-4,CHILD,elastic,4203600,8.07,19.07,14.421,7.314,32
data/split/train/FAMILY-4/CHILD/FM004_C1.png,data/train_distorted/distorted/FAMILY-4/CHILD/FM004_C1_local.png,FAMILY-4,CHILD,local,4203601,3.77,8.52,,,
data/split/train/FAMILY-4/CHILD/FM004_C1.png,data/train_distorted/distorted/FAMILY-4/CHILD/FM004_C1_bending.png,FAMILY-4,CHILD,bending,4203602,3.51,6.2,,,
data/split/train/FAMILY-4/CHILD/FM004_C2.png,data/train_distorted/distorted/FAMILY-4/CHILD/FM004_C2_elastic.png,FAMILY-4,CHILD,elastic,4203610,8.04,18.93,14.093,5.797,32
data/split/train/FAMILY-4/CHILD/FM004_C2.png,data/train_distorted/distorted/FAMILY-4/CHILD/FM004_C2_local.png,FAMILY-4,CHILD,local,4203611,3.06,6.54,,,
data/split/train/FAMILY-4/CHILD/FM004_C2.png,data/train_distorted/distorted/FAMILY-4/CHILD/FM004_C2_bending.png,FAMILY-4,CHILD,bending,4203612,6.3,10.86,,,
data/split/train/FAMILY-4/CHILD/FM004_C3.png,data/train_distorted/distorted/FAMILY-4/CHILD/FM004_C3_elastic.png,FAMILY-4,CHILD,elastic,4203620,9.57,24.06,15.936,5.437,32
data/split/train/FAMILY-4/CHILD/FM004_C3.png,data/train_distorted/distorted/FAMILY-4/CHILD/FM004_C3_local.png,FAMILY-4,CHILD,local,4203621,3.25,6.86,,,
data/split/train/FAMILY-4/CHILD/FM004_C3.png,data/train_distorted/distorted/FAMILY-4/CHILD/FM004_C3_bending.png,FAMILY-4,CHILD,bending,4203622,6.27,11.21,,,
data/split/train/FAMILY-4/CHILD/FM004_C4.png,data/train_distorted/distorted/FAMILY-4/CHILD/FM004_C4_elastic.png,FAMILY-4,CHILD,elastic,4203630,4.88,11.32,8.281,5.009,32
data/split/train/FAMILY-4/CHILD/FM004_C4.png,data/train_distorted/distorted/FAMILY-4/CHILD/FM004_C4_local.png,FAMILY-4,CHILD,local,4203631,4.32,9.29,,,
data/split/train/FAMILY-4/CHILD/FM004_C4.png,data/train_distorted/distorted/FAMILY-4/CHILD/FM004_C4_bending.png,FAMILY-4,CHILD,bending,4203632,6.22,10.62,,,
data/split/train/FAMILY-4/CHILD/FM004_C5.png,data/train_distorted/distorted/FAMILY-4/CHILD/FM004_C5_elastic.png,FAMILY-4,CHILD,elastic,4203640,5.08,11.56,9.237,6.789,32
data/split/train/FAMILY-4/CHILD/FM004_C5.png,data/train_distorted/distorted/FAMILY-4/CHILD/FM004_C5_local.png,FAMILY-4,CHILD,local,4203641,3.59,6.81,,,
data/split/train/FAMILY-4/CHILD/FM004_C5.png,data/train_distorted/distorted/FAMILY-4/CHILD/FM004_C5_bending.png,FAMILY-4,CHILD,bending,4203642,5.03,8.76,,,
data/split/train/FAMILY-4/FATHER/FM004_F1.png,data/train_distorted/distorted/FAMILY-4/FATHER/FM004_F1_elastic.png,FAMILY-4,FATHER,elastic,4203650,8.3,20.25,14.736,6.454,32
data/split/train/FAMILY-4/FATHER/FM004_F1.png,data/train_distorted/distorted/FAMILY-4/FATHER/FM004_F1_local.png,FAMILY-4,FATHER,local,4203651,3.84,8.56,,,
data/split/train/FAMILY-4/FATHER/FM004_F1.png,data/train_distorted/distorted/FAMILY-4/FATHER/FM004_F1_bending.png,FAMILY-4,FATHER,bending,4203652,3.84,6.8,,,
data/split/train/FAMILY-4/FATHER/FM004_F2.png,data/train_distorted/distorted/FAMILY-4/FATHER/FM004_F2_elastic.png,FAMILY-4,FATHER,elastic,4203660,6.14,16.27,11.535,5.789,32
data/split/train/FAMILY-4/FATHER/FM004_F2.png,data/train_distorted/distorted/FAMILY-4/FATHER/FM004_F2_local.png,FAMILY-4,FATHER,local,4203661,3.92,7.8,,,
data/split/train/FAMILY-4/FATHER/FM004_F2.png,data/train_distorted/distorted/FAMILY-4/FATHER/FM004_F2_bending.png,FAMILY-4,FATHER,bending,4203662,4.82,8.3,,,
data/split/train/FAMILY-4/FATHER/FM004_F3.png,data/train_distorted/distorted/FAMILY-4/FATHER/FM004_F3_elastic.png,FAMILY-4,FATHER,elastic,4203670,4.84,11.56,8.505,6.393,32
data/split/train/FAMILY-4/FATHER/FM004_F3.png,data/train_distorted/distorted/FAMILY-4/FATHER/FM004_F3_local.png,FAMILY-4,FATHER,local,4203671,2.94,7.09,,,
data/split/train/FAMILY-4/FATHER/FM004_F3.png,data/train_distorted/distorted/FAMILY-4/FATHER/FM004_F3_bending.png,FAMILY-4,FATHER,bending,4203672,3.64,6.33,,,
data/split/train/FAMILY-4/FATHER/FM004_F4.png,data/train_distorted/distorted/FAMILY-4/FATHER/FM004_F4_elastic.png,FAMILY-4,FATHER,elastic,4203680,5.29,13.53,11.022,6.756,32
data/split/train/FAMILY-4/FATHER/FM004_F4.png,data/train_distorted/distorted/FAMILY-4/FATHER/FM004_F4_local.png,FAMILY-4,FATHER,local,4203681,4.98,11.94,,,
data/split/train/FAMILY-4/FATHER/FM004_F4.png,data/train_distorted/distorted/FAMILY-4/FATHER/FM004_F4_bending.png,FAMILY-4,FATHER,bending,4203682,5.01,8.99,,,
data/split/train/FAMILY-4/FATHER/FM004_F5.png,data/train_distorted/distorted/FAMILY-4/FATHER/FM004_F5_elastic.png,FAMILY-4,FATHER,elastic,4203690,4.2,9.35,8.133,7.443,32
data/split/train/FAMILY-4/FATHER/FM004_F5.png,data/train_distorted/distorted/FAMILY-4/FATHER/FM004_F5_local.png,FAMILY-4,FATHER,local,4203691,4.03,9.24,,,
data/split/train/FAMILY-4/FATHER/FM004_F5.png,data/train_distorted/distorted/FAMILY-4/FATHER/FM004_F5_bending.png,FAMILY-4,FATHER,bending,4203692,4.82,8.48,,,
data/split/train/FAMILY-4/MOTHER/FM004_M1.png,data/train_distorted/distorted/FAMILY-4/MOTHER/FM004_M1_elastic.png,FAMILY-4,MOTHER,elastic,4203700,5.01,14.45,9.238,6.036,32
data/split/train/FAMILY-4/MOTHER/FM004_M1.png,data/train_distorted/distorted/FAMILY-4/MOTHER/FM004_M1_local.png,FAMILY-4,MOTHER,local,4203701,4.39,9.64,,,
data/split/train/FAMILY-4/MOTHER/FM004_M1.png,data/train_distorted/distorted/FAMILY-4/MOTHER/FM004_M1_bending.png,FAMILY-4,MOTHER,bending,4203702,5.92,9.86,,,
data/split/train/FAMILY-4/MOTHER/FM004_M2.png,data/train_distorted/distorted/FAMILY-4/MOTHER/FM004_M2_elastic.png,FAMILY-4,MOTHER,elastic,4203710,6.1,15.11,11.738,7.822,32
data/split/train/FAMILY-4/MOTHER/FM004_M2.png,data/train_distorted/distorted/FAMILY-4/MOTHER/FM004_M2_local.png,FAMILY-4,MOTHER,local,4203711,2.96,8.04,,,
data/split/train/FAMILY-4/MOTHER/FM004_M2.png,data/train_distorted/distorted/FAMILY-4/MOTHER/FM004_M2_bending.png,FAMILY-4,MOTHER,bending,4203712,3.43,6.16,,,
data/split/train/FAMILY-4/MOTHER/FM004_M3.png,data/train_distorted/distorted/FAMILY-4/MOTHER/FM004_M3_elastic.png,FAMILY-4,MOTHER,elastic,4203720,5.65,12.92,9.924,6.895,32
data/split/train/FAMILY-4/MOTHER/FM004_M3.png,data/train_distorted/distorted/FAMILY-4/MOTHER/FM004_M3_local.png,FAMILY-4,MOTHER,local,4203721,4.34,10.97,,,
data/split/train/FAMILY-4/MOTHER/FM004_M3.png,data/train_distorted/distorted/FAMILY-4/MOTHER/FM004_M3_bending.png,FAMILY-4,MOTHER,bending,4203722,3.75,6.56,,,
data/split/train/FAMILY-4/MOTHER/FM004_M4.png,data/train_distorted/distorted/FAMILY-4/MOTHER/FM004_M4_elastic.png,FAMILY-4,MOTHER,elastic,4203730,6.91,15.49,11.612,5.105,32
data/split/train/FAMILY-4/MOTHER/FM004_M4.png,data/train_distorted/distorted/FAMILY-4/MOTHER/FM004_M4_local.png,FAMILY-4,MOTHER,local,4203731,3.06,9.95,,,
data/split/train/FAMILY-4/MOTHER/FM004_M4.png,data/train_distorted/distorted/FAMILY-4/MOTHER/FM004_M4_bending.png,FAMILY-4,MOTHER,bending,4203732,4.67,8.35,,,
data/split/train/FAMILY-4/MOTHER/FM004_M5.png,data/train_distorted/distorted/FAMILY-4/MOTHER/FM004_M5_elastic.png,FAMILY-4,MOTHER,elastic,4203740,6.66,16.87,12.223,7.139,32
data/split/train/FAMILY-4/MOTHER/FM004_M5.png,data/train_distorted/distorted/FAMILY-4/MOTHER/FM004_M5_local.png,FAMILY-4,MOTHER,local,4203741,2.55,6.5,,,
data/split/train/FAMILY-4/MOTHER/FM004_M5.png,data/train_distorted/distorted/FAMILY-4/MOTHER/FM004_M5_bending.png,FAMILY-4,MOTHER,bending,4203742,4.24,7.6,,,
data/split/train/FAMILY-40/CHILD/FM040_C1.png,data/train_distorted/distorted/FAMILY-40/CHILD/FM040_C1_elastic.png,FAMILY-40,CHILD,elastic,4203750,4.75,11.28,8.051,5.205,32
data/split/train/FAMILY-40/CHILD/FM040_C1.png,data/train_distorted/distorted/FAMILY-40/CHILD/FM040_C1_local.png,FAMILY-40,CHILD,local,4203751,4.14,10.42,,,
data/split/train/FAMILY-40/CHILD/FM040_C1.png,data/train_distorted/distorted/FAMILY-40/CHILD/FM040_C1_bending.png,FAMILY-40,CHILD,bending,4203752,4.7,8.28,,,
data/split/train/FAMILY-40/CHILD/FM040_C2.png,data/train_distorted/distorted/FAMILY-40/CHILD/FM040_C2_elastic.png,FAMILY-40,CHILD,elastic,4203760,7.33,18.03,14.118,6.576,32
data/split/train/FAMILY-40/CHILD/FM040_C2.png,data/train_distorted/distorted/FAMILY-40/CHILD/FM040_C2_local.png,FAMILY-40,CHILD,local,4203761,4.68,12.05,,,
data/split/train/FAMILY-40/CHILD/FM040_C2.png,data/train_distorted/distorted/FAMILY-40/CHILD/FM040_C2_bending.png,FAMILY-40,CHILD,bending,4203762,4.3,7.93,,,
data/split/train/FAMILY-40/CHILD/FM040_C3.png,data/train_distorted/distorted/FAMILY-40/CHILD/FM040_C3_elastic.png,FAMILY-40,CHILD,elastic,4203770,4.37,11.77,8.129,6.104,32
data/split/train/FAMILY-40/CHILD/FM040_C3.png,data/train_distorted/distorted/FAMILY-40/CHILD/FM040_C3_local.png,FAMILY-40,CHILD,local,4203771,3.52,6.73,,,
data/split/train/FAMILY-40/CHILD/FM040_C3.png,data/train_distorted/distorted/FAMILY-40/CHILD/FM040_C3_bending.png,FAMILY-40,CHILD,bending,4203772,5.43,9.63,,,
data/split/train/FAMILY-40/CHILD/FM040_C4.png,data/train_distorted/distorted/FAMILY-40/CHILD/FM040_C4_elastic.png,FAMILY-40,CHILD,elastic,4203780,5.0,12.09,8.688,7.622,32
data/split/train/FAMILY-40/CHILD/FM040_C4.png,data/train_distorted/distorted/FAMILY-40/CHILD/FM040_C4_local.png,FAMILY-40,CHILD,local,4203781,3.42,9.58,,,
data/split/train/FAMILY-40/CHILD/FM040_C4.png,data/train_distorted/distorted/FAMILY-40/CHILD/FM040_C4_bending.png,FAMILY-40,CHILD,bending,4203782,4.44,7.75,,,
data/split/train/FAMILY-40/CHILD/FM040_C5.png,data/train_distorted/distorted/FAMILY-40/CHILD/FM040_C5_elastic.png,FAMILY-40,CHILD,elastic,4203790,5.01,15.9,9.339,6.44,32
data/split/train/FAMILY-40/CHILD/FM040_C5.png,data/train_distorted/distorted/FAMILY-40/CHILD/FM040_C5_local.png,FAMILY-40,CHILD,local,4203791,3.64,8.17,,,
data/split/train/FAMILY-40/CHILD/FM040_C5.png,data/train_distorted/distorted/FAMILY-40/CHILD/FM040_C5_bending.png,FAMILY-40,CHILD,bending,4203792,5.45,9.13,,,
data/split/train/FAMILY-40/FATHER/FM040_F1.png,data/train_distorted/distorted/FAMILY-40/FATHER/FM040_F1_elastic.png,FAMILY-40,FATHER,elastic,4203800,8.02,21.31,14.317,6.273,32
data/split/train/FAMILY-40/FATHER/FM040_F1.png,data/train_distorted/distorted/FAMILY-40/FATHER/FM040_F1_local.png,FAMILY-40,FATHER,local,4203801,2.92,6.9,,,
data/split/train/FAMILY-40/FATHER/FM040_F1.png,data/train_distorted/distorted/FAMILY-40/FATHER/FM040_F1_bending.png,FAMILY-40,FATHER,bending,4203802,4.48,7.98,,,
data/split/train/FAMILY-40/FATHER/FM040_F2.png,data/train_distorted/distorted/FAMILY-40/FATHER/FM040_F2_elastic.png,FAMILY-40,FATHER,elastic,4203810,6.65,17.24,13.245,7.362,32
data/split/train/FAMILY-40/FATHER/FM040_F2.png,data/train_distorted/distorted/FAMILY-40/FATHER/FM040_F2_local.png,FAMILY-40,FATHER,local,4203811,4.65,10.92,,,
data/split/train/FAMILY-40/FATHER/FM040_F2.png,data/train_distorted/distorted/FAMILY-40/FATHER/FM040_F2_bending.png,FAMILY-40,FATHER,bending,4203812,5.25,8.91,,,
data/split/train/FAMILY-40/FATHER/FM040_F3.png,data/train_distorted/distorted/FAMILY-40/FATHER/FM040_F3_elastic.png,FAMILY-40,FATHER,elastic,4203820,6.85,17.45,13.314,7.546,32
data/split/train/FAMILY-40/FATHER/FM040_F3.png,data/train_distorted/distorted/FAMILY-40/FATHER/FM040_F3_local.png,FAMILY-40,FATHER,local,4203821,2.84,5.82,,,
data/split/train/FAMILY-40/FATHER/FM040_F3.png,data/train_distorted/distorted/FAMILY-40/FATHER/FM040_F3_bending.png,FAMILY-40,FATHER,bending,4203822,5.65,10.32,,,
data/split/train/FAMILY-40/FATHER/FM040_F4.png,data/train_distorted/distorted/FAMILY-40/FATHER/FM040_F4_elastic.png,FAMILY-40,FATHER,elastic,4203830,7.36,21.65,14.261,7.761,32
data/split/train/FAMILY-40/FATHER/FM040_F4.png,data/train_distorted/distorted/FAMILY-40/FATHER/FM040_F4_local.png,FAMILY-40,FATHER,local,4203831,3.02,6.54,,,
data/split/train/FAMILY-40/FATHER/FM040_F4.png,data/train_distorted/distorted/FAMILY-40/FATHER/FM040_F4_bending.png,FAMILY-40,FATHER,bending,4203832,4.71,8.44,,,
data/split/train/FAMILY-40/FATHER/FM040_F5.png,data/train_distorted/distorted/FAMILY-40/FATHER/FM040_F5_elastic.png,FAMILY-40,FATHER,elastic,4203840,7.23,18.41,11.282,5.287,32
data/split/train/FAMILY-40/FATHER/FM040_F5.png,data/train_distorted/distorted/FAMILY-40/FATHER/FM040_F5_local.png,FAMILY-40,FATHER,local,4203841,4.03,9.25,,,
data/split/train/FAMILY-40/FATHER/FM040_F5.png,data/train_distorted/distorted/FAMILY-40/FATHER/FM040_F5_bending.png,FAMILY-40,FATHER,bending,4203842,6.91,11.52,,,
data/split/train/FAMILY-40/MOTHER/FM040_M1.png,data/train_distorted/distorted/FAMILY-40/MOTHER/FM040_M1_elastic.png,FAMILY-40,MOTHER,elastic,4203850,6.83,18.97,11.828,5.213,32
data/split/train/FAMILY-40/MOTHER/FM040_M1.png,data/train_distorted/distorted/FAMILY-40/MOTHER/FM040_M1_local.png,FAMILY-40,MOTHER,local,4203851,3.1,7.47,,,
data/split/train/FAMILY-40/MOTHER/FM040_M1.png,data/train_distorted/distorted/FAMILY-40/MOTHER/FM040_M1_bending.png,FAMILY-40,MOTHER,bending,4203852,4.15,7.39,,,
data/split/train/FAMILY-40/MOTHER/FM040_M2.png,data/train_distorted/distorted/FAMILY-40/MOTHER/FM040_M2_elastic.png,FAMILY-40,MOTHER,elastic,4203860,4.63,11.47,8.924,7.437,32
data/split/train/FAMILY-40/MOTHER/FM040_M2.png,data/train_distorted/distorted/FAMILY-40/MOTHER/FM040_M2_local.png,FAMILY-40,MOTHER,local,4203861,4.46,10.16,,,
data/split/train/FAMILY-40/MOTHER/FM040_M2.png,data/train_distorted/distorted/FAMILY-40/MOTHER/FM040_M2_bending.png,FAMILY-40,MOTHER,bending,4203862,6.56,11.17,,,
data/split/train/FAMILY-40/MOTHER/FM040_M3.png,data/train_distorted/distorted/FAMILY-40/MOTHER/FM040_M3_elastic.png,FAMILY-40,MOTHER,elastic,4203870,6.19,14.22,12.182,6.532,32
data/split/train/FAMILY-40/MOTHER/FM040_M3.png,data/train_distorted/distorted/FAMILY-40/MOTHER/FM040_M3_local.png,FAMILY-40,MOTHER,local,4203871,4.43,9.75,,,
data/split/train/FAMILY-40/MOTHER/FM040_M3.png,data/train_distorted/distorted/FAMILY-40/MOTHER/FM040_M3_bending.png,FAMILY-40,MOTHER,bending,4203872,3.71,6.52,,,
data/split/train/FAMILY-40/MOTHER/FM040_M4.png,data/train_distorted/distorted/FAMILY-40/MOTHER/FM040_M4_elastic.png,FAMILY-40,MOTHER,elastic,4203880,4.31,11.22,8.053,7.126,32
data/split/train/FAMILY-40/MOTHER/FM040_M4.png,data/train_distorted/distorted/FAMILY-40/MOTHER/FM040_M4_local.png,FAMILY-40,MOTHER,local,4203881,4.99,9.84,,,
data/split/train/FAMILY-40/MOTHER/FM040_M4.png,data/train_distorted/distorted/FAMILY-40/MOTHER/FM040_M4_bending.png,FAMILY-40,MOTHER,bending,4203882,5.15,8.84,,,
data/split/train/FAMILY-40/MOTHER/FM040_M5.png,data/train_distorted/distorted/FAMILY-40/MOTHER/FM040_M5_elastic.png,FAMILY-40,MOTHER,elastic,4203890,7.26,19.53,12.709,5.153,32
data/split/train/FAMILY-40/MOTHER/FM040_M5.png,data/train_distorted/distorted/FAMILY-40/MOTHER/FM040_M5_local.png,FAMILY-40,MOTHER,local,4203891,2.97,5.8,,,
data/split/train/FAMILY-40/MOTHER/FM040_M5.png,data/train_distorted/distorted/FAMILY-40/MOTHER/FM040_M5_bending.png,FAMILY-40,MOTHER,bending,4203892,4.0,7.21,,,
data/split/train/FAMILY-41/CHILD/FM041_C1.png,data/train_distorted/distorted/FAMILY-41/CHILD/FM041_C1_elastic.png,FAMILY-41,CHILD,elastic,4203900,5.63,16.09,11.754,6.969,32
data/split/train/FAMILY-41/CHILD/FM041_C1.png,data/train_distorted/distorted/FAMILY-41/CHILD/FM041_C1_local.png,FAMILY-41,CHILD,local,4203901,4.09,9.92,,,
data/split/train/FAMILY-41/CHILD/FM041_C1.png,data/train_distorted/distorted/FAMILY-41/CHILD/FM041_C1_bending.png,FAMILY-41,CHILD,bending,4203902,6.87,12.19,,,
data/split/train/FAMILY-41/CHILD/FM041_C2.png,data/train_distorted/distorted/FAMILY-41/CHILD/FM041_C2_elastic.png,FAMILY-41,CHILD,elastic,4203910,9.12,21.45,14.433,5.124,32
data/split/train/FAMILY-41/CHILD/FM041_C2.png,data/train_distorted/distorted/FAMILY-41/CHILD/FM041_C2_local.png,FAMILY-41,CHILD,local,4203911,3.1,5.82,,,
data/split/train/FAMILY-41/CHILD/FM041_C2.png,data/train_distorted/distorted/FAMILY-41/CHILD/FM041_C2_bending.png,FAMILY-41,CHILD,bending,4203912,4.6,7.9,,,
data/split/train/FAMILY-41/CHILD/FM041_C3.png,data/train_distorted/distorted/FAMILY-41/CHILD/FM041_C3_elastic.png,FAMILY-41,CHILD,elastic,4203920,7.85,16.66,12.527,6.388,32
data/split/train/FAMILY-41/CHILD/FM041_C3.png,data/train_distorted/distorted/FAMILY-41/CHILD/FM041_C3_local.png,FAMILY-41,CHILD,local,4203921,5.12,12.78,,,
data/split/train/FAMILY-41/CHILD/FM041_C3.png,data/train_distorted/distorted/FAMILY-41/CHILD/FM041_C3_bending.png,FAMILY-41,CHILD,bending,4203922,3.68,6.52,,,
data/split/train/FAMILY-41/CHILD/FM041_C4.png,data/train_distorted/distorted/FAMILY-41/CHILD/FM041_C4_elastic.png,FAMILY-41,CHILD,elastic,4203930,4.37,10.71,8.061,6.462,32
data/split/train/FAMILY-41/CHILD/FM041_C4.png,data/train_distorted/distorted/FAMILY-41/CHILD/FM041_C4_local.png,FAMILY-41,CHILD,local,4203931,3.17,8.74,,,
data/split/train/FAMILY-41/CHILD/FM041_C4.png,data/train_distorted/distorted/FAMILY-41/CHILD/FM041_C4_bending.png,FAMILY-41,CHILD,bending,4203932,5.99,10.57,,,
data/split/train/FAMILY-41/CHILD/FM041_C5.png,data/train_distorted/distorted/FAMILY-41/CHILD/FM041_C5_elastic.png,FAMILY-41,CHILD,elastic,4203940,6.06,15.91,11.111,7.858,32
data/split/train/FAMILY-41/CHILD/FM041_C5.png,data/train_distorted/distorted/FAMILY-41/CHILD/FM041_C5_local.png,FAMILY-41,CHILD,local,4203941,3.41,6.69,,,
data/split/train/FAMILY-41/CHILD/FM041_C5.png,data/train_distorted/distorted/FAMILY-41/CHILD/FM041_C5_bending.png,FAMILY-41,CHILD,bending,4203942,5.41,9.0,,,
data/split/train/FAMILY-41/FATHER/FM041_F1.png,data/train_distorted/distorted/FAMILY-41/FATHER/FM041_F1_elastic.png,FAMILY-41,FATHER,elastic,4203950,5.93,13.23,10.873,7.991,32
data/split/train/FAMILY-41/FATHER/FM041_F1.png,data/train_distorted/distorted/FAMILY-41/FATHER/FM041_F1_local.png,FAMILY-41,FATHER,local,4203951,2.94,7.23,,,
data/split/train/FAMILY-41/FATHER/FM041_F1.png,data/train_distorted/distorted/FAMILY-41/FATHER/FM041_F1_bending.png,FAMILY-41,FATHER,bending,4203952,6.71,11.61,,,
data/split/train/FAMILY-41/FATHER/FM041_F2.png,data/train_distorted/distorted/FAMILY-41/FATHER/FM041_F2_elastic.png,FAMILY-41,FATHER,elastic,4203960,5.73,13.21,9.957,6.554,32
data/split/train/FAMILY-41/FATHER/FM041_F2.png,data/train_distorted/distorted/FAMILY-41/FATHER/FM041_F2_local.png,FAMILY-41,FATHER,local,4203961,3.06,6.37,,,
data/split/train/FAMILY-41/FATHER/FM041_F2.png,data/train_distorted/distorted/FAMILY-41/FATHER/FM041_F2_bending.png,FAMILY-41,FATHER,bending,4203962,5.57,9.64,,,
data/split/train/FAMILY-41/FATHER/FM041_F3.png,data/train_distorted/distorted/FAMILY-41/FATHER/FM041_F3_elastic.png,FAMILY-41,FATHER,elastic,4203970,7.17,17.16,12.651,5.812,32
data/split/train/FAMILY-41/FATHER/FM041_F3.png,data/train_distorted/distorted/FAMILY-41/FATHER/FM041_F3_local.png,FAMILY-41,FATHER,local,4203971,5.31,10.87,,,
data/split/train/FAMILY-41/FATHER/FM041_F3.png,data/train_distorted/distorted/FAMILY-41/FATHER/FM041_F3_bending.png,FAMILY-41,FATHER,bending,4203972,5.39,9.56,,,
data/split/train/FAMILY-41/FATHER/FM041_F4.png,data/train_distorted/distorted/FAMILY-41/FATHER/FM041_F4_elastic.png,FAMILY-41,FATHER,elastic,4203980,7.22,15.98,12.759,7.21,32
data/split/train/FAMILY-41/FATHER/FM041_F4.png,data/train_distorted/distorted/FAMILY-41/FATHER/FM041_F4_local.png,FAMILY-41,FATHER,local,4203981,4.06,8.22,,,
data/split/train/FAMILY-41/FATHER/FM041_F4.png,data/train_distorted/distorted/FAMILY-41/FATHER/FM041_F4_bending.png,FAMILY-41,FATHER,bending,4203982,3.88,6.94,,,
data/split/train/FAMILY-41/FATHER/FM041_F5.png,data/train_distorted/distorted/FAMILY-41/FATHER/FM041_F5_elastic.png,FAMILY-41,FATHER,elastic,4203990,5.92,16.67,11.185,7.932,32
data/split/train/FAMILY-41/FATHER/FM041_F5.png,data/train_distorted/distorted/FAMILY-41/FATHER/FM041_F5_local.png,FAMILY-41,FATHER,local,4203991,3.17,6.84,,,
data/split/train/FAMILY-41/FATHER/FM041_F5.png,data/train_distorted/distorted/FAMILY-41/FATHER/FM041_F5_bending.png,FAMILY-41,FATHER,bending,4203992,6.6,11.17,,,
data/split/train/FAMILY-41/MOTHER/FM041_M1.png,data/train_distorted/distorted/FAMILY-41/MOTHER/FM041_M1_elastic.png,FAMILY-41,MOTHER,elastic,4204000,8.49,20.95,15.512,6.936,32
data/split/train/FAMILY-41/MOTHER/FM041_M1.png,data/train_distorted/distorted/FAMILY-41/MOTHER/FM041_M1_local.png,FAMILY-41,MOTHER,local,4204001,4.14,9.7,,,
data/split/train/FAMILY-41/MOTHER/FM041_M1.png,data/train_distorted/distorted/FAMILY-41/MOTHER/FM041_M1_bending.png,FAMILY-41,MOTHER,bending,4204002,4.23,7.73,,,
data/split/train/FAMILY-41/MOTHER/FM041_M2.png,data/train_distorted/distorted/FAMILY-41/MOTHER/FM041_M2_elastic.png,FAMILY-41,MOTHER,elastic,4204010,6.77,16.12,12.771,6.835,32
data/split/train/FAMILY-41/MOTHER/FM041_M2.png,data/train_distorted/distorted/FAMILY-41/MOTHER/FM041_M2_local.png,FAMILY-41,MOTHER,local,4204011,3.6,7.96,,,
data/split/train/FAMILY-41/MOTHER/FM041_M2.png,data/train_distorted/distorted/FAMILY-41/MOTHER/FM041_M2_bending.png,FAMILY-41,MOTHER,bending,4204012,5.26,8.86,,,
data/split/train/FAMILY-41/MOTHER/FM041_M3.png,data/train_distorted/distorted/FAMILY-41/MOTHER/FM041_M3_elastic.png,FAMILY-41,MOTHER,elastic,4204020,8.47,23.69,15.693,6.752,32
data/split/train/FAMILY-41/MOTHER/FM041_M3.png,data/train_distorted/distorted/FAMILY-41/MOTHER/FM041_M3_local.png,FAMILY-41,MOTHER,local,4204021,4.46,9.5,,,
data/split/train/FAMILY-41/MOTHER/FM041_M3.png,data/train_distorted/distorted/FAMILY-41/MOTHER/FM041_M3_bending.png,FAMILY-41,MOTHER,bending,4204022,5.97,11.01,,,
data/split/train/FAMILY-41/MOTHER/FM041_M4.png,data/train_distorted/distorted/FAMILY-41/MOTHER/FM041_M4_elastic.png,FAMILY-41,MOTHER,elastic,4204030,9.31,24.28,15.9,6.344,32
data/split/train/FAMILY-41/MOTHER/FM041_M4.png,data/train_distorted/distorted/FAMILY-41/MOTHER/FM041_M4_local.png,FAMILY-41,MOTHER,local,4204031,2.49,5.77,,,
data/split/train/FAMILY-41/MOTHER/FM041_M4.png,data/train_distorted/distorted/FAMILY-41/MOTHER/FM041_M4_bending.png,FAMILY-41,MOTHER,bending,4204032,4.1,7.1,,,
data/split/train/FAMILY-41/MOTHER/FM041_M5.png,data/train_distorted/distorted/FAMILY-41/MOTHER/FM041_M5_elastic.png,FAMILY-41,MOTHER,elastic,4204040,6.67,16.46,10.288,5.985,32
data/split/train/FAMILY-41/MOTHER/FM041_M5.png,data/train_distorted/distorted/FAMILY-41/MOTHER/FM041_M5_local.png,FAMILY-41,MOTHER,local,4204041,4.22,9.81,,,
data/split/train/FAMILY-41/MOTHER/FM041_M5.png,data/train_distorted/distorted/FAMILY-41/MOTHER/FM041_M5_bending.png,FAMILY-41,MOTHER,bending,4204042,7.1,12.5,,,
data/split/train/FAMILY-43/CHILD/FM043_C1.png,data/train_distorted/distorted/FAMILY-43/CHILD/FM043_C1_elastic.png,FAMILY-43,CHILD,elastic,4204050,4.44,10.23,8.749,7.754,32
data/split/train/FAMILY-43/CHILD/FM043_C1.png,data/train_distorted/distorted/FAMILY-43/CHILD/FM043_C1_local.png,FAMILY-43,CHILD,local,4204051,3.77,7.51,,,
data/split/train/FAMILY-43/CHILD/FM043_C1.png,data/train_distorted/distorted/FAMILY-43/CHILD/FM043_C1_bending.png,FAMILY-43,CHILD,bending,4204052,6.94,11.75,,,
data/split/train/FAMILY-43/CHILD/FM043_C2.png,data/train_distorted/distorted/FAMILY-43/CHILD/FM043_C2_elastic.png,FAMILY-43,CHILD,elastic,4204060,7.83,22.18,14.795,7.057,32
data/split/train/FAMILY-43/CHILD/FM043_C2.png,data/train_distorted/distorted/FAMILY-43/CHILD/FM043_C2_local.png,FAMILY-43,CHILD,local,4204061,3.95,7.93,,,
data/split/train/FAMILY-43/CHILD/FM043_C2.png,data/train_distorted/distorted/FAMILY-43/CHILD/FM043_C2_bending.png,FAMILY-43,CHILD,bending,4204062,4.17,7.39,,,
data/split/train/FAMILY-43/CHILD/FM043_C3.png,data/train_distorted/distorted/FAMILY-43/CHILD/FM043_C3_elastic.png,FAMILY-43,CHILD,elastic,4204070,6.83,17.21,11.789,6.142,32
data/split/train/FAMILY-43/CHILD/FM043_C3.png,data/train_distorted/distorted/FAMILY-43/CHILD/FM043_C3_local.png,FAMILY-43,CHILD,local,4204071,4.08,8.23,,,
data/split/train/FAMILY-43/CHILD/FM043_C3.png,data/train_distorted/distorted/FAMILY-43/CHILD/FM043_C3_bending.png,FAMILY-43,CHILD,bending,4204072,3.45,5.75,,,
data/split/train/FAMILY-43/CHILD/FM043_C4.png,data/train_distorted/distorted/FAMILY-43/CHILD/FM043_C4_elastic.png,FAMILY-43,CHILD,elastic,4204080,8.52,18.63,14.194,5.294,32
data/split/train/FAMILY-43/CHILD/FM043_C4.png,data/train_distorted/distorted/FAMILY-43/CHILD/FM043_C4_local.png,FAMILY-43,CHILD,local,4204081,2.93,7.75,,,
data/split/train/FAMILY-43/CHILD/FM043_C4.png,data/train_distorted/distorted/FAMILY-43/CHILD/FM043_C4_bending.png,FAMILY-43,CHILD,bending,4204082,4.03,7.25,,,
data/split/train/FAMILY-43/CHILD/FM043_C5.png,data/train_distorted/distorted/FAMILY-43/CHILD/FM043_C5_elastic.png,FAMILY-43,CHILD,elastic,4204090,4.64,12.19,8.002,6.126,32
data/split/train/FAMILY-43/CHILD/FM043_C5.png,data/train_distorted/distorted/FAMILY-43/CHILD/FM043_C5_local.png,FAMILY-43,CHILD,local,4204091,2.86,6.13,,,
data/split/train/FAMILY-43/CHILD/FM043_C5.png,data/train_distorted/distorted/FAMILY-43/CHILD/FM043_C5_bending.png,FAMILY-43,CHILD,bending,4204092,4.86,8.57,,,
data/split/train/FAMILY-43/FATHER/FM043_F1.png,data/train_distorted/distorted/FAMILY-43/FATHER/FM043_F1_elastic.png,FAMILY-43,FATHER,elastic,4204100,6.78,15.29,12.424,7.819,32
data/split/train/FAMILY-43/FATHER/FM043_F1.png,data/train_distorted/distorted/FAMILY-43/FATHER/FM043_F1_local.png,FAMILY-43,FATHER,local,4204101,4.85,9.02,,,
data/split/train/FAMILY-43/FATHER/FM043_F1.png,data/train_distorted/distorted/FAMILY-43/FATHER/FM043_F1_bending.png,FAMILY-43,FATHER,bending,4204102,5.04,9.29,,,
data/split/train/FAMILY-43/FATHER/FM043_F2.png,data/train_distorted/distorted/FAMILY-43/FATHER/FM043_F2_elastic.png,FAMILY-43,FATHER,elastic,4204110,5.43,12.87,9.819,6.361,32
data/split/train/FAMILY-43/FATHER/FM043_F2.png,data/train_distorted/distorted/FAMILY-43/FATHER/FM043_F2_local.png,FAMILY-43,FATHER,local,4204111,3.51,7.97,,,
data/split/train/FAMILY-43/FATHER/FM043_F2.png,data/train_distorted/distorted/FAMILY-43/FATHER/FM043_F2_bending.png,FAMILY-43,FATHER,bending,4204112,6.87,12.4,,,
data/split/train/FAMILY-43/FATHER/FM043_F3.png,data/train_distorted/distorted/FAMILY-43/FATHER/FM043_F3_elastic.png,FAMILY-43,FATHER,elastic,4204120,6.67,18.77,13.498,6.456,32
data/split/train/FAMILY-43/FATHER/FM043_F3.png,data/train_distorted/distorted/FAMILY-43/FATHER/FM043_F3_local.png,FAMILY-43,FATHER,local,4204121,5.3,11.22,,,
data/split/train/FAMILY-43/FATHER/FM043_F3.png,data/train_distorted/distorted/FAMILY-43/FATHER/FM043_F3_bending.png,FAMILY-43,FATHER,bending,4204122,5.09,8.82,,,
data/split/train/FAMILY-43/FATHER/FM043_F4.png,data/train_distorted/distorted/FAMILY-43/FATHER/FM043_F4_elastic.png,FAMILY-43,FATHER,elastic,4204130,8.96,21.95,15.018,6.896,32
data/split/train/FAMILY-43/FATHER/FM043_F4.png,data/train_distorted/distorted/FAMILY-43/FATHER/FM043_F4_local.png,FAMILY-43,FATHER,local,4204131,5.22,10.44,,,
data/split/train/FAMILY-43/FATHER/FM043_F4.png,data/train_distorted/distorted/FAMILY-43/FATHER/FM043_F4_bending.png,FAMILY-43,FATHER,bending,4204132,5.73,9.79,,,
data/split/train/FAMILY-43/FATHER/FM043_F5.png,data/train_distorted/distorted/FAMILY-43/FATHER/FM043_F5_elastic.png,FAMILY-43,FATHER,elastic,4204140,8.28,19.9,15.747,7.503,32
data/split/train/FAMILY-43/FATHER/FM043_F5.png,data/train_distorted/distorted/FAMILY-43/FATHER/FM043_F5_local.png,FAMILY-43,FATHER,local,4204141,3.33,6.78,,,
data/split/train/FAMILY-43/FATHER/FM043_F5.png,data/train_distorted/distorted/FAMILY-43/FATHER/FM043_F5_bending.png,FAMILY-43,FATHER,bending,4204142,3.75,6.88,,,
data/split/train/FAMILY-43/MOTHER/FM043_M1.png,data/train_distorted/distorted/FAMILY-43/MOTHER/FM043_M1_elastic.png,FAMILY-43,MOTHER,elastic,4204150,8.99,23.61,15.231,5.785,32
data/split/train/FAMILY-43/MOTHER/FM043_M1.png,data/train_distorted/distorted/FAMILY-43/MOTHER/FM043_M1_local.png,FAMILY-43,MOTHER,local,4204151,3.02,7.62,,,
data/split/train/FAMILY-43/MOTHER/FM043_M1.png,data/train_distorted/distorted/FAMILY-43/MOTHER/FM043_M1_bending.png,FAMILY-43,MOTHER,bending,4204152,6.36,10.6,,,
data/split/train/FAMILY-43/MOTHER/FM043_M2.png,data/train_distorted/distorted/FAMILY-43/MOTHER/FM043_M2_elastic.png,FAMILY-43,MOTHER,elastic,4204160,6.94,18.64,12.79,6.67,32
data/split/train/FAMILY-43/MOTHER/FM043_M2.png,data/train_distorted/distorted/FAMILY-43/MOTHER/FM043_M2_local.png,FAMILY-43,MOTHER,local,4204161,2.74,6.78,,,
data/split/train/FAMILY-43/MOTHER/FM043_M2.png,data/train_distorted/distorted/FAMILY-43/MOTHER/FM043_M2_bending.png,FAMILY-43,MOTHER,bending,4204162,6.16,11.16,,,
data/split/train/FAMILY-43/MOTHER/FM043_M3.png,data/train_distorted/distorted/FAMILY-43/MOTHER/FM043_M3_elastic.png,FAMILY-43,MOTHER,elastic,4204170,5.0,12.74,9.486,7.791,32
data/split/train/FAMILY-43/MOTHER/FM043_M3.png,data/train_distorted/distorted/FAMILY-43/MOTHER/FM043_M3_local.png,FAMILY-43,MOTHER,local,4204171,2.97,6.5,,,
data/split/train/FAMILY-43/MOTHER/FM043_M3.png,data/train_distorted/distorted/FAMILY-43/MOTHER/FM043_M3_bending.png,FAMILY-43,MOTHER,bending,4204172,7.16,12.83,,,
data/split/train/FAMILY-43/MOTHER/FM043_M4.png,data/train_distorted/distorted/FAMILY-43/MOTHER/FM043_M4_elastic.png,FAMILY-43,MOTHER,elastic,4204180,7.43,19.65,12.885,7.39,32
data/split/train/FAMILY-43/MOTHER/FM043_M4.png,data/train_distorted/distorted/FAMILY-43/MOTHER/FM043_M4_local.png,FAMILY-43,MOTHER,local,4204181,5.26,12.07,,,
data/split/train/FAMILY-43/MOTHER/FM043_M4.png,data/train_distorted/distorted/FAMILY-43/MOTHER/FM043_M4_bending.png,FAMILY-43,MOTHER,bending,4204182,5.27,9.71,,,
data/split/train/FAMILY-43/MOTHER/FM043_M5.png,data/train_distorted/distorted/FAMILY-43/MOTHER/FM043_M5_elastic.png,FAMILY-43,MOTHER,elastic,4204190,5.01,11.08,8.602,5.874,32
data/split/train/FAMILY-43/MOTHER/FM043_M5.png,data/train_distorted/distorted/FAMILY-43/MOTHER/FM043_M5_local.png,FAMILY-43,MOTHER,local,4204191,2.79,5.24,,,
data/split/train/FAMILY-43/MOTHER/FM043_M5.png,data/train_distorted/distorted/FAMILY-43/MOTHER/FM043_M5_bending.png,FAMILY-43,MOTHER,bending,4204192,6.34,11.36,,,
data/split/train/FAMILY-44/CHILD/FM044_C1.png,data/train_distorted/distorted/FAMILY-44/CHILD/FM044_C1_elastic.png,FAMILY-44,CHILD,elastic,4204200,5.69,16.51,9.583,5.372,32
data/split/train/FAMILY-44/CHILD/FM044_C1.png,data/train_distorted/distorted/FAMILY-44/CHILD/FM044_C1_local.png,FAMILY-44,CHILD,local,4204201,4.3,9.11,,,
data/split/train/FAMILY-44/CHILD/FM044_C1.png,data/train_distorted/distorted/FAMILY-44/CHILD/FM044_C1_bending.png,FAMILY-44,CHILD,bending,4204202,3.95,6.99,,,
data/split/train/FAMILY-44/CHILD/FM044_C2.png,data/train_distorted/distorted/FAMILY-44/CHILD/FM044_C2_elastic.png,FAMILY-44,CHILD,elastic,4204210,5.27,14.01,9.613,5.21,32
data/split/train/FAMILY-44/CHILD/FM044_C2.png,data/train_distorted/distorted/FAMILY-44/CHILD/FM044_C2_local.png,FAMILY-44,CHILD,local,4204211,3.46,8.91,,,
data/split/train/FAMILY-44/CHILD/FM044_C2.png,data/train_distorted/distorted/FAMILY-44/CHILD/FM044_C2_bending.png,FAMILY-44,CHILD,bending,4204212,4.47,7.78,,,
data/split/train/FAMILY-44/CHILD/FM044_C3.png,data/train_distorted/distorted/FAMILY-44/CHILD/FM044_C3_elastic.png,FAMILY-44,CHILD,elastic,4204220,5.44,17.55,10.821,6.711,32
data/split/train/FAMILY-44/CHILD/FM044_C3.png,data/train_distorted/distorted/FAMILY-44/CHILD/FM044_C3_local.png,FAMILY-44,CHILD,local,4204221,2.55,5.86,,,
data/split/train/FAMILY-44/CHILD/FM044_C3.png,data/train_distorted/distorted/FAMILY-44/CHILD/FM044_C3_bending.png,FAMILY-44,CHILD,bending,4204222,5.23,9.33,,,
data/split/train/FAMILY-44/CHILD/FM044_C4.png,data/train_distorted/distorted/FAMILY-44/CHILD/FM044_C4_elastic.png,FAMILY-44,CHILD,elastic,4204230,7.85,18.78,13.765,6.624,32
data/split/train/FAMILY-44/CHILD/FM044_C4.png,data/train_distorted/distorted/FAMILY-44/CHILD/FM044_C4_local.png,FAMILY-44,CHILD,local,4204231,4.5,8.72,,,
data/split/train/FAMILY-44/CHILD/FM044_C4.png,data/train_distorted/distorted/FAMILY-44/CHILD/FM044_C4_bending.png,FAMILY-44,CHILD,bending,4204232,4.81,8.7,,,
data/split/train/FAMILY-44/CHILD/FM044_C5.png,data/train_distorted/distorted/FAMILY-44/CHILD/FM044_C5_elastic.png,FAMILY-44,CHILD,elastic,4204240,5.13,12.64,9.575,5.727,32
data/split/train/FAMILY-44/CHILD/FM044_C5.png,data/train_distorted/distorted/FAMILY-44/CHILD/FM044_C5_local.png,FAMILY-44,CHILD,local,4204241,5.12,12.53,,,
data/split/train/FAMILY-44/CHILD/FM044_C5.png,data/train_distorted/distorted/FAMILY-44/CHILD/FM044_C5_bending.png,FAMILY-44,CHILD,bending,4204242,5.42,9.81,,,
data/split/train/FAMILY-44/FATHER/FM044_F1.png,data/train_distorted/distorted/FAMILY-44/FATHER/FM044_F1_elastic.png,FAMILY-44,FATHER,elastic,4204250,7.23,17.72,12.501,7.174,32
data/split/train/FAMILY-44/FATHER/FM044_F1.png,data/train_distorted/distorted/FAMILY-44/FATHER/FM044_F1_local.png,FAMILY-44,FATHER,local,4204251,3.18,6.63,,,
data/split/train/FAMILY-44/FATHER/FM044_F1.png,data/train_distorted/distorted/FAMILY-44/FATHER/FM044_F1_bending.png,FAMILY-44,FATHER,bending,4204252,6.64,11.53,,,
data/split/train/FAMILY-44/FATHER/FM044_F2.png,data/train_distorted/distorted/FAMILY-44/FATHER/FM044_F2_elastic.png,FAMILY-44,FATHER,elastic,4204260,8.21,23.7,14.371,6.72,32
data/split/train/FAMILY-44/FATHER/FM044_F2.png,data/train_distorted/distorted/FAMILY-44/FATHER/FM044_F2_local.png,FAMILY-44,FATHER,local,4204261,2.88,6.59,,,
data/split/train/FAMILY-44/FATHER/FM044_F2.png,data/train_distorted/distorted/FAMILY-44/FATHER/FM044_F2_bending.png,FAMILY-44,FATHER,bending,4204262,5.18,9.45,,,
data/split/train/FAMILY-44/FATHER/FM044_F3.png,data/train_distorted/distorted/FAMILY-44/FATHER/FM044_F3_elastic.png,FAMILY-44,FATHER,elastic,4204270,7.45,18.99,14.23,6.929,32
data/split/train/FAMILY-44/FATHER/FM044_F3.png,data/train_distorted/distorted/FAMILY-44/FATHER/FM044_F3_local.png,FAMILY-44,FATHER,local,4204271,4.33,10.12,,,
data/split/train/FAMILY-44/FATHER/FM044_F3.png,data/train_distorted/distorted/FAMILY-44/FATHER/FM044_F3_bending.png,FAMILY-44,FATHER,bending,4204272,6.75,11.7,,,
data/split/train/FAMILY-44/FATHER/FM044_F4.png,data/train_distorted/distorted/FAMILY-44/FATHER/FM044_F4_elastic.png,FAMILY-44,FATHER,elastic,4204280,5.72,13.6,10.011,5.901,32
data/split/train/FAMILY-44/FATHER/FM044_F4.png,data/train_distorted/distorted/FAMILY-44/FATHER/FM044_F4_local.png,FAMILY-44,FATHER,local,4204281,3.17,6.59,,,
data/split/train/FAMILY-44/FATHER/FM044_F4.png,data/train_distorted/distorted/FAMILY-44/FATHER/FM044_F4_bending.png,FAMILY-44,FATHER,bending,4204282,3.83,6.6,,,
data/split/train/FAMILY-44/FATHER/FM044_F5.png,data/train_distorted/distorted/FAMILY-44/FATHER/FM044_F5_elastic.png,FAMILY-44,FATHER,elastic,4204290,7.89,19.24,14.427,7.159,32
data/split/train/FAMILY-44/FATHER/FM044_F5.png,data/train_distorted/distorted/FAMILY-44/FATHER/FM044_F5_local.png,FAMILY-44,FATHER,local,4204291,2.45,6.38,,,
data/split/train/FAMILY-44/FATHER/FM044_F5.png,data/train_distorted/distorted/FAMILY-44/FATHER/FM044_F5_bending.png,FAMILY-44,FATHER,bending,4204292,6.77,11.42,,,
data/split/train/FAMILY-44/MOTHER/FM044_M1.png,data/train_distorted/distorted/FAMILY-44/MOTHER/FM044_M1_elastic.png,FAMILY-44,MOTHER,elastic,4204300,5.65,17.06,10.121,5.175,32
data/split/train/FAMILY-44/MOTHER/FM044_M1.png,data/train_distorted/distorted/FAMILY-44/MOTHER/FM044_M1_local.png,FAMILY-44,MOTHER,local,4204301,2.46,4.77,,,
data/split/train/FAMILY-44/MOTHER/FM044_M1.png,data/train_distorted/distorted/FAMILY-44/MOTHER/FM044_M1_bending.png,FAMILY-44,MOTHER,bending,4204302,4.48,7.81,,,
data/split/train/FAMILY-44/MOTHER/FM044_M2.png,data/train_distorted/distorted/FAMILY-44/MOTHER/FM044_M2_elastic.png,FAMILY-44,MOTHER,elastic,4204310,8.14,21.05,14.771,6.737,32
data/split/train/FAMILY-44/MOTHER/FM044_M2.png,data/train_distorted/distorted/FAMILY-44/MOTHER/FM044_M2_local.png,FAMILY-44,MOTHER,local,4204311,3.44,7.8,,,
data/split/train/FAMILY-44/MOTHER/FM044_M2.png,data/train_distorted/distorted/FAMILY-44/MOTHER/FM044_M2_bending.png,FAMILY-44,MOTHER,bending,4204312,6.86,12.01,,,
data/split/train/FAMILY-44/MOTHER/FM044_M3.png,data/train_distorted/distorted/FAMILY-44/MOTHER/FM044_M3_elastic.png,FAMILY-44,MOTHER,elastic,4204320,5.42,14.29,10.276,6.535,32
data/split/train/FAMILY-44/MOTHER/FM044_M3.png,data/train_distorted/distorted/FAMILY-44/MOTHER/FM044_M3_local.png,FAMILY-44,MOTHER,local,4204321,2.66,5.81,,,
data/split/train/FAMILY-44/MOTHER/FM044_M3.png,data/train_distorted/distorted/FAMILY-44/MOTHER/FM044_M3_bending.png,FAMILY-44,MOTHER,bending,4204322,5.6,10.01,,,
data/split/train/FAMILY-44/MOTHER/FM044_M4.png,data/train_distorted/distorted/FAMILY-44/MOTHER/FM044_M4_elastic.png,FAMILY-44,MOTHER,elastic,4204330,6.88,16.93,13.395,6.552,32
data/split/train/FAMILY-44/MOTHER/FM044_M4.png,data/train_distorted/distorted/FAMILY-44/MOTHER/FM044_M4_local.png,FAMILY-44,MOTHER,local,4204331,2.85,6.86,,,
data/split/train/FAMILY-44/MOTHER/FM044_M4.png,data/train_distorted/distorted/FAMILY-44/MOTHER/FM044_M4_bending.png,FAMILY-44,MOTHER,bending,4204332,6.78,11.86,,,
data/split/train/FAMILY-44/MOTHER/FM044_M5.png,data/train_distorted/distorted/FAMILY-44/MOTHER/FM044_M5_elastic.png,FAMILY-44,MOTHER,elastic,4204340,7.37,18.56,13.386,6.039,32
data/split/train/FAMILY-44/MOTHER/FM044_M5.png,data/train_distorted/distorted/FAMILY-44/MOTHER/FM044_M5_local.png,FAMILY-44,MOTHER,local,4204341,2.91,6.6,,,
data/split/train/FAMILY-44/MOTHER/FM044_M5.png,data/train_distorted/distorted/FAMILY-44/MOTHER/FM044_M5_bending.png,FAMILY-44,MOTHER,bending,4204342,6.82,11.75,,,
data/split/train/FAMILY-46/CHILD/FM046_C1.png,data/train_distorted/distorted/FAMILY-46/CHILD/FM046_C1_elastic.png,FAMILY-46,CHILD,elastic,4204350,6.97,18.33,12.526,5.52,32
data/split/train/FAMILY-46/CHILD/FM046_C1.png,data/train_distorted/distorted/FAMILY-46/CHILD/FM046_C1_local.png,FAMILY-46,CHILD,local,4204351,4.57,11.19,,,
data/split/train/FAMILY-46/CHILD/FM046_C1.png,data/train_distorted/distorted/FAMILY-46/CHILD/FM046_C1_bending.png,FAMILY-46,CHILD,bending,4204352,3.54,5.95,,,
data/split/train/FAMILY-46/CHILD/FM046_C2.png,data/train_distorted/distorted/FAMILY-46/CHILD/FM046_C2_elastic.png,FAMILY-46,CHILD,elastic,4204360,4.54,10.53,8.199,5.642,32
data/split/train/FAMILY-46/CHILD/FM046_C2.png,data/train_distorted/distorted/FAMILY-46/CHILD/FM046_C2_local.png,FAMILY-46,CHILD,local,4204361,2.17,4.98,,,
data/split/train/FAMILY-46/CHILD/FM046_C2.png,data/train_distorted/distorted/FAMILY-46/CHILD/FM046_C2_bending.png,FAMILY-46,CHILD,bending,4204362,4.13,7.57,,,
data/split/train/FAMILY-46/CHILD/FM046_C3.png,data/train_distorted/distorted/FAMILY-46/CHILD/FM046_C3_elastic.png,FAMILY-46,CHILD,elastic,4204370,5.82,14.46,10.434,6.165,32
data/split/train/FAMILY-46/CHILD/FM046_C3.png,data/train_distorted/distorted/FAMILY-46/CHILD/FM046_C3_local.png,FAMILY-46,CHILD,local,4204371,3.43,8.64,,,
data/split/train/FAMILY-46/CHILD/FM046_C3.png,data/train_distorted/distorted/FAMILY-46/CHILD/FM046_C3_bending.png,FAMILY-46,CHILD,bending,4204372,6.35,10.57,,,
data/split/train/FAMILY-46/CHILD/FM046_C4.png,data/train_distorted/distorted/FAMILY-46/CHILD/FM046_C4_elastic.png,FAMILY-46,CHILD,elastic,4204380,7.65,17.15,14.221,6.707,32
data/split/train/FAMILY-46/CHILD/FM046_C4.png,data/train_distorted/distorted/FAMILY-46/CHILD/FM046_C4_local.png,FAMILY-46,CHILD,local,4204381,2.26,5.26,,,
data/split/train/FAMILY-46/CHILD/FM046_C4.png,data/train_distorted/distorted/FAMILY-46/CHILD/FM046_C4_bending.png,FAMILY-46,CHILD,bending,4204382,6.31,11.48,,,
data/split/train/FAMILY-46/CHILD/FM046_C5.png,data/train_distorted/distorted/FAMILY-46/CHILD/FM046_C5_elastic.png,FAMILY-46,CHILD,elastic,4204390,7.9,17.45,14.873,7.992,32
data/split/train/FAMILY-46/CHILD/FM046_C5.png,data/train_distorted/distorted/FAMILY-46/CHILD/FM046_C5_local.png,FAMILY-46,CHILD,local,4204391,2.64,6.06,,,
data/split/train/FAMILY-46/CHILD/FM046_C5.png,data/train_distorted/distorted/FAMILY-46/CHILD/FM046_C5_bending.png,FAMILY-46,CHILD,bending,4204392,6.84,11.58,,,
data/split/train/FAMILY-46/FATHER/FM046_F1.png,data/train_distorted/distorted/FAMILY-46/FATHER/FM046_F1_elastic.png,FAMILY-46,FATHER,elastic,4204400,6.2,16.35,10.296,5.058,32
data/split/train/FAMILY-46/FATHER/FM046_F1.png,data/train_distorted/distorted/FAMILY-46/FATHER/FM046_F1_local.png,FAMILY-46,FATHER,local,4204401,2.41,5.68,,,
data/split/train/FAMILY-46/FATHER/FM046_F1.png,data/train_distorted/distorted/FAMILY-46/FATHER/FM046_F1_bending.png,FAMILY-46,FATHER,bending,4204402,7.01,11.68,,,
data/split/train/FAMILY-46/FATHER/FM046_F2.png,data/train_distorted/distorted/FAMILY-46/FATHER/FM046_F2_elastic.png,FAMILY-46,FATHER,elastic,4204410,8.51,20.02,14.713,5.578,32
data/split/train/FAMILY-46/FATHER/FM046_F2.png,data/train_distorted/distorted/FAMILY-46/FATHER/FM046_F2_local.png,FAMILY-46,FATHER,local,4204411,3.86,7.69,,,
data/split/train/FAMILY-46/FATHER/FM046_F2.png,data/train_distorted/distorted/FAMILY-46/FATHER/FM046_F2_bending.png,FAMILY-46,FATHER,bending,4204412,5.3,9.6,,,
data/split/train/FAMILY-46/FATHER/FM046_F3.png,data/train_distorted/distorted/FAMILY-46/FATHER/FM046_F3_elastic.png,FAMILY-46,FATHER,elastic,4204420,7.77,18.89,14.044,7.826,32
data/split/train/FAMILY-46/FATHER/FM046_F3.png,data/train_distorted/distorted/FAMILY-46/FATHER/FM046_F3_local.png,FAMILY-46,FATHER,local,4204421,3.43,7.32,,,
data/split/train/FAMILY-46/FATHER/FM046_F3.png,data/train_distorted/distorted/FAMILY-46/FATHER/FM046_F3_bending.png,FAMILY-46,FATHER,bending,4204422,6.69,11.16,,,
data/split/train/FAMILY-46/FATHER/FM046_F4.png,data/train_distorted/distorted/FAMILY-46/FATHER/FM046_F4_elastic.png,FAMILY-46,FATHER,elastic,4204430,8.39,19.6,14.815,6.227,32
data/split/train/FAMILY-46/FATHER/FM046_F4.png,data/train_distorted/distorted/FAMILY-46/FATHER/FM046_F4_local.png,FAMILY-46,FATHER,local,4204431,4.01,9.66,,,
data/split/train/FAMILY-46/FATHER/FM046_F4.png,data/train_distorted/distorted/FAMILY-46/FATHER/FM046_F4_bending.png,FAMILY-46,FATHER,bending,4204432,3.31,5.69,,,
data/split/train/FAMILY-46/FATHER/FM046_F5.png,data/train_distorted/distorted/FAMILY-46/FATHER/FM046_F5_elastic.png,FAMILY-46,FATHER,elastic,4204440,7.77,21.9,14.004,5.058,32
data/split/train/FAMILY-46/FATHER/FM046_F5.png,data/train_distorted/distorted/FAMILY-46/FATHER/FM046_F5_local.png,FAMILY-46,FATHER,local,4204441,4.27,10.83,,,
data/split/train/FAMILY-46/FATHER/FM046_F5.png,data/train_distorted/distorted/FAMILY-46/FATHER/FM046_F5_bending.png,FAMILY-46,FATHER,bending,4204442,3.94,7.11,,,
data/split/train/FAMILY-46/MOTHER/FM046_M1.png,data/train_distorted/distorted/FAMILY-46/MOTHER/FM046_M1_elastic.png,FAMILY-46,MOTHER,elastic,4204450,4.94,11.98,8.649,6.866,32
data/split/train/FAMILY-46/MOTHER/FM046_M1.png,data/train_distorted/distorted/FAMILY-46/MOTHER/FM046_M1_local.png,FAMILY-46,MOTHER,local,4204451,5.58,10.69,,,
data/split/train/FAMILY-46/MOTHER/FM046_M1.png,data/train_distorted/distorted/FAMILY-46/MOTHER/FM046_M1_bending.png,FAMILY-46,MOTHER,bending,4204452,3.57,6.38,,,
data/split/train/FAMILY-46/MOTHER/FM046_M2.png,data/train_distorted/distorted/FAMILY-46/MOTHER/FM046_M2_elastic.png,FAMILY-46,MOTHER,elastic,4204460,8.59,20.09,14.6,6.39,32
data/split/train/FAMILY-46/MOTHER/FM046_M2.png,data/train_distorted/distorted/FAMILY-46/MOTHER/FM046_M2_local.png,FAMILY-46,MOTHER,local,4204461,3.9,8.35,,,
data/split/train/FAMILY-46/MOTHER/FM046_M2.png,data/train_distorted/distorted/FAMILY-46/MOTHER/FM046_M2_bending.png,FAMILY-46,MOTHER,bending,4204462,5.78,10.34,,,
data/split/train/FAMILY-46/MOTHER/FM046_M3.png,data/train_distorted/distorted/FAMILY-46/MOTHER/FM046_M3_elastic.png,FAMILY-46,MOTHER,elastic,4204470,7.31,18.14,12.703,5.974,32
data/split/train/FAMILY-46/MOTHER/FM046_M3.png,data/train_distorted/distorted/FAMILY-46/MOTHER/FM046_M3_local.png,FAMILY-46,MOTHER,local,4204471,3.68,8.5,,,
data/split/train/FAMILY-46/MOTHER/FM046_M3.png,data/train_distorted/distorted/FAMILY-46/MOTHER/FM046_M3_bending.png,FAMILY-46,MOTHER,bending,4204472,5.19,9.03,,,
data/split/train/FAMILY-46/MOTHER/FM046_M4.png,data/train_distorted/distorted/FAMILY-46/MOTHER/FM046_M4_elastic.png,FAMILY-46,MOTHER,elastic,4204480,7.75,17.58,12.588,5.79,32
data/split/train/FAMILY-46/MOTHER/FM046_M4.png,data/train_distorted/distorted/FAMILY-46/MOTHER/FM046_M4_local.png,FAMILY-46,MOTHER,local,4204481,4.71,11.02,,,
data/split/train/FAMILY-46/MOTHER/FM046_M4.png,data/train_distorted/distorted/FAMILY-46/MOTHER/FM046_M4_bending.png,FAMILY-46,MOTHER,bending,4204482,3.55,6.09,,,
data/split/train/FAMILY-46/MOTHER/FM046_M5.png,data/train_distorted/distorted/FAMILY-46/MOTHER/FM046_M5_elastic.png,FAMILY-46,MOTHER,elastic,4204490,5.34,12.24,9.66,7.172,32
data/split/train/FAMILY-46/MOTHER/FM046_M5.png,data/train_distorted/distorted/FAMILY-46/MOTHER/FM046_M5_local.png,FAMILY-46,MOTHER,local,4204491,4.04,10.34,,,
data/split/train/FAMILY-46/MOTHER/FM046_M5.png,data/train_distorted/distorted/FAMILY-46/MOTHER/FM046_M5_bending.png,FAMILY-46,MOTHER,bending,4204492,4.25,7.78,,,
data/split/train/FAMILY-47/CHILD/FM047_C1.png,data/train_distorted/distorted/FAMILY-47/CHILD/FM047_C1_elastic.png,FAMILY-47,CHILD,elastic,4204500,5.66,15.17,10.409,7.43,32
data/split/train/FAMILY-47/CHILD/FM047_C1.png,data/train_distorted/distorted/FAMILY-47/CHILD/FM047_C1_local.png,FAMILY-47,CHILD,local,4204501,3.11,6.72,,,
data/split/train/FAMILY-47/CHILD/FM047_C1.png,data/train_distorted/distorted/FAMILY-47/CHILD/FM047_C1_bending.png,FAMILY-47,CHILD,bending,4204502,6.15,10.36,,,
data/split/train/FAMILY-47/CHILD/FM047_C2.png,data/train_distorted/distorted/FAMILY-47/CHILD/FM047_C2_elastic.png,FAMILY-47,CHILD,elastic,4204510,7.11,17.67,14.036,7.541,32
data/split/train/FAMILY-47/CHILD/FM047_C2.png,data/train_distorted/distorted/FAMILY-47/CHILD/FM047_C2_local.png,FAMILY-47,CHILD,local,4204511,5.01,10.76,,,
data/split/train/FAMILY-47/CHILD/FM047_C2.png,data/train_distorted/distorted/FAMILY-47/CHILD/FM047_C2_bending.png,FAMILY-47,CHILD,bending,4204512,4.15,7.55,,,
data/split/train/FAMILY-47/CHILD/FM047_C3.png,data/train_distorted/distorted/FAMILY-47/CHILD/FM047_C3_elastic.png,FAMILY-47,CHILD,elastic,4204520,4.79,14.3,8.859,7.758,32
data/split/train/FAMILY-47/CHILD/FM047_C3.png,data/train_distorted/distorted/FAMILY-47/CHILD/FM047_C3_local.png,FAMILY-47,CHILD,local,4204521,2.39,6.43,,,
data/split/train/FAMILY-47/CHILD/FM047_C3.png,data/train_distorted/distorted/FAMILY-47/CHILD/FM047_C3_bending.png,FAMILY-47,CHILD,bending,4204522,5.91,10.45,,,
data/split/train/FAMILY-47/CHILD/FM047_C4.png,data/train_distorted/distorted/FAMILY-47/CHILD/FM047_C4_elastic.png,FAMILY-47,CHILD,elastic,4204530,8.62,18.94,14.9,6.304,32
data/split/train/FAMILY-47/CHILD/FM047_C4.png,data/train_distorted/distorted/FAMILY-47/CHILD/FM047_C4_local.png,FAMILY-47,CHILD,local,4204531,4.23,8.48,,,
data/split/train/FAMILY-47/CHILD/FM047_C4.png,data/train_distorted/distorted/FAMILY-47/CHILD/FM047_C4_bending.png,FAMILY-47,CHILD,bending,4204532,3.99,6.77,,,
data/split/train/FAMILY-47/CHILD/FM047_C5.png,data/train_distorted/distorted/FAMILY-47/CHILD/FM047_C5_elastic.png,FAMILY-47,CHILD,elastic,4204540,4.7,11.92,8.88,7.554,32
data/split/train/FAMILY-47/CHILD/FM047_C5.png,data/train_distorted/distorted/FAMILY-47/CHILD/FM047_C5_local.png,FAMILY-47,CHILD,local,4204541,4.15,9.59,,,
data/split/train/FAMILY-47/CHILD/FM047_C5.png,data/train_distorted/distorted/FAMILY-47/CHILD/FM047_C5_bending.png,FAMILY-47,CHILD,bending,4204542,3.61,6.12,,,
data/split/train/FAMILY-47/FATHER/FM047_F1.png,data/train_distorted/distorted/FAMILY-47/FATHER/FM047_F1_elastic.png,FAMILY-47,FATHER,elastic,4204550,8.86,22.7,15.503,6.773,32
data/split/train/FAMILY-47/FATHER/FM047_F1.png,data/train_distorted/distorted/FAMILY-47/FATHER/FM047_F1_local.png,FAMILY-47,FATHER,local,4204551,2.63,5.99,,,
data/split/train/FAMILY-47/FATHER/FM047_F1.png,data/train_distorted/distorted/FAMILY-47/FATHER/FM047_F1_bending.png,FAMILY-47,FATHER,bending,4204552,3.93,6.66,,,
data/split/train/FAMILY-47/FATHER/FM047_F2.png,data/train_distorted/distorted/FAMILY-47/FATHER/FM047_F2_elastic.png,FAMILY-47,FATHER,elastic,4204560,5.61,14.12,10.24,7.108,32
data/split/train/FAMILY-47/FATHER/FM047_F2.png,data/train_distorted/distorted/FAMILY-47/FATHER/FM047_F2_local.png,FAMILY-47,FATHER,local,4204561,5.25,9.43,,,
data/split/train/FAMILY-47/FATHER/FM047_F2.png,data/train_distorted/distorted/FAMILY-47/FATHER/FM047_F2_bending.png,FAMILY-47,FATHER,bending,4204562,6.81,12.14,,,
data/split/train/FAMILY-47/FATHER/FM047_F3.png,data/train_distorted/distorted/FAMILY-47/FATHER/FM047_F3_elastic.png,FAMILY-47,FATHER,elastic,4204570,4.24,10.29,8.101,7.256,32
data/split/train/FAMILY-47/FATHER/FM047_F3.png,data/train_distorted/distorted/FAMILY-47/FATHER/FM047_F3_local.png,FAMILY-47,FATHER,local,4204571,4.96,10.27,,,
data/split/train/FAMILY-47/FATHER/FM047_F3.png,data/train_distorted/distorted/FAMILY-47/FATHER/FM047_F3_bending.png,FAMILY-47,FATHER,bending,4204572,6.39,11.58,,,
data/split/train/FAMILY-47/FATHER/FM047_F4.png,data/train_distorted/distorted/FAMILY-47/FATHER/FM047_F4_elastic.png,FAMILY-47,FATHER,elastic,4204580,8.13,21.08,15.907,7.944,32
data/split/train/FAMILY-47/FATHER/FM047_F4.png,data/train_distorted/distorted/FAMILY-47/FATHER/FM047_F4_local.png,FAMILY-47,FATHER,local,4204581,3.75,9.13,,,
data/split/train/FAMILY-47/FATHER/FM047_F4.png,data/train_distorted/distorted/FAMILY-47/FATHER/FM047_F4_bending.png,FAMILY-47,FATHER,bending,4204582,4.2,6.99,,,
data/split/train/FAMILY-47/FATHER/FM047_F5.png,data/train_distorted/distorted/FAMILY-47/FATHER/FM047_F5_elastic.png,FAMILY-47,FATHER,elastic,4204590,6.7,18.4,11.047,6.417,32
data/split/train/FAMILY-47/FATHER/FM047_F5.png,data/train_distorted/distorted/FAMILY-47/FATHER/FM047_F5_local.png,FAMILY-47,FATHER,local,4204591,3.37,8.71,,,
data/split/train/FAMILY-47/FATHER/FM047_F5.png,data/train_distorted/distorted/FAMILY-47/FATHER/FM047_F5_bending.png,FAMILY-47,FATHER,bending,4204592,6.94,12.02,,,
data/split/train/FAMILY-47/MOTHER/FM047_M1.png,data/train_distorted/distorted/FAMILY-47/MOTHER/FM047_M1_elastic.png,FAMILY-47,MOTHER,elastic,4204600,7.18,17.28,13.445,7.474,32
data/split/train/FAMILY-47/MOTHER/FM047_M1.png,data/train_distorted/distorted/FAMILY-47/MOTHER/FM047_M1_local.png,FAMILY-47,MOTHER,local,4204601,4.18,12.08,,,
data/split/train/FAMILY-47/MOTHER/FM047_M1.png,data/train_distorted/distorted/FAMILY-47/MOTHER/FM047_M1_bending.png,FAMILY-47,MOTHER,bending,4204602,3.81,7.01,,,
data/split/train/FAMILY-47/MOTHER/FM047_M2.png,data/train_distorted/distorted/FAMILY-47/MOTHER/FM047_M2_elastic.png,FAMILY-47,MOTHER,elastic,4204610,7.23,20.45,14.058,7.37,32
data/split/train/FAMILY-47/MOTHER/FM047_M2.png,data/train_distorted/distorted/FAMILY-47/MOTHER/FM047_M2_local.png,FAMILY-47,MOTHER,local,4204611,3.26,8.49,,,
data/split/train/FAMILY-47/MOTHER/FM047_M2.png,data/train_distorted/distorted/FAMILY-47/MOTHER/FM047_M2_bending.png,FAMILY-47,MOTHER,bending,4204612,4.0,6.78,,,
data/split/train/FAMILY-47/MOTHER/FM047_M3.png,data/train_distorted/distorted/FAMILY-47/MOTHER/FM047_M3_elastic.png,FAMILY-47,MOTHER,elastic,4204620,7.33,15.97,13.179,7.134,32
data/split/train/FAMILY-47/MOTHER/FM047_M3.png,data/train_distorted/distorted/FAMILY-47/MOTHER/FM047_M3_local.png,FAMILY-47,MOTHER,local,4204621,2.5,6.0,,,
data/split/train/FAMILY-47/MOTHER/FM047_M3.png,data/train_distorted/distorted/FAMILY-47/MOTHER/FM047_M3_bending.png,FAMILY-47,MOTHER,bending,4204622,6.23,11.45,,,
data/split/train/FAMILY-47/MOTHER/FM047_M4.png,data/train_distorted/distorted/FAMILY-47/MOTHER/FM047_M4_elastic.png,FAMILY-47,MOTHER,elastic,4204630,5.0,12.96,9.424,5.181,32
data/split/train/FAMILY-47/MOTHER/FM047_M4.png,data/train_distorted/distorted/FAMILY-47/MOTHER/FM047_M4_local.png,FAMILY-47,MOTHER,local,4204631,4.6,10.59,,,
data/split/train/FAMILY-47/MOTHER/FM047_M4.png,data/train_distorted/distorted/FAMILY-47/MOTHER/FM047_M4_bending.png,FAMILY-47,MOTHER,bending,4204632,4.26,7.26,,,
data/split/train/FAMILY-47/MOTHER/FM047_M5.png,data/train_distorted/distorted/FAMILY-47/MOTHER/FM047_M5_elastic.png,FAMILY-47,MOTHER,elastic,4204640,9.27,22.62,15.433,5.284,32
data/split/train/FAMILY-47/MOTHER/FM047_M5.png,data/train_distorted/distorted/FAMILY-47/MOTHER/FM047_M5_local.png,FAMILY-47,MOTHER,local,4204641,4.28,8.55,,,
data/split/train/FAMILY-47/MOTHER/FM047_M5.png,data/train_distorted/distorted/FAMILY-47/MOTHER/FM047_M5_bending.png,FAMILY-47,MOTHER,bending,4204642,3.7,6.79,,,
data/split/train/FAMILY-49/CHILD/FM049_C1.png,data/train_distorted/distorted/FAMILY-49/CHILD/FM049_C1_elastic.png,FAMILY-49,CHILD,elastic,4204650,5.73,13.55,10.703,5.99,32
data/split/train/FAMILY-49/CHILD/FM049_C1.png,data/train_distorted/distorted/FAMILY-49/CHILD/FM049_C1_local.png,FAMILY-49,CHILD,local,4204651,3.54,7.28,,,
data/split/train/FAMILY-49/CHILD/FM049_C1.png,data/train_distorted/distorted/FAMILY-49/CHILD/FM049_C1_bending.png,FAMILY-49,CHILD,bending,4204652,7.29,13.32,,,
data/split/train/FAMILY-49/CHILD/FM049_C2.png,data/train_distorted/distorted/FAMILY-49/CHILD/FM049_C2_elastic.png,FAMILY-49,CHILD,elastic,4204660,6.19,15.51,10.538,5.093,32
data/split/train/FAMILY-49/CHILD/FM049_C2.png,data/train_distorted/distorted/FAMILY-49/CHILD/FM049_C2_local.png,FAMILY-49,CHILD,local,4204661,2.98,5.9,,,
data/split/train/FAMILY-49/CHILD/FM049_C2.png,data/train_distorted/distorted/FAMILY-49/CHILD/FM049_C2_bending.png,FAMILY-49,CHILD,bending,4204662,3.34,5.68,,,
data/split/train/FAMILY-49/CHILD/FM049_C3.png,data/train_distorted/distorted/FAMILY-49/CHILD/FM049_C3_elastic.png,FAMILY-49,CHILD,elastic,4204670,5.28,13.79,9.244,6.557,32
data/split/train/FAMILY-49/CHILD/FM049_C3.png,data/train_distorted/distorted/FAMILY-49/CHILD/FM049_C3_local.png,FAMILY-49,CHILD,local,4204671,3.92,9.81,,,
data/split/train/FAMILY-49/CHILD/FM049_C3.png,data/train_distorted/distorted/FAMILY-49/CHILD/FM049_C3_bending.png,FAMILY-49,CHILD,bending,4204672,6.23,10.89,,,
data/split/train/FAMILY-49/CHILD/FM049_C4.png,data/train_distorted/distorted/FAMILY-49/CHILD/FM049_C4_elastic.png,FAMILY-49,CHILD,elastic,4204680,7.02,17.98,12.442,7.335,32
data/split/train/FAMILY-49/CHILD/FM049_C4.png,data/train_distorted/distorted/FAMILY-49/CHILD/FM049_C4_local.png,FAMILY-49,CHILD,local,4204681,5.14,9.89,,,
data/split/train/FAMILY-49/CHILD/FM049_C4.png,data/train_distorted/distorted/FAMILY-49/CHILD/FM049_C4_bending.png,FAMILY-49,CHILD,bending,4204682,3.45,5.83,,,
data/split/train/FAMILY-49/CHILD/FM049_C5.png,data/train_distorted/distorted/FAMILY-49/CHILD/FM049_C5_elastic.png,FAMILY-49,CHILD,elastic,4204690,7.92,19.01,13.998,5.335,32
data/split/train/FAMILY-49/CHILD/FM049_C5.png,data/train_distorted/distorted/FAMILY-49/CHILD/FM049_C5_local.png,FAMILY-49,CHILD,local,4204691,3.26,8.43,,,
data/split/train/FAMILY-49/CHILD/FM049_C5.png,data/train_distorted/distorted/FAMILY-49/CHILD/FM049_C5_bending.png,FAMILY-49,CHILD,bending,4204692,4.32,7.93,,,
data/split/train/FAMILY-49/FATHER/FM049_F1.png,data/train_distorted/distorted/FAMILY-49/FATHER/FM049_F1_elastic.png,FAMILY-49,FATHER,elastic,4204700,7.08,20.11,12.328,5.949,32
data/split/train/FAMILY-49/FATHER/FM049_F1.png,data/train_distorted/distorted/FAMILY-49/FATHER/FM049_F1_local.png,FAMILY-49,FATHER,local,4204701,4.37,10.26,,,
data/split/train/FAMILY-49/FATHER/FM049_F1.png,data/train_distorted/distorted/FAMILY-49/FATHER/FM049_F1_bending.png,FAMILY-49,FATHER,bending,4204702,4.82,8.11,,,
data/split/train/FAMILY-49/FATHER/FM049_F2.png,data/train_distorted/distorted/FAMILY-49/FATHER/FM049_F2_elastic.png,FAMILY-49,FATHER,elastic,4204710,6.6,17.51,11.83,6.213,32
data/split/train/FAMILY-49/FATHER/FM049_F2.png,data/train_distorted/distorted/FAMILY-49/FATHER/FM049_F2_local.png,FAMILY-49,FATHER,local,4204711,5.13,11.21,,,
data/split/train/FAMILY-49/FATHER/FM049_F2.png,data/train_distorted/distorted/FAMILY-49/FATHER/FM049_F2_bending.png,FAMILY-49,FATHER,bending,4204712,5.79,10.68,,,
data/split/train/FAMILY-49/FATHER/FM049_F3.png,data/train_distorted/distorted/FAMILY-49/FATHER/FM049_F3_elastic.png,FAMILY-49,FATHER,elastic,4204720,6.58,15.06,11.101,5.886,32
data/split/train/FAMILY-49/FATHER/FM049_F3.png,data/train_distorted/distorted/FAMILY-49/FATHER/FM049_F3_local.png,FAMILY-49,FATHER,local,4204721,4.52,10.75,,,
data/split/train/FAMILY-49/FATHER/FM049_F3.png,data/train_distorted/distorted/FAMILY-49/FATHER/FM049_F3_bending.png,FAMILY-49,FATHER,bending,4204722,6.08,10.42,,,
data/split/train/FAMILY-49/FATHER/FM049_F4.png,data/train_distorted/distorted/FAMILY-49/FATHER/FM049_F4_elastic.png,FAMILY-49,FATHER,elastic,4204730,8.12,21.64,14.268,5.323,32
data/split/train/FAMILY-49/FATHER/FM049_F4.png,data/train_distorted/distorted/FAMILY-49/FATHER/FM049_F4_local.png,FAMILY-49,FATHER,local,4204731,3.91,9.68,,,
data/split/train/FAMILY-49/FATHER/FM049_F4.png,data/train_distorted/distorted/FAMILY-49/FATHER/FM049_F4_bending.png,FAMILY-49,FATHER,bending,4204732,5.53,9.98,,,
data/split/train/FAMILY-49/FATHER/FM049_F5.png,data/train_distorted/distorted/FAMILY-49/FATHER/FM049_F5_elastic.png,FAMILY-49,FATHER,elastic,4204740,7.79,19.58,15.031,7.862,32
data/split/train/FAMILY-49/FATHER/FM049_F5.png,data/train_distorted/distorted/FAMILY-49/FATHER/FM049_F5_local.png,FAMILY-49,FATHER,local,4204741,3.62,7.29,,,
data/split/train/FAMILY-49/FATHER/FM049_F5.png,data/train_distorted/distorted/FAMILY-49/FATHER/FM049_F5_bending.png,FAMILY-49,FATHER,bending,4204742,3.96,7.22,,,
data/split/train/FAMILY-49/MOTHER/FM049_M1.png,data/train_distorted/distorted/FAMILY-49/MOTHER/FM049_M1_elastic.png,FAMILY-49,MOTHER,elastic,4204750,5.44,12.72,9.484,6.026,32
data/split/train/FAMILY-49/MOTHER/FM049_M1.png,data/train_distorted/distorted/FAMILY-49/MOTHER/FM049_M1_local.png,FAMILY-49,MOTHER,local,4204751,3.04,6.99,,,
data/split/train/FAMILY-49/MOTHER/FM049_M1.png,data/train_distorted/distorted/FAMILY-49/MOTHER/FM049_M1_bending.png,FAMILY-49,MOTHER,bending,4204752,3.82,6.66,,,
data/split/train/FAMILY-49/MOTHER/FM049_M2.png,data/train_distorted/distorted/FAMILY-49/MOTHER/FM049_M2_elastic.png,FAMILY-49,MOTHER,elastic,4204760,5.84,17.31,12.031,7.152,32
data/split/train/FAMILY-49/MOTHER/FM049_M2.png,data/train_distorted/distorted/FAMILY-49/MOTHER/FM049_M2_local.png,FAMILY-49,MOTHER,local,4204761,3.51,7.6,,,
data/split/train/FAMILY-49/MOTHER/FM049_M2.png,data/train_distorted/distorted/FAMILY-49/MOTHER/FM049_M2_bending.png,FAMILY-49,MOTHER,bending,4204762,7.04,11.93,,,
data/split/train/FAMILY-49/MOTHER/FM049_M3.png,data/train_distorted/distorted/FAMILY-49/MOTHER/FM049_M3_elastic.png,FAMILY-49,MOTHER,elastic,4204770,7.24,20.32,13.061,5.062,32
data/split/train/FAMILY-49/MOTHER/FM049_M3.png,data/train_distorted/distorted/FAMILY-49/MOTHER/FM049_M3_local.png,FAMILY-49,MOTHER,local,4204771,4.76,9.56,,,
data/split/train/FAMILY-49/MOTHER/FM049_M3.png,data/train_distorted/distorted/FAMILY-49/MOTHER/FM049_M3_bending.png,FAMILY-49,MOTHER,bending,4204772,3.48,6.15,,,
data/split/train/FAMILY-49/MOTHER/FM049_M4.png,data/train_distorted/distorted/FAMILY-49/MOTHER/FM049_M4_elastic.png,FAMILY-49,MOTHER,elastic,4204780,8.41,23.35,15.032,6.284,32
data/split/train/FAMILY-49/MOTHER/FM049_M4.png,data/train_distorted/distorted/FAMILY-49/MOTHER/FM049_M4_local.png,FAMILY-49,MOTHER,local,4204781,3.56,8.7,,,
data/split/train/FAMILY-49/MOTHER/FM049_M4.png,data/train_distorted/distorted/FAMILY-49/MOTHER/FM049_M4_bending.png,FAMILY-49,MOTHER,bending,4204782,5.6,9.45,,,
data/split/train/FAMILY-49/MOTHER/FM049_M5.png,data/train_distorted/distorted/FAMILY-49/MOTHER/FM049_M5_elastic.png,FAMILY-49,MOTHER,elastic,4204790,7.83,17.21,13.211,5.059,32
data/split/train/FAMILY-49/MOTHER/FM049_M5.png,data/train_distorted/distorted/FAMILY-49/MOTHER/FM049_M5_local.png,FAMILY-49,MOTHER,local,4204791,3.69,8.68,,,
data/split/train/FAMILY-49/MOTHER/FM049_M5.png,data/train_distorted/distorted/FAMILY-49/MOTHER/FM049_M5_bending.png,FAMILY-49,MOTHER,bending,4204792,5.31,9.54,,,
data/split/train/FAMILY-5/CHILD/FM005_C1.png,data/train_distorted/distorted/FAMILY-5/CHILD/FM005_C1_elastic.png,FAMILY-5,CHILD,elastic,4204800,5.2,10.76,9.086,7.106,32
data/split/train/FAMILY-5/CHILD/FM005_C1.png,data/train_distorted/distorted/FAMILY-5/CHILD/FM005_C1_local.png,FAMILY-5,CHILD,local,4204801,3.08,8.66,,,
data/split/train/FAMILY-5/CHILD/FM005_C1.png,data/train_distorted/distorted/FAMILY-5/CHILD/FM005_C1_bending.png,FAMILY-5,CHILD,bending,4204802,6.73,11.93,,,
data/split/train/FAMILY-5/CHILD/FM005_C2.png,data/train_distorted/distorted/FAMILY-5/CHILD/FM005_C2_elastic.png,FAMILY-5,CHILD,elastic,4204810,8.43,19.61,14.977,5.696,32
data/split/train/FAMILY-5/CHILD/FM005_C2.png,data/train_distorted/distorted/FAMILY-5/CHILD/FM005_C2_local.png,FAMILY-5,CHILD,local,4204811,3.97,10.24,,,
data/split/train/FAMILY-5/CHILD/FM005_C2.png,data/train_distorted/distorted/FAMILY-5/CHILD/FM005_C2_bending.png,FAMILY-5,CHILD,bending,4204812,6.81,11.81,,,
data/split/train/FAMILY-5/CHILD/FM005_C3.png,data/train_distorted/distorted/FAMILY-5/CHILD/FM005_C3_elastic.png,FAMILY-5,CHILD,elastic,4204820,8.18,20.45,14.296,7.683,32
data/split/train/FAMILY-5/CHILD/FM005_C3.png,data/train_distorted/distorted/FAMILY-5/CHILD/FM005_C3_local.png,FAMILY-5,CHILD,local,4204821,3.1,6.6,,,
data/split/train/FAMILY-5/CHILD/FM005_C3.png,data/train_distorted/distorted/FAMILY-5/CHILD/FM005_C3_bending.png,FAMILY-5,CHILD,bending,4204822,3.86,6.42,,,
data/split/train/FAMILY-5/CHILD/FM005_C4.png,data/train_distorted/distorted/FAMILY-5/CHILD/FM005_C4_elastic.png,FAMILY-5,CHILD,elastic,4204830,6.32,14.39,11.319,5.194,32
data/split/train/FAMILY-5/CHILD/FM005_C4.png,data/train_distorted/distorted/FAMILY-5/CHILD/FM005_C4_local.png,FAMILY-5,CHILD,local,4204831,4.46,11.9,,,
data/split/train/FAMILY-5/CHILD/FM005_C4.png,data/train_distorted/distorted/FAMILY-5/CHILD/FM005_C4_bending.png,FAMILY-5,CHILD,bending,4204832,4.27,7.69,,,
data/split/train/FAMILY-5/CHILD/FM005_C5.png,data/train_distorted/distorted/FAMILY-5/CHILD/FM005_C5_elastic.png,FAMILY-5,CHILD,elastic,4204840,6.14,14.98,11.87,6.519,32
data/split/train/FAMILY-5/CHILD/FM005_C5.png,data/train_distorted/distorted/FAMILY-5/CHILD/FM005_C5_local.png,FAMILY-5,CHILD,local,4204841,3.3,7.58,,,
data/split/train/FAMILY-5/CHILD/FM005_C5.png,data/train_distorted/distorted/FAMILY-5/CHILD/FM005_C5_bending.png,FAMILY-5,CHILD,bending,4204842,6.96,12.6,,,
data/split/train/FAMILY-5/FATHER/FM005_F1.png,data/train_distorted/distorted/FAMILY-5/FATHER/FM005_F1_elastic.png,FAMILY-5,FATHER,elastic,4204850,7.07,16.78,11.504,6.452,32
data/split/train/FAMILY-5/FATHER/FM005_F1.png,data/train_distorted/distorted/FAMILY-5/FATHER/FM005_F1_local.png,FAMILY-5,FATHER,local,4204851,2.57,5.91,,,
data/split/train/FAMILY-5/FATHER/FM005_F1.png,data/train_distorted/distorted/FAMILY-5/FATHER/FM005_F1_bending.png,FAMILY-5,FATHER,bending,4204852,4.52,7.52,,,
data/split/train/FAMILY-5/FATHER/FM005_F2.png,data/train_distorted/distorted/FAMILY-5/FATHER/FM005_F2_elastic.png,FAMILY-5,FATHER,elastic,4204860,6.31,14.85,12.194,7.943,32
data/split/train/FAMILY-5/FATHER/FM005_F2.png,data/train_distorted/distorted/FAMILY-5/FATHER/FM005_F2_local.png,FAMILY-5,FATHER,local,4204861,3.46,7.2,,,
data/split/train/FAMILY-5/FATHER/FM005_F2.png,data/train_distorted/distorted/FAMILY-5/FATHER/FM005_F2_bending.png,FAMILY-5,FATHER,bending,4204862,4.38,7.81,,,
data/split/train/FAMILY-5/FATHER/FM005_F3.png,data/train_distorted/distorted/FAMILY-5/FATHER/FM005_F3_elastic.png,FAMILY-5,FATHER,elastic,4204870,7.58,18.4,13.633,7.498,32
data/split/train/FAMILY-5/FATHER/FM005_F3.png,data/train_distorted/distorted/FAMILY-5/FATHER/FM005_F3_local.png,FAMILY-5,FATHER,local,4204871,4.11,8.95,,,
data/split/train/FAMILY-5/FATHER/FM005_F3.png,data/train_distorted/distorted/FAMILY-5/FATHER/FM005_F3_bending.png,FAMILY-5,FATHER,bending,4204872,6.89,11.91,,,
data/split/train/FAMILY-5/FATHER/FM005_F4.png,data/train_distorted/distorted/FAMILY-5/FATHER/FM005_F4_elastic.png,FAMILY-5,FATHER,elastic,4204880,5.96,14.8,10.22,5.78,32
data/split/train/FAMILY-5/FATHER/FM005_F4.png,data/train_distorted/distorted/FAMILY-5/FATHER/FM005_F4_local.png,FAMILY-5,FATHER,local,4204881,2.9,6.51,,,
data/split/train/FAMILY-5/FATHER/FM005_F4.png,data/train_distorted/distorted/FAMILY-5/FATHER/FM005_F4_bending.png,FAMILY-5,FATHER,bending,4204882,4.89,8.23,,,
data/split/train/FAMILY-5/FATHER/FM005_F5.png,data/train_distorted/distorted/FAMILY-5/FATHER/FM005_F5_elastic.png,FAMILY-5,FATHER,elastic,4204890,6.35,15.2,11.326,6.533,32
data/split/train/FAMILY-5/FATHER/FM005_F5.png,data/train_distorted/distorted/FAMILY-5/FATHER/FM005_F5_local.png,FAMILY-5,FATHER,local,4204891,2.53,5.56,,,
data/split/train/FAMILY-5/FATHER/FM005_F5.png,data/train_distorted/distorted/FAMILY-5/FATHER/FM005_F5_bending.png,FAMILY-5,FATHER,bending,4204892,4.0,7.38,,,
data/split/train/FAMILY-5/MOTHER/FM005_M1.png,data/train_distorted/distorted/FAMILY-5/MOTHER/FM005_M1_elastic.png,FAMILY-5,MOTHER,elastic,4204900,6.4,16.17,11.637,6.345,32
data/split/train/FAMILY-5/MOTHER/FM005_M1.png,data/train_distorted/distorted/FAMILY-5/MOTHER/FM005_M1_local.png,FAMILY-5,MOTHER,local,4204901,4.7,9.71,,,
data/split/train/FAMILY-5/MOTHER/FM005_M1.png,data/train_distorted/distorted/FAMILY-5/MOTHER/FM005_M1_bending.png,FAMILY-5,MOTHER,bending,4204902,5.47,9.64,,,
data/split/train/FAMILY-5/MOTHER/FM005_M2.png,data/train_distorted/distorted/FAMILY-5/MOTHER/FM005_M2_elastic.png,FAMILY-5,MOTHER,elastic,4204910,7.95,16.75,13.305,6.925,32
data/split/train/FAMILY-5/MOTHER/FM005_M2.png,data/train_distorted/distorted/FAMILY-5/MOTHER/FM005_M2_local.png,FAMILY-5,MOTHER,local,4204911,4.32,9.62,,,
data/split/train/FAMILY-5/MOTHER/FM005_M2.png,data/train_distorted/distorted/FAMILY-5/MOTHER/FM005_M2_bending.png,FAMILY-5,MOTHER,bending,4204912,6.66,11.24,,,
data/split/train/FAMILY-5/MOTHER/FM005_M3.png,data/train_distorted/distorted/FAMILY-5/MOTHER/FM005_M3_elastic.png,FAMILY-5,MOTHER,elastic,4204920,7.82,22.88,14.339,5.693,32
data/split/train/FAMILY-5/MOTHER/FM005_M3.png,data/train_distorted/distorted/FAMILY-5/MOTHER/FM005_M3_local.png,FAMILY-5,MOTHER,local,4204921,5.16,12.26,,,
data/split/train/FAMILY-5/MOTHER/FM005_M3.png,data/train_distorted/distorted/FAMILY-5/MOTHER/FM005_M3_bending.png,FAMILY-5,MOTHER,bending,4204922,5.59,9.3,,,
data/split/train/FAMILY-5/MOTHER/FM005_M4.png,data/train_distorted/distorted/FAMILY-5/MOTHER/FM005_M4_elastic.png,FAMILY-5,MOTHER,elastic,4204930,5.63,14.91,10.172,7.989,32
data/split/train/FAMILY-5/MOTHER/FM005_M4.png,data/train_distorted/distorted/FAMILY-5/MOTHER/FM005_M4_local.png,FAMILY-5,MOTHER,local,4204931,4.54,10.82,,,
data/split/train/FAMILY-5/MOTHER/FM005_M4.png,data/train_distorted/distorted/FAMILY-5/MOTHER/FM005_M4_bending.png,FAMILY-5,MOTHER,bending,4204932,7.03,12.11,,,
data/split/train/FAMILY-5/MOTHER/FM005_M5.png,data/train_distorted/distorted/FAMILY-5/MOTHER/FM005_M5_elastic.png,FAMILY-5,MOTHER,elastic,4204940,8.29,20.05,13.759,5.915,32
data/split/train/FAMILY-5/MOTHER/FM005_M5.png,data/train_distorted/distorted/FAMILY-5/MOTHER/FM005_M5_local.png,FAMILY-5,MOTHER,local,4204941,2.96,5.83,,,
data/split/train/FAMILY-5/MOTHER/FM005_M5.png,data/train_distorted/distorted/FAMILY-5/MOTHER/FM005_M5_bending.png,FAMILY-5,MOTHER,bending,4204942,5.84,9.72,,,
data/split/train/FAMILY-51/CHILD/FM051_C1.png,data/train_distorted/distorted/FAMILY-51/CHILD/FM051_C1_elastic.png,FAMILY-51,CHILD,elastic,4204950,4.95,12.69,10.107,6.636,32
data/split/train/FAMILY-51/CHILD/FM051_C1.png,data/train_distorted/distorted/FAMILY-51/CHILD/FM051_C1_local.png,FAMILY-51,CHILD,local,4204951,4.76,9.79,,,
data/split/train/FAMILY-51/CHILD/FM051_C1.png,data/train_distorted/distorted/FAMILY-51/CHILD/FM051_C1_bending.png,FAMILY-51,CHILD,bending,4204952,6.77,12.18,,,
data/split/train/FAMILY-51/CHILD/FM051_C2.png,data/train_distorted/distorted/FAMILY-51/CHILD/FM051_C2_elastic.png,FAMILY-51,CHILD,elastic,4204960,4.76,12.62,9.273,7.197,32
data/split/train/FAMILY-51/CHILD/FM051_C2.png,data/train_distorted/distorted/FAMILY-51/CHILD/FM051_C2_local.png,FAMILY-51,CHILD,local,4204961,2.85,5.85,,,
data/split/train/FAMILY-51/CHILD/FM051_C2.png,data/train_distorted/distorted/FAMILY-51/CHILD/FM051_C2_bending.png,FAMILY-51,CHILD,bending,4204962,5.99,10.94,,,
data/split/train/FAMILY-51/CHILD/FM051_C3.png,data/train_distorted/distorted/FAMILY-51/CHILD/FM051_C3_elastic.png,FAMILY-51,CHILD,elastic,4204970,8.82,18.96,14.871,5.148,32
data/split/train/FAMILY-51/CHILD/FM051_C3.png,data/train_distorted/distorted/FAMILY-51/CHILD/FM051_C3_local.png,FAMILY-51,CHILD,local,4204971,2.58,4.96,,,
data/split/train/FAMILY-51/CHILD/FM051_C3.png,data/train_distorted/distorted/FAMILY-51/CHILD/FM051_C3_bending.png,FAMILY-51,CHILD,bending,4204972,3.4,6.16,,,
data/split/train/FAMILY-51/CHILD/FM051_C4.png,data/train_distorted/distorted/FAMILY-51/CHILD/FM051_C4_elastic.png,FAMILY-51,CHILD,elastic,4204980,5.0,10.67,8.357,5.52,32
data/split/train/FAMILY-51/CHILD/FM051_C4.png,data/train_distorted/distorted/FAMILY-51/CHILD/FM051_C4_local.png,FAMILY-51,CHILD,local,4204981,3.41,6.9,,,
data/split/train/FAMILY-51/CHILD/FM051_C4.png,data/train_distorted/distorted/FAMILY-51/CHILD/FM051_C4_bending.png,FAMILY-51,CHILD,bending,4204982,6.1,10.65,,,
data/split/train/FAMILY-51/CHILD/FM051_C5.png,data/train_distorted/distorted/FAMILY-51/CHILD/FM051_C5_elastic.png,FAMILY-51,CHILD,elastic,4204990,6.97,17.92,11.764,6.008,32
data/split/train/FAMILY-51/CHILD/FM051_C5.png,data/train_distorted/distorted/FAMILY-51/CHILD/FM051_C5_local.png,FAMILY-51,CHILD,local,4204991,3.59,9.59,,,
data/split/train/FAMILY-51/CHILD/FM051_C5.png,data/train_distorted/distorted/FAMILY-51/CHILD/FM051_C5_bending.png,FAMILY-51,CHILD,bending,4204992,3.56,6.57,,,
data/split/train/FAMILY-51/FATHER/FM051_F1.png,data/train_distorted/distorted/FAMILY-51/FATHER/FM051_F1_elastic.png,FAMILY-51,FATHER,elastic,4205000,7.56,18.88,14.265,6.766,32
data/split/train/FAMILY-51/FATHER/FM051_F1.png,data/train_distorted/distorted/FAMILY-51/FATHER/FM051_F1_local.png,FAMILY-51,FATHER,local,4205001,3.78,9.81,,,
data/split/train/FAMILY-51/FATHER/FM051_F1.png,data/train_distorted/distorted/FAMILY-51/FATHER/FM051_F1_bending.png,FAMILY-51,FATHER,bending,4205002,6.82,12.57,,,
data/split/train/FAMILY-51/FATHER/FM051_F2.png,data/train_distorted/distorted/FAMILY-51/FATHER/FM051_F2_elastic.png,FAMILY-51,FATHER,elastic,4205010,5.54,14.04,10.742,7.506,32
data/split/train/FAMILY-51/FATHER/FM051_F2.png,data/train_distorted/distorted/FAMILY-51/FATHER/FM051_F2_local.png,FAMILY-51,FATHER,local,4205011,4.23,9.68,,,
data/split/train/FAMILY-51/FATHER/FM051_F2.png,data/train_distorted/distorted/FAMILY-51/FATHER/FM051_F2_bending.png,FAMILY-51,FATHER,bending,4205012,3.99,6.65,,,
data/split/train/FAMILY-51/FATHER/FM051_F3.png,data/train_distorted/distorted/FAMILY-51/FATHER/FM051_F3_elastic.png,FAMILY-51,FATHER,elastic,4205020,6.78,16.44,12.367,5.012,32
data/split/train/FAMILY-51/FATHER/FM051_F3.png,data/train_distorted/distorted/FAMILY-51/FATHER/FM051_F3_local.png,FAMILY-51,FATHER,local,4205021,5.39,11.07,,,
data/split/train/FAMILY-51/FATHER/FM051_F3.png,data/train_distorted/distorted/FAMILY-51/FATHER/FM051_F3_bending.png,FAMILY-51,FATHER,bending,4205022,4.62,7.71,,,
data/split/train/FAMILY-51/FATHER/FM051_F4.png,data/train_distorted/distorted/FAMILY-51/FATHER/FM051_F4_elastic.png,FAMILY-51,FATHER,elastic,4205030,6.29,18.9,10.862,5.028,32
data/split/train/FAMILY-51/FATHER/FM051_F4.png,data/train_distorted/distorted/FAMILY-51/FATHER/FM051_F4_local.png,FAMILY-51,FATHER,local,4205031,4.05,10.08,,,
data/split/train/FAMILY-51/FATHER/FM051_F4.png,data/train_distorted/distorted/FAMILY-51/FATHER/FM051_F4_bending.png,FAMILY-51,FATHER,bending,4205032,4.18,6.98,,,
data/split/train/FAMILY-51/FATHER/FM051_F5.png,data/train_distorted/distorted/FAMILY-51/FATHER/FM051_F5_elastic.png,FAMILY-51,FATHER,elastic,4205040,6.09,13.43,10.037,5.685,32
data/split/train/FAMILY-51/FATHER/FM051_F5.png,data/train_distorted/distorted/FAMILY-51/FATHER/FM051_F5_local.png,FAMILY-51,FATHER,local,4205041,4.68,10.57,,,
data/split/train/FAMILY-51/FATHER/FM051_F5.png,data/train_distorted/distorted/FAMILY-51/FATHER/FM051_F5_bending.png,FAMILY-51,FATHER,bending,4205042,5.85,9.79,,,
data/split/train/FAMILY-51/MOTHER/FM051_M1.png,data/train_distorted/distorted/FAMILY-51/MOTHER/FM051_M1_elastic.png,FAMILY-51,MOTHER,elastic,4205050,4.8,10.78,8.803,6.037,32
data/split/train/FAMILY-51/MOTHER/FM051_M1.png,data/train_distorted/distorted/FAMILY-51/MOTHER/FM051_M1_local.png,FAMILY-51,MOTHER,local,4205051,3.98,10.69,,,
data/split/train/FAMILY-51/MOTHER/FM051_M1.png,data/train_distorted/distorted/FAMILY-51/MOTHER/FM051_M1_bending.png,FAMILY-51,MOTHER,bending,4205052,4.14,7.48,,,
data/split/train/FAMILY-51/MOTHER/FM051_M2.png,data/train_distorted/distorted/FAMILY-51/MOTHER/FM051_M2_elastic.png,FAMILY-51,MOTHER,elastic,4205060,6.11,14.88,11.06,6.988,32
data/split/train/FAMILY-51/MOTHER/FM051_M2.png,data/train_distorted/distorted/FAMILY-51/MOTHER/FM051_M2_local.png,FAMILY-51,MOTHER,local,4205061,5.11,11.87,,,
data/split/train/FAMILY-51/MOTHER/FM051_M2.png,data/train_distorted/distorted/FAMILY-51/MOTHER/FM051_M2_bending.png,FAMILY-51,MOTHER,bending,4205062,4.76,8.1,,,
data/split/train/FAMILY-51/MOTHER/FM051_M3.png,data/train_distorted/distorted/FAMILY-51/MOTHER/FM051_M3_elastic.png,FAMILY-51,MOTHER,elastic,4205070,8.26,18.56,14.674,7.221,32
data/split/train/FAMILY-51/MOTHER/FM051_M3.png,data/train_distorted/distorted/FAMILY-51/MOTHER/FM051_M3_local.png,FAMILY-51,MOTHER,local,4205071,4.59,8.83,,,
data/split/train/FAMILY-51/MOTHER/FM051_M3.png,data/train_distorted/distorted/FAMILY-51/MOTHER/FM051_M3_bending.png,FAMILY-51,MOTHER,bending,4205072,5.46,9.09,,,
data/split/train/FAMILY-51/MOTHER/FM051_M4.png,data/train_distorted/distorted/FAMILY-51/MOTHER/FM051_M4_elastic.png,FAMILY-51,MOTHER,elastic,4205080,5.38,12.62,9.627,6.212,32
data/split/train/FAMILY-51/MOTHER/FM051_M4.png,data/train_distorted/distorted/FAMILY-51/MOTHER/FM051_M4_local.png,FAMILY-51,MOTHER,local,4205081,4.89,9.91,,,
data/split/train/FAMILY-51/MOTHER/FM051_M4.png,data/train_distorted/distorted/FAMILY-51/MOTHER/FM051_M4_bending.png,FAMILY-51,MOTHER,bending,4205082,5.21,8.85,,,
data/split/train/FAMILY-51/MOTHER/FM051_M5.png,data/train_distorted/distorted/FAMILY-51/MOTHER/FM051_M5_elastic.png,FAMILY-51,MOTHER,elastic,4205090,5.06,12.3,8.519,5.655,32
data/split/train/FAMILY-51/MOTHER/FM051_M5.png,data/train_distorted/distorted/FAMILY-51/MOTHER/FM051_M5_local.png,FAMILY-51,MOTHER,local,4205091,3.02,6.83,,,
data/split/train/FAMILY-51/MOTHER/FM051_M5.png,data/train_distorted/distorted/FAMILY-51/MOTHER/FM051_M5_bending.png,FAMILY-51,MOTHER,bending,4205092,3.49,6.24,,,
data/split/train/FAMILY-52/CHILD/FM052_C1.png,data/train_distorted/distorted/FAMILY-52/CHILD/FM052_C1_elastic.png,FAMILY-52,CHILD,elastic,4205100,9.05,20.49,15.571,6.535,32
data/split/train/FAMILY-52/CHILD/FM052_C1.png,data/train_distorted/distorted/FAMILY-52/CHILD/FM052_C1_local.png,FAMILY-52,CHILD,local,4205101,3.89,9.17,,,
data/split/train/FAMILY-52/CHILD/FM052_C1.png,data/train_distorted/distorted/FAMILY-52/CHILD/FM052_C1_bending.png,FAMILY-52,CHILD,bending,4205102,5.3,9.06,,,
data/split/train/FAMILY-52/CHILD/FM052_C2.png,data/train_distorted/distorted/FAMILY-52/CHILD/FM052_C2_elastic.png,FAMILY-52,CHILD,elastic,4205110,7.63,18.77,13.237,5.377,32
data/split/train/FAMILY-52/CHILD/FM052_C2.png,data/train_distorted/distorted/FAMILY-52/CHILD/FM052_C2_local.png,FAMILY-52,CHILD,local,4205111,4.46,9.37,,,
data/split/train/FAMILY-52/CHILD/FM052_C2.png,data/train_distorted/distorted/FAMILY-52/CHILD/FM052_C2_bending.png,FAMILY-52,CHILD,bending,4205112,4.68,7.8,,,
data/split/train/FAMILY-52/CHILD/FM052_C3.png,data/train_distorted/distorted/FAMILY-52/CHILD/FM052_C3_elastic.png,FAMILY-52,CHILD,elastic,4205120,8.72,20.97,14.919,6.358,32
data/split/train/FAMILY-52/CHILD/FM052_C3.png,data/train_distorted/distorted/FAMILY-52/CHILD/FM052_C3_local.png,FAMILY-52,CHILD,local,4205121,3.92,9.07,,,
data/split/train/FAMILY-52/CHILD/FM052_C3.png,data/train_distorted/distorted/FAMILY-52/CHILD/FM052_C3_bending.png,FAMILY-52,CHILD,bending,4205122,5.5,9.71,,,
data/split/train/FAMILY-52/CHILD/FM052_C4.png,data/train_distorted/distorted/FAMILY-52/CHILD/FM052_C4_elastic.png,FAMILY-52,CHILD,elastic,4205130,4.71,12.33,8.789,7.531,32
data/split/train/FAMILY-52/CHILD/FM052_C4.png,data/train_distorted/distorted/FAMILY-52/CHILD/FM052_C4_local.png,FAMILY-52,CHILD,local,4205131,3.7,7.71,,,
data/split/train/FAMILY-52/CHILD/FM052_C4.png,data/train_distorted/distorted/FAMILY-52/CHILD/FM052_C4_bending.png,FAMILY-52,CHILD,bending,4205132,6.37,11.2,,,
data/split/train/FAMILY-52/CHILD/FM052_C5.png,data/train_distorted/distorted/FAMILY-52/CHILD/FM052_C5_elastic.png,FAMILY-52,CHILD,elastic,4205140,8.68,20.97,14.409,7.2,32
data/split/train/FAMILY-52/CHILD/FM052_C5.png,data/train_distorted/distorted/FAMILY-52/CHILD/FM052_C5_local.png,FAMILY-52,CHILD,local,4205141,3.31,6.91,,,
data/split/train/FAMILY-52/CHILD/FM052_C5.png,data/train_distorted/distorted/FAMILY-52/CHILD/FM052_C5_bending.png,FAMILY-52,CHILD,bending,4205142,6.62,12.04,,,
data/split/train/FAMILY-52/FATHER/FM052_F1.png,data/train_distorted/distorted/FAMILY-52/FATHER/FM052_F1_elastic.png,FAMILY-52,FATHER,elastic,4205150,9.12,23.34,15.778,7.389,32
data/split/train/FAMILY-52/FATHER/FM052_F1.png,data/train_distorted/distorted/FAMILY-52/FATHER/FM052_F1_local.png,FAMILY-52,FATHER,local,4205151,3.23,6.79,,,
data/split/train/FAMILY-52/FATHER/FM052_F1.png,data/train_distorted/distorted/FAMILY-52/FATHER/FM052_F1_bending.png,FAMILY-52,FATHER,bending,4205152,5.25,8.99,,,
data/split/train/FAMILY-52/FATHER/FM052_F2.png,data/train_distorted/distorted/FAMILY-52/FATHER/FM052_F2_elastic.png,FAMILY-52,FATHER,elastic,4205160,6.77,18.55,11.696,5.466,32
data/split/train/FAMILY-52/FATHER/FM052_F2.png,data/train_distorted/distorted/FAMILY-52/FATHER/FM052_F2_local.png,FAMILY-52,FATHER,local,4205161,3.53,8.16,,,
data/split/train/FAMILY-52/FATHER/FM052_F2.png,data/train_distorted/distorted/FAMILY-52/FATHER/FM052_F2_bending.png,FAMILY-52,FATHER,bending,4205162,5.35,9.71,,,
data/split/train/FAMILY-52/FATHER/FM052_F3.png,data/train_distorted/distorted/FAMILY-52/FATHER/FM052_F3_elastic.png,FAMILY-52,FATHER,elastic,4205170,6.28,16.65,12.367,7.535,32
data/split/train/FAMILY-52/FATHER/FM052_F3.png,data/train_distorted/distorted/FAMILY-52/FATHER/FM052_F3_local.png,FAMILY-52,FATHER,local,4205171,4.63,11.21,,,
data/split/train/FAMILY-52/FATHER/FM052_F3.png,data/train_distorted/distorted/FAMILY-52/FATHER/FM052_F3_bending.png,FAMILY-52,FATHER,bending,4205172,7.08,12.4,,,
data/split/train/FAMILY-52/FATHER/FM052_F4.png,data/train_distorted/distorted/FAMILY-52/FATHER/FM052_F4_elastic.png,FAMILY-52,FATHER,elastic,4205180,7.96,18.04,13.563,6.524,32
data/split/train/FAMILY-52/FATHER/FM052_F4.png,data/train_distorted/distorted/FAMILY-52/FATHER/FM052_F4_local.png,FAMILY-52,FATHER,local,4205181,3.69,7.66,,,
data/split/train/FAMILY-52/FATHER/FM052_F4.png,data/train_distorted/distorted/FAMILY-52/FATHER/FM052_F4_bending.png,FAMILY-52,FATHER,bending,4205182,5.17,8.62,,,
data/split/train/FAMILY-52/FATHER/FM052_F5.png,data/train_distorted/distorted/FAMILY-52/FATHER/FM052_F5_elastic.png,FAMILY-52,FATHER,elastic,4205190,7.86,17.47,13.514,5.71,32
data/split/train/FAMILY-52/FATHER/FM052_F5.png,data/train_distorted/distorted/FAMILY-52/FATHER/FM052_F5_local.png,FAMILY-52,FATHER,local,4205191,3.27,7.16,,,
data/split/train/FAMILY-52/FATHER/FM052_F5.png,data/train_distorted/distorted/FAMILY-52/FATHER/FM052_F5_bending.png,FAMILY-52,FATHER,bending,4205192,3.8,6.32,,,
data/split/train/FAMILY-52/MOTHER/FM052_M1.png,data/train_distorted/distorted/FAMILY-52/MOTHER/FM052_M1_elastic.png,FAMILY-52,MOTHER,elastic,4205200,4.37,11.36,8.318,7.228,32
data/split/train/FAMILY-52/MOTHER/FM052_M1.png,data/train_distorted/distorted/FAMILY-52/MOTHER/FM052_M1_local.png,FAMILY-52,MOTHER,local,4205201,5.34,9.23,,,
data/split/train/FAMILY-52/MOTHER/FM052_M1.png,data/train_distorted/distorted/FAMILY-52/MOTHER/FM052_M1_bending.png,FAMILY-52,MOTHER,bending,4205202,7.0,12.17,,,
data/split/train/FAMILY-52/MOTHER/FM052_M2.png,data/train_distorted/distorted/FAMILY-52/MOTHER/FM052_M2_elastic.png,FAMILY-52,MOTHER,elastic,4205210,7.53,19.15,14.471,7.781,32
data/split/train/FAMILY-52/MOTHER/FM052_M2.png,data/train_distorted/distorted/FAMILY-52/MOTHER/FM052_M2_local.png,FAMILY-52,MOTHER,local,4205211,4.86,11.88,,,
data/split/train/FAMILY-52/MOTHER/FM052_M2.png,data/train_distorted/distorted/FAMILY-52/MOTHER/FM052_M2_bending.png,FAMILY-52,MOTHER,bending,4205212,5.31,9.48,,,
data/split/train/FAMILY-52/MOTHER/FM052_M3.png,data/train_distorted/distorted/FAMILY-52/MOTHER/FM052_M3_elastic.png,FAMILY-52,MOTHER,elastic,4205220,8.96,21.48,15.237,5.338,32
data/split/train/FAMILY-52/MOTHER/FM052_M3.png,data/train_distorted/distorted/FAMILY-52/MOTHER/FM052_M3_local.png,FAMILY-52,MOTHER,local,4205221,3.87,9.6,,,
data/split/train/FAMILY-52/MOTHER/FM052_M3.png,data/train_distorted/distorted/FAMILY-52/MOTHER/FM052_M3_bending.png,FAMILY-52,MOTHER,bending,4205222,3.67,6.55,,,
data/split/train/FAMILY-52/MOTHER/FM052_M4.png,data/train_distorted/distorted/FAMILY-52/MOTHER/FM052_M4_elastic.png,FAMILY-52,MOTHER,elastic,4205230,5.94,15.6,11.284,7.177,32
data/split/train/FAMILY-52/MOTHER/FM052_M4.png,data/train_distorted/distorted/FAMILY-52/MOTHER/FM052_M4_local.png,FAMILY-52,MOTHER,local,4205231,4.51,9.48,,,
data/split/train/FAMILY-52/MOTHER/FM052_M4.png,data/train_distorted/distorted/FAMILY-52/MOTHER/FM052_M4_bending.png,FAMILY-52,MOTHER,bending,4205232,6.95,11.89,,,
data/split/train/FAMILY-52/MOTHER/FM052_M5.png,data/train_distorted/distorted/FAMILY-52/MOTHER/FM052_M5_elastic.png,FAMILY-52,MOTHER,elastic,4205240,8.17,18.96,15.579,7.016,32
data/split/train/FAMILY-52/MOTHER/FM052_M5.png,data/train_distorted/distorted/FAMILY-52/MOTHER/FM052_M5_local.png,FAMILY-52,MOTHER,local,4205241,2.6,5.23,,,
data/split/train/FAMILY-52/MOTHER/FM052_M5.png,data/train_distorted/distorted/FAMILY-52/MOTHER/FM052_M5_bending.png,FAMILY-52,MOTHER,bending,4205242,6.33,11.06,,,
data/split/train/FAMILY-53/CHILD/FM053_C1.png,data/train_distorted/distorted/FAMILY-53/CHILD/FM053_C1_elastic.png,FAMILY-53,CHILD,elastic,4205250,8.79,20.6,15.02,6.371,32
data/split/train/FAMILY-53/CHILD/FM053_C1.png,data/train_distorted/distorted/FAMILY-53/CHILD/FM053_C1_local.png,FAMILY-53,CHILD,local,4205251,4.15,9.15,,,
data/split/train/FAMILY-53/CHILD/FM053_C1.png,data/train_distorted/distorted/FAMILY-53/CHILD/FM053_C1_bending.png,FAMILY-53,CHILD,bending,4205252,4.24,7.24,,,
data/split/train/FAMILY-53/CHILD/FM053_C2.png,data/train_distorted/distorted/FAMILY-53/CHILD/FM053_C2_elastic.png,FAMILY-53,CHILD,elastic,4205260,8.88,21.64,15.34,6.012,32
data/split/train/FAMILY-53/CHILD/FM053_C2.png,data/train_distorted/distorted/FAMILY-53/CHILD/FM053_C2_local.png,FAMILY-53,CHILD,local,4205261,2.54,6.08,,,
data/split/train/FAMILY-53/CHILD/FM053_C2.png,data/train_distorted/distorted/FAMILY-53/CHILD/FM053_C2_bending.png,FAMILY-53,CHILD,bending,4205262,5.67,9.66,,,
data/split/train/FAMILY-53/CHILD/FM053_C3.png,data/train_distorted/distorted/FAMILY-53/CHILD/FM053_C3_elastic.png,FAMILY-53,CHILD,elastic,4205270,5.77,12.18,9.863,5.71,32
data/split/train/FAMILY-53/CHILD/FM053_C3.png,data/train_distorted/distorted/FAMILY-53/CHILD/FM053_C3_local.png,FAMILY-53,CHILD,local,4205271,4.38,9.7,,,
data/split/train/FAMILY-53/CHILD/FM053_C3.png,data/train_distorted/distorted/FAMILY-53/CHILD/FM053_C3_bending.png,FAMILY-53,CHILD,bending,4205272,5.95,9.9,,,
data/split/train/FAMILY-53/CHILD/FM053_C4.png,data/train_distorted/distorted/FAMILY-53/CHILD/FM053_C4_elastic.png,FAMILY-53,CHILD,elastic,4205280,7.92,19.47,13.086,5.1,32
data/split/train/FAMILY-53/CHILD/FM053_C4.png,data/train_distorted/distorted/FAMILY-53/CHILD/FM053_C4_local.png,FAMILY-53,CHILD,local,4205281,4.13,8.83,,,
data/split/train/FAMILY-53/CHILD/FM053_C4.png,data/train_distorted/distorted/FAMILY-53/CHILD/FM053_C4_bending.png,FAMILY-53,CHILD,bending,4205282,7.0,12.34,,,
data/split/train/FAMILY-53/CHILD/FM053_C5.png,data/train_distorted/distorted/FAMILY-53/CHILD/FM053_C5_elastic.png,FAMILY-53,CHILD,elastic,4205290,4.86,14.23,8.89,7.832,32
data/split/train/FAMILY-53/CHILD/FM053_C5.png,data/train_distorted/distorted/FAMILY-53/CHILD/FM053_C5_local.png,FAMILY-53,CHILD,local,4205291,4.33,9.9,,,
data/split/train/FAMILY-53/CHILD/FM053_C5.png,data/train_distorted/distorted/FAMILY-53/CHILD/FM053_C5_bending.png,FAMILY-53,CHILD,bending,4205292,4.51,7.91,,,
data/split/train/FAMILY-53/FATHER/FM053_F1.png,data/train_distorted/distorted/FAMILY-53/FATHER/FM053_F1_elastic.png,FAMILY-53,FATHER,elastic,4205300,4.72,10.31,8.206,7.197,32
data/split/train/FAMILY-53/FATHER/FM053_F1.png,data/train_distorted/distorted/FAMILY-53/FATHER/FM053_F1_local.png,FAMILY-53,FATHER,local,4205301,3.68,8.94,,,
data/split/train/FAMILY-53/FATHER/FM053_F1.png,data/train_distorted/distorted/FAMILY-53/FATHER/FM053_F1_bending.png,FAMILY-53,FATHER,bending,4205302,5.58,10.15,,,
data/split/train/FAMILY-53/FATHER/FM053_F2.png,data/train_distorted/distorted/FAMILY-53/FATHER/FM053_F2_elastic.png,FAMILY-53,FATHER,elastic,4205310,7.98,17.83,14.201,6.447,32
data/split/train/FAMILY-53/FATHER/FM053_F2.png,data/train_distorted/distorted/FAMILY-53/FATHER/FM053_F2_local.png,FAMILY-53,FATHER,local,4205311,3.51,8.4,,,
data/split/train/FAMILY-53/FATHER/FM053_F2.png,data/train_distorted/distorted/FAMILY-53/FATHER/FM053_F2_bending.png,FAMILY-53,FATHER,bending,4205312,4.33,7.52,,,
data/split/train/FAMILY-53/FATHER/FM053_F3.png,data/train_distorted/distorted/FAMILY-53/FATHER/FM053_F3_elastic.png,FAMILY-53,FATHER,elastic,4205320,6.05,13.69,11.365,6.86,32
data/split/train/FAMILY-53/FATHER/FM053_F3.png,data/train_distorted/distorted/FAMILY-53/FATHER/FM053_F3_local.png,FAMILY-53,FATHER,local,4205321,3.41,9.52,,,
data/split/train/FAMILY-53/FATHER/FM053_F3.png,data/train_distorted/distorted/FAMILY-53/FATHER/FM053_F3_bending.png,FAMILY-53,FATHER,bending,4205322,6.1,10.7,,,
data/split/train/FAMILY-53/FATHER/FM053_F4.png,data/train_distorted/distorted/FAMILY-53/FATHER/FM053_F4_elastic.png,FAMILY-53,FATHER,elastic,4205330,5.93,16.41,11.132,6.356,32
data/split/train/FAMILY-53/FATHER/FM053_F4.png,data/train_distorted/distorted/FAMILY-53/FATHER/FM053_F4_local.png,FAMILY-53,FATHER,local,4205331,4.77,9.81,,,
data/split/train/FAMILY-53/FATHER/FM053_F4.png,data/train_distorted/distorted/FAMILY-53/FATHER/FM053_F4_bending.png,FAMILY-53,FATHER,bending,4205332,5.93,10.49,,,
data/split/train/FAMILY-53/FATHER/FM053_F5.png,data/train_distorted/distorted/FAMILY-53/FATHER/FM053_F5_elastic.png,FAMILY-53,FATHER,elastic,4205340,5.54,13.55,10.038,5.518,32
data/split/train/FAMILY-53/FATHER/FM053_F5.png,data/train_distorted/distorted/FAMILY-53/FATHER/FM053_F5_local.png,FAMILY-53,FATHER,local,4205341,4.27,8.86,,,
data/split/train/FAMILY-53/FATHER/FM053_F5.png,data/train_distorted/distorted/FAMILY-53/FATHER/FM053_F5_bending.png,FAMILY-53,FATHER,bending,4205342,4.67,7.99,,,
data/split/train/FAMILY-53/MOTHER/FM053_M1.png,data/train_distorted/distorted/FAMILY-53/MOTHER/FM053_M1_elastic.png,FAMILY-53,MOTHER,elastic,4205350,6.07,13.66,10.238,5.429,32
data/split/train/FAMILY-53/MOTHER/FM053_M1.png,data/train_distorted/distorted/FAMILY-53/MOTHER/FM053_M1_local.png,FAMILY-53,MOTHER,local,4205351,4.13,9.72,,,
data/split/train/FAMILY-53/MOTHER/FM053_M1.png,data/train_distorted/distorted/FAMILY-53/MOTHER/FM053_M1_bending.png,FAMILY-53,MOTHER,bending,4205352,3.82,6.93,,,
data/split/train/FAMILY-53/MOTHER/FM053_M2.png,data/train_distorted/distorted/FAMILY-53/MOTHER/FM053_M2_elastic.png,FAMILY-53,MOTHER,elastic,4205360,6.19,15.25,11.976,7.378,32
data/split/train/FAMILY-53/MOTHER/FM053_M2.png,data/train_distorted/distorted/FAMILY-53/MOTHER/FM053_M2_local.png,FAMILY-53,MOTHER,local,4205361,4.78,11.0,,,
data/split/train/FAMILY-53/MOTHER/FM053_M2.png,data/train_distorted/distorted/FAMILY-53/MOTHER/FM053_M2_bending.png,FAMILY-53,MOTHER,bending,4205362,5.53,9.94,,,
data/split/train/FAMILY-53/MOTHER/FM053_M3.png,data/train_distorted/distorted/FAMILY-53/MOTHER/FM053_M3_elastic.png,FAMILY-53,MOTHER,elastic,4205370,8.01,20.44,15.904,7.617,32
data/split/train/FAMILY-53/MOTHER/FM053_M3.png,data/train_distorted/distorted/FAMILY-53/MOTHER/FM053_M3_local.png,FAMILY-53,MOTHER,local,4205371,4.62,10.56,,,
data/split/train/FAMILY-53/MOTHER/FM053_M3.png,data/train_distorted/distorted/FAMILY-53/MOTHER/FM053_M3_bending.png,FAMILY-53,MOTHER,bending,4205372,6.89,11.97,,,
data/split/train/FAMILY-53/MOTHER/FM053_M4.png,data/train_distorted/distorted/FAMILY-53/MOTHER/FM053_M4_elastic.png,FAMILY-53,MOTHER,elastic,4205380,5.33,13.34,9.82,7.946,32
data/split/train/FAMILY-53/MOTHER/FM053_M4.png,data/train_distorted/distorted/FAMILY-53/MOTHER/FM053_M4_local.png,FAMILY-53,MOTHER,local,4205381,4.09,8.25,,,
data/split/train/FAMILY-53/MOTHER/FM053_M4.png,data/train_distorted/distorted/FAMILY-53/MOTHER/FM053_M4_bending.png,FAMILY-53,MOTHER,bending,4205382,5.82,10.59,,,
data/split/train/FAMILY-53/MOTHER/FM053_M5.png,data/train_distorted/distorted/FAMILY-53/MOTHER/FM053_M5_elastic.png,FAMILY-53,MOTHER,elastic,4205390,7.83,20.55,14.062,6.586,32
data/split/train/FAMILY-53/MOTHER/FM053_M5.png,data/train_distorted/distorted/FAMILY-53/MOTHER/FM053_M5_local.png,FAMILY-53,MOTHER,local,4205391,2.99,6.22,,,
data/split/train/FAMILY-53/MOTHER/FM053_M5.png,data/train_distorted/distorted/FAMILY-53/MOTHER/FM053_M5_bending.png,FAMILY-53,MOTHER,bending,4205392,5.13,8.59,,,
data/split/train/FAMILY-56/CHILD/FM056_C1.png,data/train_distorted/distorted/FAMILY-56/CHILD/FM056_C1_elastic.png,FAMILY-56,CHILD,elastic,4205400,9.88,20.72,15.135,5.212,32
data/split/train/FAMILY-56/CHILD/FM056_C1.png,data/train_distorted/distorted/FAMILY-56/CHILD/FM056_C1_local.png,FAMILY-56,CHILD,local,4205401,2.78,6.47,,,
data/split/train/FAMILY-56/CHILD/FM056_C1.png,data/train_distorted/distorted/FAMILY-56/CHILD/FM056_C1_bending.png,FAMILY-56,CHILD,bending,4205402,5.55,9.49,,,
data/split/train/FAMILY-56/CHILD/FM056_C2.png,data/train_distorted/distorted/FAMILY-56/CHILD/FM056_C2_elastic.png,FAMILY-56,CHILD,elastic,4205410,7.89,18.72,15.481,7.878,32
data/split/train/FAMILY-56/CHILD/FM056_C2.png,data/train_distorted/distorted/FAMILY-56/CHILD/FM056_C2_local.png,FAMILY-56,CHILD,local,4205411,3.29,8.45,,,
data/split/train/FAMILY-56/CHILD/FM056_C2.png,data/train_distorted/distorted/FAMILY-56/CHILD/FM056_C2_bending.png,FAMILY-56,CHILD,bending,4205412,5.66,9.82,,,
data/split/train/FAMILY-56/CHILD/FM056_C3.png,data/train_distorted/distorted/FAMILY-56/CHILD/FM056_C3_elastic.png,FAMILY-56,CHILD,elastic,4205420,7.08,16.15,13.001,6.497,32
data/split/train/FAMILY-56/CHILD/FM056_C3.png,data/train_distorted/distorted/FAMILY-56/CHILD/FM056_C3_local.png,FAMILY-56,CHILD,local,4205421,2.67,6.03,,,
data/split/train/FAMILY-56/CHILD/FM056_C3.png,data/train_distorted/distorted/FAMILY-56/CHILD/FM056_C3_bending.png,FAMILY-56,CHILD,bending,4205422,6.77,11.56,,,
data/split/train/FAMILY-56/CHILD/FM056_C4.png,data/train_distorted/distorted/FAMILY-56/CHILD/FM056_C4_elastic.png,FAMILY-56,CHILD,elastic,4205430,4.7,10.91,8.331,6.532,32
data/split/train/FAMILY-56/CHILD/FM056_C4.png,data/train_distorted/distorted/FAMILY-56/CHILD/FM056_C4_local.png,FAMILY-56,CHILD,local,4205431,2.86,6.59,,,
data/split/train/FAMILY-56/CHILD/FM056_C4.png,data/train_distorted/distorted/FAMILY-56/CHILD/FM056_C4_bending.png,FAMILY-56,CHILD,bending,4205432,5.14,9.4,,,
data/split/train/FAMILY-56/CHILD/FM056_C5.png,data/train_distorted/distorted/FAMILY-56/CHILD/FM056_C5_elastic.png,FAMILY-56,CHILD,elastic,4205440,4.87,11.35,8.676,6.394,32
data/split/train/FAMILY-56/CHILD/FM056_C5.png,data/train_distorted/distorted/FAMILY-56/CHILD/FM056_C5_local.png,FAMILY-56,CHILD,local,4205441,2.95,6.44,,,
data/split/train/FAMILY-56/CHILD/FM056_C5.png,data/train_distorted/distorted/FAMILY-56/CHILD/FM056_C5_bending.png,FAMILY-56,CHILD,bending,4205442,4.74,7.95,,,
data/split/train/FAMILY-56/FATHER/FM056_F1.png,data/train_distorted/distorted/FAMILY-56/FATHER/FM056_F1_elastic.png,FAMILY-56,FATHER,elastic,4205450,5.12,12.67,9.215,7.27,32
data/split/train/FAMILY-56/FATHER/FM056_F1.png,data/train_distorted/distorted/FAMILY-56/FATHER/FM056_F1_local.png,FAMILY-56,FATHER,local,4205451,2.68,6.23,,,
data/split/train/FAMILY-56/FATHER/FM056_F1.png,data/train_distorted/distorted/FAMILY-56/FATHER/FM056_F1_bending.png,FAMILY-56,FATHER,bending,4205452,5.32,9.21,,,
data/split/train/FAMILY-56/FATHER/FM056_F2.png,data/train_distorted/distorted/FAMILY-56/FATHER/FM056_F2_elastic.png,FAMILY-56,FATHER,elastic,4205460,8.44,20.13,15.876,7.576,32
data/split/train/FAMILY-56/FATHER/FM056_F2.png,data/train_distorted/distorted/FAMILY-56/FATHER/FM056_F2_local.png,FAMILY-56,FATHER,local,4205461,4.76,10.74,,,
data/split/train/FAMILY-56/FATHER/FM056_F2.png,data/train_distorted/distorted/FAMILY-56/FATHER/FM056_F2_bending.png,FAMILY-56,FATHER,bending,4205462,7.0,12.5,,,
data/split/train/FAMILY-56/FATHER/FM056_F3.png,data/train_distorted/distorted/FAMILY-56/FATHER/FM056_F3_elastic.png,FAMILY-56,FATHER,elastic,4205470,5.12,12.41,8.974,5.115,32
data/split/train/FAMILY-56/FATHER/FM056_F3.png,data/train_distorted/distorted/FAMILY-56/FATHER/FM056_F3_local.png,FAMILY-56,FATHER,local,4205471,4.66,11.28,,,
data/split/train/FAMILY-56/FATHER/FM056_F3.png,data/train_distorted/distorted/FAMILY-56/FATHER/FM056_F3_bending.png,FAMILY-56,FATHER,bending,4205472,6.95,12.21,,,
data/split/train/FAMILY-56/FATHER/FM056_F4.png,data/train_distorted/distorted/FAMILY-56/FATHER/FM056_F4_elastic.png,FAMILY-56,FATHER,elastic,4205480,7.97,20.81,14.609,5.442,32
data/split/train/FAMILY-56/FATHER/FM056_F4.png,data/train_distorted/distorted/FAMILY-56/FATHER/FM056_F4_local.png,FAMILY-56,FATHER,local,4205481,3.18,8.12,,,
data/split/train/FAMILY-56/FATHER/FM056_F4.png,data/train_distorted/distorted/FAMILY-56/FATHER/FM056_F4_bending.png,FAMILY-56,FATHER,bending,4205482,6.35,11.13,,,
data/split/train/FAMILY-56/FATHER/FM056_F5.png,data/train_distorted/distorted/FAMILY-56/FATHER/FM056_F5_elastic.png,FAMILY-56,FATHER,elastic,4205490,5.91,14.93,11.365,7.592,32
data/split/train/FAMILY-56/FATHER/FM056_F5.png,data/train_distorted/distorted/FAMILY-56/FATHER/FM056_F5_local.png,FAMILY-56,FATHER,local,4205491,4.2,10.28,,,
data/split/train/FAMILY-56/FATHER/FM056_F5.png,data/train_distorted/distorted/FAMILY-56/FATHER/FM056_F5_bending.png,FAMILY-56,FATHER,bending,4205492,4.58,8.19,,,
data/split/train/FAMILY-56/MOTHER/FM056_M1.png,data/train_distorted/distorted/FAMILY-56/MOTHER/FM056_M1_elastic.png,FAMILY-56,MOTHER,elastic,4205500,8.08,18.35,15.445,7.991,32
data/split/train/FAMILY-56/MOTHER/FM056_M1.png,data/train_distorted/distorted/FAMILY-56/MOTHER/FM056_M1_local.png,FAMILY-56,MOTHER,local,4205501,4.26,9.89,,,
data/split/train/FAMILY-56/MOTHER/FM056_M1.png,data/train_distorted/distorted/FAMILY-56/MOTHER/FM056_M1_bending.png,FAMILY-56,MOTHER,bending,4205502,6.44,11.12,,,
data/split/train/FAMILY-56/MOTHER/FM056_M2.png,data/train_distorted/distorted/FAMILY-56/MOTHER/FM056_M2_elastic.png,FAMILY-56,MOTHER,elastic,4205510,7.48,19.72,15.868,7.866,32
data/split/train/FAMILY-56/MOTHER/FM056_M2.png,data/train_distorted/distorted/FAMILY-56/MOTHER/FM056_M2_local.png,FAMILY-56,MOTHER,local,4205511,4.46,9.26,,,
data/split/train/FAMILY-56/MOTHER/FM056_M2.png,data/train_distorted/distorted/FAMILY-56/MOTHER/FM056_M2_bending.png,FAMILY-56,MOTHER,bending,4205512,7.07,12.37,,,
data/split/train/FAMILY-56/MOTHER/FM056_M3.png,data/train_distorted/distorted/FAMILY-56/MOTHER/FM056_M3_elastic.png,FAMILY-56,MOTHER,elastic,4205520,9.22,23.46,15.402,5.381,32
data/split/train/FAMILY-56/MOTHER/FM056_M3.png,data/train_distorted/distorted/FAMILY-56/MOTHER/FM056_M3_local.png,FAMILY-56,MOTHER,local,4205521,3.32,7.77,,,
data/split/train/FAMILY-56/MOTHER/FM056_M3.png,data/train_distorted/distorted/FAMILY-56/MOTHER/FM056_M3_bending.png,FAMILY-56,MOTHER,bending,4205522,4.01,6.98,,,
data/split/train/FAMILY-56/MOTHER/FM056_M4.png,data/train_distorted/distorted/FAMILY-56/MOTHER/FM056_M4_elastic.png,FAMILY-56,MOTHER,elastic,4205530,7.77,19.3,12.632,6.566,32
data/split/train/FAMILY-56/MOTHER/FM056_M4.png,data/train_distorted/distorted/FAMILY-56/MOTHER/FM056_M4_local.png,FAMILY-56,MOTHER,local,4205531,4.27,8.75,,,
data/split/train/FAMILY-56/MOTHER/FM056_M4.png,data/train_distorted/distorted/FAMILY-56/MOTHER/FM056_M4_bending.png,FAMILY-56,MOTHER,bending,4205532,6.91,12.67,,,
data/split/train/FAMILY-56/MOTHER/FM056_M5.png,data/train_distorted/distorted/FAMILY-56/MOTHER/FM056_M5_elastic.png,FAMILY-56,MOTHER,elastic,4205540,4.94,13.15,9.07,6.86,32
data/split/train/FAMILY-56/MOTHER/FM056_M5.png,data/train_distorted/distorted/FAMILY-56/MOTHER/FM056_M5_local.png,FAMILY-56,MOTHER,local,4205541,3.23,5.89,,,
data/split/train/FAMILY-56/MOTHER/FM056_M5.png,data/train_distorted/distorted/FAMILY-56/MOTHER/FM056_M5_bending.png,FAMILY-56,MOTHER,bending,4205542,3.96,6.68,,,
data/split/train/FAMILY-57/CHILD/FM057_C1.png,data/train_distorted/distorted/FAMILY-57/CHILD/FM057_C1_elastic.png,FAMILY-57,CHILD,elastic,4205550,4.54,11.14,8.775,7.779,32
data/split/train/FAMILY-57/CHILD/FM057_C1.png,data/train_distorted/distorted/FAMILY-57/CHILD/FM057_C1_local.png,FAMILY-57,CHILD,local,4205551,4.39,11.66,,,
data/split/train/FAMILY-57/CHILD/FM057_C1.png,data/train_distorted/distorted/FAMILY-57/CHILD/FM057_C1_bending.png,FAMILY-57,CHILD,bending,4205552,4.34,7.97,,,
data/split/train/FAMILY-57/CHILD/FM057_C2.png,data/train_distorted/distorted/FAMILY-57/CHILD/FM057_C2_elastic.png,FAMILY-57,CHILD,elastic,4205560,4.66,12.96,8.764,6.947,32
data/split/train/FAMILY-57/CHILD/FM057_C2.png,data/train_distorted/distorted/FAMILY-57/CHILD/FM057_C2_local.png,FAMILY-57,CHILD,local,4205561,2.86,6.98,,,
data/split/train/FAMILY-57/CHILD/FM057_C2.png,data/train_distorted/distorted/FAMILY-57/CHILD/FM057_C2_bending.png,FAMILY-57,CHILD,bending,4205562,6.66,12.07,,,
data/split/train/FAMILY-57/CHILD/FM057_C3.png,data/train_distorted/distorted/FAMILY-57/CHILD/FM057_C3_elastic.png,FAMILY-57,CHILD,elastic,4205570,4.69,14.32,8.785,6.48,32
data/split/train/FAMILY-57/CHILD/FM057_C3.png,data/train_distorted/distorted/FAMILY-57/CHILD/FM057_C3_local.png,FAMILY-57,CHILD,local,4205571,4.45,9.19,,,
data/split/train/FAMILY-57/CHILD/FM057_C3.png,data/train_distorted/distorted/FAMILY-57/CHILD/FM057_C3_bending.png,FAMILY-57,CHILD,bending,4205572,4.56,8.08,,,
data/split/train/FAMILY-57/CHILD/FM057_C4.png,data/train_distorted/distorted/FAMILY-57/CHILD/FM057_C4_elastic.png,FAMILY-57,CHILD,elastic,4205580,8.33,18.87,14.865,7.027,32
data/split/train/FAMILY-57/CHILD/FM057_C4.png,data/train_distorted/distorted/FAMILY-57/CHILD/FM057_C4_local.png,FAMILY-57,CHILD,local,4205581,3.09,6.98,,,
data/split/train/FAMILY-57/CHILD/FM057_C4.png,data/train_distorted/distorted/FAMILY-57/CHILD/FM057_C4_bending.png,FAMILY-57,CHILD,bending,4205582,6.6,11.86,,,
data/split/train/FAMILY-57/CHILD/FM057_C5.png,data/train_distorted/distorted/FAMILY-57/CHILD/FM057_C5_elastic.png,FAMILY-57,CHILD,elastic,4205590,5.94,14.27,11.412,7.497,32
data/split/train/FAMILY-57/CHILD/FM057_C5.png,data/train_distorted/distorted/FAMILY-57/CHILD/FM057_C5_local.png,FAMILY-57,CHILD,local,4205591,3.5,8.73,,,
data/split/train/FAMILY-57/CHILD/FM057_C5.png,data/train_distorted/distorted/FAMILY-57/CHILD/FM057_C5_bending.png,FAMILY-57,CHILD,bending,4205592,3.98,7.16,,,
data/split/train/FAMILY-57/FATHER/FM057_F1.png,data/train_distorted/distorted/FAMILY-57/FATHER/FM057_F1_elastic.png,FAMILY-57,FATHER,elastic,4205600,6.3,14.99,10.909,5.445,32
data/split/train/FAMILY-57/FATHER/FM057_F1.png,data/train_distorted/distorted/FAMILY-57/FATHER/FM057_F1_local.png,FAMILY-57,FATHER,local,4205601,3.06,7.08,,,
data/split/train/FAMILY-57/FATHER/FM057_F1.png,data/train_distorted/distorted/FAMILY-57/FATHER/FM057_F1_bending.png,FAMILY-57,FATHER,bending,4205602,6.41,10.73,,,
data/split/train/FAMILY-57/FATHER/FM057_F2.png,data/train_distorted/distorted/FAMILY-57/FATHER/FM057_F2_elastic.png,FAMILY-57,FATHER,elastic,4205610,4.99,11.75,8.328,5.791,32
data/split/train/FAMILY-57/FATHER/FM057_F2.png,data/train_distorted/distorted/FAMILY-57/FATHER/FM057_F2_local.png,FAMILY-57,FATHER,local,4205611,5.29,10.56,,,
data/split/train/FAMILY-57/FATHER/FM057_F2.png,data/train_distorted/distorted/FAMILY-57/FATHER/FM057_F2_bending.png,FAMILY-57,FATHER,bending,4205612,3.5,6.03,,,
data/split/train/FAMILY-57/FATHER/FM057_F3.png,data/train_distorted/distorted/FAMILY-57/FATHER/FM057_F3_elastic.png,FAMILY-57,FATHER,elastic,4205620,9.76,24.32,15.68,5.577,32
data/split/train/FAMILY-57/FATHER/FM057_F3.png,data/train_distorted/distorted/FAMILY-57/FATHER/FM057_F3_local.png,FAMILY-57,FATHER,local,4205621,4.34,10.57,,,
data/split/train/FAMILY-57/FATHER/FM057_F3.png,data/train_distorted/distorted/FAMILY-57/FATHER/FM057_F3_bending.png,FAMILY-57,FATHER,bending,4205622,5.93,10.53,,,
data/split/train/FAMILY-57/FATHER/FM057_F4.png,data/train_distorted/distorted/FAMILY-57/FATHER/FM057_F4_elastic.png,FAMILY-57,FATHER,elastic,4205630,8.43,20.28,13.516,5.409,32
data/split/train/FAMILY-57/FATHER/FM057_F4.png,data/train_distorted/distorted/FAMILY-57/FATHER/FM057_F4_local.png,FAMILY-57,FATHER,local,4205631,4.74,12.21,,,
data/split/train/FAMILY-57/FATHER/FM057_F4.png,data/train_distorted/distorted/FAMILY-57/FATHER/FM057_F4_bending.png,FAMILY-57,FATHER,bending,4205632,4.36,8.03,,,
data/split/train/FAMILY-57/FATHER/FM057_F5.png,data/train_distorted/distorted/FAMILY-57/FATHER/FM057_F5_elastic.png,FAMILY-57,FATHER,elastic,4205640,7.39,19.19,13.824,7.212,32
data/split/train/FAMILY-57/FATHER/FM057_F5.png,data/train_distorted/distorted/FAMILY-57/FATHER/FM057_F5_local.png,FAMILY-57,FATHER,local,4205641,3.64,8.94,,,
data/split/train/FAMILY-57/FATHER/FM057_F5.png,data/train_distorted/distorted/FAMILY-57/FATHER/FM057_F5_bending.png,FAMILY-57,FATHER,bending,4205642,4.83,8.41,,,
data/split/train/FAMILY-57/MOTHER/FM057_M1.png,data/train_distorted/distorted/FAMILY-57/MOTHER/FM057_M1_elastic.png,FAMILY-57,MOTHER,elastic,4205650,7.65,18.76,14.64,7.553,32
data/split/train/FAMILY-57/MOTHER/FM057_M1.png,data/train_distorted/distorted/FAMILY-57/MOTHER/FM057_M1_local.png,FAMILY-57,MOTHER,local,4205651,3.66,7.51,,,
data/split/train/FAMILY-57/MOTHER/FM057_M1.png,data/train_distorted/distorted/FAMILY-57/MOTHER/FM057_M1_bending.png,FAMILY-57,MOTHER,bending,4205652,4.45,7.49,,,
data/split/train/FAMILY-57/MOTHER/FM057_M2.png,data/train_distorted/distorted/FAMILY-57/MOTHER/FM057_M2_elastic.png,FAMILY-57,MOTHER,elastic,4205660,8.95,23.58,15.802,5.892,32
data/split/train/FAMILY-57/MOTHER/FM057_M2.png,data/train_distorted/distorted/FAMILY-57/MOTHER/FM057_M2_local.png,FAMILY-57,MOTHER,local,4205661,3.34,7.04,,,
data/split/train/FAMILY-57/MOTHER/FM057_M2.png,data/train_distorted/distorted/FAMILY-57/MOTHER/FM057_M2_bending.png,FAMILY-57,MOTHER,bending,4205662,6.99,12.72,,,
data/split/train/FAMILY-57/MOTHER/FM057_M3.png,data/train_distorted/distorted/FAMILY-57/MOTHER/FM057_M3_elastic.png,FAMILY-57,MOTHER,elastic,4205670,5.38,12.37,9.293,6.035,32
data/split/train/FAMILY-57/MOTHER/FM057_M3.png,data/train_distorted/distorted/FAMILY-57/MOTHER/FM057_M3_local.png,FAMILY-57,MOTHER,local,4205671,3.06,7.73,,,
data/split/train/FAMILY-57/MOTHER/FM057_M3.png,data/train_distorted/distorted/FAMILY-57/MOTHER/FM057_M3_bending.png,FAMILY-57,MOTHER,bending,4205672,6.86,11.92,,,
data/split/train/FAMILY-57/MOTHER/FM057_M4.png,data/train_distorted/distorted/FAMILY-57/MOTHER/FM057_M4_elastic.png,FAMILY-57,MOTHER,elastic,4205680,8.65,23.11,15.55,6.846,32
data/split/train/FAMILY-57/MOTHER/FM057_M4.png,data/train_distorted/distorted/FAMILY-57/MOTHER/FM057_M4_local.png,FAMILY-57,MOTHER,local,4205681,3.26,6.23,,,
data/split/train/FAMILY-57/MOTHER/FM057_M4.png,data/train_distorted/distorted/FAMILY-57/MOTHER/FM057_M4_bending.png,FAMILY-57,MOTHER,bending,4205682,5.02,8.99,,,
data/split/train/FAMILY-57/MOTHER/FM057_M5.png,data/train_distorted/distorted/FAMILY-57/MOTHER/FM057_M5_elastic.png,FAMILY-57,MOTHER,elastic,4205690,8.03,20.42,13.621,6.552,32
data/split/train/FAMILY-57/MOTHER/FM057_M5.png,data/train_distorted/distorted/FAMILY-57/MOTHER/FM057_M5_local.png,FAMILY-57,MOTHER,local,4205691,3.57,7.83,,,
data/split/train/FAMILY-57/MOTHER/FM057_M5.png,data/train_distorted/distorted/FAMILY-57/MOTHER/FM057_M5_bending.png,FAMILY-57,MOTHER,bending,4205692,6.91,11.6,,,
data/split/train/FAMILY-58/CHILD/FM058_C1.png,data/train_distorted/distorted/FAMILY-58/CHILD/FM058_C1_elastic.png,FAMILY-58,CHILD,elastic,4205700,7.5,17.75,14.765,7.676,32
data/split/train/FAMILY-58/CHILD/FM058_C1.png,data/train_distorted/distorted/FAMILY-58/CHILD/FM058_C1_local.png,FAMILY-58,CHILD,local,4205701,4.56,8.8,,,
data/split/train/FAMILY-58/CHILD/FM058_C1.png,data/train_distorted/distorted/FAMILY-58/CHILD/FM058_C1_bending.png,FAMILY-58,CHILD,bending,4205702,5.61,9.86,,,
data/split/train/FAMILY-58/CHILD/FM058_C2.png,data/train_distorted/distorted/FAMILY-58/CHILD/FM058_C2_elastic.png,FAMILY-58,CHILD,elastic,4205710,7.91,20.81,13.825,6.122,32
data/split/train/FAMILY-58/CHILD/FM058_C2.png,data/train_distorted/distorted/FAMILY-58/CHILD/FM058_C2_local.png,FAMILY-58,CHILD,local,4205711,2.87,6.89,,,
data/split/train/FAMILY-58/CHILD/FM058_C2.png,data/train_distorted/distorted/FAMILY-58/CHILD/FM058_C2_bending.png,FAMILY-58,CHILD,bending,4205712,4.05,7.41,,,
data/split/train/FAMILY-58/CHILD/FM058_C3.png,data/train_distorted/distorted/FAMILY-58/CHILD/FM058_C3_elastic.png,FAMILY-58,CHILD,elastic,4205720,7.38,19.18,14.022,7.847,32
data/split/train/FAMILY-58/CHILD/FM058_C3.png,data/train_distorted/distorted/FAMILY-58/CHILD/FM058_C3_local.png,FAMILY-58,CHILD,local,4205721,4.8,10.15,,,
data/split/train/FAMILY-58/CHILD/FM058_C3.png,data/train_distorted/distorted/FAMILY-58/CHILD/FM058_C3_bending.png,FAMILY-58,CHILD,bending,4205722,4.84,8.76,,,
data/split/train/FAMILY-58/CHILD/FM058_C4.png,data/train_distorted/distorted/FAMILY-58/CHILD/FM058_C4_elastic.png,FAMILY-58,CHILD,elastic,4205730,6.43,14.53,11.848,6.086,32
data/split/train/FAMILY-58/CHILD/FM058_C4.png,data/train_distorted/distorted/FAMILY-58/CHILD/FM058_C4_local.png,FAMILY-58,CHILD,local,4205731,3.97,8.98,,,
data/split/train/FAMILY-58/CHILD/FM058_C4.png,data/train_distorted/distorted/FAMILY-58/CHILD/FM058_C4_bending.png,FAMILY-58,CHILD,bending,4205732,3.9,7.03,,,
data/split/train/FAMILY-58/CHILD/FM058_C5.png,data/train_distorted/distorted/FAMILY-58/CHILD/FM058_C5_elastic.png,FAMILY-58,CHILD,elastic,4205740,7.28,15.52,11.723,6.523,32
data/split/train/FAMILY-58/CHILD/FM058_C5.png,data/train_distorted/distorted/FAMILY-58/CHILD/FM058_C5_local.png,FAMILY-58,CHILD,local,4205741,3.54,8.23,,,
data/split/train/FAMILY-58/CHILD/FM058_C5.png,data/train_distorted/distorted/FAMILY-58/CHILD/FM058_C5_bending.png,FAMILY-58,CHILD,bending,4205742,6.54,11.19,,,
data/split/train/FAMILY-58/FATHER/FM058_F1.png,data/train_distorted/distorted/FAMILY-58/FATHER/FM058_F1_elastic.png,FAMILY-58,FATHER,elastic,4205750,9.27,20.29,15.494,5.556,32
data/split/train/FAMILY-58/FATHER/FM058_F1.png,data/train_distorted/distorted/FAMILY-58/FATHER/FM058_F1_local.png,FAMILY-58,FATHER,local,4205751,2.53,6.49,,,
data/split/train/FAMILY-58/FATHER/FM058_F1.png,data/train_distorted/distorted/FAMILY-58/FATHER/FM058_F1_bending.png,FAMILY-58,FATHER,bending,4205752,3.37,5.7,,,
data/split/train/FAMILY-58/FATHER/FM058_F2.png,data/train_distorted/distorted/FAMILY-58/FATHER/FM058_F2_elastic.png,FAMILY-58,FATHER,elastic,4205760,7.39,19.05,12.995,5.465,32
data/split/train/FAMILY-58/FATHER/FM058_F2.png,data/train_distorted/distorted/FAMILY-58/FATHER/FM058_F2_local.png,FAMILY-58,FATHER,local,4205761,3.74,9.6,,,
data/split/train/FAMILY-58/FATHER/FM058_F2.png,data/train_distorted/distorted/FAMILY-58/FATHER/FM058_F2_bending.png,FAMILY-58,FATHER,bending,4205762,5.07,9.01,,,
data/split/train/FAMILY-58/FATHER/FM058_F3.png,data/train_distorted/distorted/FAMILY-58/FATHER/FM058_F3_elastic.png,FAMILY-58,FATHER,elastic,4205770,6.94,17.51,12.368,6.764,32
data/split/train/FAMILY-58/FATHER/FM058_F3.png,data/train_distorted/distorted/FAMILY-58/FATHER/FM058_F3_local.png,FAMILY-58,FATHER,local,4205771,3.08,5.64,,,
data/split/train/FAMILY-58/FATHER/FM058_F3.png,data/train_distorted/distorted/FAMILY-58/FATHER/FM058_F3_bending.png,FAMILY-58,FATHER,bending,4205772,3.74,6.34,,,
data/split/train/FAMILY-58/FATHER/FM058_F4.png,data/train_distorted/distorted/FAMILY-58/FATHER/FM058_F4_elastic.png,FAMILY-58,FATHER,elastic,4205780,5.24,13.46,10.276,7.182,32
data/split/train/FAMILY-58/FATHER/FM058_F4.png,data/train_distorted/distorted/FAMILY-58/FATHER/FM058_F4_local.png,FAMILY-58,FATHER,local,4205781,3.09,6.95,,,
data/split/train/FAMILY-58/FATHER/FM058_F4.png,data/train_distorted/distorted/FAMILY-58/FATHER/FM058_F4_bending.png,FAMILY-58,FATHER,bending,4205782,4.92,8.92,,,
data/split/train/FAMILY-58/FATHER/FM058_F5.png,data/train_distorted/distorted/FAMILY-58/FATHER/FM058_F5_elastic.png,FAMILY-58,FATHER,elastic,4205790,5.01,11.07,8.876,7.714,32
data/split/train/FAMILY-58/FATHER/FM058_F5.png,data/train_distorted/distorted/FAMILY-58/FATHER/FM058_F5_local.png,FAMILY-58,FATHER,local,4205791,4.53,10.3,,,
data/split/train/FAMILY-58/FATHER/FM058_F5.png,data/train_distorted/distorted/FAMILY-58/FATHER/FM058_F5_bending.png,FAMILY-58,FATHER,bending,4205792,4.01,6.8,,,
data/split/train/FAMILY-58/MOTHER/FM058_M1.png,data/train_distorted/distorted/FAMILY-58/MOTHER/FM058_M1_elastic.png,FAMILY-58,MOTHER,elastic,4205800,5.87,13.09,10.624,6.466,32
data/split/train/FAMILY-58/MOTHER/FM058_M1.png,data/train_distorted/distorted/FAMILY-58/MOTHER/FM058_M1_local.png,FAMILY-58,MOTHER,local,4205801,5.06,11.52,,,
data/split/train/FAMILY-58/MOTHER/FM058_M1.png,data/train_distorted/distorted/FAMILY-58/MOTHER/FM058_M1_bending.png,FAMILY-58,MOTHER,bending,4205802,4.71,8.34,,,
data/split/train/FAMILY-58/MOTHER/FM058_M2.png,data/train_distorted/distorted/FAMILY-58/MOTHER/FM058_M2_elastic.png,FAMILY-58,MOTHER,elastic,4205810,5.36,13.97,9.471,6.437,32
data/split/train/FAMILY-58/MOTHER/FM058_M2.png,data/train_distorted/distorted/FAMILY-58/MOTHER/FM058_M2_local.png,FAMILY-58,MOTHER,local,4205811,2.33,5.65,,,
data/split/train/FAMILY-58/MOTHER/FM058_M2.png,data/train_distorted/distorted/FAMILY-58/MOTHER/FM058_M2_bending.png,FAMILY-58,MOTHER,bending,4205812,6.17,11.21,,,
data/split/train/FAMILY-58/MOTHER/FM058_M3.png,data/train_distorted/distorted/FAMILY-58/MOTHER/FM058_M3_elastic.png,FAMILY-58,MOTHER,elastic,4205820,4.33,10.82,8.032,5.932,32
data/split/train/FAMILY-58/MOTHER/FM058_M3.png,data/train_distorted/distorted/FAMILY-58/MOTHER/FM058_M3_local.png,FAMILY-58,MOTHER,local,4205821,4.0,10.12,,,
data/split/train/FAMILY-58/MOTHER/FM058_M3.png,data/train_distorted/distorted/FAMILY-58/MOTHER/FM058_M3_bending.png,FAMILY-58,MOTHER,bending,4205822,6.12,10.66,,,
data/split/train/FAMILY-58/MOTHER/FM058_M4.png,data/train_distorted/distorted/FAMILY-58/MOTHER/FM058_M4_elastic.png,FAMILY-58,MOTHER,elastic,4205830,6.06,17.5,11.107,5.518,32
data/split/train/FAMILY-58/MOTHER/FM058_M4.png,data/train_distorted/distorted/FAMILY-58/MOTHER/FM058_M4_local.png,FAMILY-58,MOTHER,local,4205831,2.33,6.5,,,
data/split/train/FAMILY-58/MOTHER/FM058_M4.png,data/train_distorted/distorted/FAMILY-58/MOTHER/FM058_M4_bending.png,FAMILY-58,MOTHER,bending,4205832,6.07,10.63,,,
data/split/train/FAMILY-58/MOTHER/FM058_M5.png,data/train_distorted/distorted/FAMILY-58/MOTHER/FM058_M5_elastic.png,FAMILY-58,MOTHER,elastic,4205840,8.28,19.99,14.214,6.01,32
data/split/train/FAMILY-58/MOTHER/FM058_M5.png,data/train_distorted/distorted/FAMILY-58/MOTHER/FM058_M5_local.png,FAMILY-58,MOTHER,local,4205841,3.81,8.43,,,
data/split/train/FAMILY-58/MOTHER/FM058_M5.png,data/train_distorted/distorted/FAMILY-58/MOTHER/FM058_M5_bending.png,FAMILY-58,MOTHER,bending,4205842,5.51,9.85,,,
data/split/train/FAMILY-6/CHILD/FM006_C1.png,data/train_distorted/distorted/FAMILY-6/CHILD/FM006_C1_elastic.png,FAMILY-6,CHILD,elastic,4205850,5.72,13.84,9.674,5.62,32
data/split/train/FAMILY-6/CHILD/FM006_C1.png,data/train_distorted/distorted/FAMILY-6/CHILD/FM006_C1_local.png,FAMILY-6,CHILD,local,4205851,3.75,9.57,,,
data/split/train/FAMILY-6/CHILD/FM006_C1.png,data/train_distorted/distorted/FAMILY-6/CHILD/FM006_C1_bending.png,FAMILY-6,CHILD,bending,4205852,5.68,10.21,,,
data/split/train/FAMILY-6/CHILD/FM006_C2.png,data/train_distorted/distorted/FAMILY-6/CHILD/FM006_C2_elastic.png,FAMILY-6,CHILD,elastic,4205860,9.61,23.17,15.493,5.5,32
data/split/train/FAMILY-6/CHILD/FM006_C2.png,data/train_distorted/distorted/FAMILY-6/CHILD/FM006_C2_local.png,FAMILY-6,CHILD,local,4205861,2.25,5.7,,,
data/split/train/FAMILY-6/CHILD/FM006_C2.png,data/train_distorted/distorted/FAMILY-6/CHILD/FM006_C2_bending.png,FAMILY-6,CHILD,bending,4205862,5.25,8.74,,,
data/split/train/FAMILY-6/CHILD/FM006_C3.png,data/train_distorted/distorted/FAMILY-6/CHILD/FM006_C3_elastic.png,FAMILY-6,CHILD,elastic,4205870,7.82,19.33,14.977,6.114,32
data/split/train/FAMILY-6/CHILD/FM006_C3.png,data/train_distorted/distorted/FAMILY-6/CHILD/FM006_C3_local.png,FAMILY-6,CHILD,local,4205871,3.56,8.11,,,
data/split/train/FAMILY-6/CHILD/FM006_C3.png,data/train_distorted/distorted/FAMILY-6/CHILD/FM006_C3_bending.png,FAMILY-6,CHILD,bending,4205872,5.13,9.11,,,
data/split/train/FAMILY-6/CHILD/FM006_C4.png,data/train_distorted/distorted/FAMILY-6/CHILD/FM006_C4_elastic.png,FAMILY-6,CHILD,elastic,4205880,7.89,19.65,14.21,7.086,32
data/split/train/FAMILY-6/CHILD/FM006_C4.png,data/train_distorted/distorted/FAMILY-6/CHILD/FM006_C4_local.png,FAMILY-6,CHILD,local,4205881,2.76,6.54,,,
data/split/train/FAMILY-6/CHILD/FM006_C4.png,data/train_distorted/distorted/FAMILY-6/CHILD/FM006_C4_bending.png,FAMILY-6,CHILD,bending,4205882,6.3,11.49,,,
data/split/train/FAMILY-6/CHILD/FM006_C5.png,data/train_distorted/distorted/FAMILY-6/CHILD/FM006_C5_elastic.png,FAMILY-6,CHILD,elastic,4205890,5.87,13.91,10.748,7.898,32
data/split/train/FAMILY-6/CHILD/FM006_C5.png,data/train_distorted/distorted/FAMILY-6/CHILD/FM006_C5_local.png,FAMILY-6,CHILD,local,4205891,2.39,6.77,,,
data/split/train/FAMILY-6/CHILD/FM006_C5.png,data/train_distorted/distorted/FAMILY-6/CHILD/FM006_C5_bending.png,FAMILY-6,CHILD,bending,4205892,6.33,10.55,,,
data/split/train/FAMILY-6/FATHER/FM006_F1.png,data/train_distorted/distorted/FAMILY-6/FATHER/FM006_F1_elastic.png,FAMILY-6,FATHER,elastic,4205900,6.84,16.95,13.04,7.712,32
data/split/train/FAMILY-6/FATHER/FM006_F1.png,data/train_distorted/distorted/FAMILY-6/FATHER/FM006_F1_local.png,FAMILY-6,FATHER,local,4205901,4.29,9.36,,,
data/split/train/FAMILY-6/FATHER/FM006_F1.png,data/train_distorted/distorted/FAMILY-6/FATHER/FM006_F1_bending.png,FAMILY-6,FATHER,bending,4205902,4.42,7.9,,,
data/split/train/FAMILY-6/FATHER/FM006_F2.png,data/train_distorted/distorted/FAMILY-6/FATHER/FM006_F2_elastic.png,FAMILY-6,FATHER,elastic,4205910,8.44,20.33,13.623,5.265,32
data/split/train/FAMILY-6/FATHER/FM006_F2.png,data/train_distorted/distorted/FAMILY-6/FATHER/FM006_F2_local.png,FAMILY-6,FATHER,local,4205911,2.96,6.25,,,
data/split/train/FAMILY-6/FATHER/FM006_F2.png,data/train_distorted/distorted/FAMILY-6/FATHER/FM006_F2_bending.png,FAMILY-6,FATHER,bending,4205912,5.5,9.48,,,
data/split/train/FAMILY-6/FATHER/FM006_F3.png,data/train_distorted/distorted/FAMILY-6/FATHER/FM006_F3_elastic.png,FAMILY-6,FATHER,elastic,4205920,6.73,16.37,10.66,5.319,32
data/split/train/FAMILY-6/FATHER/FM006_F3.png,data/train_distorted/distorted/FAMILY-6/FATHER/FM006_F3_local.png,FAMILY-6,FATHER,local,4205921,3.42,9.0,,,
data/split/train/FAMILY-6/FATHER/FM006_F3.png,data/train_distorted/distorted/FAMILY-6/FATHER/FM006_F3_bending.png,FAMILY-6,FATHER,bending,4205922,4.32,7.74,,,
data/split/train/FAMILY-6/FATHER/FM006_F4.png,data/train_distorted/distorted/FAMILY-6/FATHER/FM006_F4_elastic.png,FAMILY-6,FATHER,elastic,4205930,8.38,21.52,15.69,7.656,32
data/split/train/FAMILY-6/FATHER/FM006_F4.png,data/train_distorted/distorted/FAMILY-6/FATHER/FM006_F4_local.png,FAMILY-6,FATHER,local,4205931,2.38,6.49,,,
data/split/train/FAMILY-6/FATHER/FM006_F4.png,data/train_distorted/distorted/FAMILY-6/FATHER/FM006_F4_bending.png,FAMILY-6,FATHER,bending,4205932,6.5,11.18,,,
data/split/train/FAMILY-6/FATHER/FM006_F5.png,data/train_distorted/distorted/FAMILY-6/FATHER/FM006_F5_elastic.png,FAMILY-6,FATHER,elastic,4205940,8.26,20.04,14.807,6.184,32
data/split/train/FAMILY-6/FATHER/FM006_F5.png,data/train_distorted/distorted/FAMILY-6/FATHER/FM006_F5_local.png,FAMILY-6,FATHER,local,4205941,3.79,9.56,,,
data/split/train/FAMILY-6/FATHER/FM006_F5.png,data/train_distorted/distorted/FAMILY-6/FATHER/FM006_F5_bending.png,FAMILY-6,FATHER,bending,4205942,3.64,6.55,,,
data/split/train/FAMILY-6/MOTHER/FM006_M1.png,data/train_distorted/distorted/FAMILY-6/MOTHER/FM006_M1_elastic.png,FAMILY-6,MOTHER,elastic,4205950,6.33,16.19,12.249,7.24,32
data/split/train/FAMILY-6/MOTHER/FM006_M1.png,data/train_distorted/distorted/FAMILY-6/MOTHER/FM006_M1_local.png,FAMILY-6,MOTHER,local,4205951,4.95,9.79,,,
data/split/train/FAMILY-6/MOTHER/FM006_M1.png,data/train_distorted/distorted/FAMILY-6/MOTHER/FM006_M1_bending.png,FAMILY-6,MOTHER,bending,4205952,6.02,10.56,,,
data/split/train/FAMILY-6/MOTHER/FM006_M2.png,data/train_distorted/distorted/FAMILY-6/MOTHER/FM006_M2_elastic.png,FAMILY-6,MOTHER,elastic,4205960,5.54,13.13,9.285,5.029,32
data/split/train/FAMILY-6/MOTHER/FM006_M2.png,data/train_distorted/distorted/FAMILY-6/MOTHER/FM006_M2_local.png,FAMILY-6,MOTHER,local,4205961,4.79,11.84,,,
data/split/train/FAMILY-6/MOTHER/FM006_M2.png,data/train_distorted/distorted/FAMILY-6/MOTHER/FM006_M2_bending.png,FAMILY-6,MOTHER,bending,4205962,6.49,10.96,,,
data/split/train/FAMILY-6/MOTHER/FM006_M3.png,data/train_distorted/distorted/FAMILY-6/MOTHER/FM006_M3_elastic.png,FAMILY-6,MOTHER,elastic,4205970,6.55,15.25,10.714,6.121,32
data/split/train/FAMILY-6/MOTHER/FM006_M3.png,data/train_distorted/distorted/FAMILY-6/MOTHER/FM006_M3_local.png,FAMILY-6,MOTHER,local,4205971,4.1,9.57,,,
data/split/train/FAMILY-6/MOTHER/FM006_M3.png,data/train_distorted/distorted/FAMILY-6/MOTHER/FM006_M3_bending.png,FAMILY-6,MOTHER,bending,4205972,3.88,7.02,,,
data/split/train/FAMILY-6/MOTHER/FM006_M4.png,data/train_distorted/distorted/FAMILY-6/MOTHER/FM006_M4_elastic.png,FAMILY-6,MOTHER,elastic,4205980,8.02,21.53,13.971,6.277,32
data/split/train/FAMILY-6/MOTHER/FM006_M4.png,data/train_distorted/distorted/FAMILY-6/MOTHER/FM006_M4_local.png,FAMILY-6,MOTHER,local,4205981,4.12,9.3,,,
data/split/train/FAMILY-6/MOTHER/FM006_M4.png,data/train_distorted/distorted/FAMILY-6/MOTHER/FM006_M4_bending.png,FAMILY-6,MOTHER,bending,4205982,3.56,6.47,,,
data/split/train/FAMILY-6/MOTHER/FM006_M5.png,data/train_distorted/distorted/FAMILY-6/MOTHER/FM006_M5_elastic.png,FAMILY-6,MOTHER,elastic,4205990,6.17,13.82,9.674,6.221,32
data/split/train/FAMILY-6/MOTHER/FM006_M5.png,data/train_distorted/distorted/FAMILY-6/MOTHER/FM006_M5_local.png,FAMILY-6,MOTHER,local,4205991,3.85,9.72,,,
data/split/train/FAMILY-6/MOTHER/FM006_M5.png,data/train_distorted/distorted/FAMILY-6/MOTHER/FM006_M5_bending.png,FAMILY-6,MOTHER,bending,4205992,6.21,10.64,,,
data/split/train/FAMILY-60/CHILD/FM060_C1.png,data/train_distorted/distorted/FAMILY-60/CHILD/FM060_C1_elastic.png,FAMILY-60,CHILD,elastic,4206000,8.28,21.63,14.217,5.984,32
data/split/train/FAMILY-60/CHILD/FM060_C1.png,data/train_distorted/distorted/FAMILY-60/CHILD/FM060_C1_local.png,FAMILY-60,CHILD,local,4206001,4.8,9.91,,,
data/split/train/FAMILY-60/CHILD/FM060_C1.png,data/train_distorted/distorted/FAMILY-60/CHILD/FM060_C1_bending.png,FAMILY-60,CHILD,bending,4206002,5.54,9.44,,,
data/split/train/FAMILY-60/CHILD/FM060_C2.png,data/train_distorted/distorted/FAMILY-60/CHILD/FM060_C2_elastic.png,FAMILY-60,CHILD,elastic,4206010,5.76,12.51,9.394,5.436,32
data/split/train/FAMILY-60/CHILD/FM060_C2.png,data/train_distorted/distorted/FAMILY-60/CHILD/FM060_C2_local.png,FAMILY-60,CHILD,local,4206011,3.38,9.76,,,
data/split/train/FAMILY-60/CHILD/FM060_C2.png,data/train_distorted/distorted/FAMILY-60/CHILD/FM060_C2_bending.png,FAMILY-60,CHILD,bending,4206012,4.83,8.21,,,
data/split/train/FAMILY-60/CHILD/FM060_C3.png,data/train_distorted/distorted/FAMILY-60/CHILD/FM060_C3_elastic.png,FAMILY-60,CHILD,elastic,4206020,7.23,18.05,12.783,7.063,32
data/split/train/FAMILY-60/CHILD/FM060_C3.png,data/train_distorted/distorted/FAMILY-60/CHILD/FM060_C3_local.png,FAMILY-60,CHILD,local,4206021,3.94,7.15,,,
data/split/train/FAMILY-60/CHILD/FM060_C3.png,data/train_distorted/distorted/FAMILY-60/CHILD/FM060_C3_bending.png,FAMILY-60,CHILD,bending,4206022,7.0,11.65,,,
data/split/train/FAMILY-60/CHILD/FM060_C4.png,data/train_distorted/distorted/FAMILY-60/CHILD/FM060_C4_elastic.png,FAMILY-60,CHILD,elastic,4206030,4.75,12.75,8.858,6.417,32
data/split/train/FAMILY-60/CHILD/FM060_C4.png,data/train_distorted/distorted/FAMILY-60/CHILD/FM060_C4_local.png,FAMILY-60,CHILD,local,4206031,4.23,8.12,,,
data/split/train/FAMILY-60/CHILD/FM060_C4.png,data/train_distorted/distorted/FAMILY-60/CHILD/FM060_C4_bending.png,FAMILY-60,CHILD,bending,4206032,4.62,8.35,,,
data/split/train/FAMILY-60/CHILD/FM060_C5.png,data/train_distorted/distorted/FAMILY-60/CHILD/FM060_C5_elastic.png,FAMILY-60,CHILD,elastic,4206040,6.0,15.13,10.952,5.486,32
data/split/train/FAMILY-60/CHILD/FM060_C5.png,data/train_distorted/distorted/FAMILY-60/CHILD/FM060_C5_local.png,FAMILY-60,CHILD,local,4206041,2.75,6.56,,,
data/split/train/FAMILY-60/CHILD/FM060_C5.png,data/train_distorted/distorted/FAMILY-60/CHILD/FM060_C5_bending.png,FAMILY-60,CHILD,bending,4206042,5.8,10.42,,,
data/split/train/FAMILY-60/FATHER/FM060_F1.png,data/train_distorted/distorted/FAMILY-60/FATHER/FM060_F1_elastic.png,FAMILY-60,FATHER,elastic,4206050,9.51,21.8,15.078,6.312,32
data/split/train/FAMILY-60/FATHER/FM060_F1.png,data/train_distorted/distorted/FAMILY-60/FATHER/FM060_F1_local.png,FAMILY-60,FATHER,local,4206051,3.21,6.82,,,
data/split/train/FAMILY-60/FATHER/FM060_F1.png,data/train_distorted/distorted/FAMILY-60/FATHER/FM060_F1_bending.png,FAMILY-60,FATHER,bending,4206052,6.18,10.31,,,
data/split/train/FAMILY-60/FATHER/FM060_F2.png,data/train_distorted/distorted/FAMILY-60/FATHER/FM060_F2_elastic.png,FAMILY-60,FATHER,elastic,4206060,4.95,13.61,8.012,5.487,32
data/split/train/FAMILY-60/FATHER/FM060_F2.png,data/train_distorted/distorted/FAMILY-60/FATHER/FM060_F2_local.png,FAMILY-60,FATHER,local,4206061,2.88,5.84,,,
data/split/train/FAMILY-60/FATHER/FM060_F2.png,data/train_distorted/distorted/FAMILY-60/FATHER/FM060_F2_bending.png,FAMILY-60,FATHER,bending,4206062,5.57,9.9,,,
data/split/train/FAMILY-60/FATHER/FM060_F3.png,data/train_distorted/distorted/FAMILY-60/FATHER/FM060_F3_elastic.png,FAMILY-60,FATHER,elastic,4206070,5.67,13.69,11.674,7.92,32
data/split/train/FAMILY-60/FATHER/FM060_F3.png,data/train_distorted/distorted/FAMILY-60/FATHER/FM060_F3_local.png,FAMILY-60,FATHER,local,4206071,3.29,6.83,,,
data/split/train/FAMILY-60/FATHER/FM060_F3.png,data/train_distorted/distorted/FAMILY-60/FATHER/FM060_F3_bending.png,FAMILY-60,FATHER,bending,4206072,7.03,12.98,,,
data/split/train/FAMILY-60/FATHER/FM060_F4.png,data/train_distorted/distorted/FAMILY-60/FATHER/FM060_F4_elastic.png,FAMILY-60,FATHER,elastic,4206080,9.21,22.38,15.365,5.812,32
data/split/train/FAMILY-60/FATHER/FM060_F4.png,data/train_distorted/distorted/FAMILY-60/FATHER/FM060_F4_local.png,FAMILY-60,FATHER,local,4206081,4.31,7.74,,,
data/split/train/FAMILY-60/FATHER/FM060_F4.png,data/train_distorted/distorted/FAMILY-60/FATHER/FM060_F4_bending.png,FAMILY-60,FATHER,bending,4206082,6.87,11.51,,,
data/split/train/FAMILY-60/FATHER/FM060_F5.png,data/train_distorted/distorted/FAMILY-60/FATHER/FM060_F5_elastic.png,FAMILY-60,FATHER,elastic,4206090,8.66,17.92,14.416,5.185,32
data/split/train/FAMILY-60/FATHER/FM060_F5.png,data/train_distorted/distorted/FAMILY-60/FATHER/FM060_F5_local.png,FAMILY-60,FATHER,local,4206091,4.46,8.59,,,
data/split/train/FAMILY-60/FATHER/FM060_F5.png,data/train_distorted/distorted/FAMILY-60/FATHER/FM060_F5_bending.png,FAMILY-60,FATHER,bending,4206092,4.2,7.39,,,
data/split/train/FAMILY-60/MOTHER/FM060_M1.png,data/train_distorted/distorted/FAMILY-60/MOTHER/FM060_M1_elastic.png,FAMILY-60,MOTHER,elastic,4206100,7.91,19.69,13.748,5.281,32
data/split/train/FAMILY-60/MOTHER/FM060_M1.png,data/train_distorted/distorted/FAMILY-60/MOTHER/FM060_M1_local.png,FAMILY-60,MOTHER,local,4206101,4.0,9.17,,,
data/split/train/FAMILY-60/MOTHER/FM060_M1.png,data/train_distorted/distorted/FAMILY-60/MOTHER/FM060_M1_bending.png,FAMILY-60,MOTHER,bending,4206102,5.82,9.96,,,
data/split/train/FAMILY-60/MOTHER/FM060_M2.png,data/train_distorted/distorted/FAMILY-60/MOTHER/FM060_M2_elastic.png,FAMILY-60,MOTHER,elastic,4206110,8.27,21.53,14.136,6.551,32
data/split/train/FAMILY-60/MOTHER/FM060_M2.png,data/train_distorted/distorted/FAMILY-60/MOTHER/FM060_M2_local.png,FAMILY-60,MOTHER,local,4206111,2.81,6.36,,,
data/split/train/FAMILY-60/MOTHER/FM060_M2.png,data/train_distorted/distorted/FAMILY-60/MOTHER/FM060_M2_bending.png,FAMILY-60,MOTHER,bending,4206112,4.81,8.77,,,
data/split/train/FAMILY-60/MOTHER/FM060_M3.png,data/train_distorted/distorted/FAMILY-60/MOTHER/FM060_M3_elastic.png,FAMILY-60,MOTHER,elastic,4206120,6.97,15.22,11.227,5.704,32
data/split/train/FAMILY-60/MOTHER/FM060_M3.png,data/train_distorted/distorted/FAMILY-60/MOTHER/FM060_M3_local.png,FAMILY-60,MOTHER,local,4206121,3.98,8.45,,,
data/split/train/FAMILY-60/MOTHER/FM060_M3.png,data/train_distorted/distorted/FAMILY-60/MOTHER/FM060_M3_bending.png,FAMILY-60,MOTHER,bending,4206122,6.67,12.13,,,
data/split/train/FAMILY-60/MOTHER/FM060_M4.png,data/train_distorted/distorted/FAMILY-60/MOTHER/FM060_M4_elastic.png,FAMILY-60,MOTHER,elastic,4206130,9.29,20.25,15.915,5.276,32
data/split/train/FAMILY-60/MOTHER/FM060_M4.png,data/train_distorted/distorted/FAMILY-60/MOTHER/FM060_M4_local.png,FAMILY-60,MOTHER,local,4206131,2.85,6.93,,,
data/split/train/FAMILY-60/MOTHER/FM060_M4.png,data/train_distorted/distorted/FAMILY-60/MOTHER/FM060_M4_bending.png,FAMILY-60,MOTHER,bending,4206132,4.24,7.22,,,
data/split/train/FAMILY-60/MOTHER/FM060_M5.png,data/train_distorted/distorted/FAMILY-60/MOTHER/FM060_M5_elastic.png,FAMILY-60,MOTHER,elastic,4206140,9.12,21.14,14.86,6.166,32
data/split/train/FAMILY-60/MOTHER/FM060_M5.png,data/train_distorted/distorted/FAMILY-60/MOTHER/FM060_M5_local.png,FAMILY-60,MOTHER,local,4206141,4.83,9.77,,,
data/split/train/FAMILY-60/MOTHER/FM060_M5.png,data/train_distorted/distorted/FAMILY-60/MOTHER/FM060_M5_bending.png,FAMILY-60,MOTHER,bending,4206142,4.86,8.27,,,
data/split/train/FAMILY-61/CHILD/FM061_C1.png,data/train_distorted/distorted/FAMILY-61/CHILD/FM061_C1_elastic.png,FAMILY-61,CHILD,elastic,4206150,8.42,20.93,15.3,7.84,32
data/split/train/FAMILY-61/CHILD/FM061_C1.png,data/train_distorted/distorted/FAMILY-61/CHILD/FM061_C1_local.png,FAMILY-61,CHILD,local,4206151,2.65,5.94,,,
data/split/train/FAMILY-61/CHILD/FM061_C1.png,data/train_distorted/distorted/FAMILY-61/CHILD/FM061_C1_bending.png,FAMILY-61,CHILD,bending,4206152,4.3,7.89,,,
data/split/train/FAMILY-61/CHILD/FM061_C2.png,data/train_distorted/distorted/FAMILY-61/CHILD/FM061_C2_elastic.png,FAMILY-61,CHILD,elastic,4206160,8.13,19.03,13.858,5.926,32
data/split/train/FAMILY-61/CHILD/FM061_C2.png,data/train_distorted/distorted/FAMILY-61/CHILD/FM061_C2_local.png,FAMILY-61,CHILD,local,4206161,3.13,7.31,,,
data/split/train/FAMILY-61/CHILD/FM061_C2.png,data/train_distorted/distorted/FAMILY-61/CHILD/FM061_C2_bending.png,FAMILY-61,CHILD,bending,4206162,5.57,9.35,,,
data/split/train/FAMILY-61/CHILD/FM061_C3.png,data/train_distorted/distorted/FAMILY-61/CHILD/FM061_C3_elastic.png,FAMILY-61,CHILD,elastic,4206170,4.95,14.93,9.174,7.52,32
data/split/train/FAMILY-61/CHILD/FM061_C3.png,data/train_distorted/distorted/FAMILY-61/CHILD/FM061_C3_local.png,FAMILY-61,CHILD,local,4206171,3.47,7.46,,,
data/split/train/FAMILY-61/CHILD/FM061_C3.png,data/train_distorted/distorted/FAMILY-61/CHILD/FM061_C3_bending.png,FAMILY-61,CHILD,bending,4206172,5.61,9.35,,,
data/split/train/FAMILY-61/CHILD/FM061_C4.png,data/train_distorted/distorted/FAMILY-61/CHILD/FM061_C4_elastic.png,FAMILY-61,CHILD,elastic,4206180,6.05,15.28,12.188,7.129,32
data/split/train/FAMILY-61/CHILD/FM061_C4.png,data/train_distorted/distorted/FAMILY-61/CHILD/FM061_C4_local.png,FAMILY-61,CHILD,local,4206181,2.6,5.86,,,
data/split/train/FAMILY-61/CHILD/FM061_C4.png,data/train_distorted/distorted/FAMILY-61/CHILD/FM061_C4_bending.png,FAMILY-61,CHILD,bending,4206182,6.54,11.79,,,
data/split/train/FAMILY-61/CHILD/FM061_C5.png,data/train_distorted/distorted/FAMILY-61/CHILD/FM061_C5_elastic.png,FAMILY-61,CHILD,elastic,4206190,8.35,22.59,15.889,7.771,32
data/split/train/FAMILY-61/CHILD/FM061_C5.png,data/train_distorted/distorted/FAMILY-61/CHILD/FM061_C5_local.png,FAMILY-61,CHILD,local,4206191,4.21,8.18,,,
data/split/train/FAMILY-61/CHILD/FM061_C5.png,data/train_distorted/distorted/FAMILY-61/CHILD/FM061_C5_bending.png,FAMILY-61,CHILD,bending,4206192,4.23,7.43,,,
data/split/train/FAMILY-61/FATHER/FM061_F1.png,data/train_distorted/distorted/FAMILY-61/FATHER/FM061_F1_elastic.png,FAMILY-61,FATHER,elastic,4206200,8.03,18.69,14.633,5.495,32
data/split/train/FAMILY-61/FATHER/FM061_F1.png,data/train_distorted/distorted/FAMILY-61/FATHER/FM061_F1_local.png,FAMILY-61,FATHER,local,4206201,3.89,8.72,,,
data/split/train/FAMILY-61/FATHER/FM061_F1.png,data/train_distorted/distorted/FAMILY-61/FATHER/FM061_F1_bending.png,FAMILY-61,FATHER,bending,4206202,5.1,9.23,,,
data/split/train/FAMILY-61/FATHER/FM061_F2.png,data/train_distorted/distorted/FAMILY-61/FATHER/FM061_F2_elastic.png,FAMILY-61,FATHER,elastic,4206210,7.7,22.06,13.296,5.44,32
data/split/train/FAMILY-61/FATHER/FM061_F2.png,data/train_distorted/distorted/FAMILY-61/FATHER/FM061_F2_local.png,FAMILY-61,FATHER,local,4206211,4.91,10.7,,,
data/split/train/FAMILY-61/FATHER/FM061_F2.png,data/train_distorted/distorted/FAMILY-61/FATHER/FM061_F2_bending.png,FAMILY-61,FATHER,bending,4206212,3.68,6.23,,,
data/split/train/FAMILY-61/FATHER/FM061_F3.png,data/train_distorted/distorted/FAMILY-61/FATHER/FM061_F3_elastic.png,FAMILY-61,FATHER,elastic,4206220,5.78,14.58,10.842,6.748,32
data/split/train/FAMILY-61/FATHER/FM061_F3.png,data/train_distorted/distorted/FAMILY-61/FATHER/FM061_F3_local.png,FAMILY-61,FATHER,local,4206221,2.69,5.69,,,
data/split/train/FAMILY-61/FATHER/FM061_F3.png,data/train_distorted/distorted/FAMILY-61/FATHER/FM061_F3_bending.png,FAMILY-61,FATHER,bending,4206222,5.52,9.45,,,
data/split/train/FAMILY-61/FATHER/FM061_F4.png,data/train_distorted/distorted/FAMILY-61/FATHER/FM061_F4_elastic.png,FAMILY-61,FATHER,elastic,4206230,5.28,12.71,8.776,5.377,32
data/split/train/FAMILY-61/FATHER/FM061_F4.png,data/train_distorted/distorted/FAMILY-61/FATHER/FM061_F4_local.png,FAMILY-61,FATHER,local,4206231,2.62,5.93,,,
data/split/train/FAMILY-61/FATHER/FM061_F4.png,data/train_distorted/distorted/FAMILY-61/FATHER/FM061_F4_bending.png,FAMILY-61,FATHER,bending,4206232,3.53,6.13,,,
data/split/train/FAMILY-61/FATHER/FM061_F5.png,data/train_distorted/distorted/FAMILY-61/FATHER/FM061_F5_elastic.png,FAMILY-61,FATHER,elastic,4206240,7.35,18.19,13.299,5.458,32
data/split/train/FAMILY-61/FATHER/FM061_F5.png,data/train_distorted/distorted/FAMILY-61/FATHER/FM061_F5_local.png,FAMILY-61,FATHER,local,4206241,4.03,8.49,,,
data/split/train/FAMILY-61/FATHER/FM061_F5.png,data/train_distorted/distorted/FAMILY-61/FATHER/FM061_F5_bending.png,FAMILY-61,FATHER,bending,4206242,4.62,8.07,,,
data/split/train/FAMILY-61/MOTHER/FM061_M1.png,data/train_distorted/distorted/FAMILY-61/MOTHER/FM061_M1_elastic.png,FAMILY-61,MOTHER,elastic,4206250,7.11,20.56,13.421,7.297,32
data/split/train/FAMILY-61/MOTHER/FM061_M1.png,data/train_distorted/distorted/FAMILY-61/MOTHER/FM061_M1_local.png,FAMILY-61,MOTHER,local,4206251,3.74,10.16,,,
data/split/train/FAMILY-61/MOTHER/FM061_M1.png,data/train_distorted/distorted/FAMILY-61/MOTHER/FM061_M1_bending.png,FAMILY-61,MOTHER,bending,4206252,6.46,11.92,,,
data/split/train/FAMILY-61/MOTHER/FM061_M2.png,data/train_distorted/distorted/FAMILY-61/MOTHER/FM061_M2_elastic.png,FAMILY-61,MOTHER,elastic,4206260,5.71,14.75,10.269,6.331,32
data/split/train/FAMILY-61/MOTHER/FM061_M2.png,data/train_distorted/distorted/FAMILY-61/MOTHER/FM061_M2_local.png,FAMILY-61,MOTHER,local,4206261,4.72,10.69,,,
data/split/train/FAMILY-61/MOTHER/FM061_M2.png,data/train_distorted/distorted/FAMILY-61/MOTHER/FM061_M2_bending.png,FAMILY-61,MOTHER,bending,4206262,7.13,12.4,,,
data/split/train/FAMILY-61/MOTHER/FM061_M3.png,data/train_distorted/distorted/FAMILY-61/MOTHER/FM061_M3_elastic.png,FAMILY-61,MOTHER,elastic,4206270,7.21,20.78,12.44,6.107,32
data/split/train/FAMILY-61/MOTHER/FM061_M3.png,data/train_distorted/distorted/FAMILY-61/MOTHER/FM061_M3_local.png,FAMILY-61,MOTHER,local,4206271,3.93,9.68,,,
data/split/train/FAMILY-61/MOTHER/FM061_M3.png,data/train_distorted/distorted/FAMILY-61/MOTHER/FM061_M3_bending.png,FAMILY-61,MOTHER,bending,4206272,4.9,8.71,,,
data/split/train/FAMILY-61/MOTHER/FM061_M4.png,data/train_distorted/distorted/FAMILY-61/MOTHER/FM061_M4_elastic.png,FAMILY-61,MOTHER,elastic,4206280,7.84,20.36,15.596,7.009,32
data/split/train/FAMILY-61/MOTHER/FM061_M4.png,data/train_distorted/distorted/FAMILY-61/MOTHER/FM061_M4_local.png,FAMILY-61,MOTHER,local,4206281,3.16,6.84,,,
data/split/train/FAMILY-61/MOTHER/FM061_M4.png,data/train_distorted/distorted/FAMILY-61/MOTHER/FM061_M4_bending.png,FAMILY-61,MOTHER,bending,4206282,7.1,12.2,,,
data/split/train/FAMILY-61/MOTHER/FM061_M5.png,data/train_distorted/distorted/FAMILY-61/MOTHER/FM061_M5_elastic.png,FAMILY-61,MOTHER,elastic,4206290,7.99,19.43,14.329,7.133,32
data/split/train/FAMILY-61/MOTHER/FM061_M5.png,data/train_distorted/distorted/FAMILY-61/MOTHER/FM061_M5_local.png,FAMILY-61,MOTHER,local,4206291,2.42,5.77,,,
data/split/train/FAMILY-61/MOTHER/FM061_M5.png,data/train_distorted/distorted/FAMILY-61/MOTHER/FM061_M5_bending.png,FAMILY-61,MOTHER,bending,4206292,4.64,7.72,,,
data/split/train/FAMILY-62/CHILD/FM062_C1.png,data/train_distorted/distorted/FAMILY-62/CHILD/FM062_C1_elastic.png,FAMILY-62,CHILD,elastic,4206300,6.69,18.63,12.536,6.726,32
data/split/train/FAMILY-62/CHILD/FM062_C1.png,data/train_distorted/distorted/FAMILY-62/CHILD/FM062_C1_local.png,FAMILY-62,CHILD,local,4206301,5.2,10.51,,,
data/split/train/FAMILY-62/CHILD/FM062_C1.png,data/train_distorted/distorted/FAMILY-62/CHILD/FM062_C1_bending.png,FAMILY-62,CHILD,bending,4206302,6.43,11.15,,,
data/split/train/FAMILY-62/CHILD/FM062_C2.png,data/train_distorted/distorted/FAMILY-62/CHILD/FM062_C2_elastic.png,FAMILY-62,CHILD,elastic,4206310,4.85,11.26,9.304,7.815,32
data/split/train/FAMILY-62/CHILD/FM062_C2.png,data/train_distorted/distorted/FAMILY-62/CHILD/FM062_C2_local.png,FAMILY-62,CHILD,local,4206311,2.51,6.56,,,
data/split/train/FAMILY-62/CHILD/FM062_C2.png,data/train_distorted/distorted/FAMILY-62/CHILD/FM062_C2_bending.png,FAMILY-62,CHILD,bending,4206312,3.96,7.25,,,
data/split/train/FAMILY-62/CHILD/FM062_C3.png,data/train_distorted/distorted/FAMILY-62/CHILD/FM062_C3_elastic.png,FAMILY-62,CHILD,elastic,4206320,7.49,19.39,12.885,7.0,32
data/split/train/FAMILY-62/CHILD/FM062_C3.png,data/train_distorted/distorted/FAMILY-62/CHILD/FM062_C3_local.png,FAMILY-62,CHILD,local,4206321,2.49,6.07,,,
data/split/train/FAMILY-62/CHILD/FM062_C3.png,data/train_distorted/distorted/FAMILY-62/CHILD/FM062_C3_bending.png,FAMILY-62,CHILD,bending,4206322,4.12,6.86,,,
data/split/train/FAMILY-62/CHILD/FM062_C4.png,data/train_distorted/distorted/FAMILY-62/CHILD/FM062_C4_elastic.png,FAMILY-62,CHILD,elastic,4206330,5.25,12.32,8.762,5.087,32
data/split/train/FAMILY-62/CHILD/FM062_C4.png,data/train_distorted/distorted/FAMILY-62/CHILD/FM062_C4_local.png,FAMILY-62,CHILD,local,4206331,3.43,7.03,,,
data/split/train/FAMILY-62/CHILD/FM062_C4.png,data/train_distorted/distorted/FAMILY-62/CHILD/FM062_C4_bending.png,FAMILY-62,CHILD,bending,4206332,4.13,7.02,,,
data/split/train/FAMILY-62/CHILD/FM062_C5.png,data/train_distorted/distorted/FAMILY-62/CHILD/FM062_C5_elastic.png,FAMILY-62,CHILD,elastic,4206340,6.31,14.17,11.711,7.606,32
data/split/train/FAMILY-62/CHILD/FM062_C5.png,data/train_distorted/distorted/FAMILY-62/CHILD/FM062_C5_local.png,FAMILY-62,CHILD,local,4206341,3.28,6.45,,,
data/split/train/FAMILY-62/CHILD/FM062_C5.png,data/train_distorted/distorted/FAMILY-62/CHILD/FM062_C5_bending.png,FAMILY-62,CHILD,bending,4206342,4.46,7.56,,,
data/split/train/FAMILY-62/FATHER/FM062_F1.png,data/train_distorted/distorted/FAMILY-62/FATHER/FM062_F1_elastic.png,FAMILY-62,FATHER,elastic,4206350,7.59,19.58,12.829,5.35,32
data/split/train/FAMILY-62/FATHER/FM062_F1.png,data/train_distorted/distorted/FAMILY-62/FATHER/FM062_F1_local.png,FAMILY-62,FATHER,local,4206351,4.13,11.27,,,
data/split/train/FAMILY-62/FATHER/FM062_F1.png,data/train_distorted/distorted/FAMILY-62/FATHER/FM062_F1_bending.png,FAMILY-62,FATHER,bending,4206352,4.74,8.4,,,
data/split/train/FAMILY-62/FATHER/FM062_F2.png,data/train_distorted/distorted/FAMILY-62/FATHER/FM062_F2_elastic.png,FAMILY-62,FATHER,elastic,4206360,5.84,13.25,10.182,5.951,32
data/split/train/FAMILY-62/FATHER/FM062_F2.png,data/train_distorted/distorted/FAMILY-62/FATHER/FM062_F2_local.png,FAMILY-62,FATHER,local,4206361,4.67,10.32,,,
data/split/train/FAMILY-62/FATHER/FM062_F2.png,data/train_distorted/distorted/FAMILY-62/FATHER/FM062_F2_bending.png,FAMILY-62,FATHER,bending,4206362,3.95,6.99,,,
data/split/train/FAMILY-62/FATHER/FM062_F3.png,data/train_distorted/distorted/FAMILY-62/FATHER/FM062_F3_elastic.png,FAMILY-62,FATHER,elastic,4206370,7.1,18.59,12.746,6.127,32
data/split/train/FAMILY-62/FATHER/FM062_F3.png,data/train_distorted/distorted/FAMILY-62/FATHER/FM062_F3_local.png,FAMILY-62,FATHER,local,4206371,2.56,7.33,,,
data/split/train/FAMILY-62/FATHER/FM062_F3.png,data/train_distorted/distorted/FAMILY-62/FATHER/FM062_F3_bending.png,FAMILY-62,FATHER,bending,4206372,4.74,7.9,,,
data/split/train/FAMILY-62/FATHER/FM062_F4.png,data/train_distorted/distorted/FAMILY-62/FATHER/FM062_F4_elastic.png,FAMILY-62,FATHER,elastic,4206380,7.02,17.61,11.859,5.58,32
data/split/train/FAMILY-62/FATHER/FM062_F4.png,data/train_distorted/distorted/FAMILY-62/FATHER/FM062_F4_local.png,FAMILY-62,FATHER,local,4206381,3.57,7.91,,,
data/split/train/FAMILY-62/FATHER/FM062_F4.png,data/train_distorted/distorted/FAMILY-62/FATHER/FM062_F4_bending.png,FAMILY-62,FATHER,bending,4206382,5.61,9.9,,,
data/split/train/FAMILY-62/FATHER/FM062_F5.png,data/train_distorted/distorted/FAMILY-62/FATHER/FM062_F5_elastic.png,FAMILY-62,FATHER,elastic,4206390,4.54,11.6,8.172,6.34,32
data/split/train/FAMILY-62/FATHER/FM062_F5.png,data/train_distorted/distorted/FAMILY-62/FATHER/FM062_F5_local.png,FAMILY-62,FATHER,local,4206391,4.67,9.13,,,
data/split/train/FAMILY-62/FATHER/FM062_F5.png,data/train_distorted/distorted/FAMILY-62/FATHER/FM062_F5_bending.png,FAMILY-62,FATHER,bending,4206392,4.44,7.61,,,
data/split/train/FAMILY-62/MOTHER/FM062_M1.png,data/train_distorted/distorted/FAMILY-62/MOTHER/FM062_M1_elastic.png,FAMILY-62,MOTHER,elastic,4206400,6.18,13.97,10.144,5.303,32
data/split/train/FAMILY-62/MOTHER/FM062_M1.png,data/train_distorted/distorted/FAMILY-62/MOTHER/FM062_M1_local.png,FAMILY-62,MOTHER,local,4206401,4.76,10.27,,,
data/split/train/FAMILY-62/MOTHER/FM062_M1.png,data/train_distorted/distorted/FAMILY-62/MOTHER/FM062_M1_bending.png,FAMILY-62,MOTHER,bending,4206402,6.36,10.97,,,
data/split/train/FAMILY-62/MOTHER/FM062_M2.png,data/train_distorted/distorted/FAMILY-62/MOTHER/FM062_M2_elastic.png,FAMILY-62,MOTHER,elastic,4206410,6.18,15.26,10.741,5.495,32
data/split/train/FAMILY-62/MOTHER/FM062_M2.png,data/train_distorted/distorted/FAMILY-62/MOTHER/FM062_M2_local.png,FAMILY-62,MOTHER,local,4206411,3.52,8.76,,,
data/split/train/FAMILY-62/MOTHER/FM062_M2.png,data/train_distorted/distorted/FAMILY-62/MOTHER/FM062_M2_bending.png,FAMILY-62,MOTHER,bending,4206412,5.11,8.97,,,
data/split/train/FAMILY-62/MOTHER/FM062_M3.png,data/train_distorted/distorted/FAMILY-62/MOTHER/FM062_M3_elastic.png,FAMILY-62,MOTHER,elastic,4206420,5.13,11.43,8.907,7.369,32
data/split/train/FAMILY-62/MOTHER/FM062_M3.png,data/train_distorted/distorted/FAMILY-62/MOTHER/FM062_M3_local.png,FAMILY-62,MOTHER,local,4206421,3.63,9.41,,,
data/split/train/FAMILY-62/MOTHER/FM062_M3.png,data/train_distorted/distorted/FAMILY-62/MOTHER/FM062_M3_bending.png,FAMILY-62,MOTHER,bending,4206422,3.92,6.57,,,
data/split/train/FAMILY-62/MOTHER/FM062_M4.png,data/train_distorted/distorted/FAMILY-62/MOTHER/FM062_M4_elastic.png,FAMILY-62,MOTHER,elastic,4206430,5.62,14.48,10.17,5.235,32
data/split/train/FAMILY-62/MOTHER/FM062_M4.png,data/train_distorted/distorted/FAMILY-62/MOTHER/FM062_M4_local.png,FAMILY-62,MOTHER,local,4206431,2.53,5.5,,,
data/split/train/FAMILY-62/MOTHER/FM062_M4.png,data/train_distorted/distorted/FAMILY-62/MOTHER/FM062_M4_bending.png,FAMILY-62,MOTHER,bending,4206432,4.92,8.3,,,
data/split/train/FAMILY-62/MOTHER/FM062_M5.png,data/train_distorted/distorted/FAMILY-62/MOTHER/FM062_M5_elastic.png,FAMILY-62,MOTHER,elastic,4206440,7.83,18.53,14.081,7.119,32
data/split/train/FAMILY-62/MOTHER/FM062_M5.png,data/train_distorted/distorted/FAMILY-62/MOTHER/FM062_M5_local.png,FAMILY-62,MOTHER,local,4206441,3.8,9.42,,,
data/split/train/FAMILY-62/MOTHER/FM062_M5.png,data/train_distorted/distorted/FAMILY-62/MOTHER/FM062_M5_bending.png,FAMILY-62,MOTHER,bending,4206442,4.34,7.62,,,
data/split/train/FAMILY-63/CHILD/FM063_C1.png,data/train_distorted/distorted/FAMILY-63/CHILD/FM063_C1_elastic.png,FAMILY-63,CHILD,elastic,4206450,7.66,17.88,13.524,6.182,32
data/split/train/FAMILY-63/CHILD/FM063_C1.png,data/train_distorted/distorted/FAMILY-63/CHILD/FM063_C1_local.png,FAMILY-63,CHILD,local,4206451,3.38,7.88,,,
data/split/train/FAMILY-63/CHILD/FM063_C1.png,data/train_distorted/distorted/FAMILY-63/CHILD/FM063_C1_bending.png,FAMILY-63,CHILD,bending,4206452,3.83,6.85,,,
data/split/train/FAMILY-63/CHILD/FM063_C2.png,data/train_distorted/distorted/FAMILY-63/CHILD/FM063_C2_elastic.png,FAMILY-63,CHILD,elastic,4206460,4.34,11.01,8.051,7.981,32
data/split/train/FAMILY-63/CHILD/FM063_C2.png,data/train_distorted/distorted/FAMILY-63/CHILD/FM063_C2_local.png,FAMILY-63,CHILD,local,4206461,2.94,7.36,,,
data/split/train/FAMILY-63/CHILD/FM063_C2.png,data/train_distorted/distorted/FAMILY-63/CHILD/FM063_C2_bending.png,FAMILY-63,CHILD,bending,4206462,3.64,6.64,,,
data/split/train/FAMILY-63/CHILD/FM063_C3.png,data/train_distorted/distorted/FAMILY-63/CHILD/FM063_C3_elastic.png,FAMILY-63,CHILD,elastic,4206470,5.16,14.23,8.727,6.006,32
data/split/train/FAMILY-63/CHILD/FM063_C3.png,data/train_distorted/distorted/FAMILY-63/CHILD/FM063_C3_local.png,FAMILY-63,CHILD,local,4206471,4.81,8.73,,,
data/split/train/FAMILY-63/CHILD/FM063_C3.png,data/train_distorted/distorted/FAMILY-63/CHILD/FM063_C3_bending.png,FAMILY-63,CHILD,bending,4206472,4.43,8.11,,,
data/split/train/FAMILY-63/CHILD/FM063_C4.png,data/train_distorted/distorted/FAMILY-63/CHILD/FM063_C4_elastic.png,FAMILY-63,CHILD,elastic,4206480,4.47,9.85,8.696,7.675,32
data/split/train/FAMILY-63/CHILD/FM063_C4.png,data/train_distorted/distorted/FAMILY-63/CHILD/FM063_C4_local.png,FAMILY-63,CHILD,local,4206481,2.95,7.54,,,
data/split/train/FAMILY-63/CHILD/FM063_C4.png,data/train_distorted/distorted/FAMILY-63/CHILD/FM063_C4_bending.png,FAMILY-63,CHILD,bending,4206482,4.59,8.05,,,
data/split/train/FAMILY-63/CHILD/FM063_C5.png,data/train_distorted/distorted/FAMILY-63/CHILD/FM063_C5_elastic.png,FAMILY-63,CHILD,elastic,4206490,5.92,13.48,11.374,7.49,32
data/split/train/FAMILY-63/CHILD/FM063_C5.png,data/train_distorted/distorted/FAMILY-63/CHILD/FM063_C5_local.png,FAMILY-63,CHILD,local,4206491,2.61,5.92,,,
data/split/train/FAMILY-63/CHILD/FM063_C5.png,data/train_distorted/distorted/FAMILY-63/CHILD/FM063_C5_bending.png,FAMILY-63,CHILD,bending,4206492,6.24,10.45,,,
data/split/train/FAMILY-63/FATHER/FM063_F1.png,data/train_distorted/distorted/FAMILY-63/FATHER/FM063_F1_elastic.png,FAMILY-63,FATHER,elastic,4206500,8.29,21.34,15.684,7.009,32
data/split/train/FAMILY-63/FATHER/FM063_F1.png,data/train_distorted/distorted/FAMILY-63/FATHER/FM063_F1_local.png,FAMILY-63,FATHER,local,4206501,4.95,9.38,,,
data/split/train/FAMILY-63/FATHER/FM063_F1.png,data/train_distorted/distorted/FAMILY-63/FATHER/FM063_F1_bending.png,FAMILY-63,FATHER,bending,4206502,5.74,9.8,,,
data/split/train/FAMILY-63/FATHER/FM063_F2.png,data/train_distorted/distorted/FAMILY-63/FATHER/FM063_F2_elastic.png,FAMILY-63,FATHER,elastic,4206510,7.97,19.06,14.02,5.701,32
data/split/train/FAMILY-63/FATHER/FM063_F2.png,data/train_distorted/distorted/FAMILY-63/FATHER/FM063_F2_local.png,FAMILY-63,FATHER,local,4206511,3.21,7.26,,,
data/split/train/FAMILY-63/FATHER/FM063_F2.png,data/train_distorted/distorted/FAMILY-63/FATHER/FM063_F2_bending.png,FAMILY-63,FATHER,bending,4206512,4.4,7.32,,,
data/split/train/FAMILY-63/FATHER/FM063_F3.png,data/train_distorted/distorted/FAMILY-63/FATHER/FM063_F3_elastic.png,FAMILY-63,FATHER,elastic,4206520,6.45,15.05,11.843,6.809,32
data/split/train/FAMILY-63/FATHER/FM063_F3.png,data/train_distorted/distorted/FAMILY-63/FATHER/FM063_F3_local.png,FAMILY-63,FATHER,local,4206521,4.26,10.32,,,
data/split/train/FAMILY-63/FATHER/FM063_F3.png,data/train_distorted/distorted/FAMILY-63/FATHER/FM063_F3_bending.png,FAMILY-63,FATHER,bending,4206522,3.78,6.65,,,
data/split/train/FAMILY-63/FATHER/FM063_F4.png,data/train_distorted/distorted/FAMILY-63/FATHER/FM063_F4_elastic.png,FAMILY-63,FATHER,elastic,4206530,6.63,15.38,12.428,7.554,32
data/split/train/FAMILY-63/FATHER/FM063_F4.png,data/train_distorted/distorted/FAMILY-63/FATHER/FM063_F4_local.png,FAMILY-63,FATHER,local,4206531,2.98,6.15,,,
data/split/train/FAMILY-63/FATHER/FM063_F4.png,data/train_distorted/distorted/FAMILY-63/FATHER/FM063_F4_bending.png,FAMILY-63,FATHER,bending,4206532,7.15,12.34,,,
data/split/train/FAMILY-63/FATHER/FM063_F5.png,data/train_distorted/distorted/FAMILY-63/FATHER/FM063_F5_elastic.png,FAMILY-63,FATHER,elastic,4206540,7.87,21.27,15.357,7.567,32
data/split/train/FAMILY-63/FATHER/FM063_F5.png,data/train_distorted/distorted/FAMILY-63/FATHER/FM063_F5_local.png,FAMILY-63,FATHER,local,4206541,3.94,8.91,,,
data/split/train/FAMILY-63/FATHER/FM063_F5.png,data/train_distorted/distorted/FAMILY-63/FATHER/FM063_F5_bending.png,FAMILY-63,FATHER,bending,4206542,5.8,10.55,,,
data/split/train/FAMILY-63/MOTHER/FM063_M1.png,data/train_distorted/distorted/FAMILY-63/MOTHER/FM063_M1_elastic.png,FAMILY-63,MOTHER,elastic,4206550,8.22,20.28,15.039,7.062,32
data/split/train/FAMILY-63/MOTHER/FM063_M1.png,data/train_distorted/distorted/FAMILY-63/MOTHER/FM063_M1_local.png,FAMILY-63,MOTHER,local,4206551,4.46,9.33,,,
data/split/train/FAMILY-63/MOTHER/FM063_M1.png,data/train_distorted/distorted/FAMILY-63/MOTHER/FM063_M1_bending.png,FAMILY-63,MOTHER,bending,4206552,5.91,10.17,,,
data/split/train/FAMILY-63/MOTHER/FM063_M2.png,data/train_distorted/distorted/FAMILY-63/MOTHER/FM063_M2_elastic.png,FAMILY-63,MOTHER,elastic,4206560,5.67,14.97,9.894,5.803,32
data/split/train/FAMILY-63/MOTHER/FM063_M2.png,data/train_distorted/distorted/FAMILY-63/MOTHER/FM063_M2_local.png,FAMILY-63,MOTHER,local,4206561,3.54,8.45,,,
data/split/train/FAMILY-63/MOTHER/FM063_M2.png,data/train_distorted/distorted/FAMILY-63/MOTHER/FM063_M2_bending.png,FAMILY-63,MOTHER,bending,4206562,4.55,7.62,,,
data/split/train/FAMILY-63/MOTHER/FM063_M3.png,data/train_distorted/distorted/FAMILY-63/MOTHER/FM063_M3_elastic.png,FAMILY-63,MOTHER,elastic,4206570,4.89,14.49,9.082,5.967,32
data/split/train/FAMILY-63/MOTHER/FM063_M3.png,data/train_distorted/distorted/FAMILY-63/MOTHER/FM063_M3_local.png,FAMILY-63,MOTHER,local,4206571,4.46,9.99,,,
data/split/train/FAMILY-63/MOTHER/FM063_M3.png,data/train_distorted/distorted/FAMILY-63/MOTHER/FM063_M3_bending.png,FAMILY-63,MOTHER,bending,4206572,6.57,11.25,,,
data/split/train/FAMILY-63/MOTHER/FM063_M4.png,data/train_distorted/distorted/FAMILY-63/MOTHER/FM063_M4_elastic.png,FAMILY-63,MOTHER,elastic,4206580,8.4,19.17,15.375,6.415,32
data/split/train/FAMILY-63/MOTHER/FM063_M4.png,data/train_distorted/distorted/FAMILY-63/MOTHER/FM063_M4_local.png,FAMILY-63,MOTHER,local,4206581,3.84,8.07,,,
data/split/train/FAMILY-63/MOTHER/FM063_M4.png,data/train_distorted/distorted/FAMILY-63/MOTHER/FM063_M4_bending.png,FAMILY-63,MOTHER,bending,4206582,3.37,6.15,,,
data/split/train/FAMILY-63/MOTHER/FM063_M5.png,data/train_distorted/distorted/FAMILY-63/MOTHER/FM063_M5_elastic.png,FAMILY-63,MOTHER,elastic,4206590,7.47,17.86,13.62,6.957,32
data/split/train/FAMILY-63/MOTHER/FM063_M5.png,data/train_distorted/distorted/FAMILY-63/MOTHER/FM063_M5_local.png,FAMILY-63,MOTHER,local,4206591,3.76,9.5,,,
data/split/train/FAMILY-63/MOTHER/FM063_M5.png,data/train_distorted/distorted/FAMILY-63/MOTHER/FM063_M5_bending.png,FAMILY-63,MOTHER,bending,4206592,5.53,9.31,,,
data/split/train/FAMILY-64/CHILD/FM064_C1.png,data/train_distorted/distorted/FAMILY-64/CHILD/FM064_C1_elastic.png,FAMILY-64,CHILD,elastic,4206600,5.89,14.64,11.475,7.872,32
data/split/train/FAMILY-64/CHILD/FM064_C1.png,data/train_distorted/distorted/FAMILY-64/CHILD/FM064_C1_local.png,FAMILY-64,CHILD,local,4206601,3.85,6.69,,,
data/split/train/FAMILY-64/CHILD/FM064_C1.png,data/train_distorted/distorted/FAMILY-64/CHILD/FM064_C1_bending.png,FAMILY-64,CHILD,bending,4206602,6.69,11.7,,,
data/split/train/FAMILY-64/CHILD/FM064_C2.png,data/train_distorted/distorted/FAMILY-64/CHILD/FM064_C2_elastic.png,FAMILY-64,CHILD,elastic,4206610,4.58,10.76,8.097,5.994,32
data/split/train/FAMILY-64/CHILD/FM064_C2.png,data/train_distorted/distorted/FAMILY-64/CHILD/FM064_C2_local.png,FAMILY-64,CHILD,local,4206611,3.81,8.66,,,
data/split/train/FAMILY-64/CHILD/FM064_C2.png,data/train_distorted/distorted/FAMILY-64/CHILD/FM064_C2_bending.png,FAMILY-64,CHILD,bending,4206612,6.97,12.85,,,
data/split/train/FAMILY-64/CHILD/FM064_C3.png,data/train_distorted/distorted/FAMILY-64/CHILD/FM064_C3_elastic.png,FAMILY-64,CHILD,elastic,4206620,8.18,18.79,13.424,5.03,32
data/split/train/FAMILY-64/CHILD/FM064_C3.png,data/train_distorted/distorted/FAMILY-64/CHILD/FM064_C3_local.png,FAMILY-64,CHILD,local,4206621,4.17,9.63,,,
data/split/train/FAMILY-64/CHILD/FM064_C3.png,data/train_distorted/distorted/FAMILY-64/CHILD/FM064_C3_bending.png,FAMILY-64,CHILD,bending,4206622,6.65,11.38,,,
data/split/train/FAMILY-64/CHILD/FM064_C4.png,data/train_distorted/distorted/FAMILY-64/CHILD/FM064_C4_elastic.png,FAMILY-64,CHILD,elastic,4206630,8.57,18.86,14.309,5.683,32
data/split/train/FAMILY-64/CHILD/FM064_C4.png,data/train_distorted/distorted/FAMILY-64/CHILD/FM064_C4_local.png,FAMILY-64,CHILD,local,4206631,2.79,6.92,,,
data/split/train/FAMILY-64/CHILD/FM064_C4.png,data/train_distorted/distorted/FAMILY-64/CHILD/FM064_C4_bending.png,FAMILY-64,CHILD,bending,4206632,4.46,8.07,,,
data/split/train/FAMILY-64/CHILD/FM064_C5.png,data/train_distorted/distorted/FAMILY-64/CHILD/FM064_C5_elastic.png,FAMILY-64,CHILD,elastic,4206640,7.83,17.1,14.47,7.527,32
data/split/train/FAMILY-64/CHILD/FM064_C5.png,data/train_distorted/distorted/FAMILY-64/CHILD/FM064_C5_local.png,FAMILY-64,CHILD,local,4206641,3.94,7.69,,,
data/split/train/FAMILY-64/CHILD/FM064_C5.png,data/train_distorted/distorted/FAMILY-64/CHILD/FM064_C5_bending.png,FAMILY-64,CHILD,bending,4206642,5.97,10.06,,,
data/split/train/FAMILY-64/FATHER/FM064_F1.png,data/train_distorted/distorted/FAMILY-64/FATHER/FM064_F1_elastic.png,FAMILY-64,FATHER,elastic,4206650,5.31,12.43,8.429,5.052,32
data/split/train/FAMILY-64/FATHER/FM064_F1.png,data/train_distorted/distorted/FAMILY-64/FATHER/FM064_F1_local.png,FAMILY-64,FATHER,local,4206651,5.26,10.42,,,
data/split/train/FAMILY-64/FATHER/FM064_F1.png,data/train_distorted/distorted/FAMILY-64/FATHER/FM064_F1_bending.png,FAMILY-64,FATHER,bending,4206652,4.36,7.91,,,
data/split/train/FAMILY-64/FATHER/FM064_F2.png,data/train_distorted/distorted/FAMILY-64/FATHER/FM064_F2_elastic.png,FAMILY-64,FATHER,elastic,4206660,7.2,17.0,13.208,6.959,32
data/split/train/FAMILY-64/FATHER/FM064_F2.png,data/train_distorted/distorted/FAMILY-64/FATHER/FM064_F2_local.png,FAMILY-64,FATHER,local,4206661,5.37,10.41,,,
data/split/train/FAMILY-64/FATHER/FM064_F2.png,data/train_distorted/distorted/FAMILY-64/FATHER/FM064_F2_bending.png,FAMILY-64,FATHER,bending,4206662,6.75,11.37,,,
data/split/train/FAMILY-64/FATHER/FM064_F3.png,data/train_distorted/distorted/FAMILY-64/FATHER/FM064_F3_elastic.png,FAMILY-64,FATHER,elastic,4206670,10.29,24.29,15.833,5.239,32
data/split/train/FAMILY-64/FATHER/FM064_F3.png,data/train_distorted/distorted/FAMILY-64/FATHER/FM064_F3_local.png,FAMILY-64,FATHER,local,4206671,2.85,5.75,,,
data/split/train/FAMILY-64/FATHER/FM064_F3.png,data/train_distorted/distorted/FAMILY-64/FATHER/FM064_F3_bending.png,FAMILY-64,FATHER,bending,4206672,5.55,9.87,,,
data/split/train/FAMILY-64/FATHER/FM064_F4.png,data/train_distorted/distorted/FAMILY-64/FATHER/FM064_F4_elastic.png,FAMILY-64,FATHER,elastic,4206680,7.19,15.99,11.849,5.799,32
data/split/train/FAMILY-64/FATHER/FM064_F4.png,data/train_distorted/distorted/FAMILY-64/FATHER/FM064_F4_local.png,FAMILY-64,FATHER,local,4206681,4.2,8.8,,,
data/split/train/FAMILY-64/FATHER/FM064_F4.png,data/train_distorted/distorted/FAMILY-64/FATHER/FM064_F4_bending.png,FAMILY-64,FATHER,bending,4206682,7.07,12.91,,,
data/split/train/FAMILY-64/FATHER/FM064_F5.png,data/train_distorted/distorted/FAMILY-64/FATHER/FM064_F5_elastic.png,FAMILY-64,FATHER,elastic,4206690,5.33,13.3,10.205,7.962,32
data/split/train/FAMILY-64/FATHER/FM064_F5.png,data/train_distorted/distorted/FAMILY-64/FATHER/FM064_F5_local.png,FAMILY-64,FATHER,local,4206691,3.28,7.38,,,
data/split/train/FAMILY-64/FATHER/FM064_F5.png,data/train_distorted/distorted/FAMILY-64/FATHER/FM064_F5_bending.png,FAMILY-64,FATHER,bending,4206692,6.35,10.58,,,
data/split/train/FAMILY-64/MOTHER/FM064_M1.png,data/train_distorted/distorted/FAMILY-64/MOTHER/FM064_M1_elastic.png,FAMILY-64,MOTHER,elastic,4206700,7.2,18.07,13.823,7.904,32
data/split/train/FAMILY-64/MOTHER/FM064_M1.png,data/train_distorted/distorted/FAMILY-64/MOTHER/FM064_M1_local.png,FAMILY-64,MOTHER,local,4206701,3.48,7.04,,,
data/split/train/FAMILY-64/MOTHER/FM064_M1.png,data/train_distorted/distorted/FAMILY-64/MOTHER/FM064_M1_bending.png,FAMILY-64,MOTHER,bending,4206702,5.85,10.61,,,
data/split/train/FAMILY-64/MOTHER/FM064_M2.png,data/train_distorted/distorted/FAMILY-64/MOTHER/FM064_M2_elastic.png,FAMILY-64,MOTHER,elastic,4206710,6.85,17.5,12.698,7.05,32
data/split/train/FAMILY-64/MOTHER/FM064_M2.png,data/train_distorted/distorted/FAMILY-64/MOTHER/FM064_M2_local.png,FAMILY-64,MOTHER,local,4206711,4.1,10.12,,,
data/split/train/FAMILY-64/MOTHER/FM064_M2.png,data/train_distorted/distorted/FAMILY-64/MOTHER/FM064_M2_bending.png,FAMILY-64,MOTHER,bending,4206712,6.83,11.91,,,
data/split/train/FAMILY-64/MOTHER/FM064_M3.png,data/train_distorted/distorted/FAMILY-64/MOTHER/FM064_M3_elastic.png,FAMILY-64,MOTHER,elastic,4206720,9.37,21.87,15.631,5.347,32
data/split/train/FAMILY-64/MOTHER/FM064_M3.png,data/train_distorted/distorted/FAMILY-64/MOTHER/FM064_M3_local.png,FAMILY-64,MOTHER,local,4206721,4.35,10.2,,,
data/split/train/FAMILY-64/MOTHER/FM064_M3.png,data/train_distorted/distorted/FAMILY-64/MOTHER/FM064_M3_bending.png,FAMILY-64,MOTHER,bending,4206722,5.59,9.92,,,
data/split/train/FAMILY-64/MOTHER/FM064_M4.png,data/train_distorted/distorted/FAMILY-64/MOTHER/FM064_M4_elastic.png,FAMILY-64,MOTHER,elastic,4206730,5.67,15.56,9.764,7.529,32
data/split/train/FAMILY-64/MOTHER/FM064_M4.png,data/train_distorted/distorted/FAMILY-64/MOTHER/FM064_M4_local.png,FAMILY-64,MOTHER,local,4206731,2.29,5.51,,,
data/split/train/FAMILY-64/MOTHER/FM064_M4.png,data/train_distorted/distorted/FAMILY-64/MOTHER/FM064_M4_bending.png,FAMILY-64,MOTHER,bending,4206732,5.88,10.1,,,
data/split/train/FAMILY-64/MOTHER/FM064_M5.png,data/train_distorted/distorted/FAMILY-64/MOTHER/FM064_M5_elastic.png,FAMILY-64,MOTHER,elastic,4206740,7.61,19.52,13.58,5.553,32
data/split/train/FAMILY-64/MOTHER/FM064_M5.png,data/train_distorted/distorted/FAMILY-64/MOTHER/FM064_M5_local.png,FAMILY-64,MOTHER,local,4206741,3.18,7.74,,,
data/split/train/FAMILY-64/MOTHER/FM064_M5.png,data/train_distorted/distorted/FAMILY-64/MOTHER/FM064_M5_bending.png,FAMILY-64,MOTHER,bending,4206742,3.86,7.03,,,
data/split/train/FAMILY-69/CHILD/FM069_C1.png,data/train_distorted/distorted/FAMILY-69/CHILD/FM069_C1_elastic.png,FAMILY-69,CHILD,elastic,4206750,4.08,10.56,8.492,7.468,32
data/split/train/FAMILY-69/CHILD/FM069_C1.png,data/train_distorted/distorted/FAMILY-69/CHILD/FM069_C1_local.png,FAMILY-69,CHILD,local,4206751,3.67,8.71,,,
data/split/train/FAMILY-69/CHILD/FM069_C1.png,data/train_distorted/distorted/FAMILY-69/CHILD/FM069_C1_bending.png,FAMILY-69,CHILD,bending,4206752,5.47,9.8,,,
data/split/train/FAMILY-69/CHILD/FM069_C2.png,data/train_distorted/distorted/FAMILY-69/CHILD/FM069_C2_elastic.png,FAMILY-69,CHILD,elastic,4206760,7.28,19.3,13.326,6.376,32
data/split/train/FAMILY-69/CHILD/FM069_C2.png,data/train_distorted/distorted/FAMILY-69/CHILD/FM069_C2_local.png,FAMILY-69,CHILD,local,4206761,3.34,7.49,,,
data/split/train/FAMILY-69/CHILD/FM069_C2.png,data/train_distorted/distorted/FAMILY-69/CHILD/FM069_C2_bending.png,FAMILY-69,CHILD,bending,4206762,5.9,10.46,,,
data/split/train/FAMILY-69/CHILD/FM069_C3.png,data/train_distorted/distorted/FAMILY-69/CHILD/FM069_C3_elastic.png,FAMILY-69,CHILD,elastic,4206770,8.45,19.08,13.256,5.318,32
data/split/train/FAMILY-69/CHILD/FM069_C3.png,data/train_distorted/distorted/FAMILY-69/CHILD/FM069_C3_local.png,FAMILY-69,CHILD,local,4206771,4.59,9.58,,,
data/split/train/FAMILY-69/CHILD/FM069_C3.png,data/train_distorted/distorted/FAMILY-69/CHILD/FM069_C3_bending.png,FAMILY-69,CHILD,bending,4206772,5.38,9.58,,,
data/split/train/FAMILY-69/CHILD/FM069_C4.png,data/train_distorted/distorted/FAMILY-69/CHILD/FM069_C4_elastic.png,FAMILY-69,CHILD,elastic,4206780,5.02,11.35,9.138,6.57,32
data/split/train/FAMILY-69/CHILD/FM069_C4.png,data/train_distorted/distorted/FAMILY-69/CHILD/FM069_C4_local.png,FAMILY-69,CHILD,local,4206781,2.96,5.93,,,
data/split/train/FAMILY-69/CHILD/FM069_C4.png,data/train_distorted/distorted/FAMILY-69/CHILD/FM069_C4_bending.png,FAMILY-69,CHILD,bending,4206782,5.06,8.74,,,
data/split/train/FAMILY-69/CHILD/FM069_C5.png,data/train_distorted/distorted/FAMILY-69/CHILD/FM069_C5_elastic.png,FAMILY-69,CHILD,elastic,4206790,8.96,20.85,15.651,5.602,32
data/split/train/FAMILY-69/CHILD/FM069_C5.png,data/train_distorted/distorted/FAMILY-69/CHILD/FM069_C5_local.png,FAMILY-69,CHILD,local,4206791,4.23,10.0,,,
data/split/train/FAMILY-69/CHILD/FM069_C5.png,data/train_distorted/distorted/FAMILY-69/CHILD/FM069_C5_bending.png,FAMILY-69,CHILD,bending,4206792,5.14,9.19,,,
data/split/train/FAMILY-69/FATHER/FM069_F1.png,data/train_distorted/distorted/FAMILY-69/FATHER/FM069_F1_elastic.png,FAMILY-69,FATHER,elastic,4206800,5.02,11.72,8.162,5.751,32
data/split/train/FAMILY-69/FATHER/FM069_F1.png,data/train_distorted/distorted/FAMILY-69/FATHER/FM069_F1_local.png,FAMILY-69,FATHER,local,4206801,3.85,10.29,,,
data/split/train/FAMILY-69/FATHER/FM069_F1.png,data/train_distorted/distorted/FAMILY-69/FATHER/FM069_F1_bending.png,FAMILY-69,FATHER,bending,4206802,4.0,7.13,,,
data/split/train/FAMILY-69/FATHER/FM069_F2.png,data/train_distorted/distorted/FAMILY-69/FATHER/FM069_F2_elastic.png,FAMILY-69,FATHER,elastic,4206810,8.0,19.53,14.545,6.029,32
data/split/train/FAMILY-69/FATHER/FM069_F2.png,data/train_distorted/distorted/FAMILY-69/FATHER/FM069_F2_local.png,FAMILY-69,FATHER,local,4206811,3.32,6.76,,,
data/split/train/FAMILY-69/FATHER/FM069_F2.png,data/train_distorted/distorted/FAMILY-69/FATHER/FM069_F2_bending.png,FAMILY-69,FATHER,bending,4206812,6.7,12.26,,,
data/split/train/FAMILY-69/FATHER/FM069_F3.png,data/train_distorted/distorted/FAMILY-69/FATHER/FM069_F3_elastic.png,FAMILY-69,FATHER,elastic,4206820,4.48,13.81,8.631,7.387,32
data/split/train/FAMILY-69/FATHER/FM069_F3.png,data/train_distorted/distorted/FAMILY-69/FATHER/FM069_F3_local.png,FAMILY-69,FATHER,local,4206821,3.19,6.21,,,
data/split/train/FAMILY-69/FATHER/FM069_F3.png,data/train_distorted/distorted/FAMILY-69/FATHER/FM069_F3_bending.png,FAMILY-69,FATHER,bending,4206822,3.87,6.68,,,
data/split/train/FAMILY-69/FATHER/FM069_F4.png,data/train_distorted/distorted/FAMILY-69/FATHER/FM069_F4_elastic.png,FAMILY-69,FATHER,elastic,4206830,7.35,18.32,12.269,5.114,32
data/split/train/FAMILY-69/FATHER/FM069_F4.png,data/train_distorted/distorted/FAMILY-69/FATHER/FM069_F4_local.png,FAMILY-69,FATHER,local,4206831,4.37,10.48,,,
data/split/train/FAMILY-69/FATHER/FM069_F4.png,data/train_distorted/distorted/FAMILY-69/FATHER/FM069_F4_bending.png,FAMILY-69,FATHER,bending,4206832,6.16,10.26,,,
data/split/train/FAMILY-69/FATHER/FM069_F5.png,data/train_distorted/distorted/FAMILY-69/FATHER/FM069_F5_elastic.png,FAMILY-69,FATHER,elastic,4206840,6.45,15.06,10.62,5.206,32
data/split/train/FAMILY-69/FATHER/FM069_F5.png,data/train_distorted/distorted/FAMILY-69/FATHER/FM069_F5_local.png,FAMILY-69,FATHER,local,4206841,4.55,11.27,,,
data/split/train/FAMILY-69/FATHER/FM069_F5.png,data/train_distorted/distorted/FAMILY-69/FATHER/FM069_F5_bending.png,FAMILY-69,FATHER,bending,4206842,4.37,8.0,,,
data/split/train/FAMILY-69/MOTHER/FM069_M1.png,data/train_distorted/distorted/FAMILY-69/MOTHER/FM069_M1_elastic.png,FAMILY-69,MOTHER,elastic,4206850,6.31,13.86,10.912,6.011,32
data/split/train/FAMILY-69/MOTHER/FM069_M1.png,data/train_distorted/distorted/FAMILY-69/MOTHER/FM069_M1_local.png,FAMILY-69,MOTHER,local,4206851,4.69,8.65,,,
data/split/train/FAMILY-69/MOTHER/FM069_M1.png,data/train_distorted/distorted/FAMILY-69/MOTHER/FM069_M1_bending.png,FAMILY-69,MOTHER,bending,4206852,5.2,9.06,,,
data/split/train/FAMILY-69/MOTHER/FM069_M2.png,data/train_distorted/distorted/FAMILY-69/MOTHER/FM069_M2_elastic.png,FAMILY-69,MOTHER,elastic,4206860,6.28,14.71,11.084,6.017,32
data/split/train/FAMILY-69/MOTHER/FM069_M2.png,data/train_distorted/distorted/FAMILY-69/MOTHER/FM069_M2_local.png,FAMILY-69,MOTHER,local,4206861,3.89,7.12,,,
data/split/train/FAMILY-69/MOTHER/FM069_M2.png,data/train_distorted/distorted/FAMILY-69/MOTHER/FM069_M2_bending.png,FAMILY-69,MOTHER,bending,4206862,3.44,5.88,,,
data/split/train/FAMILY-69/MOTHER/FM069_M3.png,data/train_distorted/distorted/FAMILY-69/MOTHER/FM069_M3_elastic.png,FAMILY-69,MOTHER,elastic,4206870,7.42,20.9,13.44,5.796,32
data/split/train/FAMILY-69/MOTHER/FM069_M3.png,data/train_distorted/distorted/FAMILY-69/MOTHER/FM069_M3_local.png,FAMILY-69,MOTHER,local,4206871,3.16,6.21,,,
data/split/train/FAMILY-69/MOTHER/FM069_M3.png,data/train_distorted/distorted/FAMILY-69/MOTHER/FM069_M3_bending.png,FAMILY-69,MOTHER,bending,4206872,4.75,8.11,,,
data/split/train/FAMILY-69/MOTHER/FM069_M4.png,data/train_distorted/distorted/FAMILY-69/MOTHER/FM069_M4_elastic.png,FAMILY-69,MOTHER,elastic,4206880,4.29,10.64,8.051,7.9,32
data/split/train/FAMILY-69/MOTHER/FM069_M4.png,data/train_distorted/distorted/FAMILY-69/MOTHER/FM069_M4_local.png,FAMILY-69,MOTHER,local,4206881,4.78,10.48,,,
data/split/train/FAMILY-69/MOTHER/FM069_M4.png,data/train_distorted/distorted/FAMILY-69/MOTHER/FM069_M4_bending.png,FAMILY-69,MOTHER,bending,4206882,3.41,6.07,,,
data/split/train/FAMILY-69/MOTHER/FM069_M5.png,data/train_distorted/distorted/FAMILY-69/MOTHER/FM069_M5_elastic.png,FAMILY-69,MOTHER,elastic,4206890,5.57,12.72,10.154,7.185,32
data/split/train/FAMILY-69/MOTHER/FM069_M5.png,data/train_distorted/distorted/FAMILY-69/MOTHER/FM069_M5_local.png,FAMILY-69,MOTHER,local,4206891,2.29,5.42,,,
data/split/train/FAMILY-69/MOTHER/FM069_M5.png,data/train_distorted/distorted/FAMILY-69/MOTHER/FM069_M5_bending.png,FAMILY-69,MOTHER,bending,4206892,7.02,12.31,,,
data/split/train/FAMILY-70/CHILD/FM070_C1.png,data/train_distorted/distorted/FAMILY-70/CHILD/FM070_C1_elastic.png,FAMILY-70,CHILD,elastic,4206900,6.98,17.82,12.793,5.407,32
data/split/train/FAMILY-70/CHILD/FM070_C1.png,data/train_distorted/distorted/FAMILY-70/CHILD/FM070_C1_local.png,FAMILY-70,CHILD,local,4206901,2.99,6.88,,,
data/split/train/FAMILY-70/CHILD/FM070_C1.png,data/train_distorted/distorted/FAMILY-70/CHILD/FM070_C1_bending.png,FAMILY-70,CHILD,bending,4206902,6.22,10.37,,,
data/split/train/FAMILY-70/CHILD/FM070_C2.png,data/train_distorted/distorted/FAMILY-70/CHILD/FM070_C2_elastic.png,FAMILY-70,CHILD,elastic,4206910,9.29,22.2,15.393,6.34,32
data/split/train/FAMILY-70/CHILD/FM070_C2.png,data/train_distorted/distorted/FAMILY-70/CHILD/FM070_C2_local.png,FAMILY-70,CHILD,local,4206911,3.23,6.32,,,
data/split/train/FAMILY-70/CHILD/FM070_C2.png,data/train_distorted/distorted/FAMILY-70/CHILD/FM070_C2_bending.png,FAMILY-70,CHILD,bending,4206912,6.2,11.28,,,
data/split/train/FAMILY-70/CHILD/FM070_C3.png,data/train_distorted/distorted/FAMILY-70/CHILD/FM070_C3_elastic.png,FAMILY-70,CHILD,elastic,4206920,6.96,16.01,12.492,7.618,32
data/split/train/FAMILY-70/CHILD/FM070_C3.png,data/train_distorted/distorted/FAMILY-70/CHILD/FM070_C3_local.png,FAMILY-70,CHILD,local,4206921,2.53,5.32,,,
data/split/train/FAMILY-70/CHILD/FM070_C3.png,data/train_distorted/distorted/FAMILY-70/CHILD/FM070_C3_bending.png,FAMILY-70,CHILD,bending,4206922,6.48,10.97,,,
data/split/train/FAMILY-70/CHILD/FM070_C4.png,data/train_distorted/distorted/FAMILY-70/CHILD/FM070_C4_elastic.png,FAMILY-70,CHILD,elastic,4206930,7.12,17.63,13.445,7.619,32
data/split/train/FAMILY-70/CHILD/FM070_C4.png,data/train_distorted/distorted/FAMILY-70/CHILD/FM070_C4_local.png,FAMILY-70,CHILD,local,4206931,3.61,6.64,,,
data/split/train/FAMILY-70/CHILD/FM070_C4.png,data/train_distorted/distorted/FAMILY-70/CHILD/FM070_C4_bending.png,FAMILY-70,CHILD,bending,4206932,5.24,9.11,,,
data/split/train/FAMILY-70/CHILD/FM070_C5.png,data/train_distorted/distorted/FAMILY-70/CHILD/FM070_C5_elastic.png,FAMILY-70,CHILD,elastic,4206940,4.91,14.02,10.018,7.254,32
data/split/train/FAMILY-70/CHILD/FM070_C5.png,data/train_distorted/distorted/FAMILY-70/CHILD/FM070_C5_local.png,FAMILY-70,CHILD,local,4206941,3.9,9.51,,,
data/split/train/FAMILY-70/CHILD/FM070_C5.png,data/train_distorted/distorted/FAMILY-70/CHILD/FM070_C5_bending.png,FAMILY-70,CHILD,bending,4206942,4.4,7.69,,,
data/split/train/FAMILY-70/FATHER/FM070_F1.png,data/train_distorted/distorted/FAMILY-70/FATHER/FM070_F1_elastic.png,FAMILY-70,FATHER,elastic,4206950,7.42,18.46,13.996,7.889,32
data/split/train/FAMILY-70/FATHER/FM070_F1.png,data/train_distorted/distorted/FAMILY-70/FATHER/FM070_F1_local.png,FAMILY-70,FATHER,local,4206951,4.02,9.95,,,
data/split/train/FAMILY-70/FATHER/FM070_F1.png,data/train_distorted/distorted/FAMILY-70/FATHER/FM070_F1_bending.png,FAMILY-70,FATHER,bending,4206952,4.74,7.95,,,
data/split/train/FAMILY-70/FATHER/FM070_F2.png,data/train_distorted/distorted/FAMILY-70/FATHER/FM070_F2_elastic.png,FAMILY-70,FATHER,elastic,4206960,6.23,15.43,11.312,7.646,32
data/split/train/FAMILY-70/FATHER/FM070_F2.png,data/train_distorted/distorted/FAMILY-70/FATHER/FM070_F2_local.png,FAMILY-70,FATHER,local,4206961,4.72,8.64,,,
data/split/train/FAMILY-70/FATHER/FM070_F2.png,data/train_distorted/distorted/FAMILY-70/FATHER/FM070_F2_bending.png,FAMILY-70,FATHER,bending,4206962,4.67,8.15,,,
data/split/train/FAMILY-70/FATHER/FM070_F3.png,data/train_distorted/distorted/FAMILY-70/FATHER/FM070_F3_elastic.png,FAMILY-70,FATHER,elastic,4206970,7.66,22.21,15.206,7.588,32
data/split/train/FAMILY-70/FATHER/FM070_F3.png,data/train_distorted/distorted/FAMILY-70/FATHER/FM070_F3_local.png,FAMILY-70,FATHER,local,4206971,3.98,9.02,,,
data/split/train/FAMILY-70/FATHER/FM070_F3.png,data/train_distorted/distorted/FAMILY-70/FATHER/FM070_F3_bending.png,FAMILY-70,FATHER,bending,4206972,3.89,6.72,,,
data/split/train/FAMILY-70/FATHER/FM070_F4.png,data/train_distorted/distorted/FAMILY-70/FATHER/FM070_F4_elastic.png,FAMILY-70,FATHER,elastic,4206980,7.0,16.29,12.482,5.724,32
data/split/train/FAMILY-70/FATHER/FM070_F4.png,data/train_distorted/distorted/FAMILY-70/FATHER/FM070_F4_local.png,FAMILY-70,FATHER,local,4206981,3.95,8.66,,,
data/split/train/FAMILY-70/FATHER/FM070_F4.png,data/train_distorted/distorted/FAMILY-70/FATHER/FM070_F4_bending.png,FAMILY-70,FATHER,bending,4206982,4.45,7.95,,,
data/split/train/FAMILY-70/FATHER/FM070_F5.png,data/train_distorted/distorted/FAMILY-70/FATHER/FM070_F5_elastic.png,FAMILY-70,FATHER,elastic,4206990,5.17,11.82,8.966,6.219,32
data/split/train/FAMILY-70/FATHER/FM070_F5.png,data/train_distorted/distorted/FAMILY-70/FATHER/FM070_F5_local.png,FAMILY-70,FATHER,local,4206991,3.37,7.36,,,
data/split/train/FAMILY-70/FATHER/FM070_F5.png,data/train_distorted/distorted/FAMILY-70/FATHER/FM070_F5_bending.png,FAMILY-70,FATHER,bending,4206992,6.17,11.24,,,
data/split/train/FAMILY-70/MOTHER/FM070_M1.png,data/train_distorted/distorted/FAMILY-70/MOTHER/FM070_M1_elastic.png,FAMILY-70,MOTHER,elastic,4207000,8.32,22.54,15.248,6.053,32
data/split/train/FAMILY-70/MOTHER/FM070_M1.png,data/train_distorted/distorted/FAMILY-70/MOTHER/FM070_M1_local.png,FAMILY-70,MOTHER,local,4207001,4.65,9.56,,,
data/split/train/FAMILY-70/MOTHER/FM070_M1.png,data/train_distorted/distorted/FAMILY-70/MOTHER/FM070_M1_bending.png,FAMILY-70,MOTHER,bending,4207002,5.06,9.32,,,
data/split/train/FAMILY-70/MOTHER/FM070_M2.png,data/train_distorted/distorted/FAMILY-70/MOTHER/FM070_M2_elastic.png,FAMILY-70,MOTHER,elastic,4207010,5.0,12.17,10.197,7.826,32
data/split/train/FAMILY-70/MOTHER/FM070_M2.png,data/train_distorted/distorted/FAMILY-70/MOTHER/FM070_M2_local.png,FAMILY-70,MOTHER,local,4207011,3.2,6.83,,,
data/split/train/FAMILY-70/MOTHER/FM070_M2.png,data/train_distorted/distorted/FAMILY-70/MOTHER/FM070_M2_bending.png,FAMILY-70,MOTHER,bending,4207012,5.21,9.18,,,
data/split/train/FAMILY-70/MOTHER/FM070_M3.png,data/train_distorted/distorted/FAMILY-70/MOTHER/FM070_M3_elastic.png,FAMILY-70,MOTHER,elastic,4207020,8.06,16.75,13.636,7.06,32
data/split/train/FAMILY-70/MOTHER/FM070_M3.png,data/train_distorted/distorted/FAMILY-70/MOTHER/FM070_M3_local.png,FAMILY-70,MOTHER,local,4207021,3.26,7.43,,,
data/split/train/FAMILY-70/MOTHER/FM070_M3.png,data/train_distorted/distorted/FAMILY-70/MOTHER/FM070_M3_bending.png,FAMILY-70,MOTHER,bending,4207022,5.67,9.65,,,
data/split/train/FAMILY-70/MOTHER/FM070_M4.png,data/train_distorted/distorted/FAMILY-70/MOTHER/FM070_M4_elastic.png,FAMILY-70,MOTHER,elastic,4207030,9.07,20.99,15.442,5.229,32
data/split/train/FAMILY-70/MOTHER/FM070_M4.png,data/train_distorted/distorted/FAMILY-70/MOTHER/FM070_M4_local.png,FAMILY-70,MOTHER,local,4207031,3.58,6.81,,,
data/split/train/FAMILY-70/MOTHER/FM070_M4.png,data/train_distorted/distorted/FAMILY-70/MOTHER/FM070_M4_bending.png,FAMILY-70,MOTHER,bending,4207032,6.86,12.66,,,
data/split/train/FAMILY-70/MOTHER/FM070_M5.png,data/train_distorted/distorted/FAMILY-70/MOTHER/FM070_M5_elastic.png,FAMILY-70,MOTHER,elastic,4207040,6.05,14.18,12.132,7.679,32
data/split/train/FAMILY-70/MOTHER/FM070_M5.png,data/train_distorted/distorted/FAMILY-70/MOTHER/FM070_M5_local.png,FAMILY-70,MOTHER,local,4207041,3.47,7.2,,,
data/split/train/FAMILY-70/MOTHER/FM070_M5.png,data/train_distorted/distorted/FAMILY-70/MOTHER/FM070_M5_bending.png,FAMILY-70,MOTHER,bending,4207042,3.36,5.79,,,
data/split/train/FAMILY-71/CHILD/FM071_C1.png,data/train_distorted/distorted/FAMILY-71/CHILD/FM071_C1_elastic.png,FAMILY-71,CHILD,elastic,4207050,5.38,13.21,9.983,6.533,32
data/split/train/FAMILY-71/CHILD/FM071_C1.png,data/train_distorted/distorted/FAMILY-71/CHILD/FM071_C1_local.png,FAMILY-71,CHILD,local,4207051,3.41,7.79,,,
data/split/train/FAMILY-71/CHILD/FM071_C1.png,data/train_distorted/distorted/FAMILY-71/CHILD/FM071_C1_bending.png,FAMILY-71,CHILD,bending,4207052,6.82,11.88,,,
data/split/train/FAMILY-71/CHILD/FM071_C2.png,data/train_distorted/distorted/FAMILY-71/CHILD/FM071_C2_elastic.png,FAMILY-71,CHILD,elastic,4207060,5.5,12.78,9.587,6.015,32
data/split/train/FAMILY-71/CHILD/FM071_C2.png,data/train_distorted/distorted/FAMILY-71/CHILD/FM071_C2_local.png,FAMILY-71,CHILD,local,4207061,3.34,6.64,,,
data/split/train/FAMILY-71/CHILD/FM071_C2.png,data/train_distorted/distorted/FAMILY-71/CHILD/FM071_C2_bending.png,FAMILY-71,CHILD,bending,4207062,3.84,7.04,,,
data/split/train/FAMILY-71/CHILD/FM071_C3.png,data/train_distorted/distorted/FAMILY-71/CHILD/FM071_C3_elastic.png,FAMILY-71,CHILD,elastic,4207070,5.3,12.05,9.526,6.417,32
data/split/train/FAMILY-71/CHILD/FM071_C3.png,data/train_distorted/distorted/FAMILY-71/CHILD/FM071_C3_local.png,FAMILY-71,CHILD,local,4207071,4.18,9.28,,,
data/split/train/FAMILY-71/CHILD/FM071_C3.png,data/train_distorted/distorted/FAMILY-71/CHILD/FM071_C3_bending.png,FAMILY-71,CHILD,bending,4207072,5.54,9.77,,,
data/split/train/FAMILY-71/CHILD/FM071_C4.png,data/train_distorted/distorted/FAMILY-71/CHILD/FM071_C4_elastic.png,FAMILY-71,CHILD,elastic,4207080,5.95,16.17,10.85,7.204,32
data/split/train/FAMILY-71/CHILD/FM071_C4.png,data/train_distorted/distorted/FAMILY-71/CHILD/FM071_C4_local.png,FAMILY-71,CHILD,local,4207081,2.5,6.43,,,
data/split/train/FAMILY-71/CHILD/FM071_C4.png,data/train_distorted/distorted/FAMILY-71/CHILD/FM071_C4_bending.png,FAMILY-71,CHILD,bending,4207082,7.08,12.92,,,
data/split/train/FAMILY-71/CHILD/FM071_C5.png,data/train_distorted/distorted/FAMILY-71/CHILD/FM071_C5_elastic.png,FAMILY-71,CHILD,elastic,4207090,4.25,11.91,8.189,7.528,32
data/split/train/FAMILY-71/CHILD/FM071_C5.png,data/train_distorted/distorted/FAMILY-71/CHILD/FM071_C5_local.png,FAMILY-71,CHILD,local,4207091,4.41,9.39,,,
data/split/train/FAMILY-71/CHILD/FM071_C5.png,data/train_distorted/distorted/FAMILY-71/CHILD/FM071_C5_bending.png,FAMILY-71,CHILD,bending,4207092,4.18,7.7,,,
data/split/train/FAMILY-71/FATHER/FM071_F1.png,data/train_distorted/distorted/FAMILY-71/FATHER/FM071_F1_elastic.png,FAMILY-71,FATHER,elastic,4207100,6.08,13.53,11.998,7.712,32
data/split/train/FAMILY-71/FATHER/FM071_F1.png,data/train_distorted/distorted/FAMILY-71/FATHER/FM071_F1_local.png,FAMILY-71,FATHER,local,4207101,4.47,11.71,,,
data/split/train/FAMILY-71/FATHER/FM071_F1.png,data/train_distorted/distorted/FAMILY-71/FATHER/FM071_F1_bending.png,FAMILY-71,FATHER,bending,4207102,4.46,7.95,,,
data/split/train/FAMILY-71/FATHER/FM071_F2.png,data/train_distorted/distorted/FAMILY-71/FATHER/FM071_F2_elastic.png,FAMILY-71,FATHER,elastic,4207110,7.06,21.14,11.553,5.039,32
data/split/train/FAMILY-71/FATHER/FM071_F2.png,data/train_distorted/distorted/FAMILY-71/FATHER/FM071_F2_local.png,FAMILY-71,FATHER,local,4207111,3.47,7.25,,,
data/split/train/FAMILY-71/FATHER/FM071_F2.png,data/train_distorted/distorted/FAMILY-71/FATHER/FM071_F2_bending.png,FAMILY-71,FATHER,bending,4207112,3.88,6.92,,,
data/split/train/FAMILY-71/FATHER/FM071_F3.png,data/train_distorted/distorted/FAMILY-71/FATHER/FM071_F3_elastic.png,FAMILY-71,FATHER,elastic,4207120,9.16,19.85,15.025,5.29,32
data/split/train/FAMILY-71/FATHER/FM071_F3.png,data/train_distorted/distorted/FAMILY-71/FATHER/FM071_F3_local.png,FAMILY-71,FATHER,local,4207121,3.92,7.86,,,
data/split/train/FAMILY-71/FATHER/FM071_F3.png,data/train_distorted/distorted/FAMILY-71/FATHER/FM071_F3_bending.png,FAMILY-71,FATHER,bending,4207122,6.66,11.78,,,
data/split/train/FAMILY-71/FATHER/FM071_F4.png,data/train_distorted/distorted/FAMILY-71/FATHER/FM071_F4_elastic.png,FAMILY-71,FATHER,elastic,4207130,6.52,15.82,11.373,5.623,32
data/split/train/FAMILY-71/FATHER/FM071_F4.png,data/train_distorted/distorted/FAMILY-71/FATHER/FM071_F4_local.png,FAMILY-71,FATHER,local,4207131,3.54,7.2,,,
data/split/train/FAMILY-71/FATHER/FM071_F4.png,data/train_distorted/distorted/FAMILY-71/FATHER/FM071_F4_bending.png,FAMILY-71,FATHER,bending,4207132,4.7,8.37,,,
data/split/train/FAMILY-71/FATHER/FM071_F5.png,data/train_distorted/distorted/FAMILY-71/FATHER/FM071_F5_elastic.png,FAMILY-71,FATHER,elastic,4207140,4.54,10.38,8.582,7.608,32
data/split/train/FAMILY-71/FATHER/FM071_F5.png,data/train_distorted/distorted/FAMILY-71/FATHER/FM071_F5_local.png,FAMILY-71,FATHER,local,4207141,3.22,6.68,,,
data/split/train/FAMILY-71/FATHER/FM071_F5.png,data/train_distorted/distorted/FAMILY-71/FATHER/FM071_F5_bending.png,FAMILY-71,FATHER,bending,4207142,4.19,7.58,,,
data/split/train/FAMILY-71/MOTHER/FM071_M1.png,data/train_distorted/distorted/FAMILY-71/MOTHER/FM071_M1_elastic.png,FAMILY-71,MOTHER,elastic,4207150,4.98,11.58,9.196,6.188,32
data/split/train/FAMILY-71/MOTHER/FM071_M1.png,data/train_distorted/distorted/FAMILY-71/MOTHER/FM071_M1_local.png,FAMILY-71,MOTHER,local,4207151,2.63,7.44,,,
data/split/train/FAMILY-71/MOTHER/FM071_M1.png,data/train_distorted/distorted/FAMILY-71/MOTHER/FM071_M1_bending.png,FAMILY-71,MOTHER,bending,4207152,4.07,7.07,,,
data/split/train/FAMILY-71/MOTHER/FM071_M2.png,data/train_distorted/distorted/FAMILY-71/MOTHER/FM071_M2_elastic.png,FAMILY-71,MOTHER,elastic,4207160,8.89,19.97,14.421,6.055,32
data/split/train/FAMILY-71/MOTHER/FM071_M2.png,data/train_distorted/distorted/FAMILY-71/MOTHER/FM071_M2_local.png,FAMILY-71,MOTHER,local,4207161,3.79,8.79,,,
data/split/train/FAMILY-71/MOTHER/FM071_M2.png,data/train_distorted/distorted/FAMILY-71/MOTHER/FM071_M2_bending.png,FAMILY-71,MOTHER,bending,4207162,6.66,11.3,,,
data/split/train/FAMILY-71/MOTHER/FM071_M3.png,data/train_distorted/distorted/FAMILY-71/MOTHER/FM071_M3_elastic.png,FAMILY-71,MOTHER,elastic,4207170,8.62,17.77,14.826,6.639,32
data/split/train/FAMILY-71/MOTHER/FM071_M3.png,data/train_distorted/distorted/FAMILY-71/MOTHER/FM071_M3_local.png,FAMILY-71,MOTHER,local,4207171,4.18,8.19,,,
data/split/train/FAMILY-71/MOTHER/FM071_M3.png,data/train_distorted/distorted/FAMILY-71/MOTHER/FM071_M3_bending.png,FAMILY-71,MOTHER,bending,4207172,4.56,8.19,,,
data/split/train/FAMILY-71/MOTHER/FM071_M4.png,data/train_distorted/distorted/FAMILY-71/MOTHER/FM071_M4_elastic.png,FAMILY-71,MOTHER,elastic,4207180,7.3,18.31,12.617,5.626,32
data/split/train/FAMILY-71/MOTHER/FM071_M4.png,data/train_distorted/distorted/FAMILY-71/MOTHER/FM071_M4_local.png,FAMILY-71,MOTHER,local,4207181,3.15,5.48,,,
data/split/train/FAMILY-71/MOTHER/FM071_M4.png,data/train_distorted/distorted/FAMILY-71/MOTHER/FM071_M4_bending.png,FAMILY-71,MOTHER,bending,4207182,3.39,5.65,,,
data/split/train/FAMILY-71/MOTHER/FM071_M5.png,data/train_distorted/distorted/FAMILY-71/MOTHER/FM071_M5_elastic.png,FAMILY-71,MOTHER,elastic,4207190,9.46,23.93,15.624,5.597,32
data/split/train/FAMILY-71/MOTHER/FM071_M5.png,data/train_distorted/distorted/FAMILY-71/MOTHER/FM071_M5_local.png,FAMILY-71,MOTHER,local,4207191,3.38,8.58,,,
data/split/train/FAMILY-71/MOTHER/FM071_M5.png,data/train_distorted/distorted/FAMILY-71/MOTHER/FM071_M5_bending.png,FAMILY-71,MOTHER,bending,4207192,4.04,7.04,,,
data/split/train/FAMILY-72/CHILD/FM072_C1.png,data/train_distorted/distorted/FAMILY-72/CHILD/FM072_C1_elastic.png,FAMILY-72,CHILD,elastic,4207200,8.69,19.6,15.311,6.307,32
data/split/train/FAMILY-72/CHILD/FM072_C1.png,data/train_distorted/distorted/FAMILY-72/CHILD/FM072_C1_local.png,FAMILY-72,CHILD,local,4207201,4.4,9.99,,,
data/split/train/FAMILY-72/CHILD/FM072_C1.png,data/train_distorted/distorted/FAMILY-72/CHILD/FM072_C1_bending.png,FAMILY-72,CHILD,bending,4207202,6.64,12.05,,,
data/split/train/FAMILY-72/CHILD/FM072_C2.png,data/train_distorted/distorted/FAMILY-72/CHILD/FM072_C2_elastic.png,FAMILY-72,CHILD,elastic,4207210,6.86,17.08,11.595,6.5,32
data/split/train/FAMILY-72/CHILD/FM072_C2.png,data/train_distorted/distorted/FAMILY-72/CHILD/FM072_C2_local.png,FAMILY-72,CHILD,local,4207211,3.67,8.6,,,
data/split/train/FAMILY-72/CHILD/FM072_C2.png,data/train_distorted/distorted/FAMILY-72/CHILD/FM072_C2_bending.png,FAMILY-72,CHILD,bending,4207212,4.13,7.19,,,
data/split/train/FAMILY-72/CHILD/FM072_C3.png,data/train_distorted/distorted/FAMILY-72/CHILD/FM072_C3_elastic.png,FAMILY-72,CHILD,elastic,4207220,7.65,16.75,12.545,5.275,32
data/split/train/FAMILY-72/CHILD/FM072_C3.png,data/train_distorted/distorted/FAMILY-72/CHILD/FM072_C3_local.png,FAMILY-72,CHILD,local,4207221,4.14,9.57,,,
data/split/train/FAMILY-72/CHILD/FM072_C3.png,data/train_distorted/distorted/FAMILY-72/CHILD/FM072_C3_bending.png,FAMILY-72,CHILD,bending,4207222,3.55,5.91,,,
data/split/train/FAMILY-72/CHILD/FM072_C4.png,data/train_distorted/distorted/FAMILY-72/CHILD/FM072_C4_elastic.png,FAMILY-72,CHILD,elastic,4207230,8.05,16.87,12.523,5.618,32
data/split/train/FAMILY-72/CHILD/FM072_C4.png,data/train_distorted/distorted/FAMILY-72/CHILD/FM072_C4_local.png,FAMILY-72,CHILD,local,4207231,2.99,8.38,,,
data/split/train/FAMILY-72/CHILD/FM072_C4.png,data/train_distorted/distorted/FAMILY-72/CHILD/FM072_C4_bending.png,FAMILY-72,CHILD,bending,4207232,6.7,11.25,,,
data/split/train/FAMILY-72/CHILD/FM072_C5.png,data/train_distorted/distorted/FAMILY-72/CHILD/FM072_C5_elastic.png,FAMILY-72,CHILD,elastic,4207240,7.63,19.87,13.424,5.648,32
data/split/train/FAMILY-72/CHILD/FM072_C5.png,data/train_distorted/distorted/FAMILY-72/CHILD/FM072_C5_local.png,FAMILY-72,CHILD,local,4207241,4.48,9.93,,,
data/split/train/FAMILY-72/CHILD/FM072_C5.png,data/train_distorted/distorted/FAMILY-72/CHILD/FM072_C5_bending.png,FAMILY-72,CHILD,bending,4207242,4.53,7.78,,,
data/split/train/FAMILY-72/FATHER/FM072_F1.png,data/train_distorted/distorted/FAMILY-72/FATHER/FM072_F1_elastic.png,FAMILY-72,FATHER,elastic,4207250,6.95,15.77,12.153,6.145,32
data/split/train/FAMILY-72/FATHER/FM072_F1.png,data/train_distorted/distorted/FAMILY-72/FATHER/FM072_F1_local.png,FAMILY-72,FATHER,local,4207251,3.87,8.34,,,
data/split/train/FAMILY-72/FATHER/FM072_F1.png,data/train_distorted/distorted/FAMILY-72/FATHER/FM072_F1_bending.png,FAMILY-72,FATHER,bending,4207252,4.46,8.04,,,
data/split/train/FAMILY-72/FATHER/FM072_F2.png,data/train_distorted/distorted/FAMILY-72/FATHER/FM072_F2_elastic.png,FAMILY-72,FATHER,elastic,4207260,5.14,11.32,8.925,6.9,32
data/split/train/FAMILY-72/FATHER/FM072_F2.png,data/train_distorted/distorted/FAMILY-72/FATHER/FM072_F2_local.png,FAMILY-72,FATHER,local,4207261,2.45,5.29,,,
data/split/train/FAMILY-72/FATHER/FM072_F2.png,data/train_distorted/distorted/FAMILY-72/FATHER/FM072_F2_bending.png,FAMILY-72,FATHER,bending,4207262,6.08,10.8,,,
data/split/train/FAMILY-72/FATHER/FM072_F3.png,data/train_distorted/distorted/FAMILY-72/FATHER/FM072_F3_elastic.png,FAMILY-72,FATHER,elastic,4207270,8.4,23.33,14.711,6.73,32
data/split/train/FAMILY-72/FATHER/FM072_F3.png,data/train_distorted/distorted/FAMILY-72/FATHER/FM072_F3_local.png,FAMILY-72,FATHER,local,4207271,3.51,8.03,,,
data/split/train/FAMILY-72/FATHER/FM072_F3.png,data/train_distorted/distorted/FAMILY-72/FATHER/FM072_F3_bending.png,FAMILY-72,FATHER,bending,4207272,6.89,11.76,,,
data/split/train/FAMILY-72/FATHER/FM072_F4.png,data/train_distorted/distorted/FAMILY-72/FATHER/FM072_F4_elastic.png,FAMILY-72,FATHER,elastic,4207280,6.22,14.43,10.307,5.183,32
data/split/train/FAMILY-72/FATHER/FM072_F4.png,data/train_distorted/distorted/FAMILY-72/FATHER/FM072_F4_local.png,FAMILY-72,FATHER,local,4207281,4.61,9.09,,,
data/split/train/FAMILY-72/FATHER/FM072_F4.png,data/train_distorted/distorted/FAMILY-72/FATHER/FM072_F4_bending.png,FAMILY-72,FATHER,bending,4207282,4.1,7.37,,,
data/split/train/FAMILY-72/FATHER/FM072_F5.png,data/train_distorted/distorted/FAMILY-72/FATHER/FM072_F5_elastic.png,FAMILY-72,FATHER,elastic,4207290,7.09,16.56,12.371,5.924,32
data/split/train/FAMILY-72/FATHER/FM072_F5.png,data/train_distorted/distorted/FAMILY-72/FATHER/FM072_F5_local.png,FAMILY-72,FATHER,local,4207291,2.82,6.35,,,
data/split/train/FAMILY-72/FATHER/FM072_F5.png,data/train_distorted/distorted/FAMILY-72/FATHER/FM072_F5_bending.png,FAMILY-72,FATHER,bending,4207292,5.99,10.03,,,
data/split/train/FAMILY-72/MOTHER/FM072_M1.png,data/train_distorted/distorted/FAMILY-72/MOTHER/FM072_M1_elastic.png,FAMILY-72,MOTHER,elastic,4207300,5.22,14.42,9.552,6.259,32
data/split/train/FAMILY-72/MOTHER/FM072_M1.png,data/train_distorted/distorted/FAMILY-72/MOTHER/FM072_M1_local.png,FAMILY-72,MOTHER,local,4207301,4.61,11.75,,,
data/split/train/FAMILY-72/MOTHER/FM072_M1.png,data/train_distorted/distorted/FAMILY-72/MOTHER/FM072_M1_bending.png,FAMILY-72,MOTHER,bending,4207302,3.76,6.27,,,
data/split/train/FAMILY-72/MOTHER/FM072_M2.png,data/train_distorted/distorted/FAMILY-72/MOTHER/FM072_M2_elastic.png,FAMILY-72,MOTHER,elastic,4207310,7.88,19.01,13.887,7.198,32
data/split/train/FAMILY-72/MOTHER/FM072_M2.png,data/train_distorted/distorted/FAMILY-72/MOTHER/FM072_M2_local.png,FAMILY-72,MOTHER,local,4207311,4.58,11.15,,,
data/split/train/FAMILY-72/MOTHER/FM072_M2.png,data/train_distorted/distorted/FAMILY-72/MOTHER/FM072_M2_bending.png,FAMILY-72,MOTHER,bending,4207312,5.87,10.36,,,
data/split/train/FAMILY-72/MOTHER/FM072_M3.png,data/train_distorted/distorted/FAMILY-72/MOTHER/FM072_M3_elastic.png,FAMILY-72,MOTHER,elastic,4207320,6.25,15.02,11.048,5.657,32
data/split/train/FAMILY-72/MOTHER/FM072_M3.png,data/train_distorted/distorted/FAMILY-72/MOTHER/FM072_M3_local.png,FAMILY-72,MOTHER,local,4207321,2.99,6.69,,,
data/split/train/FAMILY-72/MOTHER/FM072_M3.png,data/train_distorted/distorted/FAMILY-72/MOTHER/FM072_M3_bending.png,FAMILY-72,MOTHER,bending,4207322,3.9,6.78,,,
data/split/train/FAMILY-72/MOTHER/FM072_M4.png,data/train_distorted/distorted/FAMILY-72/MOTHER/FM072_M4_elastic.png,FAMILY-72,MOTHER,elastic,4207330,5.84,14.34,9.711,5.474,32
data/split/train/FAMILY-72/MOTHER/FM072_M4.png,data/train_distorted/distorted/FAMILY-72/MOTHER/FM072_M4_local.png,FAMILY-72,MOTHER,local,4207331,3.07,6.61,,,
data/split/train/FAMILY-72/MOTHER/FM072_M4.png,data/train_distorted/distorted/FAMILY-72/MOTHER/FM072_M4_bending.png,FAMILY-72,MOTHER,bending,4207332,3.9,6.67,,,
data/split/train/FAMILY-72/MOTHER/FM072_M5.png,data/train_distorted/distorted/FAMILY-72/MOTHER/FM072_M5_elastic.png,FAMILY-72,MOTHER,elastic,4207340,8.03,18.65,13.575,7.316,32
data/split/train/FAMILY-72/MOTHER/FM072_M5.png,data/train_distorted/distorted/FAMILY-72/MOTHER/FM072_M5_local.png,FAMILY-72,MOTHER,local,4207341,3.31,6.5,,,
data/split/train/FAMILY-72/MOTHER/FM072_M5.png,data/train_distorted/distorted/FAMILY-72/MOTHER/FM072_M5_bending.png,FAMILY-72,MOTHER,bending,4207342,3.66,6.69,,,
data/split/train/FAMILY-73/CHILD/FM073_C1.png,data/train_distorted/distorted/FAMILY-73/CHILD/FM073_C1_elastic.png,FAMILY-73,CHILD,elastic,4207350,8.61,21.48,15.784,7.778,32
data/split/train/FAMILY-73/CHILD/FM073_C1.png,data/train_distorted/distorted/FAMILY-73/CHILD/FM073_C1_local.png,FAMILY-73,CHILD,local,4207351,3.0,6.33,,,
data/split/train/FAMILY-73/CHILD/FM073_C1.png,data/train_distorted/distorted/FAMILY-73/CHILD/FM073_C1_bending.png,FAMILY-73,CHILD,bending,4207352,7.03,12.76,,,
data/split/train/FAMILY-73/CHILD/FM073_C2.png,data/train_distorted/distorted/FAMILY-73/CHILD/FM073_C2_elastic.png,FAMILY-73,CHILD,elastic,4207360,6.51,14.71,11.43,7.199,32
data/split/train/FAMILY-73/CHILD/FM073_C2.png,data/train_distorted/distorted/FAMILY-73/CHILD/FM073_C2_local.png,FAMILY-73,CHILD,local,4207361,3.42,7.68,,,
data/split/train/FAMILY-73/CHILD/FM073_C2.png,data/train_distorted/distorted/FAMILY-73/CHILD/FM073_C2_bending.png,FAMILY-73,CHILD,bending,4207362,3.37,5.92,,,
data/split/train/FAMILY-73/CHILD/FM073_C3.png,data/train_distorted/distorted/FAMILY-73/CHILD/FM073_C3_elastic.png,FAMILY-73,CHILD,elastic,4207370,8.03,20.85,15.861,7.97,32
data/split/train/FAMILY-73/CHILD/FM073_C3.png,data/train_distorted/distorted/FAMILY-73/CHILD/FM073_C3_local.png,FAMILY-73,CHILD,local,4207371,5.11,12.34,,,
data/split/train/FAMILY-73/CHILD/FM073_C3.png,data/train_distorted/distorted/FAMILY-73/CHILD/FM073_C3_bending.png,FAMILY-73,CHILD,bending,4207372,3.95,7.29,,,
data/split/train/FAMILY-73/CHILD/FM073_C4.png,data/train_distorted/distorted/FAMILY-73/CHILD/FM073_C4_elastic.png,FAMILY-73,CHILD,elastic,4207380,7.0,18.96,12.678,7.67,32
data/split/train/FAMILY-73/CHILD/FM073_C4.png,data/train_distorted/distorted/FAMILY-73/CHILD/FM073_C4_local.png,FAMILY-73,CHILD,local,4207381,5.12,10.96,,,
data/split/train/FAMILY-73/CHILD/FM073_C4.png,data/train_distorted/distorted/FAMILY-73/CHILD/FM073_C4_bending.png,FAMILY-73,CHILD,bending,4207382,4.83,8.76,,,
data/split/train/FAMILY-73/CHILD/FM073_C5.png,data/train_distorted/distorted/FAMILY-73/CHILD/FM073_C5_elastic.png,FAMILY-73,CHILD,elastic,4207390,9.76,22.52,15.936,5.53,32
data/split/train/FAMILY-73/CHILD/FM073_C5.png,data/train_distorted/distorted/FAMILY-73/CHILD/FM073_C5_local.png,FAMILY-73,CHILD,local,4207391,2.46,6.03,,,
data/split/train/FAMILY-73/CHILD/FM073_C5.png,data/train_distorted/distorted/FAMILY-73/CHILD/FM073_C5_bending.png,FAMILY-73,CHILD,bending,4207392,6.53,10.96,,,
data/split/train/FAMILY-73/FATHER/FM073_F1.png,data/train_distorted/distorted/FAMILY-73/FATHER/FM073_F1_elastic.png,FAMILY-73,FATHER,elastic,4207400,8.97,18.09,14.852,5.054,32
data/split/train/FAMILY-73/FATHER/FM073_F1.png,data/train_distorted/distorted/FAMILY-73/FATHER/FM073_F1_local.png,FAMILY-73,FATHER,local,4207401,2.79,6.45,,,
data/split/train/FAMILY-73/FATHER/FM073_F1.png,data/train_distorted/distorted/FAMILY-73/FATHER/FM073_F1_bending.png,FAMILY-73,FATHER,bending,4207402,5.36,9.42,,,
data/split/train/FAMILY-73/FATHER/FM073_F2.png,data/train_distorted/distorted/FAMILY-73/FATHER/FM073_F2_elastic.png,FAMILY-73,FATHER,elastic,4207410,5.83,14.07,9.52,6.03,32
data/split/train/FAMILY-73/FATHER/FM073_F2.png,data/train_distorted/distorted/FAMILY-73/FATHER/FM073_F2_local.png,FAMILY-73,FATHER,local,4207411,3.78,8.66,,,
data/split/train/FAMILY-73/FATHER/FM073_F2.png,data/train_distorted/distorted/FAMILY-73/FATHER/FM073_F2_bending.png,FAMILY-73,FATHER,bending,4207412,4.79,8.81,,,
data/split/train/FAMILY-73/FATHER/FM073_F3.png,data/train_distorted/distorted/FAMILY-73/FATHER/FM073_F3_elastic.png,FAMILY-73,FATHER,elastic,4207420,8.81,20.79,14.519,6.231,32
data/split/train/FAMILY-73/FATHER/FM073_F3.png,data/train_distorted/distorted/FAMILY-73/FATHER/FM073_F3_local.png,FAMILY-73,FATHER,local,4207421,4.39,10.5,,,
data/split/train/FAMILY-73/FATHER/FM073_F3.png,data/train_distorted/distorted/FAMILY-73/FATHER/FM073_F3_bending.png,FAMILY-73,FATHER,bending,4207422,5.41,9.5,,,
data/split/train/FAMILY-73/FATHER/FM073_F4.png,data/train_distorted/distorted/FAMILY-73/FATHER/FM073_F4_elastic.png,FAMILY-73,FATHER,elastic,4207430,7.77,23.72,14.744,6.075,32
data/split/train/FAMILY-73/FATHER/FM073_F4.png,data/train_distorted/distorted/FAMILY-73/FATHER/FM073_F4_local.png,FAMILY-73,FATHER,local,4207431,2.91,8.11,,,
data/split/train/FAMILY-73/FATHER/FM073_F4.png,data/train_distorted/distorted/FAMILY-73/FATHER/FM073_F4_bending.png,FAMILY-73,FATHER,bending,4207432,6.53,11.74,,,
data/split/train/FAMILY-73/FATHER/FM073_F5.png,data/train_distorted/distorted/FAMILY-73/FATHER/FM073_F5_elastic.png,FAMILY-73,FATHER,elastic,4207440,5.08,12.49,9.523,6.503,32
data/split/train/FAMILY-73/FATHER/FM073_F5.png,data/train_distorted/distorted/FAMILY-73/FATHER/FM073_F5_local.png,FAMILY-73,FATHER,local,4207441,4.49,10.34,,,
data/split/train/FAMILY-73/FATHER/FM073_F5.png,data/train_distorted/distorted/FAMILY-73/FATHER/FM073_F5_bending.png,FAMILY-73,FATHER,bending,4207442,7.09,12.98,,,
data/split/train/FAMILY-73/MOTHER/FM073_M1.png,data/train_distorted/distorted/FAMILY-73/MOTHER/FM073_M1_elastic.png,FAMILY-73,MOTHER,elastic,4207450,7.69,17.72,13.624,6.801,32
data/split/train/FAMILY-73/MOTHER/FM073_M1.png,data/train_distorted/distorted/FAMILY-73/MOTHER/FM073_M1_local.png,FAMILY-73,MOTHER,local,4207451,3.13,6.22,,,
data/split/train/FAMILY-73/MOTHER/FM073_M1.png,data/train_distorted/distorted/FAMILY-73/MOTHER/FM073_M1_bending.png,FAMILY-73,MOTHER,bending,4207452,5.46,9.27,,,
data/split/train/FAMILY-73/MOTHER/FM073_M2.png,data/train_distorted/distorted/FAMILY-73/MOTHER/FM073_M2_elastic.png,FAMILY-73,MOTHER,elastic,4207460,6.09,14.14,10.343,6.359,32
data/split/train/FAMILY-73/MOTHER/FM073_M2.png,data/train_distorted/distorted/FAMILY-73/MOTHER/FM073_M2_local.png,FAMILY-73,MOTHER,local,4207461,4.24,9.71,,,
data/split/train/FAMILY-73/MOTHER/FM073_M2.png,data/train_distorted/distorted/FAMILY-73/MOTHER/FM073_M2_bending.png,FAMILY-73,MOTHER,bending,4207462,6.27,11.25,,,
data/split/train/FAMILY-73/MOTHER/FM073_M3.png,data/train_distorted/distorted/FAMILY-73/MOTHER/FM073_M3_elastic.png,FAMILY-73,MOTHER,elastic,4207470,5.22,12.44,9.363,5.746,32
data/split/train/FAMILY-73/MOTHER/FM073_M3.png,data/train_distorted/distorted/FAMILY-73/MOTHER/FM073_M3_local.png,FAMILY-73,MOTHER,local,4207471,4.48,8.88,,,
data/split/train/FAMILY-73/MOTHER/FM073_M3.png,data/train_distorted/distorted/FAMILY-73/MOTHER/FM073_M3_bending.png,FAMILY-73,MOTHER,bending,4207472,4.2,7.3,,,
data/split/train/FAMILY-73/MOTHER/FM073_M4.png,data/train_distorted/distorted/FAMILY-73/MOTHER/FM073_M4_elastic.png,FAMILY-73,MOTHER,elastic,4207480,7.05,19.92,13.123,5.333,32
data/split/train/FAMILY-73/MOTHER/FM073_M4.png,data/train_distorted/distorted/FAMILY-73/MOTHER/FM073_M4_local.png,FAMILY-73,MOTHER,local,4207481,4.73,10.08,,,
data/split/train/FAMILY-73/MOTHER/FM073_M4.png,data/train_distorted/distorted/FAMILY-73/MOTHER/FM073_M4_bending.png,FAMILY-73,MOTHER,bending,4207482,6.28,11.59,,,
data/split/train/FAMILY-73/MOTHER/FM073_M5.png,data/train_distorted/distorted/FAMILY-73/MOTHER/FM073_M5_elastic.png,FAMILY-73,MOTHER,elastic,4207490,4.15,11.32,8.119,6.776,32
data/split/train/FAMILY-73/MOTHER/FM073_M5.png,data/train_distorted/distorted/FAMILY-73/MOTHER/FM073_M5_local.png,FAMILY-73,MOTHER,local,4207491,4.78,9.98,,,
data/split/train/FAMILY-73/MOTHER/FM073_M5.png,data/train_distorted/distorted/FAMILY-73/MOTHER/FM073_M5_bending.png,FAMILY-73,MOTHER,bending,4207492,4.58,7.95,,,
data/split/train/FAMILY-74/CHILD/FM074_C1.png,data/train_distorted/distorted/FAMILY-74/CHILD/FM074_C1_elastic.png,FAMILY-74,CHILD,elastic,4207500,4.84,11.97,8.195,5.929,32
data/split/train/FAMILY-74/CHILD/FM074_C1.png,data/train_distorted/distorted/FAMILY-74/CHILD/FM074_C1_local.png,FAMILY-74,CHILD,local,4207501,4.45,10.8,,,
data/split/train/FAMILY-74/CHILD/FM074_C1.png,data/train_distorted/distorted/FAMILY-74/CHILD/FM074_C1_bending.png,FAMILY-74,CHILD,bending,4207502,6.37,10.7,,,
data/split/train/FAMILY-74/CHILD/FM074_C2.png,data/train_distorted/distorted/FAMILY-74/CHILD/FM074_C2_elastic.png,FAMILY-74,CHILD,elastic,4207510,7.2,18.84,14.571,7.459,32
data/split/train/FAMILY-74/CHILD/FM074_C2.png,data/train_distorted/distorted/FAMILY-74/CHILD/FM074_C2_local.png,FAMILY-74,CHILD,local,4207511,4.16,8.4,,,
data/split/train/FAMILY-74/CHILD/FM074_C2.png,data/train_distorted/distorted/FAMILY-74/CHILD/FM074_C2_bending.png,FAMILY-74,CHILD,bending,4207512,4.67,8.36,,,
data/split/train/FAMILY-74/CHILD/FM074_C3.png,data/train_distorted/distorted/FAMILY-74/CHILD/FM074_C3_elastic.png,FAMILY-74,CHILD,elastic,4207520,6.38,15.96,11.911,6.826,32
data/split/train/FAMILY-74/CHILD/FM074_C3.png,data/train_distorted/distorted/FAMILY-74/CHILD/FM074_C3_local.png,FAMILY-74,CHILD,local,4207521,3.28,7.38,,,
data/split/train/FAMILY-74/CHILD/FM074_C3.png,data/train_distorted/distorted/FAMILY-74/CHILD/FM074_C3_bending.png,FAMILY-74,CHILD,bending,4207522,5.47,9.82,,,
data/split/train/FAMILY-74/CHILD/FM074_C4.png,data/train_distorted/distorted/FAMILY-74/CHILD/FM074_C4_elastic.png,FAMILY-74,CHILD,elastic,4207530,7.5,18.77,13.772,7.445,32
data/split/train/FAMILY-74/CHILD/FM074_C4.png,data/train_distorted/distorted/FAMILY-74/CHILD/FM074_C4_local.png,FAMILY-74,CHILD,local,4207531,5.61,10.95,,,
data/split/train/FAMILY-74/CHILD/FM074_C4.png,data/train_distorted/distorted/FAMILY-74/CHILD/FM074_C4_bending.png,FAMILY-74,CHILD,bending,4207532,4.44,7.87,,,
data/split/train/FAMILY-74/CHILD/FM074_C5.png,data/train_distorted/distorted/FAMILY-74/CHILD/FM074_C5_elastic.png,FAMILY-74,CHILD,elastic,4207540,6.35,14.96,11.392,7.615,32
data/split/train/FAMILY-74/CHILD/FM074_C5.png,data/train_distorted/distorted/FAMILY-74/CHILD/FM074_C5_local.png,FAMILY-74,CHILD,local,4207541,2.87,6.97,,,
data/split/train/FAMILY-74/CHILD/FM074_C5.png,data/train_distorted/distorted/FAMILY-74/CHILD/FM074_C5_bending.png,FAMILY-74,CHILD,bending,4207542,5.26,8.92,,,
data/split/train/FAMILY-74/FATHER/FM074_F1.png,data/train_distorted/distorted/FAMILY-74/FATHER/FM074_F1_elastic.png,FAMILY-74,FATHER,elastic,4207550,5.16,11.17,8.788,7.026,32
data/split/train/FAMILY-74/FATHER/FM074_F1.png,data/train_distorted/distorted/FAMILY-74/FATHER/FM074_F1_local.png,FAMILY-74,FATHER,local,4207551,2.71,5.88,,,
data/split/train/FAMILY-74/FATHER/FM074_F1.png,data/train_distorted/distorted/FAMILY-74/FATHER/FM074_F1_bending.png,FAMILY-74,FATHER,bending,4207552,6.54,12.01,,,
data/split/train/FAMILY-74/FATHER/FM074_F2.png,data/train_distorted/distorted/FAMILY-74/FATHER/FM074_F2_elastic.png,FAMILY-74,FATHER,elastic,4207560,7.75,20.68,12.602,6.045,32
data/split/train/FAMILY-74/FATHER/FM074_F2.png,data/train_distorted/distorted/FAMILY-74/FATHER/FM074_F2_local.png,FAMILY-74,FATHER,local,4207561,2.9,6.97,,,
data/split/train/FAMILY-74/FATHER/FM074_F2.png,data/train_distorted/distorted/FAMILY-74/FATHER/FM074_F2_bending.png,FAMILY-74,FATHER,bending,4207562,6.5,10.82,,,
data/split/train/FAMILY-74/FATHER/FM074_F3.png,data/train_distorted/distorted/FAMILY-74/FATHER/FM074_F3_elastic.png,FAMILY-74,FATHER,elastic,4207570,6.6,17.25,11.701,5.813,32
data/split/train/FAMILY-74/FATHER/FM074_F3.png,data/train_distorted/distorted/FAMILY-74/FATHER/FM074_F3_local.png,FAMILY-74,FATHER,local,4207571,3.71,9.38,,,
data/split/train/FAMILY-74/FATHER/FM074_F3.png,data/train_distorted/distorted/FAMILY-74/FATHER/FM074_F3_bending.png,FAMILY-74,FATHER,bending,4207572,6.3,11.02,,,
data/split/train/FAMILY-74/FATHER/FM074_F4.png,data/train_distorted/distorted/FAMILY-74/FATHER/FM074_F4_elastic.png,FAMILY-74,FATHER,elastic,4207580,8.63,20.24,15.037,5.733,32
data/split/train/FAMILY-74/FATHER/FM074_F4.png,data/train_distorted/distorted/FAMILY-74/FATHER/FM074_F4_local.png,FAMILY-74,FATHER,local,4207581,4.72,11.26,,,
data/split/train/FAMILY-74/FATHER/FM074_F4.png,data/train_distorted/distorted/FAMILY-74/FATHER/FM074_F4_bending.png,FAMILY-74,FATHER,bending,4207582,3.54,5.89,,,
data/split/train/FAMILY-74/FATHER/FM074_F5.png,data/train_distorted/distorted/FAMILY-74/FATHER/FM074_F5_elastic.png,FAMILY-74,FATHER,elastic,4207590,6.56,15.57,12.94,7.492,32
data/split/train/FAMILY-74/FATHER/FM074_F5.png,data/train_distorted/distorted/FAMILY-74/FATHER/FM074_F5_local.png,FAMILY-74,FATHER,local,4207591,3.44,7.8,,,
data/split/train/FAMILY-74/FATHER/FM074_F5.png,data/train_distorted/distorted/FAMILY-74/FATHER/FM074_F5_bending.png,FAMILY-74,FATHER,bending,4207592,6.73,11.22,,,
data/split/train/FAMILY-74/MOTHER/FM074_M1.png,data/train_distorted/distorted/FAMILY-74/MOTHER/FM074_M1_elastic.png,FAMILY-74,MOTHER,elastic,4207600,6.13,16.35,10.619,6.045,32
data/split/train/FAMILY-74/MOTHER/FM074_M1.png,data/train_distorted/distorted/FAMILY-74/MOTHER/FM074_M1_local.png,FAMILY-74,MOTHER,local,4207601,3.16,8.24,,,
data/split/train/FAMILY-74/MOTHER/FM074_M1.png,data/train_distorted/distorted/FAMILY-74/MOTHER/FM074_M1_bending.png,FAMILY-74,MOTHER,bending,4207602,6.33,10.54,,,
data/split/train/FAMILY-74/MOTHER/FM074_M2.png,data/train_distorted/distorted/FAMILY-74/MOTHER/FM074_M2_elastic.png,FAMILY-74,MOTHER,elastic,4207610,5.02,11.85,8.918,6.048,32
data/split/train/FAMILY-74/MOTHER/FM074_M2.png,data/train_distorted/distorted/FAMILY-74/MOTHER/FM074_M2_local.png,FAMILY-74,MOTHER,local,4207611,3.58,9.8,,,
data/split/train/FAMILY-74/MOTHER/FM074_M2.png,data/train_distorted/distorted/FAMILY-74/MOTHER/FM074_M2_bending.png,FAMILY-74,MOTHER,bending,4207612,6.2,10.32,,,
data/split/train/FAMILY-74/MOTHER/FM074_M3.png,data/train_distorted/distorted/FAMILY-74/MOTHER/FM074_M3_elastic.png,FAMILY-74,MOTHER,elastic,4207620,7.93,20.0,14.684,5.942,32
data/split/train/FAMILY-74/MOTHER/FM074_M3.png,data/train_distorted/distorted/FAMILY-74/MOTHER/FM074_M3_local.png,FAMILY-74,MOTHER,local,4207621,3.19,7.39,,,
data/split/train/FAMILY-74/MOTHER/FM074_M3.png,data/train_distorted/distorted/FAMILY-74/MOTHER/FM074_M3_bending.png,FAMILY-74,MOTHER,bending,4207622,4.87,8.71,,,
data/split/train/FAMILY-74/MOTHER/FM074_M4.png,data/train_distorted/distorted/FAMILY-74/MOTHER/FM074_M4_elastic.png,FAMILY-74,MOTHER,elastic,4207630,6.34,15.32,12.493,6.724,32
data/split/train/FAMILY-74/MOTHER/FM074_M4.png,data/train_distorted/distorted/FAMILY-74/MOTHER/FM074_M4_local.png,FAMILY-74,MOTHER,local,4207631,4.8,10.34,,,
data/split/train/FAMILY-74/MOTHER/FM074_M4.png,data/train_distorted/distorted/FAMILY-74/MOTHER/FM074_M4_bending.png,FAMILY-74,MOTHER,bending,4207632,6.12,11.25,,,
data/split/train/FAMILY-74/MOTHER/FM074_M5.png,data/train_distorted/distorted/FAMILY-74/MOTHER/FM074_M5_elastic.png,FAMILY-74,MOTHER,elastic,4207640,7.85,20.4,15.606,7.894,32
data/split/train/FAMILY-74/MOTHER/FM074_M5.png,data/train_distorted/distorted/FAMILY-74/MOTHER/FM074_M5_local.png,FAMILY-74,MOTHER,local,4207641,2.91,9.26,,,
data/split/train/FAMILY-74/MOTHER/FM074_M5.png,data/train_distorted/distorted/FAMILY-74/MOTHER/FM074_M5_bending.png,FAMILY-74,MOTHER,bending,4207642,5.25,9.66,,,
data/split/train/FAMILY-76/CHILD/FM076_C1.png,data/train_distorted/distorted/FAMILY-76/CHILD/FM076_C1_elastic.png,FAMILY-76,CHILD,elastic,4207650,8.43,23.68,14.269,6.219,32
data/split/train/FAMILY-76/CHILD/FM076_C1.png,data/train_distorted/distorted/FAMILY-76/CHILD/FM076_C1_local.png,FAMILY-76,CHILD,local,4207651,3.49,8.18,,,
data/split/train/FAMILY-76/CHILD/FM076_C1.png,data/train_distorted/distorted/FAMILY-76/CHILD/FM076_C1_bending.png,FAMILY-76,CHILD,bending,4207652,7.17,12.81,,,
data/split/train/FAMILY-76/CHILD/FM076_C2.png,data/train_distorted/distorted/FAMILY-76/CHILD/FM076_C2_elastic.png,FAMILY-76,CHILD,elastic,4207660,4.5,10.07,8.683,6.785,32
data/split/train/FAMILY-76/CHILD/FM076_C2.png,data/train_distorted/distorted/FAMILY-76/CHILD/FM076_C2_local.png,FAMILY-76,CHILD,local,4207661,4.24,9.18,,,
data/split/train/FAMILY-76/CHILD/FM076_C2.png,data/train_distorted/distorted/FAMILY-76/CHILD/FM076_C2_bending.png,FAMILY-76,CHILD,bending,4207662,4.79,8.3,,,
data/split/train/FAMILY-76/CHILD/FM076_C3.png,data/train_distorted/distorted/FAMILY-76/CHILD/FM076_C3_elastic.png,FAMILY-76,CHILD,elastic,4207670,8.47,19.74,13.762,6.267,32
data/split/train/FAMILY-76/CHILD/FM076_C3.png,data/train_distorted/distorted/FAMILY-76/CHILD/FM076_C3_local.png,FAMILY-76,CHILD,local,4207671,4.66,10.68,,,
data/split/train/FAMILY-76/CHILD/FM076_C3.png,data/train_distorted/distorted/FAMILY-76/CHILD/FM076_C3_bending.png,FAMILY-76,CHILD,bending,4207672,6.16,10.86,,,
data/split/train/FAMILY-76/CHILD/FM076_C4.png,data/train_distorted/distorted/FAMILY-76/CHILD/FM076_C4_elastic.png,FAMILY-76,CHILD,elastic,4207680,4.94,10.95,9.124,6.344,32
data/split/train/FAMILY-76/CHILD/FM076_C4.png,data/train_distorted/distorted/FAMILY-76/CHILD/FM076_C4_local.png,FAMILY-76,CHILD,local,4207681,5.9,11.59,,,
data/split/train/FAMILY-76/CHILD/FM076_C4.png,data/train_distorted/distorted/FAMILY-76/CHILD/FM076_C4_bending.png,FAMILY-76,CHILD,bending,4207682,6.26,11.33,,,
data/split/train/FAMILY-76/CHILD/FM076_C5.png,data/train_distorted/distorted/FAMILY-76/CHILD/FM076_C5_elastic.png,FAMILY-76,CHILD,elastic,4207690,6.65,18.51,12.146,6.017,32
data/split/train/FAMILY-76/CHILD/FM076_C5.png,data/train_distorted/distorted/FAMILY-76/CHILD/FM076_C5_local.png,FAMILY-76,CHILD,local,4207691,3.27,6.66,,,
data/split/train/FAMILY-76/CHILD/FM076_C5.png,data/train_distorted/distorted/FAMILY-76/CHILD/FM076_C5_bending.png,FAMILY-76,CHILD,bending,4207692,4.0,7.27,,,
data/split/train/FAMILY-76/FATHER/FM076_F1.png,data/train_distorted/distorted/FAMILY-76/FATHER/FM076_F1_elastic.png,FAMILY-76,FATHER,elastic,4207700,7.54,19.15,13.311,7.573,32
data/split/train/FAMILY-76/FATHER/FM076_F1.png,data/train_distorted/distorted/FAMILY-76/FATHER/FM076_F1_local.png,FAMILY-76,FATHER,local,4207701,2.37,5.24,,,
data/split/train/FAMILY-76/FATHER/FM076_F1.png,data/train_distorted/distorted/FAMILY-76/FATHER/FM076_F1_bending.png,FAMILY-76,FATHER,bending,4207702,6.13,10.46,,,
data/split/train/FAMILY-76/FATHER/FM076_F2.png,data/train_distorted/distorted/FAMILY-76/FATHER/FM076_F2_elastic.png,FAMILY-76,FATHER,elastic,4207710,6.05,14.62,11.911,6.932,32
data/split/train/FAMILY-76/FATHER/FM076_F2.png,data/train_distorted/distorted/FAMILY-76/FATHER/FM076_F2_local.png,FAMILY-76,FATHER,local,4207711,2.85,6.15,,,
data/split/train/FAMILY-76/FATHER/FM076_F2.png,data/train_distorted/distorted/FAMILY-76/FATHER/FM076_F2_bending.png,FAMILY-76,FATHER,bending,4207712,5.07,9.36,,,
data/split/train/FAMILY-76/FATHER/FM076_F3.png,data/train_distorted/distorted/FAMILY-76/FATHER/FM076_F3_elastic.png,FAMILY-76,FATHER,elastic,4207720,5.25,11.81,9.155,6.784,32
data/split/train/FAMILY-76/FATHER/FM076_F3.png,data/train_distorted/distorted/FAMILY-76/FATHER/FM076_F3_local.png,FAMILY-76,FATHER,local,4207721,4.1,11.86,,,
data/split/train/FAMILY-76/FATHER/FM076_F3.png,data/train_distorted/distorted/FAMILY-76/FATHER/FM076_F3_bending.png,FAMILY-76,FATHER,bending,4207722,4.64,7.75,,,
data/split/train/FAMILY-76/FATHER/FM076_F4.png,data/train_distorted/distorted/FAMILY-76/FATHER/FM076_F4_elastic.png,FAMILY-76,FATHER,elastic,4207730,7.56,17.63,14.479,6.65,32
data/split/train/FAMILY-76/FATHER/FM076_F4.png,data/train_distorted/distorted/FAMILY-76/FATHER/FM076_F4_local.png,FAMILY-76,FATHER,local,4207731,3.76,8.59,,,
data/split/train/FAMILY-76/FATHER/FM076_F4.png,data/train_distorted/distorted/FAMILY-76/FATHER/FM076_F4_bending.png,FAMILY-76,FATHER,bending,4207732,6.12,10.82,,,
data/split/train/FAMILY-76/FATHER/FM076_F5.png,data/train_distorted/distorted/FAMILY-76/FATHER/FM076_F5_elastic.png,FAMILY-76,FATHER,elastic,4207740,8.17,20.11,14.561,6.669,32
data/split/train/FAMILY-76/FATHER/FM076_F5.png,data/train_distorted/distorted/FAMILY-76/FATHER/FM076_F5_local.png,FAMILY-76,FATHER,local,4207741,3.65,8.54,,,
data/split/train/FAMILY-76/FATHER/FM076_F5.png,data/train_distorted/distorted/FAMILY-76/FATHER/FM076_F5_bending.png,FAMILY-76,FATHER,bending,4207742,5.88,9.8,,,
data/split/train/FAMILY-76/MOTHER/FM076_M1.png,data/train_distorted/distorted/FAMILY-76/MOTHER/FM076_M1_elastic.png,FAMILY-76,MOTHER,elastic,4207750,5.31,13.71,9.68,6.84,32
data/split/train/FAMILY-76/MOTHER/FM076_M1.png,data/train_distorted/distorted/FAMILY-76/MOTHER/FM076_M1_local.png,FAMILY-76,MOTHER,local,4207751,3.51,10.12,,,
data/split/train/FAMILY-76/MOTHER/FM076_M1.png,data/train_distorted/distorted/FAMILY-76/MOTHER/FM076_M1_bending.png,FAMILY-76,MOTHER,bending,4207752,5.94,10.59,,,
data/split/train/FAMILY-76/MOTHER/FM076_M2.png,data/train_distorted/distorted/FAMILY-76/MOTHER/FM076_M2_elastic.png,FAMILY-76,MOTHER,elastic,4207760,5.74,15.02,10.977,7.039,32
data/split/train/FAMILY-76/MOTHER/FM076_M2.png,data/train_distorted/distorted/FAMILY-76/MOTHER/FM076_M2_local.png,FAMILY-76,MOTHER,local,4207761,3.5,7.08,,,
data/split/train/FAMILY-76/MOTHER/FM076_M2.png,data/train_distorted/distorted/FAMILY-76/MOTHER/FM076_M2_bending.png,FAMILY-76,MOTHER,bending,4207762,4.25,7.52,,,
data/split/train/FAMILY-76/MOTHER/FM076_M3.png,data/train_distorted/distorted/FAMILY-76/MOTHER/FM076_M3_elastic.png,FAMILY-76,MOTHER,elastic,4207770,6.76,15.78,11.616,7.267,32
data/split/train/FAMILY-76/MOTHER/FM076_M3.png,data/train_distorted/distorted/FAMILY-76/MOTHER/FM076_M3_local.png,FAMILY-76,MOTHER,local,4207771,3.72,6.97,,,
data/split/train/FAMILY-76/MOTHER/FM076_M3.png,data/train_distorted/distorted/FAMILY-76/MOTHER/FM076_M3_bending.png,FAMILY-76,MOTHER,bending,4207772,5.37,8.98,,,
data/split/train/FAMILY-76/MOTHER/FM076_M4.png,data/train_distorted/distorted/FAMILY-76/MOTHER/FM076_M4_elastic.png,FAMILY-76,MOTHER,elastic,4207780,5.82,12.96,9.81,6.198,32
data/split/train/FAMILY-76/MOTHER/FM076_M4.png,data/train_distorted/distorted/FAMILY-76/MOTHER/FM076_M4_local.png,FAMILY-76,MOTHER,local,4207781,4.15,10.86,,,
data/split/train/FAMILY-76/MOTHER/FM076_M4.png,data/train_distorted/distorted/FAMILY-76/MOTHER/FM076_M4_bending.png,FAMILY-76,MOTHER,bending,4207782,4.47,7.45,,,
data/split/train/FAMILY-76/MOTHER/FM076_M5.png,data/train_distorted/distorted/FAMILY-76/MOTHER/FM076_M5_elastic.png,FAMILY-76,MOTHER,elastic,4207790,5.81,14.62,9.83,6.622,32
data/split/train/FAMILY-76/MOTHER/FM076_M5.png,data/train_distorted/distorted/FAMILY-76/MOTHER/FM076_M5_local.png,FAMILY-76,MOTHER,local,4207791,2.79,6.53,,,
data/split/train/FAMILY-76/MOTHER/FM076_M5.png,data/train_distorted/distorted/FAMILY-76/MOTHER/FM076_M5_bending.png,FAMILY-76,MOTHER,bending,4207792,4.17,7.42,,,
data/split/train/FAMILY-77/CHILD/FM077_C1.png,data/train_distorted/distorted/FAMILY-77/CHILD/FM077_C1_elastic.png,FAMILY-77,CHILD,elastic,4207800,5.0,12.44,9.379,5.802,32
data/split/train/FAMILY-77/CHILD/FM077_C1.png,data/train_distorted/distorted/FAMILY-77/CHILD/FM077_C1_local.png,FAMILY-77,CHILD,local,4207801,4.34,11.28,,,
data/split/train/FAMILY-77/CHILD/FM077_C1.png,data/train_distorted/distorted/FAMILY-77/CHILD/FM077_C1_bending.png,FAMILY-77,CHILD,bending,4207802,4.65,7.88,,,
data/split/train/FAMILY-77/CHILD/FM077_C2.png,data/train_distorted/distorted/FAMILY-77/CHILD/FM077_C2_elastic.png,FAMILY-77,CHILD,elastic,4207810,9.21,23.41,15.483,5.785,32
data/split/train/FAMILY-77/CHILD/FM077_C2.png,data/train_distorted/distorted/FAMILY-77/CHILD/FM077_C2_local.png,FAMILY-77,CHILD,local,4207811,3.33,7.44,,,
data/split/train/FAMILY-77/CHILD/FM077_C2.png,data/train_distorted/distorted/FAMILY-77/CHILD/FM077_C2_bending.png,FAMILY-77,CHILD,bending,4207812,4.64,8.27,,,
data/split/train/FAMILY-77/CHILD/FM077_C3.png,data/train_distorted/distorted/FAMILY-77/CHILD/FM077_C3_elastic.png,FAMILY-77,CHILD,elastic,4207820,8.71,22.51,14.582,5.171,32
data/split/train/FAMILY-77/CHILD/FM077_C3.png,data/train_distorted/distorted/FAMILY-77/CHILD/FM077_C3_local.png,FAMILY-77,CHILD,local,4207821,3.85,8.44,,,
data/split/train/FAMILY-77/CHILD/FM077_C3.png,data/train_distorted/distorted/FAMILY-77/CHILD/FM077_C3_bending.png,FAMILY-77,CHILD,bending,4207822,6.95,12.37,,,
data/split/train/FAMILY-77/CHILD/FM077_C4.png,data/train_distorted/distorted/FAMILY-77/CHILD/FM077_C4_elastic.png,FAMILY-77,CHILD,elastic,4207830,7.69,17.61,13.3,6.834,32
data/split/train/FAMILY-77/CHILD/FM077_C4.png,data/train_distorted/distorted/FAMILY-77/CHILD/FM077_C4_local.png,FAMILY-77,CHILD,local,4207831,3.37,6.28,,,
data/split/train/FAMILY-77/CHILD/FM077_C4.png,data/train_distorted/distorted/FAMILY-77/CHILD/FM077_C4_bending.png,FAMILY-77,CHILD,bending,4207832,4.79,8.75,,,
data/split/train/FAMILY-77/CHILD/FM077_C5.png,data/train_distorted/distorted/FAMILY-77/CHILD/FM077_C5_elastic.png,FAMILY-77,CHILD,elastic,4207840,8.19,18.88,15.03,6.966,32
data/split/train/FAMILY-77/CHILD/FM077_C5.png,data/train_distorted/distorted/FAMILY-77/CHILD/FM077_C5_local.png,FAMILY-77,CHILD,local,4207841,3.03,7.25,,,
data/split/train/FAMILY-77/CHILD/FM077_C5.png,data/train_distorted/distorted/FAMILY-77/CHILD/FM077_C5_bending.png,FAMILY-77,CHILD,bending,4207842,5.87,10.16,,,
data/split/train/FAMILY-77/FATHER/FM077_F1.png,data/train_distorted/distorted/FAMILY-77/FATHER/FM077_F1_elastic.png,FAMILY-77,FATHER,elastic,4207850,7.44,18.59,14.549,7.947,32
data/split/train/FAMILY-77/FATHER/FM077_F1.png,data/train_distorted/distorted/FAMILY-77/FATHER/FM077_F1_local.png,FAMILY-77,FATHER,local,4207851,3.85,9.02,,,
data/split/train/FAMILY-77/FATHER/FM077_F1.png,data/train_distorted/distorted/FAMILY-77/FATHER/FM077_F1_bending.png,FAMILY-77,FATHER,bending,4207852,5.87,10.38,,,
data/split/train/FAMILY-77/FATHER/FM077_F2.png,data/train_distorted/distorted/FAMILY-77/FATHER/FM077_F2_elastic.png,FAMILY-77,FATHER,elastic,4207860,7.36,18.74,13.53,7.176,32
data/split/train/FAMILY-77/FATHER/FM077_F2.png,data/train_distorted/distorted/FAMILY-77/FATHER/FM077_F2_local.png,FAMILY-77,FATHER,local,4207861,2.69,6.72,,,
data/split/train/FAMILY-77/FATHER/FM077_F2.png,data/train_distorted/distorted/FAMILY-77/FATHER/FM077_F2_bending.png,FAMILY-77,FATHER,bending,4207862,4.9,8.77,,,
data/split/train/FAMILY-77/FATHER/FM077_F3.png,data/train_distorted/distorted/FAMILY-77/FATHER/FM077_F3_elastic.png,FAMILY-77,FATHER,elastic,4207870,6.62,14.57,11.404,6.802,32
data/split/train/FAMILY-77/FATHER/FM077_F3.png,data/train_distorted/distorted/FAMILY-77/FATHER/FM077_F3_local.png,FAMILY-77,FATHER,local,4207871,2.4,4.94,,,
data/split/train/FAMILY-77/FATHER/FM077_F3.png,data/train_distorted/distorted/FAMILY-77/FATHER/FM077_F3_bending.png,FAMILY-77,FATHER,bending,4207872,4.38,7.93,,,
data/split/train/FAMILY-77/FATHER/FM077_F4.png,data/train_distorted/distorted/FAMILY-77/FATHER/FM077_F4_elastic.png,FAMILY-77,FATHER,elastic,4207880,7.54,17.82,14.787,7.779,32
data/split/train/FAMILY-77/FATHER/FM077_F4.png,data/train_distorted/distorted/FAMILY-77/FATHER/FM077_F4_local.png,FAMILY-77,FATHER,local,4207881,4.59,11.17,,,
data/split/train/FAMILY-77/FATHER/FM077_F4.png,data/train_distorted/distorted/FAMILY-77/FATHER/FM077_F4_bending.png,FAMILY-77,FATHER,bending,4207882,6.83,12.18,,,
data/split/train/FAMILY-77/FATHER/FM077_F5.png,data/train_distorted/distorted/FAMILY-77/FATHER/FM077_F5_elastic.png,FAMILY-77,FATHER,elastic,4207890,9.16,19.86,14.483,5.195,32
data/split/train/FAMILY-77/FATHER/FM077_F5.png,data/train_distorted/distorted/FAMILY-77/FATHER/FM077_F5_local.png,FAMILY-77,FATHER,local,4207891,5.64,11.64,,,
data/split/train/FAMILY-77/FATHER/FM077_F5.png,data/train_distorted/distorted/FAMILY-77/FATHER/FM077_F5_bending.png,FAMILY-77,FATHER,bending,4207892,4.58,7.97,,,
data/split/train/FAMILY-77/MOTHER/FM077_M1.png,data/train_distorted/distorted/FAMILY-77/MOTHER/FM077_M1_elastic.png,FAMILY-77,MOTHER,elastic,4207900,8.51,19.68,15.725,7.786,32
data/split/train/FAMILY-77/MOTHER/FM077_M1.png,data/train_distorted/distorted/FAMILY-77/MOTHER/FM077_M1_local.png,FAMILY-77,MOTHER,local,4207901,3.15,6.26,,,
data/split/train/FAMILY-77/MOTHER/FM077_M1.png,data/train_distorted/distorted/FAMILY-77/MOTHER/FM077_M1_bending.png,FAMILY-77,MOTHER,bending,4207902,6.65,11.89,,,
data/split/train/FAMILY-77/MOTHER/FM077_M2.png,data/train_distorted/distorted/FAMILY-77/MOTHER/FM077_M2_elastic.png,FAMILY-77,MOTHER,elastic,4207910,8.19,18.57,14.363,6.751,32
data/split/train/FAMILY-77/MOTHER/FM077_M2.png,data/train_distorted/distorted/FAMILY-77/MOTHER/FM077_M2_local.png,FAMILY-77,MOTHER,local,4207911,2.92,6.29,,,
data/split/train/FAMILY-77/MOTHER/FM077_M2.png,data/train_distorted/distorted/FAMILY-77/MOTHER/FM077_M2_bending.png,FAMILY-77,MOTHER,bending,4207912,5.13,9.33,,,
data/split/train/FAMILY-77/MOTHER/FM077_M3.png,data/train_distorted/distorted/FAMILY-77/MOTHER/FM077_M3_elastic.png,FAMILY-77,MOTHER,elastic,4207920,8.03,17.8,13.901,5.793,32
data/split/train/FAMILY-77/MOTHER/FM077_M3.png,data/train_distorted/distorted/FAMILY-77/MOTHER/FM077_M3_local.png,FAMILY-77,MOTHER,local,4207921,4.88,10.7,,,
data/split/train/FAMILY-77/MOTHER/FM077_M3.png,data/train_distorted/distorted/FAMILY-77/MOTHER/FM077_M3_bending.png,FAMILY-77,MOTHER,bending,4207922,5.93,10.72,,,
data/split/train/FAMILY-77/MOTHER/FM077_M4.png,data/train_distorted/distorted/FAMILY-77/MOTHER/FM077_M4_elastic.png,FAMILY-77,MOTHER,elastic,4207930,4.5,12.55,8.749,7.704,32
data/split/train/FAMILY-77/MOTHER/FM077_M4.png,data/train_distorted/distorted/FAMILY-77/MOTHER/FM077_M4_local.png,FAMILY-77,MOTHER,local,4207931,3.2,6.52,,,
data/split/train/FAMILY-77/MOTHER/FM077_M4.png,data/train_distorted/distorted/FAMILY-77/MOTHER/FM077_M4_bending.png,FAMILY-77,MOTHER,bending,4207932,6.08,11.05,,,
data/split/train/FAMILY-77/MOTHER/FM077_M5.png,data/train_distorted/distorted/FAMILY-77/MOTHER/FM077_M5_elastic.png,FAMILY-77,MOTHER,elastic,4207940,5.33,12.23,9.609,6.886,32
data/split/train/FAMILY-77/MOTHER/FM077_M5.png,data/train_distorted/distorted/FAMILY-77/MOTHER/FM077_M5_local.png,FAMILY-77,MOTHER,local,4207941,4.39,10.27,,,
data/split/train/FAMILY-77/MOTHER/FM077_M5.png,data/train_distorted/distorted/FAMILY-77/MOTHER/FM077_M5_bending.png,FAMILY-77,MOTHER,bending,4207942,4.83,8.61,,,
data/split/train/FAMILY-79/CHILD/FM079_C1.png,data/train_distorted/distorted/FAMILY-79/CHILD/FM079_C1_elastic.png,FAMILY-79,CHILD,elastic,4207950,5.67,15.64,9.715,5.264,32
data/split/train/FAMILY-79/CHILD/FM079_C1.png,data/train_distorted/distorted/FAMILY-79/CHILD/FM079_C1_local.png,FAMILY-79,CHILD,local,4207951,3.61,9.13,,,
data/split/train/FAMILY-79/CHILD/FM079_C1.png,data/train_distorted/distorted/FAMILY-79/CHILD/FM079_C1_bending.png,FAMILY-79,CHILD,bending,4207952,4.88,8.32,,,
data/split/train/FAMILY-79/CHILD/FM079_C2.png,data/train_distorted/distorted/FAMILY-79/CHILD/FM079_C2_elastic.png,FAMILY-79,CHILD,elastic,4207960,7.37,17.09,12.252,5.245,32
data/split/train/FAMILY-79/CHILD/FM079_C2.png,data/train_distorted/distorted/FAMILY-79/CHILD/FM079_C2_local.png,FAMILY-79,CHILD,local,4207961,2.62,6.38,,,
data/split/train/FAMILY-79/CHILD/FM079_C2.png,data/train_distorted/distorted/FAMILY-79/CHILD/FM079_C2_bending.png,FAMILY-79,CHILD,bending,4207962,3.79,6.36,,,
data/split/train/FAMILY-79/CHILD/FM079_C3.png,data/train_distorted/distorted/FAMILY-79/CHILD/FM079_C3_elastic.png,FAMILY-79,CHILD,elastic,4207970,7.5,17.26,13.865,6.463,32
data/split/train/FAMILY-79/CHILD/FM079_C3.png,data/train_distorted/distorted/FAMILY-79/CHILD/FM079_C3_local.png,FAMILY-79,CHILD,local,4207971,2.84,6.59,,,
data/split/train/FAMILY-79/CHILD/FM079_C3.png,data/train_distorted/distorted/FAMILY-79/CHILD/FM079_C3_bending.png,FAMILY-79,CHILD,bending,4207972,3.76,6.92,,,
data/split/train/FAMILY-79/CHILD/FM079_C4.png,data/train_distorted/distorted/FAMILY-79/CHILD/FM079_C4_elastic.png,FAMILY-79,CHILD,elastic,4207980,7.7,21.37,15.436,6.524,32
data/split/train/FAMILY-79/CHILD/FM079_C4.png,data/train_distorted/distorted/FAMILY-79/CHILD/FM079_C4_local.png,FAMILY-79,CHILD,local,4207981,3.48,8.22,,,
data/split/train/FAMILY-79/CHILD/FM079_C4.png,data/train_distorted/distorted/FAMILY-79/CHILD/FM079_C4_bending.png,FAMILY-79,CHILD,bending,4207982,6.76,11.67,,,
data/split/train/FAMILY-79/CHILD/FM079_C5.png,data/train_distorted/distorted/FAMILY-79/CHILD/FM079_C5_elastic.png,FAMILY-79,CHILD,elastic,4207990,5.14,11.71,9.669,6.776,32
data/split/train/FAMILY-79/CHILD/FM079_C5.png,data/train_distorted/distorted/FAMILY-79/CHILD/FM079_C5_local.png,FAMILY-79,CHILD,local,4207991,4.21,8.98,,,
data/split/train/FAMILY-79/CHILD/FM079_C5.png,data/train_distorted/distorted/FAMILY-79/CHILD/FM079_C5_bending.png,FAMILY-79,CHILD,bending,4207992,3.46,6.03,,,
data/split/train/FAMILY-79/FATHER/FM079_F1.png,data/train_distorted/distorted/FAMILY-79/FATHER/FM079_F1_elastic.png,FAMILY-79,FATHER,elastic,4208000,6.14,14.01,10.558,5.183,32
data/split/train/FAMILY-79/FATHER/FM079_F1.png,data/train_distorted/distorted/FAMILY-79/FATHER/FM079_F1_local.png,FAMILY-79,FATHER,local,4208001,3.5,6.24,,,
data/split/train/FAMILY-79/FATHER/FM079_F1.png,data/train_distorted/distorted/FAMILY-79/FATHER/FM079_F1_bending.png,FAMILY-79,FATHER,bending,4208002,5.54,10.18,,,
data/split/train/FAMILY-79/FATHER/FM079_F2.png,data/train_distorted/distorted/FAMILY-79/FATHER/FM079_F2_elastic.png,FAMILY-79,FATHER,elastic,4208010,7.48,17.1,13.914,5.902,32
data/split/train/FAMILY-79/FATHER/FM079_F2.png,data/train_distorted/distorted/FAMILY-79/FATHER/FM079_F2_local.png,FAMILY-79,FATHER,local,4208011,3.09,6.36,,,
data/split/train/FAMILY-79/FATHER/FM079_F2.png,data/train_distorted/distorted/FAMILY-79/FATHER/FM079_F2_bending.png,FAMILY-79,FATHER,bending,4208012,3.84,6.91,,,
data/split/train/FAMILY-79/FATHER/FM079_F3.png,data/train_distorted/distorted/FAMILY-79/FATHER/FM079_F3_elastic.png,FAMILY-79,FATHER,elastic,4208020,7.38,18.9,13.818,7.575,32
data/split/train/FAMILY-79/FATHER/FM079_F3.png,data/train_distorted/distorted/FAMILY-79/FATHER/FM079_F3_local.png,FAMILY-79,FATHER,local,4208021,3.11,6.2,,,
data/split/train/FAMILY-79/FATHER/FM079_F3.png,data/train_distorted/distorted/FAMILY-79/FATHER/FM079_F3_bending.png,FAMILY-79,FATHER,bending,4208022,4.52,8.29,,,
data/split/train/FAMILY-79/FATHER/FM079_F4.png,data/train_distorted/distorted/FAMILY-79/FATHER/FM079_F4_elastic.png,FAMILY-79,FATHER,elastic,4208030,7.41,16.16,12.294,6.317,32
data/split/train/FAMILY-79/FATHER/FM079_F4.png,data/train_distorted/distorted/FAMILY-79/FATHER/FM079_F4_local.png,FAMILY-79,FATHER,local,4208031,3.54,9.11,,,
data/split/train/FAMILY-79/FATHER/FM079_F4.png,data/train_distorted/distorted/FAMILY-79/FATHER/FM079_F4_bending.png,FAMILY-79,FATHER,bending,4208032,4.06,6.82,,,
data/split/train/FAMILY-79/FATHER/FM079_F5.png,data/train_distorted/distorted/FAMILY-79/FATHER/FM079_F5_elastic.png,FAMILY-79,FATHER,elastic,4208040,7.28,16.3,12.149,6.592,32
data/split/train/FAMILY-79/FATHER/FM079_F5.png,data/train_distorted/distorted/FAMILY-79/FATHER/FM079_F5_local.png,FAMILY-79,FATHER,local,4208041,4.49,11.03,,,
data/split/train/FAMILY-79/FATHER/FM079_F5.png,data/train_distorted/distorted/FAMILY-79/FATHER/FM079_F5_bending.png,FAMILY-79,FATHER,bending,4208042,6.84,12.25,,,
data/split/train/FAMILY-79/MOTHER/FM079_M1.png,data/train_distorted/distorted/FAMILY-79/MOTHER/FM079_M1_elastic.png,FAMILY-79,MOTHER,elastic,4208050,6.28,15.11,10.437,5.727,32
data/split/train/FAMILY-79/MOTHER/FM079_M1.png,data/train_distorted/distorted/FAMILY-79/MOTHER/FM079_M1_local.png,FAMILY-79,MOTHER,local,4208051,2.87,5.29,,,
data/split/train/FAMILY-79/MOTHER/FM079_M1.png,data/train_distorted/distorted/FAMILY-79/MOTHER/FM079_M1_bending.png,FAMILY-79,MOTHER,bending,4208052,6.5,10.97,,,
data/split/train/FAMILY-79/MOTHER/FM079_M2.png,data/train_distorted/distorted/FAMILY-79/MOTHER/FM079_M2_elastic.png,FAMILY-79,MOTHER,elastic,4208060,7.05,17.43,12.325,6.758,32
data/split/train/FAMILY-79/MOTHER/FM079_M2.png,data/train_distorted/distorted/FAMILY-79/MOTHER/FM079_M2_local.png,FAMILY-79,MOTHER,local,4208061,5.13,10.69,,,
data/split/train/FAMILY-79/MOTHER/FM079_M2.png,data/train_distorted/distorted/FAMILY-79/MOTHER/FM079_M2_bending.png,FAMILY-79,MOTHER,bending,4208062,4.67,8.22,,,
data/split/train/FAMILY-79/MOTHER/FM079_M3.png,data/train_distorted/distorted/FAMILY-79/MOTHER/FM079_M3_elastic.png,FAMILY-79,MOTHER,elastic,4208070,5.73,15.07,9.912,5.855,32
data/split/train/FAMILY-79/MOTHER/FM079_M3.png,data/train_distorted/distorted/FAMILY-79/MOTHER/FM079_M3_local.png,FAMILY-79,MOTHER,local,4208071,3.97,9.16,,,
data/split/train/FAMILY-79/MOTHER/FM079_M3.png,data/train_distorted/distorted/FAMILY-79/MOTHER/FM079_M3_bending.png,FAMILY-79,MOTHER,bending,4208072,3.88,7.09,,,
data/split/train/FAMILY-79/MOTHER/FM079_M4.png,data/train_distorted/distorted/FAMILY-79/MOTHER/FM079_M4_elastic.png,FAMILY-79,MOTHER,elastic,4208080,7.94,17.25,15.493,7.268,32
data/split/train/FAMILY-79/MOTHER/FM079_M4.png,data/train_distorted/distorted/FAMILY-79/MOTHER/FM079_M4_local.png,FAMILY-79,MOTHER,local,4208081,4.55,9.28,,,
data/split/train/FAMILY-79/MOTHER/FM079_M4.png,data/train_distorted/distorted/FAMILY-79/MOTHER/FM079_M4_bending.png,FAMILY-79,MOTHER,bending,4208082,5.23,9.01,,,
data/split/train/FAMILY-79/MOTHER/FM079_M5.png,data/train_distorted/distorted/FAMILY-79/MOTHER/FM079_M5_elastic.png,FAMILY-79,MOTHER,elastic,4208090,8.35,21.88,14.222,6.773,32
data/split/train/FAMILY-79/MOTHER/FM079_M5.png,data/train_distorted/distorted/FAMILY-79/MOTHER/FM079_M5_local.png,FAMILY-79,MOTHER,local,4208091,2.3,4.48,,,
data/split/train/FAMILY-79/MOTHER/FM079_M5.png,data/train_distorted/distorted/FAMILY-79/MOTHER/FM079_M5_bending.png,FAMILY-79,MOTHER,bending,4208092,6.49,11.64,,,
data/split/train/FAMILY-8/CHILD/FM008_C1.png,data/train_distorted/distorted/FAMILY-8/CHILD/FM008_C1_elastic.png,FAMILY-8,CHILD,elastic,4208100,7.9,16.67,13.206,5.697,32
data/split/train/FAMILY-8/CHILD/FM008_C1.png,data/train_distorted/distorted/FAMILY-8/CHILD/FM008_C1_local.png,FAMILY-8,CHILD,local,4208101,4.64,9.67,,,
data/split/train/FAMILY-8/CHILD/FM008_C1.png,data/train_distorted/distorted/FAMILY-8/CHILD/FM008_C1_bending.png,FAMILY-8,CHILD,bending,4208102,7.27,13.4,,,
data/split/train/FAMILY-8/CHILD/FM008_C2.png,data/train_distorted/distorted/FAMILY-8/CHILD/FM008_C2_elastic.png,FAMILY-8,CHILD,elastic,4208110,5.77,15.52,11.355,6.64,32
data/split/train/FAMILY-8/CHILD/FM008_C2.png,data/train_distorted/distorted/FAMILY-8/CHILD/FM008_C2_local.png,FAMILY-8,CHILD,local,4208111,5.56,10.72,,,
data/split/train/FAMILY-8/CHILD/FM008_C2.png,data/train_distorted/distorted/FAMILY-8/CHILD/FM008_C2_bending.png,FAMILY-8,CHILD,bending,4208112,5.21,9.53,,,
data/split/train/FAMILY-8/CHILD/FM008_C3.png,data/train_distorted/distorted/FAMILY-8/CHILD/FM008_C3_elastic.png,FAMILY-8,CHILD,elastic,4208120,4.81,10.86,8.128,5.851,32
data/split/train/FAMILY-8/CHILD/FM008_C3.png,data/train_distorted/distorted/FAMILY-8/CHILD/FM008_C3_local.png,FAMILY-8,CHILD,local,4208121,2.9,5.81,,,
data/split/train/FAMILY-8/CHILD/FM008_C3.png,data/train_distorted/distorted/FAMILY-8/CHILD/FM008_C3_bending.png,FAMILY-8,CHILD,bending,4208122,4.54,7.68,,,
data/split/train/FAMILY-8/CHILD/FM008_C4.png,data/train_distorted/distorted/FAMILY-8/CHILD/FM008_C4_elastic.png,FAMILY-8,CHILD,elastic,4208130,6.14,14.22,10.027,5.125,32
data/split/train/FAMILY-8/CHILD/FM008_C4.png,data/train_distorted/distorted/FAMILY-8/CHILD/FM008_C4_local.png,FAMILY-8,CHILD,local,4208131,2.91,6.33,,,
data/split/train/FAMILY-8/CHILD/FM008_C4.png,data/train_distorted/distorted/FAMILY-8/CHILD/FM008_C4_bending.png,FAMILY-8,CHILD,bending,4208132,5.37,9.22,,,
data/split/train/FAMILY-8/CHILD/FM008_C5.png,data/train_distorted/distorted/FAMILY-8/CHILD/FM008_C5_elastic.png,FAMILY-8,CHILD,elastic,4208140,6.37,15.91,12.136,7.276,32
data/split/train/FAMILY-8/CHILD/FM008_C5.png,data/train_distorted/distorted/FAMILY-8/CHILD/FM008_C5_local.png,FAMILY-8,CHILD,local,4208141,3.07,7.11,,,
data/split/train/FAMILY-8/CHILD/FM008_C5.png,data/train_distorted/distorted/FAMILY-8/CHILD/FM008_C5_bending.png,FAMILY-8,CHILD,bending,4208142,4.1,6.99,,,
data/split/train/FAMILY-8/FATHER/FM008_F1.png,data/train_distorted/distorted/FAMILY-8/FATHER/FM008_F1_elastic.png,FAMILY-8,FATHER,elastic,4208150,9.07,20.05,14.726,6.497,32
data/split/train/FAMILY-8/FATHER/FM008_F1.png,data/train_distorted/distorted/FAMILY-8/FATHER/FM008_F1_local.png,FAMILY-8,FATHER,local,4208151,3.94,8.09,,,
data/split/train/FAMILY-8/FATHER/FM008_F1.png,data/train_distorted/distorted/FAMILY-8/FATHER/FM008_F1_bending.png,FAMILY-8,FATHER,bending,4208152,5.24,9.11,,,
data/split/train/FAMILY-8/FATHER/FM008_F2.png,data/train_distorted/distorted/FAMILY-8/FATHER/FM008_F2_elastic.png,FAMILY-8,FATHER,elastic,4208160,5.35,12.82,8.913,6.026,32
data/split/train/FAMILY-8/FATHER/FM008_F2.png,data/train_distorted/distorted/FAMILY-8/FATHER/FM008_F2_local.png,FAMILY-8,FATHER,local,4208161,2.24,5.12,,,
data/split/train/FAMILY-8/FATHER/FM008_F2.png,data/train_distorted/distorted/FAMILY-8/FATHER/FM008_F2_bending.png,FAMILY-8,FATHER,bending,4208162,3.35,5.77,,,
data/split/train/FAMILY-8/FATHER/FM008_F3.png,data/train_distorted/distorted/FAMILY-8/FATHER/FM008_F3_elastic.png,FAMILY-8,FATHER,elastic,4208170,5.97,13.58,10.643,7.143,32
data/split/train/FAMILY-8/FATHER/FM008_F3.png,data/train_distorted/distorted/FAMILY-8/FATHER/FM008_F3_local.png,FAMILY-8,FATHER,local,4208171,4.45,9.84,,,
data/split/train/FAMILY-8/FATHER/FM008_F3.png,data/train_distorted/distorted/FAMILY-8/FATHER/FM008_F3_bending.png,FAMILY-8,FATHER,bending,4208172,5.31,8.85,,,
data/split/train/FAMILY-8/FATHER/FM008_F4.png,data/train_distorted/distorted/FAMILY-8/FATHER/FM008_F4_elastic.png,FAMILY-8,FATHER,elastic,4208180,5.06,11.64,8.648,6.853,32
data/split/train/FAMILY-8/FATHER/FM008_F4.png,data/train_distorted/distorted/FAMILY-8/FATHER/FM008_F4_local.png,FAMILY-8,FATHER,local,4208181,2.95,8.01,,,
data/split/train/FAMILY-8/FATHER/FM008_F4.png,data/train_distorted/distorted/FAMILY-8/FATHER/FM008_F4_bending.png,FAMILY-8,FATHER,bending,4208182,5.14,8.61,,,
data/split/train/FAMILY-8/FATHER/FM008_F5.png,data/train_distorted/distorted/FAMILY-8/FATHER/FM008_F5_elastic.png,FAMILY-8,FATHER,elastic,4208190,7.96,20.8,14.694,7.531,32
data/split/train/FAMILY-8/FATHER/FM008_F5.png,data/train_distorted/distorted/FAMILY-8/FATHER/FM008_F5_local.png,FAMILY-8,FATHER,local,4208191,2.24,6.41,,,
data/split/train/FAMILY-8/FATHER/FM008_F5.png,data/train_distorted/distorted/FAMILY-8/FATHER/FM008_F5_bending.png,FAMILY-8,FATHER,bending,4208192,7.19,13.05,,,
data/split/train/FAMILY-8/MOTHER/FM008_M1.png,data/train_distorted/distorted/FAMILY-8/MOTHER/FM008_M1_elastic.png,FAMILY-8,MOTHER,elastic,4208200,7.73,17.96,13.617,6.948,32
data/split/train/FAMILY-8/MOTHER/FM008_M1.png,data/train_distorted/distorted/FAMILY-8/MOTHER/FM008_M1_local.png,FAMILY-8,MOTHER,local,4208201,4.18,7.96,,,
data/split/train/FAMILY-8/MOTHER/FM008_M1.png,data/train_distorted/distorted/FAMILY-8/MOTHER/FM008_M1_bending.png,FAMILY-8,MOTHER,bending,4208202,6.17,10.37,,,
data/split/train/FAMILY-8/MOTHER/FM008_M2.png,data/train_distorted/distorted/FAMILY-8/MOTHER/FM008_M2_elastic.png,FAMILY-8,MOTHER,elastic,4208210,7.58,19.36,14.421,6.809,32
data/split/train/FAMILY-8/MOTHER/FM008_M2.png,data/train_distorted/distorted/FAMILY-8/MOTHER/FM008_M2_local.png,FAMILY-8,MOTHER,local,4208211,5.27,10.5,,,
data/split/train/FAMILY-8/MOTHER/FM008_M2.png,data/train_distorted/distorted/FAMILY-8/MOTHER/FM008_M2_bending.png,FAMILY-8,MOTHER,bending,4208212,5.46,9.12,,,
data/split/train/FAMILY-8/MOTHER/FM008_M3.png,data/train_distorted/distorted/FAMILY-8/MOTHER/FM008_M3_elastic.png,FAMILY-8,MOTHER,elastic,4208220,8.42,17.64,13.582,5.841,32
data/split/train/FAMILY-8/MOTHER/FM008_M3.png,data/train_distorted/distorted/FAMILY-8/MOTHER/FM008_M3_local.png,FAMILY-8,MOTHER,local,4208221,4.24,10.37,,,
data/split/train/FAMILY-8/MOTHER/FM008_M3.png,data/train_distorted/distorted/FAMILY-8/MOTHER/FM008_M3_bending.png,FAMILY-8,MOTHER,bending,4208222,6.21,10.74,,,
data/split/train/FAMILY-8/MOTHER/FM008_M4.png,data/train_distorted/distorted/FAMILY-8/MOTHER/FM008_M4_elastic.png,FAMILY-8,MOTHER,elastic,4208230,7.5,17.65,13.717,6.763,32
data/split/train/FAMILY-8/MOTHER/FM008_M4.png,data/train_distorted/distorted/FAMILY-8/MOTHER/FM008_M4_local.png,FAMILY-8,MOTHER,local,4208231,5.44,10.94,,,
data/split/train/FAMILY-8/MOTHER/FM008_M4.png,data/train_distorted/distorted/FAMILY-8/MOTHER/FM008_M4_bending.png,FAMILY-8,MOTHER,bending,4208232,6.34,10.56,,,
data/split/train/FAMILY-8/MOTHER/FM008_M5.png,data/train_distorted/distorted/FAMILY-8/MOTHER/FM008_M5_elastic.png,FAMILY-8,MOTHER,elastic,4208240,5.19,12.63,9.058,5.615,32
data/split/train/FAMILY-8/MOTHER/FM008_M5.png,data/train_distorted/distorted/FAMILY-8/MOTHER/FM008_M5_local.png,FAMILY-8,MOTHER,local,4208241,4.77,9.96,,,
data/split/train/FAMILY-8/MOTHER/FM008_M5.png,data/train_distorted/distorted/FAMILY-8/MOTHER/FM008_M5_bending.png,FAMILY-8,MOTHER,bending,4208242,5.29,8.81,,,
data/split/train/FAMILY-80/CHILD/FM080_C1.png,data/train_distorted/distorted/FAMILY-80/CHILD/FM080_C1_elastic.png,FAMILY-80,CHILD,elastic,4208250,5.93,16.87,12.411,7.5,32
data/split/train/FAMILY-80/CHILD/FM080_C1.png,data/train_distorted/distorted/FAMILY-80/CHILD/FM080_C1_local.png,FAMILY-80,CHILD,local,4208251,4.06,9.21,,,
data/split/train/FAMILY-80/CHILD/FM080_C1.png,data/train_distorted/distorted/FAMILY-80/CHILD/FM080_C1_bending.png,FAMILY-80,CHILD,bending,4208252,3.35,5.71,,,
data/split/train/FAMILY-80/CHILD/FM080_C2.png,data/train_distorted/distorted/FAMILY-80/CHILD/FM080_C2_elastic.png,FAMILY-80,CHILD,elastic,4208260,4.73,12.28,9.519,7.842,32
data/split/train/FAMILY-80/CHILD/FM080_C2.png,data/train_distorted/distorted/FAMILY-80/CHILD/FM080_C2_local.png,FAMILY-80,CHILD,local,4208261,4.37,9.21,,,
data/split/train/FAMILY-80/CHILD/FM080_C2.png,data/train_distorted/distorted/FAMILY-80/CHILD/FM080_C2_bending.png,FAMILY-80,CHILD,bending,4208262,3.42,5.88,,,
data/split/train/FAMILY-80/CHILD/FM080_C3.png,data/train_distorted/distorted/FAMILY-80/CHILD/FM080_C3_elastic.png,FAMILY-80,CHILD,elastic,4208270,7.52,17.13,13.119,6.477,32
data/split/train/FAMILY-80/CHILD/FM080_C3.png,data/train_distorted/distorted/FAMILY-80/CHILD/FM080_C3_local.png,FAMILY-80,CHILD,local,4208271,3.51,8.32,,,
data/split/train/FAMILY-80/CHILD/FM080_C3.png,data/train_distorted/distorted/FAMILY-80/CHILD/FM080_C3_bending.png,FAMILY-80,CHILD,bending,4208272,5.97,10.78,,,
data/split/train/FAMILY-80/CHILD/FM080_C4.png,data/train_distorted/distorted/FAMILY-80/CHILD/FM080_C4_elastic.png,FAMILY-80,CHILD,elastic,4208280,7.99,18.33,13.753,6.442,32
data/split/train/FAMILY-80/CHILD/FM080_C4.png,data/train_distorted/distorted/FAMILY-80/CHILD/FM080_C4_local.png,FAMILY-80,CHILD,local,4208281,3.34,7.85,,,
data/split/train/FAMILY-80/CHILD/FM080_C4.png,data/train_distorted/distorted/FAMILY-80/CHILD/FM080_C4_bending.png,FAMILY-80,CHILD,bending,4208282,4.42,7.77,,,
data/split/train/FAMILY-80/CHILD/FM080_C5.png,data/train_distorted/distorted/FAMILY-80/CHILD/FM080_C5_elastic.png,FAMILY-80,CHILD,elastic,4208290,8.06,18.93,13.18,5.686,32
data/split/train/FAMILY-80/CHILD/FM080_C5.png,data/train_distorted/distorted/FAMILY-80/CHILD/FM080_C5_local.png,FAMILY-80,CHILD,local,4208291,4.75,11.03,,,
data/split/train/FAMILY-80/CHILD/FM080_C5.png,data/train_distorted/distorted/FAMILY-80/CHILD/FM080_C5_bending.png,FAMILY-80,CHILD,bending,4208292,4.21,7.44,,,
data/split/train/FAMILY-80/FATHER/FM080_F1.png,data/train_distorted/distorted/FAMILY-80/FATHER/FM080_F1_elastic.png,FAMILY-80,FATHER,elastic,4208300,6.24,16.81,11.801,7.31,32
data/split/train/FAMILY-80/FATHER/FM080_F1.png,data/train_distorted/distorted/FAMILY-80/FATHER/FM080_F1_local.png,FAMILY-80,FATHER,local,4208301,4.18,9.89,,,
data/split/train/FAMILY-80/FATHER/FM080_F1.png,data/train_distorted/distorted/FAMILY-80/FATHER/FM080_F1_bending.png,FAMILY-80,FATHER,bending,4208302,5.87,10.38,,,
data/split/train/FAMILY-80/FATHER/FM080_F2.png,data/train_distorted/distorted/FAMILY-80/FATHER/FM080_F2_elastic.png,FAMILY-80,FATHER,elastic,4208310,9.07,21.33,15.785,5.805,32
data/split/train/FAMILY-80/FATHER/FM080_F2.png,data/train_distorted/distorted/FAMILY-80/FATHER/FM080_F2_local.png,FAMILY-80,FATHER,local,4208311,4.64,9.42,,,
data/split/train/FAMILY-80/FATHER/FM080_F2.png,data/train_distorted/distorted/FAMILY-80/FATHER/FM080_F2_bending.png,FAMILY-80,FATHER,bending,4208312,6.48,11.55,,,
data/split/train/FAMILY-80/FATHER/FM080_F3.png,data/train_distorted/distorted/FAMILY-80/FATHER/FM080_F3_elastic.png,FAMILY-80,FATHER,elastic,4208320,7.26,14.83,12.194,5.663,32
data/split/train/FAMILY-80/FATHER/FM080_F3.png,data/train_distorted/distorted/FAMILY-80/FATHER/FM080_F3_local.png,FAMILY-80,FATHER,local,4208321,2.81,6.57,,,
data/split/train/FAMILY-80/FATHER/FM080_F3.png,data/train_distorted/distorted/FAMILY-80/FATHER/FM080_F3_bending.png,FAMILY-80,FATHER,bending,4208322,4.9,8.74,,,
data/split/train/FAMILY-80/FATHER/FM080_F4.png,data/train_distorted/distorted/FAMILY-80/FATHER/FM080_F4_elastic.png,FAMILY-80,FATHER,elastic,4208330,5.42,15.21,9.712,6.296,32
data/split/train/FAMILY-80/FATHER/FM080_F4.png,data/train_distorted/distorted/FAMILY-80/FATHER/FM080_F4_local.png,FAMILY-80,FATHER,local,4208331,3.51,8.94,,,
data/split/train/FAMILY-80/FATHER/FM080_F4.png,data/train_distorted/distorted/FAMILY-80/FATHER/FM080_F4_bending.png,FAMILY-80,FATHER,bending,4208332,4.51,7.68,,,
data/split/train/FAMILY-80/FATHER/FM080_F5.png,data/train_distorted/distorted/FAMILY-80/FATHER/FM080_F5_elastic.png,FAMILY-80,FATHER,elastic,4208340,5.88,15.62,10.94,6.503,32
data/split/train/FAMILY-80/FATHER/FM080_F5.png,data/train_distorted/distorted/FAMILY-80/FATHER/FM080_F5_local.png,FAMILY-80,FATHER,local,4208341,3.7,9.4,,,
data/split/train/FAMILY-80/FATHER/FM080_F5.png,data/train_distorted/distorted/FAMILY-80/FATHER/FM080_F5_bending.png,FAMILY-80,FATHER,bending,4208342,3.42,6.04,,,
data/split/train/FAMILY-80/MOTHER/FM080_M1.png,data/train_distorted/distorted/FAMILY-80/MOTHER/FM080_M1_elastic.png,FAMILY-80,MOTHER,elastic,4208350,4.23,10.03,8.49,7.403,32
data/split/train/FAMILY-80/MOTHER/FM080_M1.png,data/train_distorted/distorted/FAMILY-80/MOTHER/FM080_M1_local.png,FAMILY-80,MOTHER,local,4208351,5.62,11.14,,,
data/split/train/FAMILY-80/MOTHER/FM080_M1.png,data/train_distorted/distorted/FAMILY-80/MOTHER/FM080_M1_bending.png,FAMILY-80,MOTHER,bending,4208352,3.8,6.99,,,
data/split/train/FAMILY-80/MOTHER/FM080_M2.png,data/train_distorted/distorted/FAMILY-80/MOTHER/FM080_M2_elastic.png,FAMILY-80,MOTHER,elastic,4208360,6.01,15.19,11.169,7.395,32
data/split/train/FAMILY-80/MOTHER/FM080_M2.png,data/train_distorted/distorted/FAMILY-80/MOTHER/FM080_M2_local.png,FAMILY-80,MOTHER,local,4208361,3.64,8.23,,,
data/split/train/FAMILY-80/MOTHER/FM080_M2.png,data/train_distorted/distorted/FAMILY-80/MOTHER/FM080_M2_bending.png,FAMILY-80,MOTHER,bending,4208362,3.74,6.25,,,
data/split/train/FAMILY-80/MOTHER/FM080_M3.png,data/train_distorted/distorted/FAMILY-80/MOTHER/FM080_M3_elastic.png,FAMILY-80,MOTHER,elastic,4208370,7.41,17.85,12.519,5.323,32
data/split/train/FAMILY-80/MOTHER/FM080_M3.png,data/train_distorted/distorted/FAMILY-80/MOTHER/FM080_M3_local.png,FAMILY-80,MOTHER,local,4208371,4.11,8.57,,,
data/split/train/FAMILY-80/MOTHER/FM080_M3.png,data/train_distorted/distorted/FAMILY-80/MOTHER/FM080_M3_bending.png,FAMILY-80,MOTHER,bending,4208372,6.99,11.85,,,
data/split/train/FAMILY-80/MOTHER/FM080_M4.png,data/train_distorted/distorted/FAMILY-80/MOTHER/FM080_M4_elastic.png,FAMILY-80,MOTHER,elastic,4208380,4.65,10.08,8.397,7.863,32
data/split/train/FAMILY-80/MOTHER/FM080_M4.png,data/train_distorted/distorted/FAMILY-80/MOTHER/FM080_M4_local.png,FAMILY-80,MOTHER,local,4208381,3.77,8.36,,,
data/split/train/FAMILY-80/MOTHER/FM080_M4.png,data/train_distorted/distorted/FAMILY-80/MOTHER/FM080_M4_bending.png,FAMILY-80,MOTHER,bending,4208382,3.53,6.33,,,
data/split/train/FAMILY-80/MOTHER/FM080_M5.png,data/train_distorted/distorted/FAMILY-80/MOTHER/FM080_M5_elastic.png,FAMILY-80,MOTHER,elastic,4208390,6.34,15.71,10.875,6.687,32
data/split/train/FAMILY-80/MOTHER/FM080_M5.png,data/train_distorted/distorted/FAMILY-80/MOTHER/FM080_M5_local.png,FAMILY-80,MOTHER,local,4208391,2.65,6.2,,,
data/split/train/FAMILY-80/MOTHER/FM080_M5.png,data/train_distorted/distorted/FAMILY-80/MOTHER/FM080_M5_bending.png,FAMILY-80,MOTHER,bending,4208392,5.51,9.54,,,
data/split/train/FAMILY-81/CHILD/FM081_C1.png,data/train_distorted/distorted/FAMILY-81/CHILD/FM081_C1_elastic.png,FAMILY-81,CHILD,elastic,4208400,5.33,13.97,9.736,6.96,32
data/split/train/FAMILY-81/CHILD/FM081_C1.png,data/train_distorted/distorted/FAMILY-81/CHILD/FM081_C1_local.png,FAMILY-81,CHILD,local,4208401,4.13,10.41,,,
data/split/train/FAMILY-81/CHILD/FM081_C1.png,data/train_distorted/distorted/FAMILY-81/CHILD/FM081_C1_bending.png,FAMILY-81,CHILD,bending,4208402,6.68,12.06,,,
data/split/train/FAMILY-81/CHILD/FM081_C2.png,data/train_distorted/distorted/FAMILY-81/CHILD/FM081_C2_elastic.png,FAMILY-81,CHILD,elastic,4208410,7.1,15.57,12.76,6.691,32
data/split/train/FAMILY-81/CHILD/FM081_C2.png,data/train_distorted/distorted/FAMILY-81/CHILD/FM081_C2_local.png,FAMILY-81,CHILD,local,4208411,3.47,7.76,,,
data/split/train/FAMILY-81/CHILD/FM081_C2.png,data/train_distorted/distorted/FAMILY-81/CHILD/FM081_C2_bending.png,FAMILY-81,CHILD,bending,4208412,3.83,6.67,,,
data/split/train/FAMILY-81/CHILD/FM081_C3.png,data/train_distorted/distorted/FAMILY-81/CHILD/FM081_C3_elastic.png,FAMILY-81,CHILD,elastic,4208420,7.02,18.49,11.872,5.047,32
data/split/train/FAMILY-81/CHILD/FM081_C3.png,data/train_distorted/distorted/FAMILY-81/CHILD/FM081_C3_local.png,FAMILY-81,CHILD,local,4208421,4.43,8.54,,,
data/split/train/FAMILY-81/CHILD/FM081_C3.png,data/train_distorted/distorted/FAMILY-81/CHILD/FM081_C3_bending.png,FAMILY-81,CHILD,bending,4208422,6.26,10.43,,,
data/split/train/FAMILY-81/CHILD/FM081_C4.png,data/train_distorted/distorted/FAMILY-81/CHILD/FM081_C4_elastic.png,FAMILY-81,CHILD,elastic,4208430,8.18,19.73,14.369,5.422,32
data/split/train/FAMILY-81/CHILD/FM081_C4.png,data/train_distorted/distorted/FAMILY-81/CHILD/FM081_C4_local.png,FAMILY-81,CHILD,local,4208431,2.49,5.61,,,
data/split/train/FAMILY-81/CHILD/FM081_C4.png,data/train_distorted/distorted/FAMILY-81/CHILD/FM081_C4_bending.png,FAMILY-81,CHILD,bending,4208432,6.34,10.99,,,
data/split/train/FAMILY-81/CHILD/FM081_C5.png,data/train_distorted/distorted/FAMILY-81/CHILD/FM081_C5_elastic.png,FAMILY-81,CHILD,elastic,4208440,6.65,15.4,12.078,7.437,32
data/split/train/FAMILY-81/CHILD/FM081_C5.png,data/train_distorted/distorted/FAMILY-81/CHILD/FM081_C5_local.png,FAMILY-81,CHILD,local,4208441,2.47,5.78,,,
data/split/train/FAMILY-81/CHILD/FM081_C5.png,data/train_distorted/distorted/FAMILY-81/CHILD/FM081_C5_bending.png,FAMILY-81,CHILD,bending,4208442,5.93,9.93,,,
data/split/train/FAMILY-81/FATHER/FM081_F1.png,data/train_distorted/distorted/FAMILY-81/FATHER/FM081_F1_elastic.png,FAMILY-81,FATHER,elastic,4208450,4.86,11.92,8.264,5.347,32
data/split/train/FAMILY-81/FATHER/FM081_F1.png,data/train_distorted/distorted/FAMILY-81/FATHER/FM081_F1_local.png,FAMILY-81,FATHER,local,4208451,3.19,6.94,,,
data/split/train/FAMILY-81/FATHER/FM081_F1.png,data/train_distorted/distorted/FAMILY-81/FATHER/FM081_F1_bending.png,FAMILY-81,FATHER,bending,4208452,4.74,8.63,,,
data/split/train/FAMILY-81/FATHER/FM081_F2.png,data/train_distorted/distorted/FAMILY-81/FATHER/FM081_F2_elastic.png,FAMILY-81,FATHER,elastic,4208460,7.64,18.63,12.973,6.431,32
data/split/train/FAMILY-81/FATHER/FM081_F2.png,data/train_distorted/distorted/FAMILY-81/FATHER/FM081_F2_local.png,FAMILY-81,FATHER,local,4208461,3.6,8.0,,,
data/split/train/FAMILY-81/FATHER/FM081_F2.png,data/train_distorted/distorted/FAMILY-81/FATHER/FM081_F2_bending.png,FAMILY-81,FATHER,bending,4208462,3.71,6.4,,,
data/split/train/FAMILY-81/FATHER/FM081_F3.png,data/train_distorted/distorted/FAMILY-81/FATHER/FM081_F3_elastic.png,FAMILY-81,FATHER,elastic,4208470,5.98,14.88,10.331,5.885,32
data/split/train/FAMILY-81/FATHER/FM081_F3.png,data/train_distorted/distorted/FAMILY-81/FATHER/FM081_F3_local.png,FAMILY-81,FATHER,local,4208471,3.82,7.76,,,
data/split/train/FAMILY-81/FATHER/FM081_F3.png,data/train_distorted/distorted/FAMILY-81/FATHER/FM081_F3_bending.png,FAMILY-81,FATHER,bending,4208472,5.87,9.96,,,
data/split/train/FAMILY-81/FATHER/FM081_F4.png,data/train_distorted/distorted/FAMILY-81/FATHER/FM081_F4_elastic.png,FAMILY-81,FATHER,elastic,4208480,5.44,12.83,9.161,5.023,32
data/split/train/FAMILY-81/FATHER/FM081_F4.png,data/train_distorted/distorted/FAMILY-81/FATHER/FM081_F4_local.png,FAMILY-81,FATHER,local,4208481,3.98,10.56,,,
data/split/train/FAMILY-81/FATHER/FM081_F4.png,data/train_distorted/distorted/FAMILY-81/FATHER/FM081_F4_bending.png,FAMILY-81,FATHER,bending,4208482,6.76,11.51,,,
data/split/train/FAMILY-81/FATHER/FM081_F5.png,data/train_distorted/distorted/FAMILY-81/FATHER/FM081_F5_elastic.png,FAMILY-81,FATHER,elastic,4208490,5.37,12.62,9.158,6.031,32
data/split/train/FAMILY-81/FATHER/FM081_F5.png,data/train_distorted/distorted/FAMILY-81/FATHER/FM081_F5_local.png,FAMILY-81,FATHER,local,4208491,4.79,8.33,,,
data/split/train/FAMILY-81/FATHER/FM081_F5.png,data/train_distorted/distorted/FAMILY-81/FATHER/FM081_F5_bending.png,FAMILY-81,FATHER,bending,4208492,5.83,10.62,,,
data/split/train/FAMILY-81/MOTHER/FM081_M1.png,data/train_distorted/distorted/FAMILY-81/MOTHER/FM081_M1_elastic.png,FAMILY-81,MOTHER,elastic,4208500,7.15,18.15,12.538,6.431,32
data/split/train/FAMILY-81/MOTHER/FM081_M1.png,data/train_distorted/distorted/FAMILY-81/MOTHER/FM081_M1_local.png,FAMILY-81,MOTHER,local,4208501,3.38,8.58,,,
data/split/train/FAMILY-81/MOTHER/FM081_M1.png,data/train_distorted/distorted/FAMILY-81/MOTHER/FM081_M1_bending.png,FAMILY-81,MOTHER,bending,4208502,5.32,9.69,,,
data/split/train/FAMILY-81/MOTHER/FM081_M2.png,data/train_distorted/distorted/FAMILY-81/MOTHER/FM081_M2_elastic.png,FAMILY-81,MOTHER,elastic,4208510,7.72,18.63,13.341,6.411,32
data/split/train/FAMILY-81/MOTHER/FM081_M2.png,data/train_distorted/distorted/FAMILY-81/MOTHER/FM081_M2_local.png,FAMILY-81,MOTHER,local,4208511,3.6,9.35,,,
data/split/train/FAMILY-81/MOTHER/FM081_M2.png,data/train_distorted/distorted/FAMILY-81/MOTHER/FM081_M2_bending.png,FAMILY-81,MOTHER,bending,4208512,3.69,6.26,,,
data/split/train/FAMILY-81/MOTHER/FM081_M3.png,data/train_distorted/distorted/FAMILY-81/MOTHER/FM081_M3_elastic.png,FAMILY-81,MOTHER,elastic,4208520,8.39,18.8,13.854,5.493,32
data/split/train/FAMILY-81/MOTHER/FM081_M3.png,data/train_distorted/distorted/FAMILY-81/MOTHER/FM081_M3_local.png,FAMILY-81,MOTHER,local,4208521,4.59,10.44,,,
data/split/train/FAMILY-81/MOTHER/FM081_M3.png,data/train_distorted/distorted/FAMILY-81/MOTHER/FM081_M3_bending.png,FAMILY-81,MOTHER,bending,4208522,5.55,9.8,,,
data/split/train/FAMILY-81/MOTHER/FM081_M4.png,data/train_distorted/distorted/FAMILY-81/MOTHER/FM081_M4_elastic.png,FAMILY-81,MOTHER,elastic,4208530,5.61,14.02,9.945,7.105,32
data/split/train/FAMILY-81/MOTHER/FM081_M4.png,data/train_distorted/distorted/FAMILY-81/MOTHER/FM081_M4_local.png,FAMILY-81,MOTHER,local,4208531,2.31,5.95,,,
data/split/train/FAMILY-81/MOTHER/FM081_M4.png,data/train_distorted/distorted/FAMILY-81/MOTHER/FM081_M4_bending.png,FAMILY-81,MOTHER,bending,4208532,3.55,6.12,,,
data/split/train/FAMILY-81/MOTHER/FM081_M5.png,data/train_distorted/distorted/FAMILY-81/MOTHER/FM081_M5_elastic.png,FAMILY-81,MOTHER,elastic,4208540,8.3,19.9,14.736,5.192,32
data/split/train/FAMILY-81/MOTHER/FM081_M5.png,data/train_distorted/distorted/FAMILY-81/MOTHER/FM081_M5_local.png,FAMILY-81,MOTHER,local,4208541,3.15,6.88,,,
data/split/train/FAMILY-81/MOTHER/FM081_M5.png,data/train_distorted/distorted/FAMILY-81/MOTHER/FM081_M5_bending.png,FAMILY-81,MOTHER,bending,4208542,4.08,7.22,,,
data/split/train/FAMILY-82/CHILD/FM082_C1.png,data/train_distorted/distorted/FAMILY-82/CHILD/FM082_C1_elastic.png,FAMILY-82,CHILD,elastic,4208550,8.03,20.38,13.681,5.392,32
data/split/train/FAMILY-82/CHILD/FM082_C1.png,data/train_distorted/distorted/FAMILY-82/CHILD/FM082_C1_local.png,FAMILY-82,CHILD,local,4208551,3.59,9.44,,,
data/split/train/FAMILY-82/CHILD/FM082_C1.png,data/train_distorted/distorted/FAMILY-82/CHILD/FM082_C1_bending.png,FAMILY-82,CHILD,bending,4208552,5.71,10.56,,,
data/split/train/FAMILY-82/CHILD/FM082_C2.png,data/train_distorted/distorted/FAMILY-82/CHILD/FM082_C2_elastic.png,FAMILY-82,CHILD,elastic,4208560,7.91,19.85,13.39,6.114,32
data/split/train/FAMILY-82/CHILD/FM082_C2.png,data/train_distorted/distorted/FAMILY-82/CHILD/FM082_C2_local.png,FAMILY-82,CHILD,local,4208561,3.68,7.47,,,
data/split/train/FAMILY-82/CHILD/FM082_C2.png,data/train_distorted/distorted/FAMILY-82/CHILD/FM082_C2_bending.png,FAMILY-82,CHILD,bending,4208562,5.87,10.24,,,
data/split/train/FAMILY-82/CHILD/FM082_C3.png,data/train_distorted/distorted/FAMILY-82/CHILD/FM082_C3_elastic.png,FAMILY-82,CHILD,elastic,4208570,7.46,17.33,12.223,5.337,32
data/split/train/FAMILY-82/CHILD/FM082_C3.png,data/train_distorted/distorted/FAMILY-82/CHILD/FM082_C3_local.png,FAMILY-82,CHILD,local,4208571,3.85,7.27,,,
data/split/train/FAMILY-82/CHILD/FM082_C3.png,data/train_distorted/distorted/FAMILY-82/CHILD/FM082_C3_bending.png,FAMILY-82,CHILD,bending,4208572,3.91,7.16,,,
data/split/train/FAMILY-82/CHILD/FM082_C4.png,data/train_distorted/distorted/FAMILY-82/CHILD/FM082_C4_elastic.png,FAMILY-82,CHILD,elastic,4208580,5.33,13.41,9.23,5.074,32
data/split/train/FAMILY-82/CHILD/FM082_C4.png,data/train_distorted/distorted/FAMILY-82/CHILD/FM082_C4_local.png,FAMILY-82,CHILD,local,4208581,3.25,7.18,,,
data/split/train/FAMILY-82/CHILD/FM082_C4.png,data/train_distorted/distorted/FAMILY-82/CHILD/FM082_C4_bending.png,FAMILY-82,CHILD,bending,4208582,6.85,12.29,,,
data/split/train/FAMILY-82/CHILD/FM082_C5.png,data/train_distorted/distorted/FAMILY-82/CHILD/FM082_C5_elastic.png,FAMILY-82,CHILD,elastic,4208590,6.45,16.83,12.563,7.169,32
data/split/train/FAMILY-82/CHILD/FM082_C5.png,data/train_distorted/distorted/FAMILY-82/CHILD/FM082_C5_local.png,FAMILY-82,CHILD,local,4208591,3.18,8.43,,,
data/split/train/FAMILY-82/CHILD/FM082_C5.png,data/train_distorted/distorted/FAMILY-82/CHILD/FM082_C5_bending.png,FAMILY-82,CHILD,bending,4208592,4.38,8.08,,,
data/split/train/FAMILY-82/FATHER/FM082_F1.png,data/train_distorted/distorted/FAMILY-82/FATHER/FM082_F1_elastic.png,FAMILY-82,FATHER,elastic,4208600,7.24,19.63,14.771,7.563,32
data/split/train/FAMILY-82/FATHER/FM082_F1.png,data/train_distorted/distorted/FAMILY-82/FATHER/FM082_F1_local.png,FAMILY-82,FATHER,local,4208601,2.84,5.45,,,
data/split/train/FAMILY-82/FATHER/FM082_F1.png,data/train_distorted/distorted/FAMILY-82/FATHER/FM082_F1_bending.png,FAMILY-82,FATHER,bending,4208602,6.13,11.32,,,
data/split/train/FAMILY-82/FATHER/FM082_F2.png,data/train_distorted/distorted/FAMILY-82/FATHER/FM082_F2_elastic.png,FAMILY-82,FATHER,elastic,4208610,8.62,21.88,15.751,6.568,32
data/split/train/FAMILY-82/FATHER/FM082_F2.png,data/train_distorted/distorted/FAMILY-82/FATHER/FM082_F2_local.png,FAMILY-82,FATHER,local,4208611,3.22,6.9,,,
data/split/train/FAMILY-82/FATHER/FM082_F2.png,data/train_distorted/distorted/FAMILY-82/FATHER/FM082_F2_bending.png,FAMILY-82,FATHER,bending,4208612,5.01,9.17,,,
data/split/train/FAMILY-82/FATHER/FM082_F3.png,data/train_distorted/distorted/FAMILY-82/FATHER/FM082_F3_elastic.png,FAMILY-82,FATHER,elastic,4208620,9.35,22.12,15.897,5.209,32
data/split/train/FAMILY-82/FATHER/FM082_F3.png,data/train_distorted/distorted/FAMILY-82/FATHER/FM082_F3_local.png,FAMILY-82,FATHER,local,4208621,2.31,5.11,,,
data/split/train/FAMILY-82/FATHER/FM082_F3.png,data/train_distorted/distorted/FAMILY-82/FATHER/FM082_F3_bending.png,FAMILY-82,FATHER,bending,4208622,3.6,6.05,,,
data/split/train/FAMILY-82/FATHER/FM082_F4.png,data/train_distorted/distorted/FAMILY-82/FATHER/FM082_F4_elastic.png,FAMILY-82,FATHER,elastic,4208630,6.03,14.64,10.888,6.972,32
data/split/train/FAMILY-82/FATHER/FM082_F4.png,data/train_distorted/distorted/FAMILY-82/FATHER/FM082_F4_local.png,FAMILY-82,FATHER,local,4208631,2.43,6.14,,,
data/split/train/FAMILY-82/FATHER/FM082_F4.png,data/train_distorted/distorted/FAMILY-82/FATHER/FM082_F4_bending.png,FAMILY-82,FATHER,bending,4208632,4.76,7.97,,,
data/split/train/FAMILY-82/FATHER/FM082_F5.png,data/train_distorted/distorted/FAMILY-82/FATHER/FM082_F5_elastic.png,FAMILY-82,FATHER,elastic,4208640,4.34,10.22,8.281,7.3,32
data/split/train/FAMILY-82/FATHER/FM082_F5.png,data/train_distorted/distorted/FAMILY-82/FATHER/FM082_F5_local.png,FAMILY-82,FATHER,local,4208641,3.01,7.9,,,
data/split/train/FAMILY-82/FATHER/FM082_F5.png,data/train_distorted/distorted/FAMILY-82/FATHER/FM082_F5_bending.png,FAMILY-82,FATHER,bending,4208642,6.8,11.79,,,
data/split/train/FAMILY-82/MOTHER/FM082_M1.png,data/train_distorted/distorted/FAMILY-82/MOTHER/FM082_M1_elastic.png,FAMILY-82,MOTHER,elastic,4208650,8.06,17.33,14.97,5.966,32
data/split/train/FAMILY-82/MOTHER/FM082_M1.png,data/train_distorted/distorted/FAMILY-82/MOTHER/FM082_M1_local.png,FAMILY-82,MOTHER,local,4208651,5.03,10.54,,,
data/split/train/FAMILY-82/MOTHER/FM082_M1.png,data/train_distorted/distorted/FAMILY-82/MOTHER/FM082_M1_bending.png,FAMILY-82,MOTHER,bending,4208652,5.41,9.3,,,
data/split/train/FAMILY-82/MOTHER/FM082_M2.png,data/train_distorted/distorted/FAMILY-82/MOTHER/FM082_M2_elastic.png,FAMILY-82,MOTHER,elastic,4208660,6.89,16.85,11.904,6.732,32
data/split/train/FAMILY-82/MOTHER/FM082_M2.png,data/train_distorted/distorted/FAMILY-82/MOTHER/FM082_M2_local.png,FAMILY-82,MOTHER,local,4208661,3.3,8.02,,,
data/split/train/FAMILY-82/MOTHER/FM082_M2.png,data/train_distorted/distorted/FAMILY-82/MOTHER/FM082_M2_bending.png,FAMILY-82,MOTHER,bending,4208662,5.81,10.21,,,
data/split/train/FAMILY-82/MOTHER/FM082_M3.png,data/train_distorted/distorted/FAMILY-82/MOTHER/FM082_M3_elastic.png,FAMILY-82,MOTHER,elastic,4208670,8.0,19.97,12.38,5.093,32
data/split/train/FAMILY-82/MOTHER/FM082_M3.png,data/train_distorted/distorted/FAMILY-82/MOTHER/FM082_M3_local.png,FAMILY-82,MOTHER,local,4208671,3.89,9.6,,,
data/split/train/FAMILY-82/MOTHER/FM082_M3.png,data/train_distorted/distorted/FAMILY-82/MOTHER/FM082_M3_bending.png,FAMILY-82,MOTHER,bending,4208672,5.49,9.35,,,
data/split/train/FAMILY-82/MOTHER/FM082_M4.png,data/train_distorted/distorted/FAMILY-82/MOTHER/FM082_M4_elastic.png,FAMILY-82,MOTHER,elastic,4208680,5.4,14.92,9.209,5.094,32
data/split/train/FAMILY-82/MOTHER/FM082_M4.png,data/train_distorted/distorted/FAMILY-82/MOTHER/FM082_M4_local.png,FAMILY-82,MOTHER,local,4208681,3.92,8.85,,,
data/split/train/FAMILY-82/MOTHER/FM082_M4.png,data/train_distorted/distorted/FAMILY-82/MOTHER/FM082_M4_bending.png,FAMILY-82,MOTHER,bending,4208682,5.26,8.99,,,
data/split/train/FAMILY-82/MOTHER/FM082_M5.png,data/train_distorted/distorted/FAMILY-82/MOTHER/FM082_M5_elastic.png,FAMILY-82,MOTHER,elastic,4208690,4.82,12.92,8.548,6.865,32
data/split/train/FAMILY-82/MOTHER/FM082_M5.png,data/train_distorted/distorted/FAMILY-82/MOTHER/FM082_M5_local.png,FAMILY-82,MOTHER,local,4208691,2.88,6.83,,,
data/split/train/FAMILY-82/MOTHER/FM082_M5.png,data/train_distorted/distorted/FAMILY-82/MOTHER/FM082_M5_bending.png,FAMILY-82,MOTHER,bending,4208692,6.16,10.71,,,
data/split/train/FAMILY-84/CHILD/FM084_C1.png,data/train_distorted/distorted/FAMILY-84/CHILD/FM084_C1_elastic.png,FAMILY-84,CHILD,elastic,4208700,4.77,9.81,9.09,5.606,32
data/split/train/FAMILY-84/CHILD/FM084_C1.png,data/train_distorted/distorted/FAMILY-84/CHILD/FM084_C1_local.png,FAMILY-84,CHILD,local,4208701,4.98,10.39,,,
data/split/train/FAMILY-84/CHILD/FM084_C1.png,data/train_distorted/distorted/FAMILY-84/CHILD/FM084_C1_bending.png,FAMILY-84,CHILD,bending,4208702,6.88,11.46,,,
data/split/train/FAMILY-84/CHILD/FM084_C2.png,data/train_distorted/distorted/FAMILY-84/CHILD/FM084_C2_elastic.png,FAMILY-84,CHILD,elastic,4208710,5.69,16.59,10.591,6.561,32
data/split/train/FAMILY-84/CHILD/FM084_C2.png,data/train_distorted/distorted/FAMILY-84/CHILD/FM084_C2_local.png,FAMILY-84,CHILD,local,4208711,2.45,6.85,,,
data/split/train/FAMILY-84/CHILD/FM084_C2.png,data/train_distorted/distorted/FAMILY-84/CHILD/FM084_C2_bending.png,FAMILY-84,CHILD,bending,4208712,6.17,10.67,,,
data/split/train/FAMILY-84/CHILD/FM084_C3.png,data/train_distorted/distorted/FAMILY-84/CHILD/FM084_C3_elastic.png,FAMILY-84,CHILD,elastic,4208720,8.16,20.6,14.858,7.068,32
data/split/train/FAMILY-84/CHILD/FM084_C3.png,data/train_distorted/distorted/FAMILY-84/CHILD/FM084_C3_local.png,FAMILY-84,CHILD,local,4208721,4.85,9.74,,,
data/split/train/FAMILY-84/CHILD/FM084_C3.png,data/train_distorted/distorted/FAMILY-84/CHILD/FM084_C3_bending.png,FAMILY-84,CHILD,bending,4208722,5.89,9.86,,,
data/split/train/FAMILY-84/CHILD/FM084_C4.png,data/train_distorted/distorted/FAMILY-84/CHILD/FM084_C4_elastic.png,FAMILY-84,CHILD,elastic,4208730,7.46,19.09,13.011,6.302,32
data/split/train/FAMILY-84/CHILD/FM084_C4.png,data/train_distorted/distorted/FAMILY-84/CHILD/FM084_C4_local.png,FAMILY-84,CHILD,local,4208731,2.08,5.05,,,
data/split/train/FAMILY-84/CHILD/FM084_C4.png,data/train_distorted/distorted/FAMILY-84/CHILD/FM084_C4_bending.png,FAMILY-84,CHILD,bending,4208732,4.01,6.91,,,
data/split/train/FAMILY-84/CHILD/FM084_C5.png,data/train_distorted/distorted/FAMILY-84/CHILD/FM084_C5_elastic.png,FAMILY-84,CHILD,elastic,4208740,8.2,22.0,13.477,5.572,32
data/split/train/FAMILY-84/CHILD/FM084_C5.png,data/train_distorted/distorted/FAMILY-84/CHILD/FM084_C5_local.png,FAMILY-84,CHILD,local,4208741,3.58,7.75,,,
data/split/train/FAMILY-84/CHILD/FM084_C5.png,data/train_distorted/distorted/FAMILY-84/CHILD/FM084_C5_bending.png,FAMILY-84,CHILD,bending,4208742,5.82,10.59,,,
data/split/train/FAMILY-84/FATHER/FM084_F1.png,data/train_distorted/distorted/FAMILY-84/FATHER/FM084_F1_elastic.png,FAMILY-84,FATHER,elastic,4208750,8.99,19.47,15.248,5.001,32
data/split/train/FAMILY-84/FATHER/FM084_F1.png,data/train_distorted/distorted/FAMILY-84/FATHER/FM084_F1_local.png,FAMILY-84,FATHER,local,4208751,5.09,11.44,,,
data/split/train/FAMILY-84/FATHER/FM084_F1.png,data/train_distorted/distorted/FAMILY-84/FATHER/FM084_F1_bending.png,FAMILY-84,FATHER,bending,4208752,4.85,8.31,,,
data/split/train/FAMILY-84/FATHER/FM084_F2.png,data/train_distorted/distorted/FAMILY-84/FATHER/FM084_F2_elastic.png,FAMILY-84,FATHER,elastic,4208760,7.47,18.11,13.403,7.297,32
data/split/train/FAMILY-84/FATHER/FM084_F2.png,data/train_distorted/distorted/FAMILY-84/FATHER/FM084_F2_local.png,FAMILY-84,FATHER,local,4208761,3.76,10.0,,,
data/split/train/FAMILY-84/FATHER/FM084_F2.png,data/train_distorted/distorted/FAMILY-84/FATHER/FM084_F2_bending.png,FAMILY-84,FATHER,bending,4208762,3.8,6.32,,,
data/split/train/FAMILY-84/FATHER/FM084_F3.png,data/train_distorted/distorted/FAMILY-84/FATHER/FM084_F3_elastic.png,FAMILY-84,FATHER,elastic,4208770,8.58,20.71,15.298,7.288,32
data/split/train/FAMILY-84/FATHER/FM084_F3.png,data/train_distorted/distorted/FAMILY-84/FATHER/FM084_F3_local.png,FAMILY-84,FATHER,local,4208771,3.35,8.29,,,
data/split/train/FAMILY-84/FATHER/FM084_F3.png,data/train_distorted/distorted/FAMILY-84/FATHER/FM084_F3_bending.png,FAMILY-84,FATHER,bending,4208772,5.93,10.71,,,
data/split/train/FAMILY-84/FATHER/FM084_F4.png,data/train_distorted/distorted/FAMILY-84/FATHER/FM084_F4_elastic.png,FAMILY-84,FATHER,elastic,4208780,7.97,17.63,13.859,6.761,32
data/split/train/FAMILY-84/FATHER/FM084_F4.png,data/train_distorted/distorted/FAMILY-84/FATHER/FM084_F4_local.png,FAMILY-84,FATHER,local,4208781,3.45,7.44,,,
data/split/train/FAMILY-84/FATHER/FM084_F4.png,data/train_distorted/distorted/FAMILY-84/FATHER/FM084_F4_bending.png,FAMILY-84,FATHER,bending,4208782,6.79,12.35,,,
data/split/train/FAMILY-84/FATHER/FM084_F5.png,data/train_distorted/distorted/FAMILY-84/FATHER/FM084_F5_elastic.png,FAMILY-84,FATHER,elastic,4208790,6.75,16.38,11.73,5.073,32
data/split/train/FAMILY-84/FATHER/FM084_F5.png,data/train_distorted/distorted/FAMILY-84/FATHER/FM084_F5_local.png,FAMILY-84,FATHER,local,4208791,4.41,10.63,,,
data/split/train/FAMILY-84/FATHER/FM084_F5.png,data/train_distorted/distorted/FAMILY-84/FATHER/FM084_F5_bending.png,FAMILY-84,FATHER,bending,4208792,6.02,11.11,,,
data/split/train/FAMILY-84/MOTHER/FM084_M1.png,data/train_distorted/distorted/FAMILY-84/MOTHER/FM084_M1_elastic.png,FAMILY-84,MOTHER,elastic,4208800,6.33,15.71,10.996,7.683,32
data/split/train/FAMILY-84/MOTHER/FM084_M1.png,data/train_distorted/distorted/FAMILY-84/MOTHER/FM084_M1_local.png,FAMILY-84,MOTHER,local,4208801,2.74,5.13,,,
data/split/train/FAMILY-84/MOTHER/FM084_M1.png,data/train_distorted/distorted/FAMILY-84/MOTHER/FM084_M1_bending.png,FAMILY-84,MOTHER,bending,4208802,7.03,11.87,,,
data/split/train/FAMILY-84/MOTHER/FM084_M2.png,data/train_distorted/distorted/FAMILY-84/MOTHER/FM084_M2_elastic.png,FAMILY-84,MOTHER,elastic,4208810,5.43,14.53,10.187,7.113,32
data/split/train/FAMILY-84/MOTHER/FM084_M2.png,data/train_distorted/distorted/FAMILY-84/MOTHER/FM084_M2_local.png,FAMILY-84,MOTHER,local,4208811,3.04,7.63,,,
data/split/train/FAMILY-84/MOTHER/FM084_M2.png,data/train_distorted/distorted/FAMILY-84/MOTHER/FM084_M2_bending.png,FAMILY-84,MOTHER,bending,4208812,6.17,10.56,,,
data/split/train/FAMILY-84/MOTHER/FM084_M3.png,data/train_distorted/distorted/FAMILY-84/MOTHER/FM084_M3_elastic.png,FAMILY-84,MOTHER,elastic,4208820,7.05,19.24,12.637,5.912,32
data/split/train/FAMILY-84/MOTHER/FM084_M3.png,data/train_distorted/distorted/FAMILY-84/MOTHER/FM084_M3_local.png,FAMILY-84,MOTHER,local,4208821,4.5,8.33,,,
data/split/train/FAMILY-84/MOTHER/FM084_M3.png,data/train_distorted/distorted/FAMILY-84/MOTHER/FM084_M3_bending.png,FAMILY-84,MOTHER,bending,4208822,4.81,8.15,,,
data/split/train/FAMILY-84/MOTHER/FM084_M4.png,data/train_distorted/distorted/FAMILY-84/MOTHER/FM084_M4_elastic.png,FAMILY-84,MOTHER,elastic,4208830,5.95,14.32,10.675,6.031,32
data/split/train/FAMILY-84/MOTHER/FM084_M4.png,data/train_distorted/distorted/FAMILY-84/MOTHER/FM084_M4_local.png,FAMILY-84,MOTHER,local,4208831,4.17,11.34,,,
data/split/train/FAMILY-84/MOTHER/FM084_M4.png,data/train_distorted/distorted/FAMILY-84/MOTHER/FM084_M4_bending.png,FAMILY-84,MOTHER,bending,4208832,4.97,8.75,,,
data/split/train/FAMILY-84/MOTHER/FM084_M5.png,data/train_distorted/distorted/FAMILY-84/MOTHER/FM084_M5_elastic.png,FAMILY-84,MOTHER,elastic,4208840,7.99,19.74,14.818,7.866,32
data/split/train/FAMILY-84/MOTHER/FM084_M5.png,data/train_distorted/distorted/FAMILY-84/MOTHER/FM084_M5_local.png,FAMILY-84,MOTHER,local,4208841,4.0,9.38,,,
data/split/train/FAMILY-84/MOTHER/FM084_M5.png,data/train_distorted/distorted/FAMILY-84/MOTHER/FM084_M5_bending.png,FAMILY-84,MOTHER,bending,4208842,5.43,9.89,,,
data/split/train/FAMILY-85/CHILD/FM085_C1.png,data/train_distorted/distorted/FAMILY-85/CHILD/FM085_C1_elastic.png,FAMILY-85,CHILD,elastic,4208850,5.32,12.9,9.103,6.724,32
data/split/train/FAMILY-85/CHILD/FM085_C1.png,data/train_distorted/distorted/FAMILY-85/CHILD/FM085_C1_local.png,FAMILY-85,CHILD,local,4208851,3.28,7.44,,,
data/split/train/FAMILY-85/CHILD/FM085_C1.png,data/train_distorted/distorted/FAMILY-85/CHILD/FM085_C1_bending.png,FAMILY-85,CHILD,bending,4208852,3.58,6.39,,,
data/split/train/FAMILY-85/CHILD/FM085_C2.png,data/train_distorted/distorted/FAMILY-85/CHILD/FM085_C2_elastic.png,FAMILY-85,CHILD,elastic,4208860,6.67,17.25,12.999,7.524,32
data/split/train/FAMILY-85/CHILD/FM085_C2.png,data/train_distorted/distorted/FAMILY-85/CHILD/FM085_C2_local.png,FAMILY-85,CHILD,local,4208861,4.14,8.26,,,
data/split/train/FAMILY-85/CHILD/FM085_C2.png,data/train_distorted/distorted/FAMILY-85/CHILD/FM085_C2_bending.png,FAMILY-85,CHILD,bending,4208862,5.84,10.73,,,
data/split/train/FAMILY-85/CHILD/FM085_C3.png,data/train_distorted/distorted/FAMILY-85/CHILD/FM085_C3_elastic.png,FAMILY-85,CHILD,elastic,4208870,7.29,17.73,13.546,5.056,32
data/split/train/FAMILY-85/CHILD/FM085_C3.png,data/train_distorted/distorted/FAMILY-85/CHILD/FM085_C3_local.png,FAMILY-85,CHILD,local,4208871,4.77,11.08,,,
data/split/train/FAMILY-85/CHILD/FM085_C3.png,data/train_distorted/distorted/FAMILY-85/CHILD/FM085_C3_bending.png,FAMILY-85,CHILD,bending,4208872,3.76,6.53,,,
data/split/train/FAMILY-85/CHILD/FM085_C4.png,data/train_distorted/distorted/FAMILY-85/CHILD/FM085_C4_elastic.png,FAMILY-85,CHILD,elastic,4208880,8.88,22.88,15.802,6.215,32
data/split/train/FAMILY-85/CHILD/FM085_C4.png,data/train_distorted/distorted/FAMILY-85/CHILD/FM085_C4_local.png,FAMILY-85,CHILD,local,4208881,5.54,10.15,,,
data/split/train/FAMILY-85/CHILD/FM085_C4.png,data/train_distorted/distorted/FAMILY-85/CHILD/FM085_C4_bending.png,FAMILY-85,CHILD,bending,4208882,4.39,7.92,,,
data/split/train/FAMILY-85/CHILD/FM085_C5.png,data/train_distorted/distorted/FAMILY-85/CHILD/FM085_C5_elastic.png,FAMILY-85,CHILD,elastic,4208890,8.72,22.84,15.768,6.922,32
data/split/train/FAMILY-85/CHILD/FM085_C5.png,data/train_distorted/distorted/FAMILY-85/CHILD/FM085_C5_local.png,FAMILY-85,CHILD,local,4208891,4.24,8.63,,,
data/split/train/FAMILY-85/CHILD/FM085_C5.png,data/train_distorted/distorted/FAMILY-85/CHILD/FM085_C5_bending.png,FAMILY-85,CHILD,bending,4208892,5.2,9.59,,,
data/split/train/FAMILY-85/FATHER/FM085_F1.png,data/train_distorted/distorted/FAMILY-85/FATHER/FM085_F1_elastic.png,FAMILY-85,FATHER,elastic,4208900,6.92,16.25,10.947,6.726,32
data/split/train/FAMILY-85/FATHER/FM085_F1.png,data/train_distorted/distorted/FAMILY-85/FATHER/FM085_F1_local.png,FAMILY-85,FATHER,local,4208901,4.69,10.68,,,
data/split/train/FAMILY-85/FATHER/FM085_F1.png,data/train_distorted/distorted/FAMILY-85/FATHER/FM085_F1_bending.png,FAMILY-85,FATHER,bending,4208902,5.3,9.43,,,
data/split/train/FAMILY-85/FATHER/FM085_F2.png,data/train_distorted/distorted/FAMILY-85/FATHER/FM085_F2_elastic.png,FAMILY-85,FATHER,elastic,4208910,7.15,17.21,12.586,5.5,32
data/split/train/FAMILY-85/FATHER/FM085_F2.png,data/train_distorted/distorted/FAMILY-85/FATHER/FM085_F2_local.png,FAMILY-85,FATHER,local,4208911,4.91,11.44,,,
data/split/train/FAMILY-85/FATHER/FM085_F2.png,data/train_distorted/distorted/FAMILY-85/FATHER/FM085_F2_bending.png,FAMILY-85,FATHER,bending,4208912,3.66,6.36,,,
data/split/train/FAMILY-85/FATHER/FM085_F3.png,data/train_distorted/distorted/FAMILY-85/FATHER/FM085_F3_elastic.png,FAMILY-85,FATHER,elastic,4208920,9.59,21.35,14.601,5.345,32
data/split/train/FAMILY-85/FATHER/FM085_F3.png,data/train_distorted/distorted/FAMILY-85/FATHER/FM085_F3_local.png,FAMILY-85,FATHER,local,4208921,3.82,8.66,,,
data/split/train/FAMILY-85/FATHER/FM085_F3.png,data/train_distorted/distorted/FAMILY-85/FATHER/FM085_F3_bending.png,FAMILY-85,FATHER,bending,4208922,6.35,11.65,,,
data/split/train/FAMILY-85/FATHER/FM085_F4.png,data/train_distorted/distorted/FAMILY-85/FATHER/FM085_F4_elastic.png,FAMILY-85,FATHER,elastic,4208930,5.01,13.09,9.002,6.703,32
data/split/train/FAMILY-85/FATHER/FM085_F4.png,data/train_distorted/distorted/FAMILY-85/FATHER/FM085_F4_local.png,FAMILY-85,FATHER,local,4208931,2.23,4.72,,,
data/split/train/FAMILY-85/FATHER/FM085_F4.png,data/train_distorted/distorted/FAMILY-85/FATHER/FM085_F4_bending.png,FAMILY-85,FATHER,bending,4208932,6.16,11.19,,,
data/split/train/FAMILY-85/FATHER/FM085_F5.png,data/train_distorted/distorted/FAMILY-85/FATHER/FM085_F5_elastic.png,FAMILY-85,FATHER,elastic,4208940,5.85,14.17,10.651,6.491,32
data/split/train/FAMILY-85/FATHER/FM085_F5.png,data/train_distorted/distorted/FAMILY-85/FATHER/FM085_F5_local.png,FAMILY-85,FATHER,local,4208941,2.82,5.65,,,
data/split/train/FAMILY-85/FATHER/FM085_F5.png,data/train_distorted/distorted/FAMILY-85/FATHER/FM085_F5_bending.png,FAMILY-85,FATHER,bending,4208942,4.51,8.0,,,
data/split/train/FAMILY-85/MOTHER/FM085_M1.png,data/train_distorted/distorted/FAMILY-85/MOTHER/FM085_M1_elastic.png,FAMILY-85,MOTHER,elastic,4208950,9.49,19.83,15.538,6.002,32
data/split/train/FAMILY-85/MOTHER/FM085_M1.png,data/train_distorted/distorted/FAMILY-85/MOTHER/FM085_M1_local.png,FAMILY-85,MOTHER,local,4208951,4.37,8.77,,,
data/split/train/FAMILY-85/MOTHER/FM085_M1.png,data/train_distorted/distorted/FAMILY-85/MOTHER/FM085_M1_bending.png,FAMILY-85,MOTHER,bending,4208952,6.28,11.1,,,
data/split/train/FAMILY-85/MOTHER/FM085_M2.png,data/train_distorted/distorted/FAMILY-85/MOTHER/FM085_M2_elastic.png,FAMILY-85,MOTHER,elastic,4208960,5.36,17.09,10.166,7.754,32
data/split/train/FAMILY-85/MOTHER/FM085_M2.png,data/train_distorted/distorted/FAMILY-85/MOTHER/FM085_M2_local.png,FAMILY-85,MOTHER,local,4208961,4.53,9.98,,,
data/split/train/FAMILY-85/MOTHER/FM085_M2.png,data/train_distorted/distorted/FAMILY-85/MOTHER/FM085_M2_bending.png,FAMILY-85,MOTHER,bending,4208962,4.14,7.22,,,
data/split/train/FAMILY-85/MOTHER/FM085_M3.png,data/train_distorted/distorted/FAMILY-85/MOTHER/FM085_M3_elastic.png,FAMILY-85,MOTHER,elastic,4208970,7.53,15.51,13.553,6.987,32
data/split/train/FAMILY-85/MOTHER/FM085_M3.png,data/train_distorted/distorted/FAMILY-85/MOTHER/FM085_M3_local.png,FAMILY-85,MOTHER,local,4208971,3.76,8.73,,,
data/split/train/FAMILY-85/MOTHER/FM085_M3.png,data/train_distorted/distorted/FAMILY-85/MOTHER/FM085_M3_bending.png,FAMILY-85,MOTHER,bending,4208972,4.81,8.53,,,
data/split/train/FAMILY-85/MOTHER/FM085_M4.png,data/train_distorted/distorted/FAMILY-85/MOTHER/FM085_M4_elastic.png,FAMILY-85,MOTHER,elastic,4208980,8.85,21.26,15.864,5.508,32
data/split/train/FAMILY-85/MOTHER/FM085_M4.png,data/train_distorted/distorted/FAMILY-85/MOTHER/FM085_M4_local.png,FAMILY-85,MOTHER,local,4208981,4.08,8.62,,,
data/split/train/FAMILY-85/MOTHER/FM085_M4.png,data/train_distorted/distorted/FAMILY-85/MOTHER/FM085_M4_bending.png,FAMILY-85,MOTHER,bending,4208982,5.17,9.2,,,
data/split/train/FAMILY-85/MOTHER/FM085_M5.png,data/train_distorted/distorted/FAMILY-85/MOTHER/FM085_M5_elastic.png,FAMILY-85,MOTHER,elastic,4208990,8.3,20.84,15.202,7.168,32
data/split/train/FAMILY-85/MOTHER/FM085_M5.png,data/train_distorted/distorted/FAMILY-85/MOTHER/FM085_M5_local.png,FAMILY-85,MOTHER,local,4208991,2.8,6.96,,,
data/split/train/FAMILY-85/MOTHER/FM085_M5.png,data/train_distorted/distorted/FAMILY-85/MOTHER/FM085_M5_bending.png,FAMILY-85,MOTHER,bending,4208992,4.72,8.15,,,
data/split/train/FAMILY-87/CHILD/FM087_C1.png,data/train_distorted/distorted/FAMILY-87/CHILD/FM087_C1_elastic.png,FAMILY-87,CHILD,elastic,4209000,7.79,17.18,14.283,7.877,32
data/split/train/FAMILY-87/CHILD/FM087_C1.png,data/train_distorted/distorted/FAMILY-87/CHILD/FM087_C1_local.png,FAMILY-87,CHILD,local,4209001,2.81,5.6,,,
data/split/train/FAMILY-87/CHILD/FM087_C1.png,data/train_distorted/distorted/FAMILY-87/CHILD/FM087_C1_bending.png,FAMILY-87,CHILD,bending,4209002,7.05,12.1,,,
data/split/train/FAMILY-87/CHILD/FM087_C2.png,data/train_distorted/distorted/FAMILY-87/CHILD/FM087_C2_elastic.png,FAMILY-87,CHILD,elastic,4209010,7.22,15.94,12.231,5.425,32
data/split/train/FAMILY-87/CHILD/FM087_C2.png,data/train_distorted/distorted/FAMILY-87/CHILD/FM087_C2_local.png,FAMILY-87,CHILD,local,4209011,5.09,11.61,,,
data/split/train/FAMILY-87/CHILD/FM087_C2.png,data/train_distorted/distorted/FAMILY-87/CHILD/FM087_C2_bending.png,FAMILY-87,CHILD,bending,4209012,5.18,9.54,,,
data/split/train/FAMILY-87/CHILD/FM087_C3.png,data/train_distorted/distorted/FAMILY-87/CHILD/FM087_C3_elastic.png,FAMILY-87,CHILD,elastic,4209020,5.83,12.17,10.233,7.401,32
data/split/train/FAMILY-87/CHILD/FM087_C3.png,data/train_distorted/distorted/FAMILY-87/CHILD/FM087_C3_local.png,FAMILY-87,CHILD,local,4209021,3.93,9.67,,,
data/split/train/FAMILY-87/CHILD/FM087_C3.png,data/train_distorted/distorted/FAMILY-87/CHILD/FM087_C3_bending.png,FAMILY-87,CHILD,bending,4209022,6.8,11.32,,,
data/split/train/FAMILY-87/CHILD/FM087_C4.png,data/train_distorted/distorted/FAMILY-87/CHILD/FM087_C4_elastic.png,FAMILY-87,CHILD,elastic,4209030,6.09,14.09,10.27,5.105,32
data/split/train/FAMILY-87/CHILD/FM087_C4.png,data/train_distorted/distorted/FAMILY-87/CHILD/FM087_C4_local.png,FAMILY-87,CHILD,local,4209031,2.72,7.94,,,
data/split/train/FAMILY-87/CHILD/FM087_C4.png,data/train_distorted/distorted/FAMILY-87/CHILD/FM087_C4_bending.png,FAMILY-87,CHILD,bending,4209032,3.9,6.77,,,
data/split/train/FAMILY-87/CHILD/FM087_C5.png,data/train_distorted/distorted/FAMILY-87/CHILD/FM087_C5_elastic.png,FAMILY-87,CHILD,elastic,4209040,5.84,15.03,10.731,6.405,32
data/split/train/FAMILY-87/CHILD/FM087_C5.png,data/train_distorted/distorted/FAMILY-87/CHILD/FM087_C5_local.png,FAMILY-87,CHILD,local,4209041,3.98,8.64,,,
data/split/train/FAMILY-87/CHILD/FM087_C5.png,data/train_distorted/distorted/FAMILY-87/CHILD/FM087_C5_bending.png,FAMILY-87,CHILD,bending,4209042,5.41,9.95,,,
data/split/train/FAMILY-87/FATHER/FM087_F1.png,data/train_distorted/distorted/FAMILY-87/FATHER/FM087_F1_elastic.png,FAMILY-87,FATHER,elastic,4209050,7.45,17.95,14.61,7.804,32
data/split/train/FAMILY-87/FATHER/FM087_F1.png,data/train_distorted/distorted/FAMILY-87/FATHER/FM087_F1_local.png,FAMILY-87,FATHER,local,4209051,2.82,6.89,,,
data/split/train/FAMILY-87/FATHER/FM087_F1.png,data/train_distorted/distorted/FAMILY-87/FATHER/FM087_F1_bending.png,FAMILY-87,FATHER,bending,4209052,4.48,7.67,,,
data/split/train/FAMILY-87/FATHER/FM087_F2.png,data/train_distorted/distorted/FAMILY-87/FATHER/FM087_F2_elastic.png,FAMILY-87,FATHER,elastic,4209060,6.79,15.47,12.481,7.441,32
data/split/train/FAMILY-87/FATHER/FM087_F2.png,data/train_distorted/distorted/FAMILY-87/FATHER/FM087_F2_local.png,FAMILY-87,FATHER,local,4209061,4.28,9.33,,,
data/split/train/FAMILY-87/FATHER/FM087_F2.png,data/train_distorted/distorted/FAMILY-87/FATHER/FM087_F2_bending.png,FAMILY-87,FATHER,bending,4209062,5.26,8.78,,,
data/split/train/FAMILY-87/FATHER/FM087_F3.png,data/train_distorted/distorted/FAMILY-87/FATHER/FM087_F3_elastic.png,FAMILY-87,FATHER,elastic,4209070,8.05,19.64,14.57,5.6,32
data/split/train/FAMILY-87/FATHER/FM087_F3.png,data/train_distorted/distorted/FAMILY-87/FATHER/FM087_F3_local.png,FAMILY-87,FATHER,local,4209071,3.25,10.05,,,
data/split/train/FAMILY-87/FATHER/FM087_F3.png,data/train_distorted/distorted/FAMILY-87/FATHER/FM087_F3_bending.png,FAMILY-87,FATHER,bending,4209072,5.27,8.82,,,
data/split/train/FAMILY-87/FATHER/FM087_F4.png,data/train_distorted/distorted/FAMILY-87/FATHER/FM087_F4_elastic.png,FAMILY-87,FATHER,elastic,4209080,9.23,19.62,15.712,6.667,32
data/split/train/FAMILY-87/FATHER/FM087_F4.png,data/train_distorted/distorted/FAMILY-87/FATHER/FM087_F4_local.png,FAMILY-87,FATHER,local,4209081,3.79,7.95,,,
data/split/train/FAMILY-87/FATHER/FM087_F4.png,data/train_distorted/distorted/FAMILY-87/FATHER/FM087_F4_bending.png,FAMILY-87,FATHER,bending,4209082,5.29,9.16,,,
data/split/train/FAMILY-87/FATHER/FM087_F5.png,data/train_distorted/distorted/FAMILY-87/FATHER/FM087_F5_elastic.png,FAMILY-87,FATHER,elastic,4209090,4.85,12.45,8.761,7.593,32
data/split/train/FAMILY-87/FATHER/FM087_F5.png,data/train_distorted/distorted/FAMILY-87/FATHER/FM087_F5_local.png,FAMILY-87,FATHER,local,4209091,5.45,13.11,,,
data/split/train/FAMILY-87/FATHER/FM087_F5.png,data/train_distorted/distorted/FAMILY-87/FATHER/FM087_F5_bending.png,FAMILY-87,FATHER,bending,4209092,5.61,10.37,,,
data/split/train/FAMILY-87/MOTHER/FM087_M1.png,data/train_distorted/distorted/FAMILY-87/MOTHER/FM087_M1_elastic.png,FAMILY-87,MOTHER,elastic,4209100,5.04,15.08,9.801,6.536,32
data/split/train/FAMILY-87/MOTHER/FM087_M1.png,data/train_distorted/distorted/FAMILY-87/MOTHER/FM087_M1_local.png,FAMILY-87,MOTHER,local,4209101,4.29,8.49,,,
data/split/train/FAMILY-87/MOTHER/FM087_M1.png,data/train_distorted/distorted/FAMILY-87/MOTHER/FM087_M1_bending.png,FAMILY-87,MOTHER,bending,4209102,5.07,8.83,,,
data/split/train/FAMILY-87/MOTHER/FM087_M2.png,data/train_distorted/distorted/FAMILY-87/MOTHER/FM087_M2_elastic.png,FAMILY-87,MOTHER,elastic,4209110,7.66,22.0,13.456,6.434,32
data/split/train/FAMILY-87/MOTHER/FM087_M2.png,data/train_distorted/distorted/FAMILY-87/MOTHER/FM087_M2_local.png,FAMILY-87,MOTHER,local,4209111,3.17,10.11,,,
data/split/train/FAMILY-87/MOTHER/FM087_M2.png,data/train_distorted/distorted/FAMILY-87/MOTHER/FM087_M2_bending.png,FAMILY-87,MOTHER,bending,4209112,6.46,10.89,,,
data/split/train/FAMILY-87/MOTHER/FM087_M3.png,data/train_distorted/distorted/FAMILY-87/MOTHER/FM087_M3_elastic.png,FAMILY-87,MOTHER,elastic,4209120,5.9,14.07,9.875,5.759,32
data/split/train/FAMILY-87/MOTHER/FM087_M3.png,data/train_distorted/distorted/FAMILY-87/MOTHER/FM087_M3_local.png,FAMILY-87,MOTHER,local,4209121,3.57,8.89,,,
data/split/train/FAMILY-87/MOTHER/FM087_M3.png,data/train_distorted/distorted/FAMILY-87/MOTHER/FM087_M3_bending.png,FAMILY-87,MOTHER,bending,4209122,6.23,10.47,,,
data/split/train/FAMILY-87/MOTHER/FM087_M4.png,data/train_distorted/distorted/FAMILY-87/MOTHER/FM087_M4_elastic.png,FAMILY-87,MOTHER,elastic,4209130,9.48,24.16,15.814,5.16,32
data/split/train/FAMILY-87/MOTHER/FM087_M4.png,data/train_distorted/distorted/FAMILY-87/MOTHER/FM087_M4_local.png,FAMILY-87,MOTHER,local,4209131,3.25,6.8,,,
data/split/train/FAMILY-87/MOTHER/FM087_M4.png,data/train_distorted/distorted/FAMILY-87/MOTHER/FM087_M4_bending.png,FAMILY-87,MOTHER,bending,4209132,7.15,12.38,,,
data/split/train/FAMILY-87/MOTHER/FM087_M5.png,data/train_distorted/distorted/FAMILY-87/MOTHER/FM087_M5_elastic.png,FAMILY-87,MOTHER,elastic,4209140,7.05,17.32,14.19,7.615,32
data/split/train/FAMILY-87/MOTHER/FM087_M5.png,data/train_distorted/distorted/FAMILY-87/MOTHER/FM087_M5_local.png,FAMILY-87,MOTHER,local,4209141,5.61,11.21,,,
data/split/train/FAMILY-87/MOTHER/FM087_M5.png,data/train_distorted/distorted/FAMILY-87/MOTHER/FM087_M5_bending.png,FAMILY-87,MOTHER,bending,4209142,3.48,5.92,,,
data/split/train/FAMILY-88/CHILD/FM088_C1.png,data/train_distorted/distorted/FAMILY-88/CHILD/FM088_C1_elastic.png,FAMILY-88,CHILD,elastic,4209150,7.9,18.44,15.588,7.341,32
data/split/train/FAMILY-88/CHILD/FM088_C1.png,data/train_distorted/distorted/FAMILY-88/CHILD/FM088_C1_local.png,FAMILY-88,CHILD,local,4209151,4.66,10.12,,,
data/split/train/FAMILY-88/CHILD/FM088_C1.png,data/train_distorted/distorted/FAMILY-88/CHILD/FM088_C1_bending.png,FAMILY-88,CHILD,bending,4209152,3.89,7.12,,,
data/split/train/FAMILY-88/CHILD/FM088_C2.png,data/train_distorted/distorted/FAMILY-88/CHILD/FM088_C2_elastic.png,FAMILY-88,CHILD,elastic,4209160,8.41,20.36,15.198,5.557,32
data/split/train/FAMILY-88/CHILD/FM088_C2.png,data/train_distorted/distorted/FAMILY-88/CHILD/FM088_C2_local.png,FAMILY-88,CHILD,local,4209161,3.47,8.33,,,
data/split/train/FAMILY-88/CHILD/FM088_C2.png,data/train_distorted/distorted/FAMILY-88/CHILD/FM088_C2_bending.png,FAMILY-88,CHILD,bending,4209162,5.12,9.46,,,
data/split/train/FAMILY-88/CHILD/FM088_C3.png,data/train_distorted/distorted/FAMILY-88/CHILD/FM088_C3_elastic.png,FAMILY-88,CHILD,elastic,4209170,7.74,20.39,15.244,7.962,32
data/split/train/FAMILY-88/CHILD/FM088_C3.png,data/train_distorted/distorted/FAMILY-88/CHILD/FM088_C3_local.png,FAMILY-88,CHILD,local,4209171,3.49,6.84,,,
data/split/train/FAMILY-88/CHILD/FM088_C3.png,data/train_distorted/distorted/FAMILY-88/CHILD/FM088_C3_bending.png,FAMILY-88,CHILD,bending,4209172,3.57,6.37,,,
data/split/train/FAMILY-88/CHILD/FM088_C4.png,data/train_distorted/distorted/FAMILY-88/CHILD/FM088_C4_elastic.png,FAMILY-88,CHILD,elastic,4209180,6.62,17.7,13.252,7.684,32
data/split/train/FAMILY-88/CHILD/FM088_C4.png,data/train_distorted/distorted/FAMILY-88/CHILD/FM088_C4_local.png,FAMILY-88,CHILD,local,4209181,4.46,10.0,,,
data/split/train/FAMILY-88/CHILD/FM088_C4.png,data/train_distorted/distorted/FAMILY-88/CHILD/FM088_C4_bending.png,FAMILY-88,CHILD,bending,4209182,6.54,11.27,,,
data/split/train/FAMILY-88/CHILD/FM088_C5.png,data/train_distorted/distorted/FAMILY-88/CHILD/FM088_C5_elastic.png,FAMILY-88,CHILD,elastic,4209190,7.88,23.49,14.66,7.832,32
data/split/train/FAMILY-88/CHILD/FM088_C5.png,data/train_distorted/distorted/FAMILY-88/CHILD/FM088_C5_local.png,FAMILY-88,CHILD,local,4209191,5.45,11.17,,,
data/split/train/FAMILY-88/CHILD/FM088_C5.png,data/train_distorted/distorted/FAMILY-88/CHILD/FM088_C5_bending.png,FAMILY-88,CHILD,bending,4209192,5.35,8.96,,,
data/split/train/FAMILY-88/FATHER/FM088_F1.png,data/train_distorted/distorted/FAMILY-88/FATHER/FM088_F1_elastic.png,FAMILY-88,FATHER,elastic,4209200,6.49,16.23,12.481,7.421,32
data/split/train/FAMILY-88/FATHER/FM088_F1.png,data/train_distorted/distorted/FAMILY-88/FATHER/FM088_F1_local.png,FAMILY-88,FATHER,local,4209201,3.2,6.28,,,
data/split/train/FAMILY-88/FATHER/FM088_F1.png,data/train_distorted/distorted/FAMILY-88/FATHER/FM088_F1_bending.png,FAMILY-88,FATHER,bending,4209202,4.74,8.22,,,
data/split/train/FAMILY-88/FATHER/FM088_F2.png,data/train_distorted/distorted/FAMILY-88/FATHER/FM088_F2_elastic.png,FAMILY-88,FATHER,elastic,4209210,4.8,11.24,8.386,5.145,32
data/split/train/FAMILY-88/FATHER/FM088_F2.png,data/train_distorted/distorted/FAMILY-88/FATHER/FM088_F2_local.png,FAMILY-88,FATHER,local,4209211,4.16,9.35,,,
data/split/train/FAMILY-88/FATHER/FM088_F2.png,data/train_distorted/distorted/FAMILY-88/FATHER/FM088_F2_bending.png,FAMILY-88,FATHER,bending,4209212,6.33,10.54,,,
data/split/train/FAMILY-88/FATHER/FM088_F3.png,data/train_distorted/distorted/FAMILY-88/FATHER/FM088_F3_elastic.png,FAMILY-88,FATHER,elastic,4209220,6.95,16.44,13.609,6.352,32
data/split/train/FAMILY-88/FATHER/FM088_F3.png,data/train_distorted/distorted/FAMILY-88/FATHER/FM088_F3_local.png,FAMILY-88,FATHER,local,4209221,3.75,9.14,,,
data/split/train/FAMILY-88/FATHER/FM088_F3.png,data/train_distorted/distorted/FAMILY-88/FATHER/FM088_F3_bending.png,FAMILY-88,FATHER,bending,4209222,5.7,10.19,,,
data/split/train/FAMILY-88/FATHER/FM088_F4.png,data/train_distorted/distorted/FAMILY-88/FATHER/FM088_F4_elastic.png,FAMILY-88,FATHER,elastic,4209230,6.25,16.58,11.293,7.171,32
data/split/train/FAMILY-88/FATHER/FM088_F4.png,data/train_distorted/distorted/FAMILY-88/FATHER/FM088_F4_local.png,FAMILY-88,FATHER,local,4209231,2.87,5.39,,,
data/split/train/FAMILY-88/FATHER/FM088_F4.png,data/train_distorted/distorted/FAMILY-88/FATHER/FM088_F4_bending.png,FAMILY-88,FATHER,bending,4209232,6.09,10.7,,,
data/split/train/FAMILY-88/FATHER/FM088_F5.png,data/train_distorted/distorted/FAMILY-88/FATHER/FM088_F5_elastic.png,FAMILY-88,FATHER,elastic,4209240,6.95,15.32,12.508,5.406,32
data/split/train/FAMILY-88/FATHER/FM088_F5.png,data/train_distorted/distorted/FAMILY-88/FATHER/FM088_F5_local.png,FAMILY-88,FATHER,local,4209241,4.07,9.26,,,
data/split/train/FAMILY-88/FATHER/FM088_F5.png,data/train_distorted/distorted/FAMILY-88/FATHER/FM088_F5_bending.png,FAMILY-88,FATHER,bending,4209242,5.1,8.6,,,
data/split/train/FAMILY-88/MOTHER/FM088_M1.png,data/train_distorted/distorted/FAMILY-88/MOTHER/FM088_M1_elastic.png,FAMILY-88,MOTHER,elastic,4209250,7.13,16.81,13.972,7.381,32
data/split/train/FAMILY-88/MOTHER/FM088_M1.png,data/train_distorted/distorted/FAMILY-88/MOTHER/FM088_M1_local.png,FAMILY-88,MOTHER,local,4209251,4.51,9.0,,,
data/split/train/FAMILY-88/MOTHER/FM088_M1.png,data/train_distorted/distorted/FAMILY-88/MOTHER/FM088_M1_bending.png,FAMILY-88,MOTHER,bending,4209252,3.56,6.46,,,
data/split/train/FAMILY-88/MOTHER/FM088_M2.png,data/train_distorted/distorted/FAMILY-88/MOTHER/FM088_M2_elastic.png,FAMILY-88,MOTHER,elastic,4209260,6.61,14.89,11.67,7.955,32
data/split/train/FAMILY-88/MOTHER/FM088_M2.png,data/train_distorted/distorted/FAMILY-88/MOTHER/FM088_M2_local.png,FAMILY-88,MOTHER,local,4209261,2.52,7.58,,,
data/split/train/FAMILY-88/MOTHER/FM088_M2.png,data/train_distorted/distorted/FAMILY-88/MOTHER/FM088_M2_bending.png,FAMILY-88,MOTHER,bending,4209262,4.01,7.06,,,
data/split/train/FAMILY-88/MOTHER/FM088_M3.png,data/train_distorted/distorted/FAMILY-88/MOTHER/FM088_M3_elastic.png,FAMILY-88,MOTHER,elastic,4209270,7.22,18.44,13.256,6.501,32
data/split/train/FAMILY-88/MOTHER/FM088_M3.png,data/train_distorted/distorted/FAMILY-88/MOTHER/FM088_M3_local.png,FAMILY-88,MOTHER,local,4209271,2.75,7.04,,,
data/split/train/FAMILY-88/MOTHER/FM088_M3.png,data/train_distorted/distorted/FAMILY-88/MOTHER/FM088_M3_bending.png,FAMILY-88,MOTHER,bending,4209272,6.5,11.72,,,
data/split/train/FAMILY-88/MOTHER/FM088_M4.png,data/train_distorted/distorted/FAMILY-88/MOTHER/FM088_M4_elastic.png,FAMILY-88,MOTHER,elastic,4209280,5.37,13.63,9.595,6.713,32
data/split/train/FAMILY-88/MOTHER/FM088_M4.png,data/train_distorted/distorted/FAMILY-88/MOTHER/FM088_M4_local.png,FAMILY-88,MOTHER,local,4209281,5.61,11.53,,,
data/split/train/FAMILY-88/MOTHER/FM088_M4.png,data/train_distorted/distorted/FAMILY-88/MOTHER/FM088_M4_bending.png,FAMILY-88,MOTHER,bending,4209282,4.23,7.18,,,
data/split/train/FAMILY-88/MOTHER/FM088_M5.png,data/train_distorted/distorted/FAMILY-88/MOTHER/FM088_M5_elastic.png,FAMILY-88,MOTHER,elastic,4209290,5.63,15.88,10.209,7.111,32
data/split/train/FAMILY-88/MOTHER/FM088_M5.png,data/train_distorted/distorted/FAMILY-88/MOTHER/FM088_M5_local.png,FAMILY-88,MOTHER,local,4209291,2.95,6.1,,,
data/split/train/FAMILY-88/MOTHER/FM088_M5.png,data/train_distorted/distorted/FAMILY-88/MOTHER/FM088_M5_bending.png,FAMILY-88,MOTHER,bending,4209292,5.65,9.41,,,
data/split/train/FAMILY-90/CHILD/FM090_C1.png,data/train_distorted/distorted/FAMILY-90/CHILD/FM090_C1_elastic.png,FAMILY-90,CHILD,elastic,4209300,8.32,22.12,15.918,7.254,32
data/split/train/FAMILY-90/CHILD/FM090_C1.png,data/train_distorted/distorted/FAMILY-90/CHILD/FM090_C1_local.png,FAMILY-90,CHILD,local,4209301,4.7,10.71,,,
data/split/train/FAMILY-90/CHILD/FM090_C1.png,data/train_distorted/distorted/FAMILY-90/CHILD/FM090_C1_bending.png,FAMILY-90,CHILD,bending,4209302,4.46,7.64,,,
data/split/train/FAMILY-90/CHILD/FM090_C2.png,data/train_distorted/distorted/FAMILY-90/CHILD/FM090_C2_elastic.png,FAMILY-90,CHILD,elastic,4209310,8.17,19.0,14.835,5.513,32
data/split/train/FAMILY-90/CHILD/FM090_C2.png,data/train_distorted/distorted/FAMILY-90/CHILD/FM090_C2_local.png,FAMILY-90,CHILD,local,4209311,3.39,8.44,,,
data/split/train/FAMILY-90/CHILD/FM090_C2.png,data/train_distorted/distorted/FAMILY-90/CHILD/FM090_C2_bending.png,FAMILY-90,CHILD,bending,4209312,4.78,7.96,,,
data/split/train/FAMILY-90/CHILD/FM090_C3.png,data/train_distorted/distorted/FAMILY-90/CHILD/FM090_C3_elastic.png,FAMILY-90,CHILD,elastic,4209320,7.21,20.12,14.768,5.72,32
data/split/train/FAMILY-90/CHILD/FM090_C3.png,data/train_distorted/distorted/FAMILY-90/CHILD/FM090_C3_local.png,FAMILY-90,CHILD,local,4209321,3.98,8.27,,,
data/split/train/FAMILY-90/CHILD/FM090_C3.png,data/train_distorted/distorted/FAMILY-90/CHILD/FM090_C3_bending.png,FAMILY-90,CHILD,bending,4209322,6.67,11.89,,,
data/split/train/FAMILY-90/CHILD/FM090_C4.png,data/train_distorted/distorted/FAMILY-90/CHILD/FM090_C4_elastic.png,FAMILY-90,CHILD,elastic,4209330,7.64,22.21,13.417,5.454,32
data/split/train/FAMILY-90/CHILD/FM090_C4.png,data/train_distorted/distorted/FAMILY-90/CHILD/FM090_C4_local.png,FAMILY-90,CHILD,local,4209331,3.15,6.69,,,
data/split/train/FAMILY-90/CHILD/FM090_C4.png,data/train_distorted/distorted/FAMILY-90/CHILD/FM090_C4_bending.png,FAMILY-90,CHILD,bending,4209332,4.03,6.73,,,
data/split/train/FAMILY-90/CHILD/FM090_C5.png,data/train_distorted/distorted/FAMILY-90/CHILD/FM090_C5_elastic.png,FAMILY-90,CHILD,elastic,4209340,7.37,17.82,12.64,6.203,32
data/split/train/FAMILY-90/CHILD/FM090_C5.png,data/train_distorted/distorted/FAMILY-90/CHILD/FM090_C5_local.png,FAMILY-90,CHILD,local,4209341,2.61,6.81,,,
data/split/train/FAMILY-90/CHILD/FM090_C5.png,data/train_distorted/distorted/FAMILY-90/CHILD/FM090_C5_bending.png,FAMILY-90,CHILD,bending,4209342,5.51,9.39,,,
data/split/train/FAMILY-90/FATHER/FM090_F1.png,data/train_distorted/distorted/FAMILY-90/FATHER/FM090_F1_elastic.png,FAMILY-90,FATHER,elastic,4209350,5.27,12.82,8.795,5.0,32
data/split/train/FAMILY-90/FATHER/FM090_F1.png,data/train_distorted/distorted/FAMILY-90/FATHER/FM090_F1_local.png,FAMILY-90,FATHER,local,4209351,3.9,9.82,,,
data/split/train/FAMILY-90/FATHER/FM090_F1.png,data/train_distorted/distorted/FAMILY-90/FATHER/FM090_F1_bending.png,FAMILY-90,FATHER,bending,4209352,6.76,11.92,,,
data/split/train/FAMILY-90/FATHER/FM090_F2.png,data/train_distorted/distorted/FAMILY-90/FATHER/FM090_F2_elastic.png,FAMILY-90,FATHER,elastic,4209360,4.92,11.41,8.952,7.205,32
data/split/train/FAMILY-90/FATHER/FM090_F2.png,data/train_distorted/distorted/FAMILY-90/FATHER/FM090_F2_local.png,FAMILY-90,FATHER,local,4209361,4.96,12.42,,,
data/split/train/FAMILY-90/FATHER/FM090_F2.png,data/train_distorted/distorted/FAMILY-90/FATHER/FM090_F2_bending.png,FAMILY-90,FATHER,bending,4209362,6.6,10.99,,,
data/split/train/FAMILY-90/FATHER/FM090_F3.png,data/train_distorted/distorted/FAMILY-90/FATHER/FM090_F3_elastic.png,FAMILY-90,FATHER,elastic,4209370,7.58,19.23,12.985,6.005,32
data/split/train/FAMILY-90/FATHER/FM090_F3.png,data/train_distorted/distorted/FAMILY-90/FATHER/FM090_F3_local.png,FAMILY-90,FATHER,local,4209371,5.28,11.48,,,
data/split/train/FAMILY-90/FATHER/FM090_F3.png,data/train_distorted/distorted/FAMILY-90/FATHER/FM090_F3_bending.png,FAMILY-90,FATHER,bending,4209372,5.13,8.54,,,
data/split/train/FAMILY-90/FATHER/FM090_F4.png,data/train_distorted/distorted/FAMILY-90/FATHER/FM090_F4_elastic.png,FAMILY-90,FATHER,elastic,4209380,7.68,19.55,14.956,7.972,32
data/split/train/FAMILY-90/FATHER/FM090_F4.png,data/train_distorted/distorted/FAMILY-90/FATHER/FM090_F4_local.png,FAMILY-90,FATHER,local,4209381,3.83,10.2,,,
data/split/train/FAMILY-90/FATHER/FM090_F4.png,data/train_distorted/distorted/FAMILY-90/FATHER/FM090_F4_bending.png,FAMILY-90,FATHER,bending,4209382,6.54,11.21,,,
data/split/train/FAMILY-90/FATHER/FM090_F5.png,data/train_distorted/distorted/FAMILY-90/FATHER/FM090_F5_elastic.png,FAMILY-90,FATHER,elastic,4209390,4.83,12.46,9.555,7.625,32
data/split/train/FAMILY-90/FATHER/FM090_F5.png,data/train_distorted/distorted/FAMILY-90/FATHER/FM090_F5_local.png,FAMILY-90,FATHER,local,4209391,2.75,5.79,,,
data/split/train/FAMILY-90/FATHER/FM090_F5.png,data/train_distorted/distorted/FAMILY-90/FATHER/FM090_F5_bending.png,FAMILY-90,FATHER,bending,4209392,5.42,9.19,,,
data/split/train/FAMILY-90/MOTHER/FM090_M1.png,data/train_distorted/distorted/FAMILY-90/MOTHER/FM090_M1_elastic.png,FAMILY-90,MOTHER,elastic,4209400,7.72,17.8,14.024,7.267,32
data/split/train/FAMILY-90/MOTHER/FM090_M1.png,data/train_distorted/distorted/FAMILY-90/MOTHER/FM090_M1_local.png,FAMILY-90,MOTHER,local,4209401,2.73,6.54,,,
data/split/train/FAMILY-90/MOTHER/FM090_M1.png,data/train_distorted/distorted/FAMILY-90/MOTHER/FM090_M1_bending.png,FAMILY-90,MOTHER,bending,4209402,4.51,8.09,,,
data/split/train/FAMILY-90/MOTHER/FM090_M2.png,data/train_distorted/distorted/FAMILY-90/MOTHER/FM090_M2_elastic.png,FAMILY-90,MOTHER,elastic,4209410,5.4,13.25,9.445,5.394,32
data/split/train/FAMILY-90/MOTHER/FM090_M2.png,data/train_distorted/distorted/FAMILY-90/MOTHER/FM090_M2_local.png,FAMILY-90,MOTHER,local,4209411,3.89,7.47,,,
data/split/train/FAMILY-90/MOTHER/FM090_M2.png,data/train_distorted/distorted/FAMILY-90/MOTHER/FM090_M2_bending.png,FAMILY-90,MOTHER,bending,4209412,5.42,9.46,,,
data/split/train/FAMILY-90/MOTHER/FM090_M3.png,data/train_distorted/distorted/FAMILY-90/MOTHER/FM090_M3_elastic.png,FAMILY-90,MOTHER,elastic,4209420,6.32,16.21,12.529,6.269,32
data/split/train/FAMILY-90/MOTHER/FM090_M3.png,data/train_distorted/distorted/FAMILY-90/MOTHER/FM090_M3_local.png,FAMILY-90,MOTHER,local,4209421,3.05,6.02,,,
data/split/train/FAMILY-90/MOTHER/FM090_M3.png,data/train_distorted/distorted/FAMILY-90/MOTHER/FM090_M3_bending.png,FAMILY-90,MOTHER,bending,4209422,6.69,11.81,,,
data/split/train/FAMILY-90/MOTHER/FM090_M4.png,data/train_distorted/distorted/FAMILY-90/MOTHER/FM090_M4_elastic.png,FAMILY-90,MOTHER,elastic,4209430,7.19,15.88,11.568,5.639,32
data/split/train/FAMILY-90/MOTHER/FM090_M4.png,data/train_distorted/distorted/FAMILY-90/MOTHER/FM090_M4_local.png,FAMILY-90,MOTHER,local,4209431,4.19,8.57,,,
data/split/train/FAMILY-90/MOTHER/FM090_M4.png,data/train_distorted/distorted/FAMILY-90/MOTHER/FM090_M4_bending.png,FAMILY-90,MOTHER,bending,4209432,7.12,12.6,,,
data/split/train/FAMILY-90/MOTHER/FM090_M5.png,data/train_distorted/distorted/FAMILY-90/MOTHER/FM090_M5_elastic.png,FAMILY-90,MOTHER,elastic,4209440,7.95,18.69,13.319,5.049,32
data/split/train/FAMILY-90/MOTHER/FM090_M5.png,data/train_distorted/distorted/FAMILY-90/MOTHER/FM090_M5_local.png,FAMILY-90,MOTHER,local,4209441,4.78,9.79,,,
data/split/train/FAMILY-90/MOTHER/FM090_M5.png,data/train_distorted/distorted/FAMILY-90/MOTHER/FM090_M5_bending.png,FAMILY-90,MOTHER,bending,4209442,3.92,6.68,,,
data/split/train/FAMILY-92/CHILD/FM092_C1.png,data/train_distorted/distorted/FAMILY-92/CHILD/FM092_C1_elastic.png,FAMILY-92,CHILD,elastic,4209450,5.78,14.92,11.257,7.568,32
data/split/train/FAMILY-92/CHILD/FM092_C1.png,data/train_distorted/distorted/FAMILY-92/CHILD/FM092_C1_local.png,FAMILY-92,CHILD,local,4209451,2.9,5.6,,,
data/split/train/FAMILY-92/CHILD/FM092_C1.png,data/train_distorted/distorted/FAMILY-92/CHILD/FM092_C1_bending.png,FAMILY-92,CHILD,bending,4209452,5.26,8.89,,,
data/split/train/FAMILY-92/CHILD/FM092_C2.png,data/train_distorted/distorted/FAMILY-92/CHILD/FM092_C2_elastic.png,FAMILY-92,CHILD,elastic,4209460,7.65,16.3,13.432,5.886,32
data/split/train/FAMILY-92/CHILD/FM092_C2.png,data/train_distorted/distorted/FAMILY-92/CHILD/FM092_C2_local.png,FAMILY-92,CHILD,local,4209461,4.23,10.06,,,
data/split/train/FAMILY-92/CHILD/FM092_C2.png,data/train_distorted/distorted/FAMILY-92/CHILD/FM092_C2_bending.png,FAMILY-92,CHILD,bending,4209462,4.45,7.45,,,
data/split/train/FAMILY-92/CHILD/FM092_C3.png,data/train_distorted/distorted/FAMILY-92/CHILD/FM092_C3_elastic.png,FAMILY-92,CHILD,elastic,4209470,7.0,16.56,11.385,5.798,32
data/split/train/FAMILY-92/CHILD/FM092_C3.png,data/train_distorted/distorted/FAMILY-92/CHILD/FM092_C3_local.png,FAMILY-92,CHILD,local,4209471,4.36,10.21,,,
data/split/train/FAMILY-92/CHILD/FM092_C3.png,data/train_distorted/distorted/FAMILY-92/CHILD/FM092_C3_bending.png,FAMILY-92,CHILD,bending,4209472,4.97,8.36,,,
data/split/train/FAMILY-92/CHILD/FM092_C4.png,data/train_distorted/distorted/FAMILY-92/CHILD/FM092_C4_elastic.png,FAMILY-92,CHILD,elastic,4209480,8.17,21.54,15.89,7.781,32
data/split/train/FAMILY-92/CHILD/FM092_C4.png,data/train_distorted/distorted/FAMILY-92/CHILD/FM092_C4_local.png,FAMILY-92,CHILD,local,4209481,3.07,6.81,,,
data/split/train/FAMILY-92/CHILD/FM092_C4.png,data/train_distorted/distorted/FAMILY-92/CHILD/FM092_C4_bending.png,FAMILY-92,CHILD,bending,4209482,7.08,12.85,,,
data/split/train/FAMILY-92/CHILD/FM092_C5.png,data/train_distorted/distorted/FAMILY-92/CHILD/FM092_C5_elastic.png,FAMILY-92,CHILD,elastic,4209490,5.75,15.62,11.044,7.631,32
data/split/train/FAMILY-92/CHILD/FM092_C5.png,data/train_distorted/distorted/FAMILY-92/CHILD/FM092_C5_local.png,FAMILY-92,CHILD,local,4209491,3.17,7.5,,,
data/split/train/FAMILY-92/CHILD/FM092_C5.png,data/train_distorted/distorted/FAMILY-92/CHILD/FM092_C5_bending.png,FAMILY-92,CHILD,bending,4209492,3.32,5.58,,,
data/split/train/FAMILY-92/FATHER/FM092_F1.png,data/train_distorted/distorted/FAMILY-92/FATHER/FM092_F1_elastic.png,FAMILY-92,FATHER,elastic,4209500,7.08,18.55,13.806,6.911,32
data/split/train/FAMILY-92/FATHER/FM092_F1.png,data/train_distorted/distorted/FAMILY-92/FATHER/FM092_F1_local.png,FAMILY-92,FATHER,local,4209501,4.63,10.62,,,
data/split/train/FAMILY-92/FATHER/FM092_F1.png,data/train_distorted/distorted/FAMILY-92/FATHER/FM092_F1_bending.png,FAMILY-92,FATHER,bending,4209502,4.26,7.4,,,
data/split/train/FAMILY-92/FATHER/FM092_F2.png,data/train_distorted/distorted/FAMILY-92/FATHER/FM092_F2_elastic.png,FAMILY-92,FATHER,elastic,4209510,4.81,11.54,8.53,5.674,32
data/split/train/FAMILY-92/FATHER/FM092_F2.png,data/train_distorted/distorted/FAMILY-92/FATHER/FM092_F2_local.png,FAMILY-92,FATHER,local,4209511,3.35,8.63,,,
data/split/train/FAMILY-92/FATHER/FM092_F2.png,data/train_distorted/distorted/FAMILY-92/FATHER/FM092_F2_bending.png,FAMILY-92,FATHER,bending,4209512,4.88,8.13,,,
data/split/train/FAMILY-92/FATHER/FM092_F3.png,data/train_distorted/distorted/FAMILY-92/FATHER/FM092_F3_elastic.png,FAMILY-92,FATHER,elastic,4209520,6.9,15.46,12.167,5.672,32
data/split/train/FAMILY-92/FATHER/FM092_F3.png,data/train_distorted/distorted/FAMILY-92/FATHER/FM092_F3_local.png,FAMILY-92,FATHER,local,4209521,3.44,8.42,,,
data/split/train/FAMILY-92/FATHER/FM092_F3.png,data/train_distorted/distorted/FAMILY-92/FATHER/FM092_F3_bending.png,FAMILY-92,FATHER,bending,4209522,6.24,10.63,,,
data/split/train/FAMILY-92/FATHER/FM092_F4.png,data/train_distorted/distorted/FAMILY-92/FATHER/FM092_F4_elastic.png,FAMILY-92,FATHER,elastic,4209530,7.36,17.93,13.553,6.862,32
data/split/train/FAMILY-92/FATHER/FM092_F4.png,data/train_distorted/distorted/FAMILY-92/FATHER/FM092_F4_local.png,FAMILY-92,FATHER,local,4209531,4.99,11.01,,,
data/split/train/FAMILY-92/FATHER/FM092_F4.png,data/train_distorted/distorted/FAMILY-92/FATHER/FM092_F4_bending.png,FAMILY-92,FATHER,bending,4209532,3.8,6.66,,,
data/split/train/FAMILY-92/FATHER/FM092_F5.png,data/train_distorted/distorted/FAMILY-92/FATHER/FM092_F5_elastic.png,FAMILY-92,FATHER,elastic,4209540,5.94,13.36,10.736,5.893,32
data/split/train/FAMILY-92/FATHER/FM092_F5.png,data/train_distorted/distorted/FAMILY-92/FATHER/FM092_F5_local.png,FAMILY-92,FATHER,local,4209541,3.21,7.75,,,
data/split/train/FAMILY-92/FATHER/FM092_F5.png,data/train_distorted/distorted/FAMILY-92/FATHER/FM092_F5_bending.png,FAMILY-92,FATHER,bending,4209542,5.3,9.2,,,
data/split/train/FAMILY-92/MOTHER/FM092_M1.png,data/train_distorted/distorted/FAMILY-92/MOTHER/FM092_M1_elastic.png,FAMILY-92,MOTHER,elastic,4209550,5.08,12.24,8.737,5.545,32
data/split/train/FAMILY-92/MOTHER/FM092_M1.png,data/train_distorted/distorted/FAMILY-92/MOTHER/FM092_M1_local.png,FAMILY-92,MOTHER,local,4209551,4.28,9.16,,,
data/split/train/FAMILY-92/MOTHER/FM092_M1.png,data/train_distorted/distorted/FAMILY-92/MOTHER/FM092_M1_bending.png,FAMILY-92,MOTHER,bending,4209552,5.54,10.07,,,
data/split/train/FAMILY-92/MOTHER/FM092_M2.png,data/train_distorted/distorted/FAMILY-92/MOTHER/FM092_M2_elastic.png,FAMILY-92,MOTHER,elastic,4209560,4.93,13.65,9.06,6.663,32
data/split/train/FAMILY-92/MOTHER/FM092_M2.png,data/train_distorted/distorted/FAMILY-92/MOTHER/FM092_M2_local.png,FAMILY-92,MOTHER,local,4209561,4.25,10.8,,,
data/split/train/FAMILY-92/MOTHER/FM092_M2.png,data/train_distorted/distorted/FAMILY-92/MOTHER/FM092_M2_bending.png,FAMILY-92,MOTHER,bending,4209562,5.22,8.9,,,
data/split/train/FAMILY-92/MOTHER/FM092_M3.png,data/train_distorted/distorted/FAMILY-92/MOTHER/FM092_M3_elastic.png,FAMILY-92,MOTHER,elastic,4209570,8.12,21.1,15.011,6.598,32
data/split/train/FAMILY-92/MOTHER/FM092_M3.png,data/train_distorted/distorted/FAMILY-92/MOTHER/FM092_M3_local.png,FAMILY-92,MOTHER,local,4209571,3.0,6.47,,,
data/split/train/FAMILY-92/MOTHER/FM092_M3.png,data/train_distorted/distorted/FAMILY-92/MOTHER/FM092_M3_bending.png,FAMILY-92,MOTHER,bending,4209572,5.83,9.93,,,
data/split/train/FAMILY-92/MOTHER/FM092_M4.png,data/train_distorted/distorted/FAMILY-92/MOTHER/FM092_M4_elastic.png,FAMILY-92,MOTHER,elastic,4209580,6.56,15.42,10.57,5.52,32
data/split/train/FAMILY-92/MOTHER/FM092_M4.png,data/train_distorted/distorted/FAMILY-92/MOTHER/FM092_M4_local.png,FAMILY-92,MOTHER,local,4209581,5.17,13.24,,,
data/split/train/FAMILY-92/MOTHER/FM092_M4.png,data/train_distorted/distorted/FAMILY-92/MOTHER/FM092_M4_bending.png,FAMILY-92,MOTHER,bending,4209582,3.9,6.81,,,
data/split/train/FAMILY-92/MOTHER/FM092_M5.png,data/train_distorted/distorted/FAMILY-92/MOTHER/FM092_M5_elastic.png,FAMILY-92,MOTHER,elastic,4209590,6.54,17.38,12.589,7.334,32
data/split/train/FAMILY-92/MOTHER/FM092_M5.png,data/train_distorted/distorted/FAMILY-92/MOTHER/FM092_M5_local.png,FAMILY-92,MOTHER,local,4209591,3.05,7.07,,,
data/split/train/FAMILY-92/MOTHER/FM092_M5.png,data/train_distorted/distorted/FAMILY-92/MOTHER/FM092_M5_bending.png,FAMILY-92,MOTHER,bending,4209592,6.32,10.95,,,
data/split/train/FAMILY-93/CHILD/FM093_C1.png,data/train_distorted/distorted/FAMILY-93/CHILD/FM093_C1_elastic.png,FAMILY-93,CHILD,elastic,4209600,4.59,11.88,8.718,5.703,32
data/split/train/FAMILY-93/CHILD/FM093_C1.png,data/train_distorted/distorted/FAMILY-93/CHILD/FM093_C1_local.png,FAMILY-93,CHILD,local,4209601,3.82,9.24,,,
data/split/train/FAMILY-93/CHILD/FM093_C1.png,data/train_distorted/distorted/FAMILY-93/CHILD/FM093_C1_bending.png,FAMILY-93,CHILD,bending,4209602,5.09,8.6,,,
data/split/train/FAMILY-93/CHILD/FM093_C2.png,data/train_distorted/distorted/FAMILY-93/CHILD/FM093_C2_elastic.png,FAMILY-93,CHILD,elastic,4209610,9.41,27.05,15.034,5.038,32
data/split/train/FAMILY-93/CHILD/FM093_C2.png,data/train_distorted/distorted/FAMILY-93/CHILD/FM093_C2_local.png,FAMILY-93,CHILD,local,4209611,3.21,6.32,,,
data/split/train/FAMILY-93/CHILD/FM093_C2.png,data/train_distorted/distorted/FAMILY-93/CHILD/FM093_C2_bending.png,FAMILY-93,CHILD,bending,4209612,3.38,6.22,,,
data/split/train/FAMILY-93/CHILD/FM093_C3.png,data/train_distorted/distorted/FAMILY-93/CHILD/FM093_C3_elastic.png,FAMILY-93,CHILD,elastic,4209620,4.93,12.44,8.723,6.242,32
data/split/train/FAMILY-93/CHILD/FM093_C3.png,data/train_distorted/distorted/FAMILY-93/CHILD/FM093_C3_local.png,FAMILY-93,CHILD,local,4209621,2.52,6.09,,,
data/split/train/FAMILY-93/CHILD/FM093_C3.png,data/train_distorted/distorted/FAMILY-93/CHILD/FM093_C3_bending.png,FAMILY-93,CHILD,bending,4209622,6.51,10.96,,,
data/split/train/FAMILY-93/CHILD/FM093_C4.png,data/train_distorted/distorted/FAMILY-93/CHILD/FM093_C4_elastic.png,FAMILY-93,CHILD,elastic,4209630,8.17,24.52,14.936,6.297,32
data/split/train/FAMILY-93/CHILD/FM093_C4.png,data/train_distorted/distorted/FAMILY-93/CHILD/FM093_C4_local.png,FAMILY-93,CHILD,local,4209631,3.67,7.36,,,
data/split/train/FAMILY-93/CHILD/FM093_C4.png,data/train_distorted/distorted/FAMILY-93/CHILD/FM093_C4_bending.png,FAMILY-93,CHILD,bending,4209632,7.24,13.19,,,
data/split/train/FAMILY-93/CHILD/FM093_C5.png,data/train_distorted/distorted/FAMILY-93/CHILD/FM093_C5_elastic.png,FAMILY-93,CHILD,elastic,4209640,5.19,12.37,9.693,6.979,32
data/split/train/FAMILY-93/CHILD/FM093_C5.png,data/train_distorted/distorted/FAMILY-93/CHILD/FM093_C5_local.png,FAMILY-93,CHILD,local,4209641,4.91,10.1,,,
data/split/train/FAMILY-93/CHILD/FM093_C5.png,data/train_distorted/distorted/FAMILY-93/CHILD/FM093_C5_bending.png,FAMILY-93,CHILD,bending,4209642,3.8,6.97,,,
data/split/train/FAMILY-93/FATHER/FM093_F1.png,data/train_distorted/distorted/FAMILY-93/FATHER/FM093_F1_elastic.png,FAMILY-93,FATHER,elastic,4209650,7.71,17.35,14.22,7.599,32
data/split/train/FAMILY-93/FATHER/FM093_F1.png,data/train_distorted/distorted/FAMILY-93/FATHER/FM093_F1_local.png,FAMILY-93,FATHER,local,4209651,4.02,8.23,,,
data/split/train/FAMILY-93/FATHER/FM093_F1.png,data/train_distorted/distorted/FAMILY-93/FATHER/FM093_F1_bending.png,FAMILY-93,FATHER,bending,4209652,4.43,7.74,,,
data/split/train/FAMILY-93/FATHER/FM093_F2.png,data/train_distorted/distorted/FAMILY-93/FATHER/FM093_F2_elastic.png,FAMILY-93,FATHER,elastic,4209660,7.11,19.24,13.417,7.133,32
data/split/train/FAMILY-93/FATHER/FM093_F2.png,data/train_distorted/distorted/FAMILY-93/FATHER/FM093_F2_local.png,FAMILY-93,FATHER,local,4209661,3.13,8.97,,,
data/split/train/FAMILY-93/FATHER/FM093_F2.png,data/train_distorted/distorted/FAMILY-93/FATHER/FM093_F2_bending.png,FAMILY-93,FATHER,bending,4209662,5.73,9.54,,,
data/split/train/FAMILY-93/FATHER/FM093_F3.png,data/train_distorted/distorted/FAMILY-93/FATHER/FM093_F3_elastic.png,FAMILY-93,FATHER,elastic,4209670,4.62,11.42,8.245,5.438,32
data/split/train/FAMILY-93/FATHER/FM093_F3.png,data/train_distorted/distorted/FAMILY-93/FATHER/FM093_F3_local.png,FAMILY-93,FATHER,local,4209671,4.87,11.06,,,
data/split/train/FAMILY-93/FATHER/FM093_F3.png,data/train_distorted/distorted/FAMILY-93/FATHER/FM093_F3_bending.png,FAMILY-93,FATHER,bending,4209672,6.65,11.59,,,
data/split/train/FAMILY-93/FATHER/FM093_F4.png,data/train_distorted/distorted/FAMILY-93/FATHER/FM093_F4_elastic.png,FAMILY-93,FATHER,elastic,4209680,4.28,10.71,8.917,7.568,32
data/split/train/FAMILY-93/FATHER/FM093_F4.png,data/train_distorted/distorted/FAMILY-93/FATHER/FM093_F4_local.png,FAMILY-93,FATHER,local,4209681,3.37,8.61,,,
data/split/train/FAMILY-93/FATHER/FM093_F4.png,data/train_distorted/distorted/FAMILY-93/FATHER/FM093_F4_bending.png,FAMILY-93,FATHER,bending,4209682,3.71,6.48,,,
data/split/train/FAMILY-93/FATHER/FM093_F5.png,data/train_distorted/distorted/FAMILY-93/FATHER/FM093_F5_elastic.png,FAMILY-93,FATHER,elastic,4209690,4.74,11.12,8.943,6.616,32
data/split/train/FAMILY-93/FATHER/FM093_F5.png,data/train_distorted/distorted/FAMILY-93/FATHER/FM093_F5_local.png,FAMILY-93,FATHER,local,4209691,3.13,6.92,,,
data/split/train/FAMILY-93/FATHER/FM093_F5.png,data/train_distorted/distorted/FAMILY-93/FATHER/FM093_F5_bending.png,FAMILY-93,FATHER,bending,4209692,6.5,11.2,,,
data/split/train/FAMILY-93/MOTHER/FM093_M1.png,data/train_distorted/distorted/FAMILY-93/MOTHER/FM093_M1_elastic.png,FAMILY-93,MOTHER,elastic,4209700,4.65,12.78,9.128,5.073,32
data/split/train/FAMILY-93/MOTHER/FM093_M1.png,data/train_distorted/distorted/FAMILY-93/MOTHER/FM093_M1_local.png,FAMILY-93,MOTHER,local,4209701,5.02,12.75,,,
data/split/train/FAMILY-93/MOTHER/FM093_M1.png,data/train_distorted/distorted/FAMILY-93/MOTHER/FM093_M1_bending.png,FAMILY-93,MOTHER,bending,4209702,6.01,10.37,,,
data/split/train/FAMILY-93/MOTHER/FM093_M2.png,data/train_distorted/distorted/FAMILY-93/MOTHER/FM093_M2_elastic.png,FAMILY-93,MOTHER,elastic,4209710,6.11,13.57,10.467,5.682,32
data/split/train/FAMILY-93/MOTHER/FM093_M2.png,data/train_distorted/distorted/FAMILY-93/MOTHER/FM093_M2_local.png,FAMILY-93,MOTHER,local,4209711,3.3,9.29,,,
data/split/train/FAMILY-93/MOTHER/FM093_M2.png,data/train_distorted/distorted/FAMILY-93/MOTHER/FM093_M2_bending.png,FAMILY-93,MOTHER,bending,4209712,4.72,8.44,,,
data/split/train/FAMILY-93/MOTHER/FM093_M3.png,data/train_distorted/distorted/FAMILY-93/MOTHER/FM093_M3_elastic.png,FAMILY-93,MOTHER,elastic,4209720,7.04,16.18,11.431,6.107,32
data/split/train/FAMILY-93/MOTHER/FM093_M3.png,data/train_distorted/distorted/FAMILY-93/MOTHER/FM093_M3_local.png,FAMILY-93,MOTHER,local,4209721,2.21,4.93,,,
data/split/train/FAMILY-93/MOTHER/FM093_M3.png,data/train_distorted/distorted/FAMILY-93/MOTHER/FM093_M3_bending.png,FAMILY-93,MOTHER,bending,4209722,4.44,7.39,,,
data/split/train/FAMILY-93/MOTHER/FM093_M4.png,data/train_distorted/distorted/FAMILY-93/MOTHER/FM093_M4_elastic.png,FAMILY-93,MOTHER,elastic,4209730,6.56,16.63,12.66,7.254,32
data/split/train/FAMILY-93/MOTHER/FM093_M4.png,data/train_distorted/distorted/FAMILY-93/MOTHER/FM093_M4_local.png,FAMILY-93,MOTHER,local,4209731,3.82,7.54,,,
data/split/train/FAMILY-93/MOTHER/FM093_M4.png,data/train_distorted/distorted/FAMILY-93/MOTHER/FM093_M4_bending.png,FAMILY-93,MOTHER,bending,4209732,3.68,6.65,,,
data/split/train/FAMILY-93/MOTHER/FM093_M5.png,data/train_distorted/distorted/FAMILY-93/MOTHER/FM093_M5_elastic.png,FAMILY-93,MOTHER,elastic,4209740,7.71,18.06,12.68,5.397,32
data/split/train/FAMILY-93/MOTHER/FM093_M5.png,data/train_distorted/distorted/FAMILY-93/MOTHER/FM093_M5_local.png,FAMILY-93,MOTHER,local,4209741,4.16,9.52,,,
data/split/train/FAMILY-93/MOTHER/FM093_M5.png,data/train_distorted/distorted/FAMILY-93/MOTHER/FM093_M5_bending.png,FAMILY-93,MOTHER,bending,4209742,5.68,10.43,,,
data/split/train/FAMILY-94/CHILD/FM094_C1.png,data/train_distorted/distorted/FAMILY-94/CHILD/FM094_C1_elastic.png,FAMILY-94,CHILD,elastic,4209750,6.82,17.54,11.849,6.751,32
data/split/train/FAMILY-94/CHILD/FM094_C1.png,data/train_distorted/distorted/FAMILY-94/CHILD/FM094_C1_local.png,FAMILY-94,CHILD,local,4209751,4.73,10.97,,,
data/split/train/FAMILY-94/CHILD/FM094_C1.png,data/train_distorted/distorted/FAMILY-94/CHILD/FM094_C1_bending.png,FAMILY-94,CHILD,bending,4209752,4.69,8.6,,,
data/split/train/FAMILY-94/CHILD/FM094_C2.png,data/train_distorted/distorted/FAMILY-94/CHILD/FM094_C2_elastic.png,FAMILY-94,CHILD,elastic,4209760,7.96,24.39,15.972,7.771,32
data/split/train/FAMILY-94/CHILD/FM094_C2.png,data/train_distorted/distorted/FAMILY-94/CHILD/FM094_C2_local.png,FAMILY-94,CHILD,local,4209761,5.53,11.53,,,
data/split/train/FAMILY-94/CHILD/FM094_C2.png,data/train_distorted/distorted/FAMILY-94/CHILD/FM094_C2_bending.png,FAMILY-94,CHILD,bending,4209762,6.73,11.76,,,
data/split/train/FAMILY-94/CHILD/FM094_C3.png,data/train_distorted/distorted/FAMILY-94/CHILD/FM094_C3_elastic.png,FAMILY-94,CHILD,elastic,4209770,8.31,17.78,15.801,7.921,32
data/split/train/FAMILY-94/CHILD/FM094_C3.png,data/train_distorted/distorted/FAMILY-94/CHILD/FM094_C3_local.png,FAMILY-94,CHILD,local,4209771,4.01,10.79,,,
data/split/train/FAMILY-94/CHILD/FM094_C3.png,data/train_distorted/distorted/FAMILY-94/CHILD/FM094_C3_bending.png,FAMILY-94,CHILD,bending,4209772,3.73,6.42,,,
data/split/train/FAMILY-94/CHILD/FM094_C4.png,data/train_distorted/distorted/FAMILY-94/CHILD/FM094_C4_elastic.png,FAMILY-94,CHILD,elastic,4209780,6.83,17.91,12.528,6.318,32
data/split/train/FAMILY-94/CHILD/FM094_C4.png,data/train_distorted/distorted/FAMILY-94/CHILD/FM094_C4_local.png,FAMILY-94,CHILD,local,4209781,4.37,12.05,,,
data/split/train/FAMILY-94/CHILD/FM094_C4.png,data/train_distorted/distorted/FAMILY-94/CHILD/FM094_C4_bending.png,FAMILY-94,CHILD,bending,4209782,5.12,9.08,,,
data/split/train/FAMILY-94/CHILD/FM094_C5.png,data/train_distorted/distorted/FAMILY-94/CHILD/FM094_C5_elastic.png,FAMILY-94,CHILD,elastic,4209790,7.44,17.55,13.968,6.592,32
data/split/train/FAMILY-94/CHILD/FM094_C5.png,data/train_distorted/distorted/FAMILY-94/CHILD/FM094_C5_local.png,FAMILY-94,CHILD,local,4209791,3.43,8.93,,,
data/split/train/FAMILY-94/CHILD/FM094_C5.png,data/train_distorted/distorted/FAMILY-94/CHILD/FM094_C5_bending.png,FAMILY-94,CHILD,bending,4209792,5.48,9.76,,,
data/split/train/FAMILY-94/FATHER/FM094_F1.png,data/train_distorted/distorted/FAMILY-94/FATHER/FM094_F1_elastic.png,FAMILY-94,FATHER,elastic,4209800,4.38,11.64,8.213,6.528,32
data/split/train/FAMILY-94/FATHER/FM094_F1.png,data/train_distorted/distorted/FAMILY-94/FATHER/FM094_F1_local.png,FAMILY-94,FATHER,local,4209801,4.39,10.84,,,
data/split/train/FAMILY-94/FATHER/FM094_F1.png,data/train_distorted/distorted/FAMILY-94/FATHER/FM094_F1_bending.png,FAMILY-94,FATHER,bending,4209802,7.02,12.3,,,
data/split/train/FAMILY-94/FATHER/FM094_F2.png,data/train_distorted/distorted/FAMILY-94/FATHER/FM094_F2_elastic.png,FAMILY-94,FATHER,elastic,4209810,8.08,20.02,14.394,5.184,32
data/split/train/FAMILY-94/FATHER/FM094_F2.png,data/train_distorted/distorted/FAMILY-94/FATHER/FM094_F2_local.png,FAMILY-94,FATHER,local,4209811,3.07,6.27,,,
data/split/train/FAMILY-94/FATHER/FM094_F2.png,data/train_distorted/distorted/FAMILY-94/FATHER/FM094_F2_bending.png,FAMILY-94,FATHER,bending,4209812,6.21,11.04,,,
data/split/train/FAMILY-94/FATHER/FM094_F3.png,data/train_distorted/distorted/FAMILY-94/FATHER/FM094_F3_elastic.png,FAMILY-94,FATHER,elastic,4209820,8.59,19.71,15.729,6.286,32
data/split/train/FAMILY-94/FATHER/FM094_F3.png,data/train_distorted/distorted/FAMILY-94/FATHER/FM094_F3_local.png,FAMILY-94,FATHER,local,4209821,2.92,7.03,,,
data/split/train/FAMILY-94/FATHER/FM094_F3.png,data/train_distorted/distorted/FAMILY-94/FATHER/FM094_F3_bending.png,FAMILY-94,FATHER,bending,4209822,6.2,10.91,,,
data/split/train/FAMILY-94/FATHER/FM094_F4.png,data/train_distorted/distorted/FAMILY-94/FATHER/FM094_F4_elastic.png,FAMILY-94,FATHER,elastic,4209830,6.11,14.7,11.338,7.82,32
data/split/train/FAMILY-94/FATHER/FM094_F4.png,data/train_distorted/distorted/FAMILY-94/FATHER/FM094_F4_local.png,FAMILY-94,FATHER,local,4209831,4.54,8.11,,,
data/split/train/FAMILY-94/FATHER/FM094_F4.png,data/train_distorted/distorted/FAMILY-94/FATHER/FM094_F4_bending.png,FAMILY-94,FATHER,bending,4209832,4.49,7.67,,,
data/split/train/FAMILY-94/FATHER/FM094_F5.png,data/train_distorted/distorted/FAMILY-94/FATHER/FM094_F5_elastic.png,FAMILY-94,FATHER,elastic,4209840,7.16,18.51,12.784,7.845,32
data/split/train/FAMILY-94/FATHER/FM094_F5.png,data/train_distorted/distorted/FAMILY-94/FATHER/FM094_F5_local.png,FAMILY-94,FATHER,local,4209841,2.16,5.71,,,
data/split/train/FAMILY-94/FATHER/FM094_F5.png,data/train_distorted/distorted/FAMILY-94/FATHER/FM094_F5_bending.png,FAMILY-94,FATHER,bending,4209842,6.45,10.88,,,
data/split/train/FAMILY-94/MOTHER/FM094_M1.png,data/train_distorted/distorted/FAMILY-94/MOTHER/FM094_M1_elastic.png,FAMILY-94,MOTHER,elastic,4209850,6.64,14.84,11.699,6.28,32
data/split/train/FAMILY-94/MOTHER/FM094_M1.png,data/train_distorted/distorted/FAMILY-94/MOTHER/FM094_M1_local.png,FAMILY-94,MOTHER,local,4209851,3.62,7.29,,,
data/split/train/FAMILY-94/MOTHER/FM094_M1.png,data/train_distorted/distorted/FAMILY-94/MOTHER/FM094_M1_bending.png,FAMILY-94,MOTHER,bending,4209852,4.93,8.67,,,
data/split/train/FAMILY-94/MOTHER/FM094_M2.png,data/train_distorted/distorted/FAMILY-94/MOTHER/FM094_M2_elastic.png,FAMILY-94,MOTHER,elastic,4209860,10.08,22.14,15.959,6.645,32
data/split/train/FAMILY-94/MOTHER/FM094_M2.png,data/train_distorted/distorted/FAMILY-94/MOTHER/FM094_M2_local.png,FAMILY-94,MOTHER,local,4209861,4.72,9.28,,,
data/split/train/FAMILY-94/MOTHER/FM094_M2.png,data/train_distorted/distorted/FAMILY-94/MOTHER/FM094_M2_bending.png,FAMILY-94,MOTHER,bending,4209862,5.26,9.09,,,
data/split/train/FAMILY-94/MOTHER/FM094_M3.png,data/train_distorted/distorted/FAMILY-94/MOTHER/FM094_M3_elastic.png,FAMILY-94,MOTHER,elastic,4209870,4.93,13.0,8.449,5.899,32
data/split/train/FAMILY-94/MOTHER/FM094_M3.png,data/train_distorted/distorted/FAMILY-94/MOTHER/FM094_M3_local.png,FAMILY-94,MOTHER,local,4209871,3.65,8.55,,,
data/split/train/FAMILY-94/MOTHER/FM094_M3.png,data/train_distorted/distorted/FAMILY-94/MOTHER/FM094_M3_bending.png,FAMILY-94,MOTHER,bending,4209872,3.73,6.36,,,
data/split/train/FAMILY-94/MOTHER/FM094_M4.png,data/train_distorted/distorted/FAMILY-94/MOTHER/FM094_M4_elastic.png,FAMILY-94,MOTHER,elastic,4209880,6.46,14.77,12.166,7.448,32
data/split/train/FAMILY-94/MOTHER/FM094_M4.png,data/train_distorted/distorted/FAMILY-94/MOTHER/FM094_M4_local.png,FAMILY-94,MOTHER,local,4209881,3.7,7.95,,,
data/split/train/FAMILY-94/MOTHER/FM094_M4.png,data/train_distorted/distorted/FAMILY-94/MOTHER/FM094_M4_bending.png,FAMILY-94,MOTHER,bending,4209882,7.09,11.93,,,
data/split/train/FAMILY-94/MOTHER/FM094_M5.png,data/train_distorted/distorted/FAMILY-94/MOTHER/FM094_M5_elastic.png,FAMILY-94,MOTHER,elastic,4209890,4.64,10.71,8.145,7.383,32
data/split/train/FAMILY-94/MOTHER/FM094_M5.png,data/train_distorted/distorted/FAMILY-94/MOTHER/FM094_M5_local.png,FAMILY-94,MOTHER,local,4209891,4.37,11.24,,,
data/split/train/FAMILY-94/MOTHER/FM094_M5.png,data/train_distorted/distorted/FAMILY-94/MOTHER/FM094_M5_bending.png,FAMILY-94,MOTHER,bending,4209892,3.54,5.89,,,
data/split/train/FAMILY-95/CHILD/FM095_C1.png,data/train_distorted/distorted/FAMILY-95/CHILD/FM095_C1_elastic.png,FAMILY-95,CHILD,elastic,4209900,8.48,20.61,15.834,7.966,32
data/split/train/FAMILY-95/CHILD/FM095_C1.png,data/train_distorted/distorted/FAMILY-95/CHILD/FM095_C1_local.png,FAMILY-95,CHILD,local,4209901,3.34,6.46,,,
data/split/train/FAMILY-95/CHILD/FM095_C1.png,data/train_distorted/distorted/FAMILY-95/CHILD/FM095_C1_bending.png,FAMILY-95,CHILD,bending,4209902,6.03,10.16,,,
data/split/train/FAMILY-95/CHILD/FM095_C2.png,data/train_distorted/distorted/FAMILY-95/CHILD/FM095_C2_elastic.png,FAMILY-95,CHILD,elastic,4209910,7.44,19.03,13.002,6.674,32
data/split/train/FAMILY-95/CHILD/FM095_C2.png,data/train_distorted/distorted/FAMILY-95/CHILD/FM095_C2_local.png,FAMILY-95,CHILD,local,4209911,3.4,9.31,,,
data/split/train/FAMILY-95/CHILD/FM095_C2.png,data/train_distorted/distorted/FAMILY-95/CHILD/FM095_C2_bending.png,FAMILY-95,CHILD,bending,4209912,6.04,10.77,,,
data/split/train/FAMILY-95/CHILD/FM095_C3.png,data/train_distorted/distorted/FAMILY-95/CHILD/FM095_C3_elastic.png,FAMILY-95,CHILD,elastic,4209920,6.8,16.93,12.484,7.712,32
data/split/train/FAMILY-95/CHILD/FM095_C3.png,data/train_distorted/distorted/FAMILY-95/CHILD/FM095_C3_local.png,FAMILY-95,CHILD,local,4209921,2.56,5.39,,,
data/split/train/FAMILY-95/CHILD/FM095_C3.png,data/train_distorted/distorted/FAMILY-95/CHILD/FM095_C3_bending.png,FAMILY-95,CHILD,bending,4209922,6.03,10.62,,,
data/split/train/FAMILY-95/CHILD/FM095_C4.png,data/train_distorted/distorted/FAMILY-95/CHILD/FM095_C4_elastic.png,FAMILY-95,CHILD,elastic,4209930,8.13,19.13,13.705,6.765,32
data/split/train/FAMILY-95/CHILD/FM095_C4.png,data/train_distorted/distorted/FAMILY-95/CHILD/FM095_C4_local.png,FAMILY-95,CHILD,local,4209931,3.65,9.26,,,
data/split/train/FAMILY-95/CHILD/FM095_C4.png,data/train_distorted/distorted/FAMILY-95/CHILD/FM095_C4_bending.png,FAMILY-95,CHILD,bending,4209932,6.03,11.07,,,
data/split/train/FAMILY-95/CHILD/FM095_C5.png,data/train_distorted/distorted/FAMILY-95/CHILD/FM095_C5_elastic.png,FAMILY-95,CHILD,elastic,4209940,7.57,18.54,14.034,6.56,32
data/split/train/FAMILY-95/CHILD/FM095_C5.png,data/train_distorted/distorted/FAMILY-95/CHILD/FM095_C5_local.png,FAMILY-95,CHILD,local,4209941,5.01,9.7,,,
data/split/train/FAMILY-95/CHILD/FM095_C5.png,data/train_distorted/distorted/FAMILY-95/CHILD/FM095_C5_bending.png,FAMILY-95,CHILD,bending,4209942,5.17,8.81,,,
data/split/train/FAMILY-95/FATHER/FM095_F1.png,data/train_distorted/distorted/FAMILY-95/FATHER/FM095_F1_elastic.png,FAMILY-95,FATHER,elastic,4209950,8.54,19.96,14.122,6.246,32
data/split/train/FAMILY-95/FATHER/FM095_F1.png,data/train_distorted/distorted/FAMILY-95/FATHER/FM095_F1_local.png,FAMILY-95,FATHER,local,4209951,2.7,6.96,,,
data/split/train/FAMILY-95/FATHER/FM095_F1.png,data/train_distorted/distorted/FAMILY-95/FATHER/FM095_F1_bending.png,FAMILY-95,FATHER,bending,4209952,6.49,11.11,,,
data/split/train/FAMILY-95/FATHER/FM095_F2.png,data/train_distorted/distorted/FAMILY-95/FATHER/FM095_F2_elastic.png,FAMILY-95,FATHER,elastic,4209960,5.38,12.07,9.257,6.355,32
data/split/train/FAMILY-95/FATHER/FM095_F2.png,data/train_distorted/distorted/FAMILY-95/FATHER/FM095_F2_local.png,FAMILY-95,FATHER,local,4209961,3.74,8.29,,,
data/split/train/FAMILY-95/FATHER/FM095_F2.png,data/train_distorted/distorted/FAMILY-95/FATHER/FM095_F2_bending.png,FAMILY-95,FATHER,bending,4209962,3.84,6.45,,,
data/split/train/FAMILY-95/FATHER/FM095_F3.png,data/train_distorted/distorted/FAMILY-95/FATHER/FM095_F3_elastic.png,FAMILY-95,FATHER,elastic,4209970,8.41,21.93,15.319,6.215,32
data/split/train/FAMILY-95/FATHER/FM095_F3.png,data/train_distorted/distorted/FAMILY-95/FATHER/FM095_F3_local.png,FAMILY-95,FATHER,local,4209971,4.53,11.13,,,
data/split/train/FAMILY-95/FATHER/FM095_F3.png,data/train_distorted/distorted/FAMILY-95/FATHER/FM095_F3_bending.png,FAMILY-95,FATHER,bending,4209972,5.09,9.02,,,
data/split/train/FAMILY-95/FATHER/FM095_F4.png,data/train_distorted/distorted/FAMILY-95/FATHER/FM095_F4_elastic.png,FAMILY-95,FATHER,elastic,4209980,7.3,18.08,12.845,5.381,32
data/split/train/FAMILY-95/FATHER/FM095_F4.png,data/train_distorted/distorted/FAMILY-95/FATHER/FM095_F4_local.png,FAMILY-95,FATHER,local,4209981,2.7,5.88,,,
data/split/train/FAMILY-95/FATHER/FM095_F4.png,data/train_distorted/distorted/FAMILY-95/FATHER/FM095_F4_bending.png,FAMILY-95,FATHER,bending,4209982,4.99,8.3,,,
data/split/train/FAMILY-95/FATHER/FM095_F5.png,data/train_distorted/distorted/FAMILY-95/FATHER/FM095_F5_elastic.png,FAMILY-95,FATHER,elastic,4209990,7.74,21.18,13.83,5.228,32
data/split/train/FAMILY-95/FATHER/FM095_F5.png,data/train_distorted/distorted/FAMILY-95/FATHER/FM095_F5_local.png,FAMILY-95,FATHER,local,4209991,4.05,8.14,,,
data/split/train/FAMILY-95/FATHER/FM095_F5.png,data/train_distorted/distorted/FAMILY-95/FATHER/FM095_F5_bending.png,FAMILY-95,FATHER,bending,4209992,5.79,10.47,,,
data/split/train/FAMILY-95/MOTHER/FM095_M1.png,data/train_distorted/distorted/FAMILY-95/MOTHER/FM095_M1_elastic.png,FAMILY-95,MOTHER,elastic,4210000,4.85,12.42,8.222,5.629,32
data/split/train/FAMILY-95/MOTHER/FM095_M1.png,data/train_distorted/distorted/FAMILY-95/MOTHER/FM095_M1_local.png,FAMILY-95,MOTHER,local,4210001,3.89,6.86,,,
data/split/train/FAMILY-95/MOTHER/FM095_M1.png,data/train_distorted/distorted/FAMILY-95/MOTHER/FM095_M1_bending.png,FAMILY-95,MOTHER,bending,4210002,5.31,9.6,,,
data/split/train/FAMILY-95/MOTHER/FM095_M2.png,data/train_distorted/distorted/FAMILY-95/MOTHER/FM095_M2_elastic.png,FAMILY-95,MOTHER,elastic,4210010,7.18,20.02,13.914,6.09,32
data/split/train/FAMILY-95/MOTHER/FM095_M2.png,data/train_distorted/distorted/FAMILY-95/MOTHER/FM095_M2_local.png,FAMILY-95,MOTHER,local,4210011,3.43,7.7,,,
data/split/train/FAMILY-95/MOTHER/FM095_M2.png,data/train_distorted/distorted/FAMILY-95/MOTHER/FM095_M2_bending.png,FAMILY-95,MOTHER,bending,4210012,7.0,12.72,,,
data/split/train/FAMILY-95/MOTHER/FM095_M3.png,data/train_distorted/distorted/FAMILY-95/MOTHER/FM095_M3_elastic.png,FAMILY-95,MOTHER,elastic,4210020,5.32,16.13,10.211,7.3,32
data/split/train/FAMILY-95/MOTHER/FM095_M3.png,data/train_distorted/distorted/FAMILY-95/MOTHER/FM095_M3_local.png,FAMILY-95,MOTHER,local,4210021,4.16,11.0,,,
data/split/train/FAMILY-95/MOTHER/FM095_M3.png,data/train_distorted/distorted/FAMILY-95/MOTHER/FM095_M3_bending.png,FAMILY-95,MOTHER,bending,4210022,5.81,10.51,,,
data/split/train/FAMILY-95/MOTHER/FM095_M4.png,data/train_distorted/distorted/FAMILY-95/MOTHER/FM095_M4_elastic.png,FAMILY-95,MOTHER,elastic,4210030,7.28,20.36,13.882,7.807,32
data/split/train/FAMILY-95/MOTHER/FM095_M4.png,data/train_distorted/distorted/FAMILY-95/MOTHER/FM095_M4_local.png,FAMILY-95,MOTHER,local,4210031,2.46,5.28,,,
data/split/train/FAMILY-95/MOTHER/FM095_M4.png,data/train_distorted/distorted/FAMILY-95/MOTHER/FM095_M4_bending.png,FAMILY-95,MOTHER,bending,4210032,3.67,6.57,,,
data/split/train/FAMILY-95/MOTHER/FM095_M5.png,data/train_distorted/distorted/FAMILY-95/MOTHER/FM095_M5_elastic.png,FAMILY-95,MOTHER,elastic,4210040,5.04,11.87,9.308,7.447,32
data/split/train/FAMILY-95/MOTHER/FM095_M5.png,data/train_distorted/distorted/FAMILY-95/MOTHER/FM095_M5_local.png,FAMILY-95,MOTHER,local,4210041,3.13,7.57,,,
data/split/train/FAMILY-95/MOTHER/FM095_M5.png,data/train_distorted/distorted/FAMILY-95/MOTHER/FM095_M5_bending.png,FAMILY-95,MOTHER,bending,4210042,4.9,8.16,,,
data/split/train/FAMILY-96/CHILD/FM096_C1.png,data/train_distorted/distorted/FAMILY-96/CHILD/FM096_C1_elastic.png,FAMILY-96,CHILD,elastic,4210050,6.3,15.48,11.678,5.917,32
data/split/train/FAMILY-96/CHILD/FM096_C1.png,data/train_distorted/distorted/FAMILY-96/CHILD/FM096_C1_local.png,FAMILY-96,CHILD,local,4210051,4.78,9.41,,,
data/split/train/FAMILY-96/CHILD/FM096_C1.png,data/train_distorted/distorted/FAMILY-96/CHILD/FM096_C1_bending.png,FAMILY-96,CHILD,bending,4210052,7.0,11.9,,,
data/split/train/FAMILY-96/CHILD/FM096_C2.png,data/train_distorted/distorted/FAMILY-96/CHILD/FM096_C2_elastic.png,FAMILY-96,CHILD,elastic,4210060,7.09,18.29,13.119,7.424,32
data/split/train/FAMILY-96/CHILD/FM096_C2.png,data/train_distorted/distorted/FAMILY-96/CHILD/FM096_C2_local.png,FAMILY-96,CHILD,local,4210061,2.9,6.19,,,
data/split/train/FAMILY-96/CHILD/FM096_C2.png,data/train_distorted/distorted/FAMILY-96/CHILD/FM096_C2_bending.png,FAMILY-96,CHILD,bending,4210062,4.25,7.14,,,
data/split/train/FAMILY-96/CHILD/FM096_C3.png,data/train_distorted/distorted/FAMILY-96/CHILD/FM096_C3_elastic.png,FAMILY-96,CHILD,elastic,4210070,5.09,11.9,8.417,5.345,32
data/split/train/FAMILY-96/CHILD/FM096_C3.png,data/train_distorted/distorted/FAMILY-96/CHILD/FM096_C3_local.png,FAMILY-96,CHILD,local,4210071,5.22,10.94,,,
data/split/train/FAMILY-96/CHILD/FM096_C3.png,data/train_distorted/distorted/FAMILY-96/CHILD/FM096_C3_bending.png,FAMILY-96,CHILD,bending,4210072,3.62,6.02,,,
data/split/train/FAMILY-96/CHILD/FM096_C4.png,data/train_distorted/distorted/FAMILY-96/CHILD/FM096_C4_elastic.png,FAMILY-96,CHILD,elastic,4210080,8.82,20.95,15.671,7.746,32
data/split/train/FAMILY-96/CHILD/FM096_C4.png,data/train_distorted/distorted/FAMILY-96/CHILD/FM096_C4_local.png,FAMILY-96,CHILD,local,4210081,2.85,6.42,,,
data/split/train/FAMILY-96/CHILD/FM096_C4.png,data/train_distorted/distorted/FAMILY-96/CHILD/FM096_C4_bending.png,FAMILY-96,CHILD,bending,4210082,6.3,10.65,,,
data/split/train/FAMILY-96/CHILD/FM096_C5.png,data/train_distorted/distorted/FAMILY-96/CHILD/FM096_C5_elastic.png,FAMILY-96,CHILD,elastic,4210090,6.19,16.87,11.339,6.863,32
data/split/train/FAMILY-96/CHILD/FM096_C5.png,data/train_distorted/distorted/FAMILY-96/CHILD/FM096_C5_local.png,FAMILY-96,CHILD,local,4210091,4.41,9.1,,,
data/split/train/FAMILY-96/CHILD/FM096_C5.png,data/train_distorted/distorted/FAMILY-96/CHILD/FM096_C5_bending.png,FAMILY-96,CHILD,bending,4210092,6.37,11.74,,,
data/split/train/FAMILY-96/FATHER/FM096_F1.png,data/train_distorted/distorted/FAMILY-96/FATHER/FM096_F1_elastic.png,FAMILY-96,FATHER,elastic,4210100,4.65,13.07,8.29,6.183,32
data/split/train/FAMILY-96/FATHER/FM096_F1.png,data/train_distorted/distorted/FAMILY-96/FATHER/FM096_F1_local.png,FAMILY-96,FATHER,local,4210101,4.83,10.87,,,
data/split/train/FAMILY-96/FATHER/FM096_F1.png,data/train_distorted/distorted/FAMILY-96/FATHER/FM096_F1_bending.png,FAMILY-96,FATHER,bending,4210102,4.35,8.02,,,
data/split/train/FAMILY-96/FATHER/FM096_F2.png,data/train_distorted/distorted/FAMILY-96/FATHER/FM096_F2_elastic.png,FAMILY-96,FATHER,elastic,4210110,8.16,19.52,14.479,5.456,32
data/split/train/FAMILY-96/FATHER/FM096_F2.png,data/train_distorted/distorted/FAMILY-96/FATHER/FM096_F2_local.png,FAMILY-96,FATHER,local,4210111,2.62,6.45,,,
data/split/train/FAMILY-96/FATHER/FM096_F2.png,data/train_distorted/distorted/FAMILY-96/FATHER/FM096_F2_bending.png,FAMILY-96,FATHER,bending,4210112,3.74,6.72,,,
data/split/train/FAMILY-96/FATHER/FM096_F3.png,data/train_distorted/distorted/FAMILY-96/FATHER/FM096_F3_elastic.png,FAMILY-96,FATHER,elastic,4210120,7.72,16.52,13.088,5.106,32
data/split/train/FAMILY-96/FATHER/FM096_F3.png,data/train_distorted/distorted/FAMILY-96/FATHER/FM096_F3_local.png,FAMILY-96,FATHER,local,4210121,3.08,6.75,,,
data/split/train/FAMILY-96/FATHER/FM096_F3.png,data/train_distorted/distorted/FAMILY-96/FATHER/FM096_F3_bending.png,FAMILY-96,FATHER,bending,4210122,5.58,9.56,,,
data/split/train/FAMILY-96/FATHER/FM096_F4.png,data/train_distorted/distorted/FAMILY-96/FATHER/FM096_F4_elastic.png,FAMILY-96,FATHER,elastic,4210130,6.95,18.22,12.986,7.007,32
data/split/train/FAMILY-96/FATHER/FM096_F4.png,data/train_distorted/distorted/FAMILY-96/FATHER/FM096_F4_local.png,FAMILY-96,FATHER,local,4210131,3.09,7.0,,,
data/split/train/FAMILY-96/FATHER/FM096_F4.png,data/train_distorted/distorted/FAMILY-96/FATHER/FM096_F4_bending.png,FAMILY-96,FATHER,bending,4210132,7.1,13.05,,,
data/split/train/FAMILY-96/FATHER/FM096_F5.png,data/train_distorted/distorted/FAMILY-96/FATHER/FM096_F5_elastic.png,FAMILY-96,FATHER,elastic,4210140,6.18,14.56,11.115,5.22,32
data/split/train/FAMILY-96/FATHER/FM096_F5.png,data/train_distorted/distorted/FAMILY-96/FATHER/FM096_F5_local.png,FAMILY-96,FATHER,local,4210141,4.22,8.94,,,
data/split/train/FAMILY-96/FATHER/FM096_F5.png,data/train_distorted/distorted/FAMILY-96/FATHER/FM096_F5_bending.png,FAMILY-96,FATHER,bending,4210142,5.22,9.18,,,
data/split/train/FAMILY-96/MOTHER/FM096_M1.png,data/train_distorted/distorted/FAMILY-96/MOTHER/FM096_M1_elastic.png,FAMILY-96,MOTHER,elastic,4210150,5.37,12.93,10.382,7.704,32
data/split/train/FAMILY-96/MOTHER/FM096_M1.png,data/train_distorted/distorted/FAMILY-96/MOTHER/FM096_M1_local.png,FAMILY-96,MOTHER,local,4210151,2.68,5.08,,,
data/split/train/FAMILY-96/MOTHER/FM096_M1.png,data/train_distorted/distorted/FAMILY-96/MOTHER/FM096_M1_bending.png,FAMILY-96,MOTHER,bending,4210152,6.22,10.36,,,
data/split/train/FAMILY-96/MOTHER/FM096_M2.png,data/train_distorted/distorted/FAMILY-96/MOTHER/FM096_M2_elastic.png,FAMILY-96,MOTHER,elastic,4210160,7.79,18.91,12.888,5.391,32
data/split/train/FAMILY-96/MOTHER/FM096_M2.png,data/train_distorted/distorted/FAMILY-96/MOTHER/FM096_M2_local.png,FAMILY-96,MOTHER,local,4210161,3.38,8.39,,,
data/split/train/FAMILY-96/MOTHER/FM096_M2.png,data/train_distorted/distorted/FAMILY-96/MOTHER/FM096_M2_bending.png,FAMILY-96,MOTHER,bending,4210162,5.12,8.72,,,
data/split/train/FAMILY-96/MOTHER/FM096_M3.png,data/train_distorted/distorted/FAMILY-96/MOTHER/FM096_M3_elastic.png,FAMILY-96,MOTHER,elastic,4210170,6.13,14.24,11.331,7.858,32
data/split/train/FAMILY-96/MOTHER/FM096_M3.png,data/train_distorted/distorted/FAMILY-96/MOTHER/FM096_M3_local.png,FAMILY-96,MOTHER,local,4210171,4.62,9.24,,,
data/split/train/FAMILY-96/MOTHER/FM096_M3.png,data/train_distorted/distorted/FAMILY-96/MOTHER/FM096_M3_bending.png,FAMILY-96,MOTHER,bending,4210172,7.06,12.91,,,
data/split/train/FAMILY-96/MOTHER/FM096_M4.png,data/train_distorted/distorted/FAMILY-96/MOTHER/FM096_M4_elastic.png,FAMILY-96,MOTHER,elastic,4210180,6.22,15.11,11.423,7.157,32
data/split/train/FAMILY-96/MOTHER/FM096_M4.png,data/train_distorted/distorted/FAMILY-96/MOTHER/FM096_M4_local.png,FAMILY-96,MOTHER,local,4210181,5.16,10.3,,,
data/split/train/FAMILY-96/MOTHER/FM096_M4.png,data/train_distorted/distorted/FAMILY-96/MOTHER/FM096_M4_bending.png,FAMILY-96,MOTHER,bending,4210182,5.5,9.52,,,
data/split/train/FAMILY-96/MOTHER/FM096_M5.png,data/train_distorted/distorted/FAMILY-96/MOTHER/FM096_M5_elastic.png,FAMILY-96,MOTHER,elastic,4210190,6.34,15.41,11.171,6.49,32
data/split/train/FAMILY-96/MOTHER/FM096_M5.png,data/train_distorted/distorted/FAMILY-96/MOTHER/FM096_M5_local.png,FAMILY-96,MOTHER,local,4210191,3.1,6.02,,,
data/split/train/FAMILY-96/MOTHER/FM096_M5.png,data/train_distorted/distorted/FAMILY-96/MOTHER/FM096_M5_bending.png,FAMILY-96,MOTHER,bending,4210192,5.02,8.61,,,
data/split/train/FAMILY-97/CHILD/FM097_C1.png,data/train_distorted/distorted/FAMILY-97/CHILD/FM097_C1_elastic.png,FAMILY-97,CHILD,elastic,4210200,6.94,16.06,11.876,6.578,32
data/split/train/FAMILY-97/CHILD/FM097_C1.png,data/train_distorted/distorted/FAMILY-97/CHILD/FM097_C1_local.png,FAMILY-97,CHILD,local,4210201,3.97,8.52,,,
data/split/train/FAMILY-97/CHILD/FM097_C1.png,data/train_distorted/distorted/FAMILY-97/CHILD/FM097_C1_bending.png,FAMILY-97,CHILD,bending,4210202,4.08,6.81,,,
data/split/train/FAMILY-97/CHILD/FM097_C2.png,data/train_distorted/distorted/FAMILY-97/CHILD/FM097_C2_elastic.png,FAMILY-97,CHILD,elastic,4210210,5.55,14.17,10.415,5.386,32
data/split/train/FAMILY-97/CHILD/FM097_C2.png,data/train_distorted/distorted/FAMILY-97/CHILD/FM097_C2_local.png,FAMILY-97,CHILD,local,4210211,2.42,5.87,,,
data/split/train/FAMILY-97/CHILD/FM097_C2.png,data/train_distorted/distorted/FAMILY-97/CHILD/FM097_C2_bending.png,FAMILY-97,CHILD,bending,4210212,5.2,9.03,,,
data/split/train/FAMILY-97/CHILD/FM097_C3.png,data/train_distorted/distorted/FAMILY-97/CHILD/FM097_C3_elastic.png,FAMILY-97,CHILD,elastic,4210220,6.64,15.39,12.369,7.769,32
data/split/train/FAMILY-97/CHILD/FM097_C3.png,data/train_distorted/distorted/FAMILY-97/CHILD/FM097_C3_local.png,FAMILY-97,CHILD,local,4210221,2.8,6.39,,,
data/split/train/FAMILY-97/CHILD/FM097_C3.png,data/train_distorted/distorted/FAMILY-97/CHILD/FM097_C3_bending.png,FAMILY-97,CHILD,bending,4210222,4.65,7.74,,,
data/split/train/FAMILY-97/CHILD/FM097_C4.png,data/train_distorted/distorted/FAMILY-97/CHILD/FM097_C4_elastic.png,FAMILY-97,CHILD,elastic,4210230,5.65,13.03,9.362,5.28,32
data/split/train/FAMILY-97/CHILD/FM097_C4.png,data/train_distorted/distorted/FAMILY-97/CHILD/FM097_C4_local.png,FAMILY-97,CHILD,local,4210231,3.87,11.65,,,
data/split/train/FAMILY-97/CHILD/FM097_C4.png,data/train_distorted/distorted/FAMILY-97/CHILD/FM097_C4_bending.png,FAMILY-97,CHILD,bending,4210232,3.31,5.59,,,
data/split/train/FAMILY-97/CHILD/FM097_C5.png,data/train_distorted/distorted/FAMILY-97/CHILD/FM097_C5_elastic.png,FAMILY-97,CHILD,elastic,4210240,6.71,17.33,12.226,7.521,32
data/split/train/FAMILY-97/CHILD/FM097_C5.png,data/train_distorted/distorted/FAMILY-97/CHILD/FM097_C5_local.png,FAMILY-97,CHILD,local,4210241,4.73,9.65,,,
data/split/train/FAMILY-97/CHILD/FM097_C5.png,data/train_distorted/distorted/FAMILY-97/CHILD/FM097_C5_bending.png,FAMILY-97,CHILD,bending,4210242,6.42,11.47,,,
data/split/train/FAMILY-97/FATHER/FM097_F1.png,data/train_distorted/distorted/FAMILY-97/FATHER/FM097_F1_elastic.png,FAMILY-97,FATHER,elastic,4210250,9.27,22.66,15.293,5.535,32
data/split/train/FAMILY-97/FATHER/FM097_F1.png,data/train_distorted/distorted/FAMILY-97/FATHER/FM097_F1_local.png,FAMILY-97,FATHER,local,4210251,5.14,11.36,,,
data/split/train/FAMILY-97/FATHER/FM097_F1.png,data/train_distorted/distorted/FAMILY-97/FATHER/FM097_F1_bending.png,FAMILY-97,FATHER,bending,4210252,3.54,5.89,,,
data/split/train/FAMILY-97/FATHER/FM097_F2.png,data/train_distorted/distorted/FAMILY-97/FATHER/FM097_F2_elastic.png,FAMILY-97,FATHER,elastic,4210260,8.37,19.78,15.097,6.644,32
data/split/train/FAMILY-97/FATHER/FM097_F2.png,data/train_distorted/distorted/FAMILY-97/FATHER/FM097_F2_local.png,FAMILY-97,FATHER,local,4210261,2.56,6.42,,,
data/split/train/FAMILY-97/FATHER/FM097_F2.png,data/train_distorted/distorted/FAMILY-97/FATHER/FM097_F2_bending.png,FAMILY-97,FATHER,bending,4210262,6.19,11.23,,,
data/split/train/FAMILY-97/FATHER/FM097_F3.png,data/train_distorted/distorted/FAMILY-97/FATHER/FM097_F3_elastic.png,FAMILY-97,FATHER,elastic,4210270,6.2,14.49,12.46,7.215,32
data/split/train/FAMILY-97/FATHER/FM097_F3.png,data/train_distorted/distorted/FAMILY-97/FATHER/FM097_F3_local.png,FAMILY-97,FATHER,local,4210271,4.97,11.04,,,
data/split/train/FAMILY-97/FATHER/FM097_F3.png,data/train_distorted/distorted/FAMILY-97/FATHER/FM097_F3_bending.png,FAMILY-97,FATHER,bending,4210272,4.11,6.84,,,
data/split/train/FAMILY-97/FATHER/FM097_F4.png,data/train_distorted/distorted/FAMILY-97/FATHER/FM097_F4_elastic.png,FAMILY-97,FATHER,elastic,4210280,7.01,19.78,12.61,6.805,32
data/split/train/FAMILY-97/FATHER/FM097_F4.png,data/train_distorted/distorted/FAMILY-97/FATHER/FM097_F4_local.png,FAMILY-97,FATHER,local,4210281,3.06,8.41,,,
data/split/train/FAMILY-97/FATHER/FM097_F4.png,data/train_distorted/distorted/FAMILY-97/FATHER/FM097_F4_bending.png,FAMILY-97,FATHER,bending,4210282,3.47,6.28,,,
data/split/train/FAMILY-97/FATHER/FM097_F5.png,data/train_distorted/distorted/FAMILY-97/FATHER/FM097_F5_elastic.png,FAMILY-97,FATHER,elastic,4210290,4.73,14.59,9.423,7.493,32
data/split/train/FAMILY-97/FATHER/FM097_F5.png,data/train_distorted/distorted/FAMILY-97/FATHER/FM097_F5_local.png,FAMILY-97,FATHER,local,4210291,4.62,11.33,,,
data/split/train/FAMILY-97/FATHER/FM097_F5.png,data/train_distorted/distorted/FAMILY-97/FATHER/FM097_F5_bending.png,FAMILY-97,FATHER,bending,4210292,4.04,6.89,,,
data/split/train/FAMILY-97/MOTHER/FM097_M1.png,data/train_distorted/distorted/FAMILY-97/MOTHER/FM097_M1_elastic.png,FAMILY-97,MOTHER,elastic,4210300,8.64,19.68,14.983,5.539,32
data/split/train/FAMILY-97/MOTHER/FM097_M1.png,data/train_distorted/distorted/FAMILY-97/MOTHER/FM097_M1_local.png,FAMILY-97,MOTHER,local,4210301,4.04,8.99,,,
data/split/train/FAMILY-97/MOTHER/FM097_M1.png,data/train_distorted/distorted/FAMILY-97/MOTHER/FM097_M1_bending.png,FAMILY-97,MOTHER,bending,4210302,3.83,7.02,,,
data/split/train/FAMILY-97/MOTHER/FM097_M2.png,data/train_distorted/distorted/FAMILY-97/MOTHER/FM097_M2_elastic.png,FAMILY-97,MOTHER,elastic,4210310,6.5,16.57,11.733,7.592,32
data/split/train/FAMILY-97/MOTHER/FM097_M2.png,data/train_distorted/distorted/FAMILY-97/MOTHER/FM097_M2_local.png,FAMILY-97,MOTHER,local,4210311,3.19,8.59,,,
data/split/train/FAMILY-97/MOTHER/FM097_M2.png,data/train_distorted/distorted/FAMILY-97/MOTHER/FM097_M2_bending.png,FAMILY-97,MOTHER,bending,4210312,6.33,11.54,,,
data/split/train/FAMILY-97/MOTHER/FM097_M3.png,data/train_distorted/distorted/FAMILY-97/MOTHER/FM097_M3_elastic.png,FAMILY-97,MOTHER,elastic,4210320,4.84,11.2,8.526,6.558,32
data/split/train/FAMILY-97/MOTHER/FM097_M3.png,data/train_distorted/distorted/FAMILY-97/MOTHER/FM097_M3_local.png,FAMILY-97,MOTHER,local,4210321,3.95,8.16,,,
data/split/train/FAMILY-97/MOTHER/FM097_M3.png,data/train_distorted/distorted/FAMILY-97/MOTHER/FM097_M3_bending.png,FAMILY-97,MOTHER,bending,4210322,6.86,12.26,,,
data/split/train/FAMILY-97/MOTHER/FM097_M4.png,data/train_distorted/distorted/FAMILY-97/MOTHER/FM097_M4_elastic.png,FAMILY-97,MOTHER,elastic,4210330,8.66,19.03,15.724,6.194,32
data/split/train/FAMILY-97/MOTHER/FM097_M4.png,data/train_distorted/distorted/FAMILY-97/MOTHER/FM097_M4_local.png,FAMILY-97,MOTHER,local,4210331,4.22,7.91,,,
data/split/train/FAMILY-97/MOTHER/FM097_M4.png,data/train_distorted/distorted/FAMILY-97/MOTHER/FM097_M4_bending.png,FAMILY-97,MOTHER,bending,4210332,6.68,12.11,,,
data/split/train/FAMILY-97/MOTHER/FM097_M5.png,data/train_distorted/distorted/FAMILY-97/MOTHER/FM097_M5_elastic.png,FAMILY-97,MOTHER,elastic,4210340,6.55,14.59,10.888,5.487,32
data/split/train/FAMILY-97/MOTHER/FM097_M5.png,data/train_distorted/distorted/FAMILY-97/MOTHER/FM097_M5_local.png,FAMILY-97,MOTHER,local,4210341,3.28,8.52,,,
data/split/train/FAMILY-97/MOTHER/FM097_M5.png,data/train_distorted/distorted/FAMILY-97/MOTHER/FM097_M5_bending.png,FAMILY-97,MOTHER,bending,4210342,6.06,10.78,,,
data/split/train/FAMILY-98/CHILD/FM098_C1.png,data/train_distorted/distorted/FAMILY-98/CHILD/FM098_C1_elastic.png,FAMILY-98,CHILD,elastic,4210350,9.97,21.73,15.28,5.12,32
data/split/train/FAMILY-98/CHILD/FM098_C1.png,data/train_distorted/distorted/FAMILY-98/CHILD/FM098_C1_local.png,FAMILY-98,CHILD,local,4210351,2.7,5.8,,,
data/split/train/FAMILY-98/CHILD/FM098_C1.png,data/train_distorted/distorted/FAMILY-98/CHILD/FM098_C1_bending.png,FAMILY-98,CHILD,bending,4210352,6.17,11.1,,,
data/split/train/FAMILY-98/CHILD/FM098_C2.png,data/train_distorted/distorted/FAMILY-98/CHILD/FM098_C2_elastic.png,FAMILY-98,CHILD,elastic,4210360,6.04,16.67,11.096,5.492,32
data/split/train/FAMILY-98/CHILD/FM098_C2.png,data/train_distorted/distorted/FAMILY-98/CHILD/FM098_C2_local.png,FAMILY-98,CHILD,local,4210361,3.77,6.48,,,
data/split/train/FAMILY-98/CHILD/FM098_C2.png,data/train_distorted/distorted/FAMILY-98/CHILD/FM098_C2_bending.png,FAMILY-98,CHILD,bending,4210362,7.02,12.48,,,
data/split/train/FAMILY-98/CHILD/FM098_C3.png,data/train_distorted/distorted/FAMILY-98/CHILD/FM098_C3_elastic.png,FAMILY-98,CHILD,elastic,4210370,7.69,20.52,13.329,5.854,32
data/split/train/FAMILY-98/CHILD/FM098_C3.png,data/train_distorted/distorted/FAMILY-98/CHILD/FM098_C3_local.png,FAMILY-98,CHILD,local,4210371,5.6,11.13,,,
data/split/train/FAMILY-98/CHILD/FM098_C3.png,data/train_distorted/distorted/FAMILY-98/CHILD/FM098_C3_bending.png,FAMILY-98,CHILD,bending,4210372,4.02,6.91,,,
data/split/train/FAMILY-98/CHILD/FM098_C4.png,data/train_distorted/distorted/FAMILY-98/CHILD/FM098_C4_elastic.png,FAMILY-98,CHILD,elastic,4210380,7.37,16.44,12.711,6.869,32
data/split/train/FAMILY-98/CHILD/FM098_C4.png,data/train_distorted/distorted/FAMILY-98/CHILD/FM098_C4_local.png,FAMILY-98,CHILD,local,4210381,3.01,6.74,,,
data/split/train/FAMILY-98/CHILD/FM098_C4.png,data/train_distorted/distorted/FAMILY-98/CHILD/FM098_C4_bending.png,FAMILY-98,CHILD,bending,4210382,4.16,7.61,,,
data/split/train/FAMILY-98/CHILD/FM098_C5.png,data/train_distorted/distorted/FAMILY-98/CHILD/FM098_C5_elastic.png,FAMILY-98,CHILD,elastic,4210390,5.06,13.17,8.807,6.118,32
data/split/train/FAMILY-98/CHILD/FM098_C5.png,data/train_distorted/distorted/FAMILY-98/CHILD/FM098_C5_local.png,FAMILY-98,CHILD,local,4210391,4.99,10.23,,,
data/split/train/FAMILY-98/CHILD/FM098_C5.png,data/train_distorted/distorted/FAMILY-98/CHILD/FM098_C5_bending.png,FAMILY-98,CHILD,bending,4210392,4.12,7.0,,,
data/split/train/FAMILY-98/FATHER/FM098_F1.png,data/train_distorted/distorted/FAMILY-98/FATHER/FM098_F1_elastic.png,FAMILY-98,FATHER,elastic,4210400,5.02,11.35,8.265,5.245,32
data/split/train/FAMILY-98/FATHER/FM098_F1.png,data/train_distorted/distorted/FAMILY-98/FATHER/FM098_F1_local.png,FAMILY-98,FATHER,local,4210401,4.53,9.88,,,
data/split/train/FAMILY-98/FATHER/FM098_F1.png,data/train_distorted/distorted/FAMILY-98/FATHER/FM098_F1_bending.png,FAMILY-98,FATHER,bending,4210402,5.11,8.86,,,
data/split/train/FAMILY-98/FATHER/FM098_F2.png,data/train_distorted/distorted/FAMILY-98/FATHER/FM098_F2_elastic.png,FAMILY-98,FATHER,elastic,4210410,4.46,12.38,8.519,7.385,32
data/split/train/FAMILY-98/FATHER/FM098_F2.png,data/train_distorted/distorted/FAMILY-98/FATHER/FM098_F2_local.png,FAMILY-98,FATHER,local,4210411,2.79,5.76,,,
data/split/train/FAMILY-98/FATHER/FM098_F2.png,data/train_distorted/distorted/FAMILY-98/FATHER/FM098_F2_bending.png,FAMILY-98,FATHER,bending,4210412,4.35,7.88,,,
data/split/train/FAMILY-98/FATHER/FM098_F3.png,data/train_distorted/distorted/FAMILY-98/FATHER/FM098_F3_elastic.png,FAMILY-98,FATHER,elastic,4210420,7.18,17.0,13.518,7.905,32
data/split/train/FAMILY-98/FATHER/FM098_F3.png,data/train_distorted/distorted/FAMILY-98/FATHER/FM098_F3_local.png,FAMILY-98,FATHER,local,4210421,4.9,9.3,,,
data/split/train/FAMILY-98/FATHER/FM098_F3.png,data/train_distorted/distorted/FAMILY-98/FATHER/FM098_F3_bending.png,FAMILY-98,FATHER,bending,4210422,3.56,6.09,,,
data/split/train/FAMILY-98/FATHER/FM098_F4.png,data/train_distorted/distorted/FAMILY-98/FATHER/FM098_F4_elastic.png,FAMILY-98,FATHER,elastic,4210430,7.55,19.38,12.917,6.747,32
data/split/train/FAMILY-98/FATHER/FM098_F4.png,data/train_distorted/distorted/FAMILY-98/FATHER/FM098_F4_local.png,FAMILY-98,FATHER,local,4210431,4.53,9.38,,,
data/split/train/FAMILY-98/FATHER/FM098_F4.png,data/train_distorted/distorted/FAMILY-98/FATHER/FM098_F4_bending.png,FAMILY-98,FATHER,bending,4210432,4.15,7.28,,,
data/split/train/FAMILY-98/FATHER/FM098_F5.png,data/train_distorted/distorted/FAMILY-98/FATHER/FM098_F5_elastic.png,FAMILY-98,FATHER,elastic,4210440,4.03,10.12,8.026,7.15,32
data/split/train/FAMILY-98/FATHER/FM098_F5.png,data/train_distorted/distorted/FAMILY-98/FATHER/FM098_F5_local.png,FAMILY-98,FATHER,local,4210441,3.06,6.86,,,
data/split/train/FAMILY-98/FATHER/FM098_F5.png,data/train_distorted/distorted/FAMILY-98/FATHER/FM098_F5_bending.png,FAMILY-98,FATHER,bending,4210442,6.02,10.14,,,
data/split/train/FAMILY-98/MOTHER/FM098_M1.png,data/train_distorted/distorted/FAMILY-98/MOTHER/FM098_M1_elastic.png,FAMILY-98,MOTHER,elastic,4210450,6.96,18.6,11.943,5.04,32
data/split/train/FAMILY-98/MOTHER/FM098_M1.png,data/train_distorted/distorted/FAMILY-98/MOTHER/FM098_M1_local.png,FAMILY-98,MOTHER,local,4210451,3.65,9.31,,,
data/split/train/FAMILY-98/MOTHER/FM098_M1.png,data/train_distorted/distorted/FAMILY-98/MOTHER/FM098_M1_bending.png,FAMILY-98,MOTHER,bending,4210452,5.89,9.81,,,
data/split/train/FAMILY-98/MOTHER/FM098_M2.png,data/train_distorted/distorted/FAMILY-98/MOTHER/FM098_M2_elastic.png,FAMILY-98,MOTHER,elastic,4210460,5.12,11.65,10.839,7.789,32
data/split/train/FAMILY-98/MOTHER/FM098_M2.png,data/train_distorted/distorted/FAMILY-98/MOTHER/FM098_M2_local.png,FAMILY-98,MOTHER,local,4210461,3.81,7.87,,,
data/split/train/FAMILY-98/MOTHER/FM098_M2.png,data/train_distorted/distorted/FAMILY-98/MOTHER/FM098_M2_bending.png,FAMILY-98,MOTHER,bending,4210462,5.01,8.65,,,
data/split/train/FAMILY-98/MOTHER/FM098_M3.png,data/train_distorted/distorted/FAMILY-98/MOTHER/FM098_M3_elastic.png,FAMILY-98,MOTHER,elastic,4210470,9.6,20.76,15.161,5.407,32
data/split/train/FAMILY-98/MOTHER/FM098_M3.png,data/train_distorted/distorted/FAMILY-98/MOTHER/FM098_M3_local.png,FAMILY-98,MOTHER,local,4210471,4.61,10.27,,,
data/split/train/FAMILY-98/MOTHER/FM098_M3.png,data/train_distorted/distorted/FAMILY-98/MOTHER/FM098_M3_bending.png,FAMILY-98,MOTHER,bending,4210472,3.37,5.93,,,
data/split/train/FAMILY-98/MOTHER/FM098_M4.png,data/train_distorted/distorted/FAMILY-98/MOTHER/FM098_M4_elastic.png,FAMILY-98,MOTHER,elastic,4210480,5.68,13.08,9.924,6.885,32
data/split/train/FAMILY-98/MOTHER/FM098_M4.png,data/train_distorted/distorted/FAMILY-98/MOTHER/FM098_M4_local.png,FAMILY-98,MOTHER,local,4210481,3.82,8.88,,,
data/split/train/FAMILY-98/MOTHER/FM098_M4.png,data/train_distorted/distorted/FAMILY-98/MOTHER/FM098_M4_bending.png,FAMILY-98,MOTHER,bending,4210482,4.98,8.98,,,
data/split/train/FAMILY-98/MOTHER/FM098_M5.png,data/train_distorted/distorted/FAMILY-98/MOTHER/FM098_M5_elastic.png,FAMILY-98,MOTHER,elastic,4210490,5.45,14.12,9.063,5.428,32
data/split/train/FAMILY-98/MOTHER/FM098_M5.png,data/train_distorted/distorted/FAMILY-98/MOTHER/FM098_M5_local.png,FAMILY-98,MOTHER,local,4210491,3.41,7.97,,,
data/split/train/FAMILY-98/MOTHER/FM098_M5.png,data/train_distorted/distorted/FAMILY-98/MOTHER/FM098_M5_bending.png,FAMILY-98,MOTHER,bending,4210492,4.99,8.66,,,
