family,member,distortion_type,seed,mean_disp,median_disp,p90_disp,p95_disp,max_disp,std_disp,affected_2px_pct,affected_4px_pct,affected_6px_pct
FAMILY-1,CHILD,elastic,4200000,7.782495498657227,7.598294258117676,12.470263004302979,13.765807390213013,18.63656997680664,3.4621529579162598,96.24920280612244,86.14875637755102,67.28117028061224
FAMILY-1,CHILD,local,4200001,3.240002393722534,3.146609306335449,5.177048921585083,6.1657702922821045,8.640338897705078,1.5769586563110352,75.76132015306123,29.761240433673468,5.454799107142857
FAMILY-1,CHILD,bending,4200002,6.373988628387451,6.819768905639648,9.858584880828857,10.375178098678589,11.533378601074219,2.9048166275024414,89.84175701530613,74.70703125,58.03571428571429
FAMILY-1,CHILD,elastic,4200010,8.484108924865723,8.543577194213867,13.372940063476562,15.024539232254028,20.88899040222168,3.8553390502929688,96.3687818877551,85.68239795918367,71.44252232142857
FAMILY-1,CHILD,local,4200011,2.7488789558410645,2.7228806018829346,4.244746208190918,4.7153472900390625,5.387479305267334,1.166190266609192,71.37675382653062,13.691804846938776,0.0
FAMILY-1,CHILD,bending,4200012,5.138026237487793,5.492548942565918,7.945499420166016,8.365970611572266,9.311789512634277,2.3399693965911865,86.09893176020408,67.06792091836735,43.309550382653065
FAMILY-1,CHILD,elastic,4200020,6.492473602294922,6.3347578048706055,10.751766204833984,11.861394166946411,14.854350090026855,3.0942389965057373,93.61447704081633,75.6656568877551,53.52558992346938
FAMILY-1,CHILD,local,4200021,4.496169567108154,4.455265998840332,7.337425231933594,8.119163990020752,10.8921537399292,2.115891933441162,87.35650510204081,58.48413584183674,23.499282525510203
FAMILY-1,CHILD,bending,4200022,5.917325973510742,6.469442367553711,9.22408151626587,9.517083883285522,9.984793663024902,2.7799201011657715,87.17912946428571,71.69961734693877,54.595822704081634
FAMILY-1,CHILD,elastic,4200030,7.681777000427246,7.658608436584473,12.42483377456665,13.69402265548706,19.457727432250977,3.6367721557617188,94.78635204081633,81.44132653061224,65.03507653061224
FAMILY-1,CHILD,local,4200031,2.785883665084839,2.712325096130371,4.487864017486572,4.7248945236206055,5.337413311004639,1.1514369249343872,71.97863520408163,16.80683992346939,0.0
FAMILY-1,CHILD,bending,4200032,4.670414447784424,5.048593997955322,7.25166654586792,7.569944143295288,8.23509693145752,2.152635335922241,83.78308354591837,62.83482142857143,35.54886798469388
FAMILY-1,CHILD,elastic,4200040,7.6678643226623535,7.578278064727783,12.342729568481445,13.22113299369812,21.642562866210938,3.522830009460449,95.66525829081633,83.43829719387756,65.53132971938776
FAMILY-1,CHILD,local,4200041,4.274162292480469,3.9895849227905273,7.390315771102905,8.011269569396973,9.18584156036377,2.062258243560791,86.2125318877551,49.80269451530612,22.81768176020408
FAMILY-1,CHILD,bending,4200042,6.664665222167969,7.240940093994141,10.367235660552979,10.768799543380737,11.558362007141113,3.0944063663482666,89.45511798469387,75.5141900510204,60.57079081632652
FAMILY-1,FATHER,elastic,4200050,7.958890438079834,8.141433715820312,12.256275177001953,13.20354151725769,19.574697494506836,3.4217686653137207,95.82469706632652,84.65800382653062,70.32047193877551
FAMILY-1,FATHER,local,4200051,3.7628836631774902,3.652524471282959,6.199322700500488,6.725240468978882,8.479609489440918,1.7616373300552368,83.20711096938776,42.10180165816326,12.665417729591837
FAMILY-1,FATHER,bending,4200052,7.136355876922607,7.692272186279297,11.067572116851807,11.584287166595459,12.6951265335083,3.2763495445251465,91.14317602040816,77.74832589285714,63.645966198979586
FAMILY-1,FATHER,elastic,4200060,6.589748382568359,6.433449745178223,10.688486576080322,12.031752347946167,17.85620880126953,3.1095774173736572,94.19244260204081,78.27048788265306,55.00837053571429
FAMILY-1,FATHER,local,4200061,4.625542640686035,4.477077484130859,7.625518560409546,8.701011180877686,11.957756996154785,2.2362003326416016,87.68933354591837,59.12189094387755,25.131536989795915
FAMILY-1,FATHER,bending,4200062,4.835968971252441,5.309430122375488,7.544760704040527,7.76852285861969,8.054015159606934,2.2918567657470703,83.48014987244898,64.46109693877551,40.78842474489796
FAMILY-1,FATHER,elastic,4200070,6.349575519561768,6.4525251388549805,9.883030414581299,10.790880918502808,14.518656730651855,2.6882474422454834,93.7141262755102,79.21117665816327,56.35961415816326
FAMILY-1,FATHER,local,4200071,4.112232685089111,3.741137981414795,7.594551086425781,8.284167528152466,10.316685676574707,2.2400240898132324,80.52853954081633,45.89644451530612,21.09375
FAMILY-1,FATHER,bending,4200072,6.632348537445068,7.265353202819824,10.345439434051514,10.662386894226074,11.063138961791992,3.1304306983947754,88.63201530612244,75.05779655612244,60.540896045918366
FAMILY-1,FATHER,elastic,4200080,7.735530376434326,7.563953399658203,12.524378776550293,14.357592105865479,20.927448272705078,3.7288007736206055,95.8725286989796,82.35411352040816,65.84821428571429
FAMILY-1,FATHER,local,4200081,4.944201946258545,4.887543678283691,8.054872512817383,9.12714171409607,10.376173973083496,2.334940195083618,88.10985331632652,62.12930484693877,35.99131058673469
FAMILY-1,FATHER,bending,4200082,6.08970308303833,6.49235725402832,9.40373945236206,9.927089929580688,11.12689208984375,2.763965606689453,89.34550382653062,73.34980867346938,55.321269132653065
FAMILY-1,FATHER,elastic,4200090,7.501481533050537,7.167958736419678,12.668155670166016,14.239268779754639,19.062807083129883,3.6576459407806396,95.00558035714286,82.48166454081633,62.08944515306123
FAMILY-1,FATHER,local,4200091,4.6809163093566895,4.5419816970825195,7.732841968536377,8.145359992980957,11.216836929321289,2.3106906414031982,87.00175382653062,58.71930803571429,30.520567602040817
FAMILY-1,FATHER,bending,4200092,6.141225337982178,6.710228443145752,9.571466445922852,9.87795352935791,10.40548324584961,2.880143165588379,87.84080038265306,72.87348533163265,56.60076530612245
FAMILY-1,MOTHER,elastic,4200100,8.506587028503418,8.342007637023926,13.740522861480713,15.396812915802002,19.823444366455078,3.9217424392700195,96.53021364795919,86.59119897959184,70.5078125
FAMILY-1,MOTHER,local,4200101,4.762546539306641,4.58620548248291,7.764933347702026,8.824177980422974,10.398640632629395,2.151033639907837,91.01163903061224,61.16470025510205,26.50868941326531
FAMILY-1,MOTHER,bending,4200102,3.39208984375,3.6528160572052,5.259675979614258,5.508158087730408,6.045889377593994,1.5560188293457031,76.38113839285714,42.930883290816325,0.06975446428571429
FAMILY-1,MOTHER,elastic,4200110,6.181844234466553,5.970052242279053,10.04599380493164,10.986597061157227,14.279150009155273,2.801546096801758,94.09080038265306,75.86694834183673,49.609375
FAMILY-1,MOTHER,local,4200111,4.058376312255859,4.0734405517578125,6.581428050994873,7.066986441612244,8.99204158782959,1.9643783569335938,81.47919323979592,51.026387117346935,18.405213647959183
FAMILY-1,MOTHER,bending,4200112,7.169197082519531,7.624013900756836,11.05531120300293,11.700132131576538,13.194615364074707,3.244419574737549,92.52630739795919,78.2844387755102,63.98477359693877
FAMILY-1,MOTHER,elastic,4200120,7.8033246994018555,7.684527397155762,12.862186908721924,14.244368314743042,18.565305709838867,3.8229658603668213,94.41366390306123,81.19818239795919,64.59263392857143
FAMILY-1,MOTHER,local,4200121,3.822791814804077,3.743718147277832,6.187174320220947,6.935573220252991,9.42429256439209,1.844994068145752,81.52702487244898,45.53970025510204,12.005739795918368
FAMILY-1,MOTHER,bending,4200122,4.151584148406982,4.43264102935791,6.416188716888428,6.76325535774231,7.554239749908447,1.8875391483306885,81.74426020408163,56.68247767857143,19.593032525510203
FAMILY-1,MOTHER,elastic,4200130,7.421276569366455,7.19537353515625,11.561437606811523,13.137322664260864,20.004722595214844,3.2589266300201416,95.90640943877551,85.29974489795919,66.15911989795919
FAMILY-1,MOTHER,local,4200131,4.495606899261475,4.3148274421691895,7.377876043319702,8.153115510940552,10.758089065551758,2.104271173477173,87.78499681122449,54.71141581632652,25.821109693877553
FAMILY-1,MOTHER,bending,4200132,3.465848922729492,3.7740249633789062,5.396217346191406,5.590784788131714,5.954131603240967,1.6158649921417236,76.51267538265306,45.84263392857143,0.0
FAMILY-1,MOTHER,elastic,4200140,7.7500176429748535,7.545531272888184,12.346655368804932,13.603190183639526,22.413238525390625,3.506990432739258,96.03396045918367,84.72576530612244,66.8327487244898
FAMILY-1,MOTHER,local,4200141,4.901445388793945,4.583673477172852,8.646676540374756,10.072578191757202,11.934304237365723,2.5757384300231934,87.74713010204081,59.04217155612245,29.563934948979593
FAMILY-1,MOTHER,bending,4200142,5.936576843261719,6.436247825622559,9.229750633239746,9.606628656387329,10.36778450012207,2.7478725910186768,87.85674426020408,72.00454400510205,54.41446109693877
FAMILY-10,CHILD,elastic,4200150,7.392897605895996,7.2018141746521,12.200839519500732,13.270450592041016,17.212940216064453,3.5023369789123535,94.27016900510205,80.91119260204081,62.76905293367348
FAMILY-10,CHILD,local,4200151,3.577045440673828,3.565094470977783,5.8846118450164795,6.354451656341553,7.535898208618164,1.676159381866455,79.54001913265306,41.6812818877551,8.655532525510203
FAMILY-10,CHILD,bending,4200152,4.331733703613281,4.666640281677246,6.717427492141724,7.032409429550171,7.713999271392822,1.9878066778182983,82.39397321428571,59.19563137755102,27.074697066326532
FAMILY-10,CHILD,elastic,4200160,5.750584602355957,5.726800918579102,9.275354862213135,10.180424690246582,13.628000259399414,2.6008524894714355,91.66135204081633,72.77383609693877,46.13560267857143
FAMILY-10,CHILD,local,4200161,2.4288952350616455,2.4650397300720215,3.8726065158843994,4.119804263114929,4.691343307495117,1.0573580265045166,63.87515943877551,7.425860969387756,0.0
FAMILY-10,CHILD,bending,4200162,3.3185434341430664,3.612607479095459,5.166535377502441,5.354169249534607,5.707368850708008,1.5464454889297485,75.28898278061224,42.1077806122449,0.0
FAMILY-10,CHILD,elastic,4200170,6.855348110198975,6.5875701904296875,11.479949474334717,12.450177192687988,14.904877662658691,3.1917130947113037,94.84414859693877,79.22114158163265,56.97743941326531
FAMILY-10,CHILD,local,4200171,4.798007488250732,4.638596534729004,8.703125476837158,9.340761661529541,11.342731475830078,2.6604197025299072,82.42984693877551,57.93407206632652,32.75470344387755
FAMILY-10,CHILD,bending,4200172,6.491159439086914,7.082911968231201,10.114447116851807,10.450451374053955,11.060080528259277,3.0370662212371826,88.71771364795919,74.58944515306123,59.4108737244898
FAMILY-10,CHILD,elastic,4200180,6.083266258239746,5.884174346923828,9.907751083374023,11.314520835876465,15.478849411010742,2.951260566711426,92.79536033163265,73.25015943877551,48.563058035714285
FAMILY-10,CHILD,local,4200181,4.481878757476807,4.210243225097656,7.6381471157073975,8.607143878936768,10.809837341308594,2.1559040546417236,87.34255420918367,53.69100765306123,23.37970344387755
FAMILY-10,CHILD,bending,4200182,4.679004192352295,5.0564470291137695,7.264056205749512,7.58613383769989,8.259930610656738,2.155472993850708,83.82892219387756,62.91055484693877,35.71029974489796
FAMILY-10,CHILD,elastic,4200190,5.09658145904541,4.990501403808594,8.08134651184082,8.85813307762146,12.076146125793457,2.2202701568603516,92.47648278061224,65.5711894132653,34.72576530612245
FAMILY-10,CHILD,local,4200191,4.695483684539795,4.8539228439331055,7.230109214782715,7.638094902038574,9.34288215637207,1.9824440479278564,88.93295599489795,63.135762117346935,29.396524234693878
FAMILY-10,CHILD,bending,4200192,4.817531585693359,5.276792049407959,7.512869119644165,7.746005415916443,8.052706718444824,2.2719576358795166,83.58777104591837,64.28172831632652,40.08091517857143
FAMILY-10,FATHER,elastic,4200200,6.529813766479492,6.321317672729492,10.77690839767456,11.780532360076904,18.670434951782227,3.1176209449768066,93.7141262755102,76.6422193877551,54.0656887755102
FAMILY-10,FATHER,local,4200201,3.512946605682373,3.2759110927581787,6.277724504470825,7.530711531639099,9.162257194519043,2.040410041809082,73.34582270408163,37.94842155612245,11.537388392857142
FAMILY-10,FATHER,bending,4200202,5.115747928619385,5.545228958129883,7.952479124069214,8.279942274093628,8.941092491149902,2.367133855819702,85.35355548469387,66.68925382653062,43.97520727040816
FAMILY-10,FATHER,elastic,4200210,6.458408355712891,6.348542213439941,10.301587104797363,11.2684965133667,14.075335502624512,2.852647304534912,94.60100446428571,78.23461415816327,54.33872767857143
FAMILY-10,FATHER,local,4200211,4.0750532150268555,3.9140214920043945,7.042205810546875,7.569662809371948,9.793540000915527,2.0997116565704346,81.74027423469387,48.57501594387755,20.76092155612245
FAMILY-10,FATHER,bending,4200212,5.252883434295654,5.71311092376709,8.17473030090332,8.479803562164307,9.068037986755371,2.443854808807373,85.64652423469387,67.64190051020408,46.51028380102041
FAMILY-10,FATHER,elastic,4200220,7.926340103149414,7.816788673400879,12.486298084259033,13.620949745178223,19.652475357055664,3.3883111476898193,96.61192602040816,87.27080676020408,70.5337213010204
FAMILY-10,FATHER,local,4200221,2.685910701751709,2.5630574226379395,4.45979905128479,5.1422576904296875,6.334383964538574,1.3377597332000732,65.80038265306123,17.900988520408163,0.9088010204081632
FAMILY-10,FATHER,bending,4200222,6.1622819900512695,6.694838047027588,9.586431503295898,9.956838369369507,10.684613227844238,2.861441135406494,88.30915178571429,73.19435586734694,56.592793367346935
FAMILY-10,FATHER,elastic,4200230,5.812901496887207,5.81024169921875,9.381038665771484,10.366525888442993,16.700557708740234,2.7871716022491455,91.53778698979592,70.45200892857143,47.68016581632653
FAMILY-10,FATHER,local,4200231,4.360997200012207,4.293529987335205,7.320227861404419,7.781253337860107,8.739870071411133,2.2138593196868896,81.45727040816327,53.48373724489795,30.385044642857146
FAMILY-10,FATHER,bending,4200232,6.383264064788818,6.979219436645508,9.951449871063232,10.266902923583984,10.774406433105469,2.9984233379364014,88.28125,74.02742346938776,58.62763073979592
FAMILY-10,FATHER,elastic,4200240,7.084805965423584,6.866747856140137,11.717942714691162,12.93757152557373,17.383825302124023,3.4590823650360107,93.88950892857143,78.14492984693877,58.96245216836735
FAMILY-10,FATHER,local,4200241,4.60013484954834,4.4754838943481445,7.311584949493408,8.203602313995361,10.948541641235352,2.064131498336792,90.20647321428571,58.252949617346935,24.986049107142858
FAMILY-10,FATHER,bending,4200242,3.5162370204925537,3.860156536102295,5.485805034637451,5.648707389831543,5.856074810028076,1.6663260459899902,76.55452806122449,47.608418367346935,0.0
FAMILY-10,MOTHER,elastic,4200250,8.28832721710205,8.210254669189453,13.161023616790771,14.632888555526733,21.217559814453125,3.7674787044525146,96.67171556122449,86.20854591836735,69.93383290816327
FAMILY-10,MOTHER,local,4200251,5.095433235168457,5.0372843742370605,7.863050699234009,8.714706420898438,10.637651443481445,2.1439316272735596,91.52782206632652,68.40720663265306,35.60068558673469
FAMILY-10,MOTHER,bending,4200252,6.3427815437316895,6.947539329528809,9.893421173095703,10.198338747024536,10.587137222290039,2.992969274520874,87.99824617346938,73.79025829081633,58.36654974489795
FAMILY-10,MOTHER,elastic,4200260,5.911241054534912,5.537567138671875,10.03505563735962,11.203495979309082,15.70436954498291,2.9169580936431885,93.00661670918367,71.01602359693877,44.42362882653062
FAMILY-10,MOTHER,local,4200261,4.185119152069092,3.8843770027160645,7.8446173667907715,8.541182041168213,9.405394554138184,2.256253957748413,80.89126275510205,47.7718431122449,21.709582270408163
FAMILY-10,MOTHER,bending,4200262,6.912290096282959,7.385860443115234,10.68572473526001,11.257208347320557,12.54693603515625,3.145930051803589,91.52782206632652,77.11854272959184,62.189094387755105
FAMILY-10,MOTHER,elastic,4200270,5.252734661102295,5.176941871643066,8.47401237487793,9.408955097198486,14.93408489227295,2.484558343887329,90.1108099489796,67.37085459183673,38.099888392857146
FAMILY-10,MOTHER,local,4200271,3.6274304389953613,3.612448215484619,5.6872899532318115,6.407456874847412,7.603130340576172,1.5670109987258911,83.28683035714286,40.555245535714285,7.806521045918367
FAMILY-10,MOTHER,bending,4200272,5.923738479614258,6.423879146575928,9.209840774536133,9.585017681121826,10.333974838256836,2.7432668209075928,87.80492665816327,71.93478954081633,54.30484693877551
FAMILY-10,MOTHER,elastic,4200280,5.867424011230469,5.692996978759766,9.737523078918457,10.63809084892273,14.183550834655762,2.777684211730957,92.28117028061224,70.76889349489795,46.21731505102041
FAMILY-10,MOTHER,local,4200281,3.718005418777466,3.8478126525878906,5.5767951011657715,5.919119238853455,8.093781471252441,1.5063395500183105,85.15625,45.94427614795919,4.310825892857143
FAMILY-10,MOTHER,bending,4200282,4.36692476272583,4.744102478027344,6.792889833450317,7.056299328804016,7.574437618255615,2.0274481773376465,82.18670280612244,59.74370216836735,28.724888392857146
FAMILY-10,MOTHER,elastic,4200290,8.105249404907227,7.812532424926758,13.279230117797852,14.704875946044922,21.553030014038086,3.6573076248168945,96.78930165816327,87.7391581632653,68.93335459183673
FAMILY-10,MOTHER,local,4200291,3.3723161220550537,3.180044174194336,5.377978086471558,6.267306566238403,7.865942478179932,1.5430927276611328,80.11200573979592,33.46619897959184,6.158322704081633
FAMILY-10,MOTHER,bending,4200292,3.7191061973571777,4.028775215148926,5.7796790599823,6.021730422973633,6.514314651489258,1.7192219495773315,78.60331632653062,50.50023915816326,5.343191964285714
FAMILY-100,CHILD,elastic,4200300,6.990546226501465,6.804180145263672,11.45645523071289,12.563639879226685,16.717260360717773,3.268364906311035,94.34988839285714,80.85339604591837,59.24346301020408
FAMILY-100,CHILD,local,4200301,3.4879703521728516,3.217533588409424,6.400581359863281,6.848234176635742,8.012998580932617,1.8882654905319214,74.96811224489795,37.38042091836735,13.526387117346939
FAMILY-100,CHILD,bending,4200302,7.052093982696533,7.671124458312988,10.975164413452148,11.38326382637024,12.16400146484375,3.282099962234497,90.12675382653062,77.0328443877551,63.179607780612244
FAMILY-100,CHILD,elastic,4200310,6.601413726806641,6.782392501831055,10.05905818939209,10.859917402267456,14.384209632873535,2.7746057510375977,94.57310267857143,79.27694515306123,59.98086734693877
FAMILY-100,CHILD,local,4200311,2.7039899826049805,2.700718402862549,4.172595262527466,4.672934055328369,5.439060211181641,1.1328330039978027,70.81473214285714,12.868702168367346,0.0
FAMILY-100,CHILD,bending,4200312,5.8145952224731445,6.192195892333984,8.973072052001953,9.483505725860596,10.660321235656738,2.635457754135132,88.58617665816327,71.8311543367347,52.20623405612245
FAMILY-100,CHILD,elastic,4200320,7.556278705596924,7.781750679016113,11.854065418243408,12.982322931289673,16.56952667236328,3.3285348415374756,95.64732142857143,82.21061862244898,66.27670599489795
FAMILY-100,CHILD,local,4200321,4.4177398681640625,4.200738906860352,7.218402624130249,8.093448162078857,9.970087051391602,2.0699901580810547,88.04408482142857,53.01538584183674,24.54559948979592
FAMILY-100,CHILD,bending,4200322,4.714993476867676,5.012165546417236,7.267987012863159,7.696961879730225,8.695483207702637,2.132056951522827,84.74170918367348,63.36694834183674,35.39740114795919
FAMILY-100,CHILD,elastic,4200330,7.505300521850586,7.4430036544799805,12.157786846160889,13.365144968032837,17.106666564941406,3.4918484687805176,94.91191007653062,81.6585618622449,63.29320790816326
FAMILY-100,CHILD,local,4200331,2.643160820007324,2.4916977882385254,4.489162445068359,5.071925401687622,6.719071865081787,1.3156564235687256,66.90449617346938,14.779974489795919,2.1603954081632653
FAMILY-100,CHILD,bending,4200332,4.847915172576904,5.256083965301514,7.536900758743286,7.845327854156494,8.468387603759766,2.2437424659729004,84.3490911989796,64.47704081632652,39.27973533163265
FAMILY-100,CHILD,elastic,4200340,8.832432746887207,8.703010559082031,14.174038410186768,16.05850887298584,19.90357208251953,3.983595132827759,97.08027742346938,87.38241390306123,74.41007653061224
FAMILY-100,CHILD,local,4200341,3.126188039779663,3.1956281661987305,4.758846998214722,5.091771245002747,5.651628494262695,1.2285820245742798,79.96053890306123,26.440927933673468,0.0
FAMILY-100,CHILD,bending,4200342,4.918754577636719,5.257857799530029,7.606106281280518,8.008821964263916,8.917223930358887,2.239807605743408,85.26985012755102,65.21045918367348,39.662388392857146
FAMILY-100,FATHER,elastic,4200350,7.2039618492126465,6.897870063781738,11.735159397125244,12.834235668182373,20.811071395874023,3.4730067253112793,95.21683673469387,80.41294642857143,60.943478954081634
FAMILY-100,FATHER,local,4200351,3.6768226623535156,3.581533432006836,5.855248928070068,6.491581201553345,7.746249198913574,1.5883501768112183,83.44029017857143,40.001195790816325,8.848852040816327
FAMILY-100,FATHER,bending,4200352,4.078932285308838,4.360119819641113,6.3071699142456055,6.641984701156616,7.396695613861084,1.8571741580963135,81.33769132653062,55.713887117346935,17.03603316326531
FAMILY-100,FATHER,elastic,4200360,7.195149898529053,7.241345405578613,11.160579681396484,12.037933826446533,18.46804428100586,3.0840535163879395,95.93630420918367,83.2389987244898,64.30564413265306
FAMILY-100,FATHER,local,4200361,3.5786752700805664,3.418454170227051,5.991993188858032,6.762532472610474,7.974534511566162,1.7895663976669312,77.76626275510205,40.955835459183675,9.905133928571429
FAMILY-100,FATHER,bending,4200362,5.435964584350586,5.945084571838379,8.474987030029297,8.74265456199646,9.163299560546875,2.5548458099365234,85.83785076530613,68.87157206632652,49.3781887755102
FAMILY-100,FATHER,elastic,4200370,6.720478057861328,6.6809821128845215,10.555024147033691,11.575496912002563,16.6494197845459,2.912976026535034,95.14110331632652,80.98094706632652,58.197146045918366
FAMILY-100,FATHER,local,4200371,4.401647567749023,4.346219539642334,7.395776748657227,8.154273748397827,9.642208099365234,2.1974029541015625,82.69292091836735,55.49266581632652,26.436941964285715
FAMILY-100,FATHER,bending,4200372,3.960130453109741,4.333217620849609,6.1754608154296875,6.368708491325378,6.65277099609375,1.8638279438018799,79.57788584183673,54.85491071428571,14.435188137755103
FAMILY-100,FATHER,elastic,4200380,7.829571723937988,7.761630058288574,12.625346183776855,13.720144748687744,18.774999618530273,3.5258936882019043,96.11766581632652,84.52048788265306,67.27319834183673
FAMILY-100,FATHER,local,4200381,2.8213319778442383,2.7038040161132812,4.3653340339660645,5.260701298713684,7.667831897735596,1.3167238235473633,72.15999681122449,14.51092155612245,2.895806760204082
FAMILY-100,FATHER,bending,4200382,5.92429780960083,6.505576133728027,9.242292404174805,9.515625,9.866678237915039,2.809434652328491,86.80843431122449,71.67370854591837,54.84295280612245
FAMILY-100,FATHER,elastic,4200390,4.780433654785156,4.61822509765625,8.146196842193604,8.830287456512451,12.103724479675293,2.412740707397461,86.31616709183673,58.988360969387756,31.030771683673468
FAMILY-100,FATHER,local,4200391,2.911299467086792,2.5496978759765625,5.409031629562378,6.545975685119629,7.6604485511779785,1.6424952745437622,66.93638392857143,21.34685905612245,7.710857780612244
FAMILY-100,FATHER,bending,4200392,6.5052056312561035,7.132145881652832,10.14800500869751,10.455368280410767,10.83371639251709,3.07613205909729,88.3171237244898,74.48381696428571,59.64803890306123
FAMILY-100,MOTHER,elastic,4200400,6.48709774017334,6.346403121948242,10.23045301437378,11.172040224075317,17.70969009399414,2.8607280254364014,95.1530612244898,78.97600446428571,54.20918367346938
FAMILY-100,MOTHER,local,4200401,4.313172817230225,4.099048614501953,6.645717620849609,7.3525508642196655,9.703360557556152,1.768426537513733,90.91796875,52.752311862244895,18.70017538265306
FAMILY-100,MOTHER,bending,4200402,3.925849676132202,4.1909871101379395,6.066817760467529,6.395772933959961,7.145256996154785,1.7847237586975098,80.46277104591837,53.270487882653065,11.51546556122449
FAMILY-100,MOTHER,elastic,4200410,9.15054702758789,9.028291702270508,14.555320739746094,15.958848476409912,24.603776931762695,4.151765823364258,97.24370216836735,88.80739795918367,74.86049107142857
FAMILY-100,MOTHER,local,4200411,3.6632678508758545,3.3694682121276855,6.480495452880859,7.223617076873779,9.285508155822754,1.8419545888900757,82.27240114795919,35.09247448979592,12.966358418367346
FAMILY-100,MOTHER,bending,4200412,4.165975570678711,4.543391704559326,6.489800691604614,6.710777521133423,7.114220142364502,1.9472980499267578,80.94905931122449,57.45376275510205,22.7359693877551
FAMILY-100,MOTHER,elastic,4200420,6.044692039489746,6.030394077301025,9.639348030090332,10.712321758270264,15.969796180725098,2.7437615394592285,93.79783163265306,73.79424426020408,50.32286352040817
FAMILY-100,MOTHER,local,4200421,5.471518516540527,5.604158401489258,8.507599830627441,9.231500387191772,11.72048282623291,2.466517210006714,90.86017219387756,70.1709980867347,43.77590880102041
FAMILY-100,MOTHER,bending,4200422,4.731253623962402,5.18076229095459,7.377588510513306,7.608071684837341,7.926196098327637,2.2292637825012207,83.27686543367348,63.5124362244898,38.179607780612244
FAMILY-100,MOTHER,elastic,4200430,4.476258754730225,4.471309661865234,7.085861921310425,7.969050765037537,11.191722869873047,2.0323240756988525,87.89261798469387,58.26690051020408,22.961176658163264
FAMILY-100,MOTHER,local,4200431,2.7540698051452637,2.6383848190307617,4.650662422180176,5.375237584114075,5.964221000671387,1.3505779504776,65.24035395408163,20.266661352040817,0.0
FAMILY-100,MOTHER,bending,4200432,6.388066291809082,6.846763610839844,9.887246131896973,10.391435146331787,11.511860847473145,2.9163119792938232,89.75406568877551,74.73493303571429,58.22504783163265
FAMILY-100,MOTHER,elastic,4200440,5.4798479080200195,5.413801670074463,8.6510009765625,9.42677116394043,14.090962409973145,2.3941407203674316,92.32700892857143,71.4664381377551,41.466039540816325
FAMILY-100,MOTHER,local,4200441,2.4935991764068604,2.540893077850342,3.9340423345565796,4.379779934883118,5.780176639556885,1.1541059017181396,65.72265625,8.880739795918368,0.0
FAMILY-100,MOTHER,bending,4200442,6.769260883331299,7.40419864654541,10.554550647735596,10.886161088943481,11.398836135864258,3.1828579902648926,89.03459821428571,75.63775510204081,61.419802295918366
FAMILY-11,CHILD,elastic,4200450,6.8736772537231445,6.791131973266602,10.757822036743164,11.85720419883728,15.719198226928711,2.980806350708008,95.5695950255102,81.21611926020408,59.44874043367348
FAMILY-11,CHILD,local,4200451,4.3319573402404785,4.1180572509765625,7.30808424949646,8.14116382598877,9.434374809265137,2.047903299331665,86.7008131377551,51.947146045918366,21.753427933673468
FAMILY-11,CHILD,bending,4200452,6.938396453857422,7.540449142456055,10.79631757736206,11.207123041152954,12.013339042663574,3.2238271236419678,89.97329400510205,76.61232461734694,62.43622448979592
FAMILY-11,CHILD,elastic,4200460,5.68906307220459,5.587407112121582,8.902778625488281,9.667253732681274,15.481476783752441,2.444758892059326,93.63839285714286,73.62683354591837,44.056919642857146
FAMILY-11,CHILD,local,4200461,2.61214017868042,2.5418214797973633,4.091172933578491,4.490354895591736,6.031415939331055,1.1160764694213867,71.57007334183673,11.587213010204081,0.04583864795918367
FAMILY-11,CHILD,bending,4200462,5.074698448181152,5.545608043670654,7.910532712936401,8.162306070327759,8.587733268737793,2.381194829940796,84.69985650510205,66.34048150510205,44.29009885204081
FAMILY-11,CHILD,elastic,4200470,5.177380084991455,5.131331443786621,8.463220596313477,9.374085187911987,13.222107887268066,2.4823060035705566,89.49896364795919,64.75007971938776,37.5
FAMILY-11,CHILD,local,4200471,4.041937828063965,4.023838520050049,6.4356443881988525,7.098195552825928,8.067180633544922,1.840031623840332,84.00829081632652,50.48030931122449,17.4984056122449
FAMILY-11,CHILD,bending,4200472,6.914357662200928,7.3777689933776855,10.680778503417969,11.267797231674194,12.608943939208984,3.140791177749634,91.72313456632652,77.17833227040816,62.22098214285714
FAMILY-11,CHILD,elastic,4200480,6.730931282043457,6.53511905670166,11.025583267211914,12.098325252532959,17.89609718322754,3.155580997467041,94.75047831632652,78.03730867346938,56.17227359693877
FAMILY-11,CHILD,local,4200481,4.096504211425781,3.790909767150879,6.891499280929565,7.746031641960144,10.033793449401855,2.052172899246216,84.87324617346938,46.11567283163265,17.906967474489797
FAMILY-11,CHILD,bending,4200482,5.49345064163208,5.943958759307861,8.533268928527832,8.898375272750854,9.656959533691406,2.5353891849517822,86.72871492346938,69.40369897959184,49.34630102040816
FAMILY-11,CHILD,elastic,4200490,8.32248592376709,7.89852237701416,14.03214693069458,15.559345722198486,20.406627655029297,4.037414073944092,96.21930803571429,85.80994897959184,68.36734693877551
FAMILY-11,CHILD,local,4200491,3.9852445125579834,3.632134437561035,7.057307243347168,8.079986333847046,10.77996826171875,2.146778106689453,81.9515306122449,41.986208545918366,18.006616709183675
FAMILY-11,CHILD,bending,4200492,4.80753231048584,5.219204902648926,7.476048946380615,7.7734599113464355,8.359560012817383,2.229551076889038,84.13783482142857,64.12627551020408,38.64795918367347
FAMILY-11,FATHER,elastic,4200500,5.787952423095703,5.759544849395752,9.072123527526855,9.84804391860962,12.34852123260498,2.4382224082946777,93.7141262755102,74.72696109693877,46.16749043367347
FAMILY-11,FATHER,local,4200501,3.5156822204589844,3.292630672454834,5.968144416809082,6.6105687618255615,8.247647285461426,1.6445364952087402,81.98142538265306,33.902662627551024,9.62810905612245
FAMILY-11,FATHER,bending,4200502,5.4414801597595215,5.801107406616211,8.403281688690186,8.86972451210022,9.940210342407227,2.469985008239746,87.3226243622449,69.39174107142857,47.56855867346938
FAMILY-11,FATHER,elastic,4200510,5.336560249328613,4.902935028076172,9.309967041015625,10.347033023834229,16.69353485107422,2.776777982711792,89.96133609693877,63.56026785714286,36.56927614795919
FAMILY-11,FATHER,local,4200511,4.3134684562683105,4.219269752502441,6.626950025558472,7.308380842208862,8.940372467041016,1.726965308189392,90.70870535714286,55.55444834183674,16.011639030612244
FAMILY-11,FATHER,bending,4200512,5.579533100128174,6.110384941101074,8.700980186462402,8.971832990646362,9.337004661560059,2.6301231384277344,86.13081951530613,69.75645727040816,51.171875
FAMILY-11,FATHER,elastic,4200520,7.265769958496094,6.874279975891113,11.989078998565674,13.379453897476196,20.062458038330078,3.512037992477417,95.56361607142857,80.67402742346938,59.94100765306123
FAMILY-11,FATHER,local,4200521,4.584538459777832,4.535496711730957,7.412235260009766,7.6082693338394165,9.11233901977539,2.0948147773742676,87.27479272959184,58.64756058673469,31.301817602040817
FAMILY-11,FATHER,bending,4200522,6.105139255523682,6.532944679260254,9.44535207748413,9.936440229415894,11.038512229919434,2.7831950187683105,89.06648596938776,73.3577806122449,55.614237882653065
FAMILY-11,FATHER,elastic,4200530,5.866623878479004,5.744956970214844,9.733144760131836,10.746361255645752,16.369766235351562,2.840240955352783,91.79886798469387,71.24720982142857,46.94674744897959
FAMILY-11,FATHER,local,4200531,2.8113250732421875,2.8000056743621826,4.578217506408691,5.016282439231873,6.980609893798828,1.4191441535949707,65.60108418367348,22.209821428571427,1.9172512755102038
FAMILY-11,FATHER,bending,4200532,6.028700351715088,6.485317707061768,9.34464168548584,9.793673276901245,10.769437789916992,2.76275634765625,88.57222576530613,72.77782206632652,55.04623724489795
FAMILY-11,FATHER,elastic,4200540,5.072917938232422,5.014955520629883,8.064425945281982,8.82495379447937,13.279556274414062,2.245429039001465,90.99370216836735,65.93191964285714,34.361049107142854
FAMILY-11,FATHER,local,4200541,3.748950481414795,3.65282940864563,6.358252286911011,7.48917555809021,8.70140266418457,1.9163089990615845,80.04623724489795,43.331473214285715,12.683354591836734
FAMILY-11,FATHER,bending,4200542,3.294680595397949,3.6122853755950928,5.139633893966675,5.295411229133606,5.4869384765625,1.5580151081085205,74.85451211734694,42.52032844387755,0.0
FAMILY-11,MOTHER,elastic,4200550,6.453299522399902,6.334966659545898,10.328224658966064,11.673727989196777,15.884392738342285,2.8947219848632812,94.74051339285714,78.62523915816327,54.36463647959183
FAMILY-11,MOTHER,local,4200551,3.633028984069824,3.684086799621582,5.830483913421631,6.11423134803772,7.380205154418945,1.6779521703720093,79.89277742346938,44.0250318877551,6.837930484693877
FAMILY-11,MOTHER,bending,4200552,3.772951602935791,4.134299278259277,5.885059356689453,6.06524932384491,6.2857890129089355,1.781675934791565,78.3641581632653,52.09462691326531,6.875797193877552
FAMILY-11,MOTHER,elastic,4200560,4.854991436004639,4.830415725708008,7.665946960449219,8.48790168762207,11.150501251220703,2.1379764080047607,89.45711096938776,65.02511160714286,30.333227040816325
FAMILY-11,MOTHER,local,4200561,5.404923915863037,5.419445514678955,8.601086139678955,9.674054622650146,11.904010772705078,2.424190044403076,91.59159757653062,69.39572704081633,40.9976881377551
FAMILY-11,MOTHER,bending,4200562,4.547421455383301,4.952313423156738,7.079954385757446,7.334496736526489,7.808274269104004,2.12058424949646,82.86431760204081,61.68885522959183,33.47616390306122
FAMILY-11,MOTHER,elastic,4200570,6.109389781951904,6.108478546142578,9.516266822814941,10.368210554122925,15.545331001281738,2.7389562129974365,93.09430803571429,75.99051339285714,51.341278698979586
FAMILY-11,MOTHER,local,4200571,4.441462516784668,4.423887729644775,6.783654689788818,7.527700304985046,9.829070091247559,1.9205807447433472,88.10586734693877,59.61615114795919,21.34685905612245
FAMILY-11,MOTHER,bending,4200572,4.044590473175049,4.334420204162598,6.259840250015259,6.579442262649536,7.289639472961426,1.846355676651001,81.03276466836735,55.28140943877551,15.99968112244898
FAMILY-11,MOTHER,elastic,4200580,4.40264892578125,4.420997619628906,7.097019195556641,7.605801939964294,9.937808990478516,1.990384817123413,86.58322704081633,57.12093431122449,23.83808992346939
FAMILY-11,MOTHER,local,4200581,2.331559658050537,2.289672613143921,3.8009884357452393,4.196909546852112,5.232637882232666,1.0923219919204712,58.988360969387756,6.660554846938775,0.0
FAMILY-11,MOTHER,bending,4200582,5.6256022453308105,5.986269474029541,8.676695346832275,9.178423166275024,10.337949752807617,2.5474061965942383,88.10985331632652,70.66924426020408,49.8226243622449
FAMILY-11,MOTHER,elastic,4200590,8.686141967773438,8.74386978149414,13.821791648864746,15.148027181625366,19.39398765563965,3.8440823554992676,96.45647321428571,87.11336096938776,73.85204081632652
FAMILY-11,MOTHER,local,4200591,4.225753307342529,4.11180305480957,7.1140382289886475,7.742768883705139,10.862728118896484,2.072970390319824,84.74370216836735,52.41151147959183,20.936304209183675
FAMILY-11,MOTHER,bending,4200592,4.984379768371582,5.32847785949707,7.707146883010864,8.116349220275879,9.03960132598877,2.26932954788208,85.49904336734694,65.79838966836735,40.78643176020408
FAMILY-16,CHILD,elastic,4200600,5.235733985900879,5.157659530639648,8.495819091796875,9.2211332321167,12.902040481567383,2.409358501434326,90.11678890306123,67.5243144132653,37.76905293367347
FAMILY-16,CHILD,local,4200601,4.2517008781433105,4.071651458740234,7.320229768753052,7.939961075782776,9.765769004821777,2.1764323711395264,82.80253507653062,51.287468112244895,24.402104591836736
FAMILY-16,CHILD,bending,4200602,6.8029680252075195,7.422163009643555,10.60038137435913,10.955299854278564,11.599950790405273,3.1819491386413574,89.34351084183673,75.90082908163265,61.60116390306123
FAMILY-16,CHILD,elastic,4200610,6.045106410980225,6.06183385848999,9.460631370544434,10.570757865905762,13.990763664245605,2.6889262199401855,93.3773118622449,75.51020408163265,50.829081632653065
FAMILY-16,CHILD,local,4200611,4.604783535003662,4.473396301269531,7.773398399353027,8.171813249588013,9.23385238647461,2.322845935821533,83.35060586734694,56.31377551020408,32.98190369897959
FAMILY-16,CHILD,bending,4200612,4.217322826385498,4.553243637084961,6.5447142124176025,6.84010648727417,7.468499660491943,1.940071702003479,81.74625318877551,57.816485969387756,23.565051020408163
FAMILY-16,CHILD,elastic,4200620,7.123162746429443,6.6844329833984375,12.344626426696777,13.749949932098389,18.312334060668945,3.6657211780548096,93.6782525510204,77.83203125,57.78260522959183
FAMILY-16,CHILD,local,4200621,3.0251777172088623,3.1573381423950195,4.633973121643066,5.139044165611267,7.118930816650391,1.346594214439392,73.64477040816327,23.4195631377551,1.6043526785714284
FAMILY-16,CHILD,bending,4200622,5.769515037536621,6.1283416748046875,8.889952659606934,9.420760154724121,10.65845775604248,2.6071627140045166,88.66390306122449,71.62388392857143,51.490752551020414
FAMILY-16,CHILD,elastic,4200630,6.319890975952148,6.319023609161377,10.069657802581787,11.382443189620972,16.191495895385742,2.882080554962158,93.40919961734694,76.77774234693877,53.91621492346938
FAMILY-16,CHILD,local,4200631,5.310969829559326,5.327665328979492,8.10620403289795,8.904882669448853,10.500499725341797,2.1389801502227783,93.13616071428571,72.65027104591837,38.03411989795919
FAMILY-16,CHILD,bending,4200632,4.693634033203125,5.1451945304870605,7.321215629577637,7.543765306472778,7.816701412200928,2.218932628631592,83.00382653061224,63.18359375,37.67139668367347
FAMILY-16,CHILD,elastic,4200640,8.958598136901855,8.653570175170898,14.465415000915527,15.649080753326416,21.52543830871582,4.036641597747803,96.86702806122449,88.97082270408163,74.40409757653062
FAMILY-16,CHILD,local,4200641,3.4198977947235107,3.195950508117676,6.116142511367798,6.605241775512695,7.420199871063232,1.8523399829864502,71.58203125,39.30165816326531,11.15672831632653
FAMILY-16,CHILD,bending,4200642,6.440155506134033,7.012389183044434,10.027069568634033,10.38982343673706,11.070964813232422,3.0017199516296387,88.73565051020408,74.3881536989796,58.95248724489795
FAMILY-16,FATHER,elastic,4200650,5.143538475036621,4.980450630187988,8.52238941192627,9.462332725524902,12.166451454162598,2.4621517658233643,89.36144770408163,65.44563137755102,35.367506377551024
FAMILY-16,FATHER,local,4200651,3.828751802444458,3.9759767055511475,5.983522176742554,6.371838212013245,7.678064346313477,1.6415278911590576,83.5578762755102,49.420041454081634,9.78156887755102
FAMILY-16,FATHER,bending,4200652,3.4457526206970215,3.7598190307617188,5.369227170944214,5.547942876815796,5.872555732727051,1.6120201349258423,76.26753826530613,45.58155293367347,0.0
FAMILY-16,FATHER,elastic,4200660,4.341934680938721,4.268996238708496,7.201376438140869,8.005394458770752,11.857529640197754,2.1740944385528564,83.67745535714286,54.412468112244895,24.358258928571427
FAMILY-16,FATHER,local,4200661,3.8666608333587646,3.730154514312744,6.105769395828247,6.512211918830872,7.278715133666992,1.5730584859848022,89.70424107142857,44.48541135204081,11.411830357142858
FAMILY-16,FATHER,bending,4200662,4.610677242279053,5.053117275238037,7.191004753112793,7.411916613578796,7.678379058837891,2.1778509616851807,82.68295599489795,62.41629464285714,35.736208545918366
FAMILY-16,FATHER,elastic,4200670,5.253364562988281,5.227768898010254,8.214843273162842,8.917263984680176,13.159626960754395,2.2935705184936523,91.4500956632653,69.32995854591837,38.19555165816326
FAMILY-16,FATHER,local,4200671,3.7354958057403564,3.709102153778076,5.851579427719116,6.333148956298828,7.1598029136657715,1.595170259475708,83.39445153061224,42.689732142857146,8.400430484693878
FAMILY-16,FATHER,bending,4200672,4.958976745605469,5.36575174331665,7.703895807266235,8.03245735168457,8.71175479888916,2.289372205734253,84.8891900510204,65.4296875,41.14516900510204
FAMILY-16,FATHER,elastic,4200680,8.363343238830566,8.179070472717285,13.293790817260742,14.53082275390625,19.24228286743164,3.6624040603637695,96.72154017857143,87.43024553571429,71.99457908163265
FAMILY-16,FATHER,local,4200681,3.217921018600464,2.958026885986328,5.501925706863403,6.724615454673767,8.977426528930664,1.7186238765716553,73.7743144132653,29.613759566326532,7.961973852040815
FAMILY-16,FATHER,bending,4200682,4.145354747772217,4.505381107330322,6.450243949890137,6.695859909057617,7.176584720611572,1.926174521446228,81.02479272959184,57.11495535714286,21.484375
FAMILY-16,FATHER,elastic,4200690,8.843637466430664,8.681924819946289,14.273170471191406,15.689027070999146,21.122303009033203,3.9590041637420654,96.71356823979592,88.26729910714286,74.44794323979592
FAMILY-16,FATHER,local,4200691,3.5470211505889893,3.28836727142334,6.231912851333618,6.683561086654663,7.208825588226318,1.6503584384918213,82.26442920918367,33.19116709183674,11.916055484693878
FAMILY-16,FATHER,bending,4200692,3.9095842838287354,4.244419574737549,6.079705476760864,6.321509838104248,6.7970380783081055,1.8132494688034058,79.72935267857143,53.77471301020408,11.965880102040815
FAMILY-16,MOTHER,elastic,4200700,6.428318500518799,5.933610916137695,10.585001468658447,12.596059560775757,20.29694175720215,3.2742626667022705,94.28611288265306,76.0124362244898,49.137037627551024
FAMILY-16,MOTHER,local,4200701,3.272583246231079,3.189939260482788,5.121663570404053,5.495233058929443,5.977560520172119,1.3259766101837158,82.03922193877551,32.31425382653062,0.0
FAMILY-16,MOTHER,bending,4200702,4.855417251586914,5.243517875671387,7.536777973175049,7.874224662780762,8.585850715637207,2.2350668907165527,84.59024234693877,64.55277423469387,39.10634566326531
FAMILY-16,MOTHER,elastic,4200710,7.371587753295898,7.376359939575195,11.853676795959473,12.900489330291748,18.510007858276367,3.354994773864746,94.58107461734694,81.75023915816327,64.67235331632652
FAMILY-16,MOTHER,local,4200711,3.067776679992676,2.893159866333008,5.528728485107422,6.069072365760803,7.682199478149414,1.6480172872543335,69.67075892857143,27.855947066326532,5.668048469387755
FAMILY-16,MOTHER,bending,4200712,6.706061363220215,7.132770538330078,10.34160327911377,10.943145751953125,12.334242820739746,3.035606861114502,91.45208864795919,76.40505420918367,60.69834183673469
FAMILY-16,MOTHER,elastic,4200720,7.593862533569336,7.223896503448486,12.836573123931885,14.44147515296936,18.767330169677734,3.8079020977020264,94.78236607142857,80.23955676020408,62.452168367346935
FAMILY-16,MOTHER,local,4200721,4.734868049621582,4.927026748657227,7.179623603820801,7.568114757537842,9.08218765258789,1.911993145942688,90.04105548469387,64.85371492346938,29.268973214285715
FAMILY-16,MOTHER,bending,4200722,3.6198973655700684,3.9652352333068848,5.646546840667725,5.819650411605835,6.039853572845459,1.7083847522735596,77.31385522959184,49.48780293367347,0.49027423469387754
FAMILY-16,MOTHER,elastic,4200730,5.504640102386475,5.364557266235352,8.922752857208252,9.72103476524353,14.432896614074707,2.505500555038452,92.35291772959184,69.2024075255102,41.82876275510204
FAMILY-16,MOTHER,local,4200731,4.061640739440918,4.126252174377441,6.353215217590332,6.894864797592163,8.356022834777832,1.810713529586792,84.57629145408163,52.03085140306123,15.24035395408163
FAMILY-16,MOTHER,bending,4200732,3.311441421508789,3.6004791259765625,5.153012752532959,5.347094535827637,5.723764896392822,1.539764404296875,75.29695471938776,41.780931122448976,0.0
FAMILY-16,MOTHER,elastic,4200740,8.318713188171387,8.230854988098145,13.36740493774414,14.372888088226318,18.14124870300293,3.734174966812134,95.82469706632652,86.0530931122449,70.22879464285714
FAMILY-16,MOTHER,local,4200741,3.384270429611206,3.2873892784118652,5.580688714981079,6.09997820854187,7.5664963722229,1.5903388261795044,78.42793367346938,34.99282525510204,5.988919005102041
FAMILY-16,MOTHER,bending,4200742,4.531693935394287,4.944696426391602,7.06132698059082,7.295961618423462,7.72194766998291,2.120213747024536,82.6889349489796,61.561304209183675,33.26889349489796
FAMILY-17,CHILD,elastic,4200750,4.637928009033203,4.548580169677734,7.416929483413696,8.217643976211548,10.701448440551758,2.1174509525299072,87.91254783163265,58.89668367346938,27.708466198979593
FAMILY-17,CHILD,local,4200751,2.914170265197754,2.651205062866211,5.325080156326294,5.77187979221344,7.843979835510254,1.6116297245025635,65.42171556122449,25.685586734693878,3.158880739795918
FAMILY-17,CHILD,bending,4200752,6.1156005859375,6.6092071533203125,9.494346141815186,9.915019273757935,10.797967910766602,2.8170385360717773,88.5303730867347,73.13655931122449,55.974968112244895
FAMILY-17,CHILD,elastic,4200760,4.678528785705566,4.592927932739258,7.723142147064209,8.38964557647705,12.54317569732666,2.2614784240722656,87.14325573979592,59.07007334183674,29.05373086734694
FAMILY-17,CHILD,local,4200761,2.897503614425659,2.826946258544922,5.02612042427063,5.356090307235718,6.147739887237549,1.423095464706421,70.18494897959184,23.94172512755102,0.7712850765306123
FAMILY-17,CHILD,bending,4200762,4.096477031707764,4.479647159576416,6.386214256286621,6.588487863540649,6.916559219360352,1.9240087270736694,80.40098852040816,56.644610969387756,19.933832908163264
FAMILY-17,CHILD,elastic,4200770,8.542261123657227,8.206489562988281,14.020315647125244,15.349692821502686,19.585485458374023,3.8985228538513184,96.63185586734694,87.03563456632652,71.55014349489795
FAMILY-17,CHILD,local,4200771,3.26544189453125,3.0079073905944824,5.7323713302612305,6.345176100730896,7.821410655975342,1.7003285884857178,74.46388711734694,31.913663903061224,7.539461096938775
FAMILY-17,CHILD,bending,4200772,6.835633754730225,7.440914630889893,10.642427444458008,11.0307457447052,11.76158332824707,3.1847808361053467,89.59263392857143,76.13799426020408,61.77654655612245
FAMILY-17,CHILD,elastic,4200780,8.050026893615723,7.8380022048950195,13.138142108917236,14.516684293746948,21.92152976989746,3.8037707805633545,96.29304846938776,84.0381855867347,67.03802614795919
FAMILY-17,CHILD,local,4200781,3.2619616985321045,3.043405055999756,5.582580089569092,6.364809632301331,8.70604133605957,1.702825665473938,73.83808992346938,31.285873724489793,6.45328443877551
FAMILY-17,CHILD,bending,4200782,3.8617560863494873,4.203502178192139,6.012042045593262,6.231051087379456,6.6429924964904785,1.799420714378357,79.29089604591837,53.14891581632652,10.297751913265305
FAMILY-17,CHILD,elastic,4200790,5.781362533569336,5.60736608505249,9.547296524047852,10.960816383361816,14.312104225158691,2.717989921569824,93.25175382653062,71.97265625,44.09877232142857
FAMILY-17,CHILD,local,4200791,3.5226356983184814,3.2992820739746094,6.169542074203491,6.608360767364502,8.122139930725098,1.7741824388504028,77.56098533163265,37.12133290816326,11.71875
FAMILY-17,CHILD,bending,4200792,3.485262393951416,3.779453754425049,5.418619155883789,5.639411568641663,6.0803070068359375,1.6139848232269287,76.83354591836735,45.81074617346938,0.1494738520408163
FAMILY-17,FATHER,elastic,4200800,6.250973224639893,6.133179664611816,10.196661472320557,11.50988245010376,17.180307388305664,2.999939441680908,93.37133290816327,74.07525510204081,51.63823341836735
FAMILY-17,FATHER,local,4200801,3.643350124359131,3.864825963973999,5.60120153427124,6.439157485961914,8.382044792175293,1.6030057668685913,81.69842155612244,46.99856505102041,7.577327806122448
FAMILY-17,FATHER,bending,4200802,4.687990665435791,5.059191703796387,7.273420095443726,7.605896353721619,8.313427925109863,2.155280351638794,83.93455038265306,62.994260204081634,35.790019132653065
FAMILY-17,FATHER,elastic,4200810,4.670961856842041,4.523726463317871,7.602972745895386,8.307836771011353,11.837199211120605,2.152132749557495,88.69579081632652,59.12786989795919,27.97154017857143
FAMILY-17,FATHER,local,4200811,2.541234016418457,2.578230619430542,3.6198781728744507,3.935389220714569,4.902024269104004,0.8801731467247009,72.64628507653062,4.627710459183673,0.0
FAMILY-17,FATHER,bending,4200812,5.7847065925598145,6.3354058265686035,9.021224975585938,9.301459789276123,9.674358367919922,2.7275168895721436,86.72472895408163,70.95424107142857,53.37412308673469
FAMILY-17,FATHER,elastic,4200820,5.685561656951904,5.7821269035339355,8.679818630218506,9.358048439025879,11.593362808227539,2.3713834285736084,92.8093112244898,73.39764030612244,47.056361607142854
FAMILY-17,FATHER,local,4200821,4.985755443572998,5.273874282836914,7.257922172546387,8.282187700271606,10.464282989501953,2.0146119594573975,89.94937818877551,71.95073341836735,29.372608418367346
FAMILY-17,FATHER,bending,4200822,6.023525714874268,6.510071754455566,9.351777076721191,9.764955043792725,10.627755165100098,2.775509834289551,88.28324298469387,72.65625,55.12994260204081
FAMILY-17,FATHER,elastic,4200830,7.443971633911133,7.503641605377197,11.755582809448242,12.915680646896362,16.75014877319336,3.3108890056610107,95.54966517857143,82.19866071428571,64.96332908163265
FAMILY-17,FATHER,local,4200831,3.2676990032196045,3.330312967300415,4.992074728012085,5.37840211391449,6.584100246429443,1.3589651584625244,79.31082589285714,31.881776147959183,1.1340082908163265
FAMILY-17,FATHER,bending,4200832,3.5261130332946777,3.825129985809326,5.483044624328613,5.704219698905945,6.14631462097168,1.6335197687149048,77.18032525510205,46.77535076530612,0.34279336734693877
FAMILY-17,FATHER,elastic,4200840,6.494187831878662,6.2771992683410645,10.85536813735962,11.693679571151733,15.416069984436035,3.206007480621338,92.5342793367347,74.0672831632653,52.80811543367348
FAMILY-17,FATHER,local,4200841,5.427799701690674,5.690308094024658,8.195951461791992,9.06710410118103,11.524215698242188,2.2638657093048096,91.2288743622449,72.66621492346938,43.66031568877551
FAMILY-17,FATHER,bending,4200842,3.437063694000244,3.663175582885742,5.306554555892944,5.603257775306702,6.283907413482666,1.559608817100525,77.03683035714286,43.38129783163265,0.723453443877551
FAMILY-17,MOTHER,elastic,4200850,8.559632301330566,8.406600952148438,13.80265474319458,15.303415536880493,21.95073127746582,3.9210712909698486,96.87300701530613,86.78850446428571,72.14803890306123
FAMILY-17,MOTHER,local,4200851,3.540860891342163,3.5226402282714844,5.965662002563477,6.534477591514587,8.78650188446045,1.7633360624313354,76.30141900510205,40.1187818877551,9.703842474489797
FAMILY-17,MOTHER,bending,4200852,7.220025539398193,7.695001602172852,11.147126197814941,11.770343780517578,13.200037956237793,3.276190757751465,92.41470025510205,78.36615114795919,64.30365114795919
FAMILY-17,MOTHER,elastic,4200860,9.166423797607422,9.141531944274902,14.493228912353516,16.106624603271484,23.55025291442871,4.078735828399658,96.85905612244898,88.48254145408163,76.35522959183673
FAMILY-17,MOTHER,local,4200861,3.510413885116577,3.525700569152832,5.743960380554199,5.934144496917725,7.297654628753662,1.5625020265579224,80.1139987244898,38.936941964285715,4.157366071428571
FAMILY-17,MOTHER,bending,4200862,6.735052585601807,7.306861400604248,10.472662448883057,10.89456033706665,11.736825942993164,3.120450735092163,89.69029017857143,75.85897640306123,61.03316326530612
FAMILY-17,MOTHER,elastic,4200870,7.630039215087891,7.296092987060547,12.61008071899414,13.966505765914917,18.17165756225586,3.5293660163879395,95.95424107142857,84.67992665816327,64.20998086734694
FAMILY-17,MOTHER,local,4200871,2.9453341960906982,2.839322090148926,4.78191614151001,5.445975661277771,6.632651329040527,1.400617241859436,72.35730229591837,24.8226243622449,1.4309630102040818
FAMILY-17,MOTHER,bending,4200872,4.995525360107422,5.476027011871338,7.791794300079346,8.029423713684082,8.31943416595459,2.361250638961792,84.15577168367348,65.73262117346938,43.39923469387755
FAMILY-17,MOTHER,elastic,4200880,5.968222618103027,5.969988822937012,9.394546031951904,10.45287299156189,18.297094345092773,2.7539098262786865,92.37085459183673,74.36423788265306,49.5735012755102
FAMILY-17,MOTHER,local,4200881,4.553510665893555,4.5977935791015625,7.222865104675293,7.646073818206787,9.548009872436523,2.051743507385254,86.74067283163265,59.47464923469388,27.405532525510207
FAMILY-17,MOTHER,bending,4200882,3.728806734085083,3.9847373962402344,5.7642271518707275,6.073301911354065,6.769514560699463,1.6969408988952637,79.13145727040816,49.73094706632653,6.100526147959184
FAMILY-17,MOTHER,elastic,4200890,8.607739448547363,8.35409164428711,14.005371570587158,15.426923274993896,22.50544548034668,3.908590793609619,96.95073341836735,87.8726881377551,71.86104910714286
FAMILY-17,MOTHER,local,4200891,4.484792709350586,4.322891712188721,7.318475961685181,8.078929662704468,10.85676097869873,2.082085609436035,88.74162946428571,55.59032206632652,23.937739158163264
FAMILY-17,MOTHER,bending,4200892,5.646514415740967,6.029937267303467,8.72672176361084,9.198097229003906,10.268768310546875,2.5678067207336426,87.90457589285714,70.71308992346938,50.35873724489795
FAMILY-18,CHILD,elastic,4200900,7.823706150054932,7.388694763183594,13.038150310516357,14.913213968276978,19.492780685424805,3.787238121032715,95.76690051020408,84.44475446428571,65.19451530612244
FAMILY-18,CHILD,local,4200901,5.364568710327148,5.409206390380859,8.239995002746582,8.702595472335815,10.653456687927246,2.185214042663574,92.19945790816327,72.65625,39.68829719387755
FAMILY-18,CHILD,bending,4200902,6.865385055541992,7.468137264251709,10.684558868408203,11.08189606666565,11.841675758361816,3.195237159729004,89.70822704081633,76.28547512755102,61.98182397959183
FAMILY-18,CHILD,elastic,4200910,8.862625122070312,8.530904769897461,14.237650871276855,15.98093032836914,22.395734786987305,3.989168167114258,96.98860012755102,89.40330038265306,74.70105229591837
FAMILY-18,CHILD,local,4200911,2.9844930171966553,2.9854354858398438,4.993673324584961,5.548909306526184,6.712230205535889,1.4768604040145874,71.23325892857143,24.531648596938776,2.1484375
FAMILY-18,CHILD,bending,4200912,4.165099620819092,4.445096969604492,6.435683488845825,6.786876916885376,7.584905624389648,1.8930513858795166,81.8359375,56.895727040816325,20.10124362244898
FAMILY-18,CHILD,elastic,4200920,5.899160385131836,5.750314712524414,9.096322536468506,10.083601474761963,15.021023750305176,2.4649765491485596,94.72456951530613,77.76626275510205,45.92036033163265
FAMILY-18,CHILD,local,4200921,3.769484758377075,3.6584692001342773,6.269627571105957,6.766260385513306,9.10570240020752,1.8162682056427002,81.7821269132653,42.97074298469388,12.685347576530612
FAMILY-18,CHILD,bending,4200922,6.8858723640441895,7.4228901863098145,10.680325984954834,11.177619695663452,12.241592407226562,3.1622543334960938,90.52535076530613,76.7757493622449,62.03164859693877
FAMILY-18,CHILD,elastic,4200930,5.643629550933838,5.564963340759277,9.170937061309814,10.048354625701904,13.938347816467285,2.6536812782287598,91.05548469387756,70.68319515306123,44.029017857142854
FAMILY-18,CHILD,local,4200931,3.6272525787353516,3.4975881576538086,6.2686378955841064,7.084038734436035,8.62387466430664,1.7975029945373535,80.04025829081633,38.30715880102041,11.481584821428571
FAMILY-18,CHILD,bending,4200932,3.9810421466827393,4.295409202575684,6.1765289306640625,6.458425164222717,7.056933403015137,1.830588459968567,80.43885522959184,54.59781568877551,14.17610012755102
FAMILY-18,CHILD,elastic,4200940,8.235944747924805,7.669196128845215,13.914520740509033,15.39050030708313,19.187339782714844,4.044335842132568,96.30500637755102,84.96293048469387,65.13273278061224
FAMILY-18,CHILD,local,4200941,2.603782892227173,2.4614245891571045,4.495286226272583,4.881775259971619,6.877434730529785,1.225331425666809,65.1546556122449,15.375876913265307,0.9944993622448981
FAMILY-18,CHILD,bending,4200942,5.036139965057373,5.5146026611328125,7.852976322174072,8.098304748535156,8.437677383422852,2.3728389739990234,84.4108737244898,66.0415338010204,43.89150191326531
FAMILY-18,FATHER,elastic,4200950,6.002685546875,5.951656818389893,9.514623165130615,10.562967300415039,14.20576000213623,2.6892428398132324,93.07836415816327,74.89636479591837,49.46588010204081
FAMILY-18,FATHER,local,4200951,3.3391408920288086,3.1977529525756836,5.675266981124878,6.1780887842178345,8.212899208068848,1.6448900699615479,77.92171556122449,32.41988201530612,6.232063137755102
FAMILY-18,FATHER,bending,4200952,6.217898845672607,6.635243892669678,9.607050895690918,10.132130146026611,11.325949668884277,2.825768232345581,89.65242346938776,73.99354272959184,56.59677933673469
FAMILY-18,FATHER,elastic,4200960,7.812502384185791,7.608556270599365,12.812629222869873,14.340086936950684,21.85252571105957,3.7995645999908447,95.64732142857143,81.83394451530613,63.94292091836735
FAMILY-18,FATHER,local,4200961,2.792433500289917,2.808995246887207,4.254432678222656,4.661449193954468,6.395787715911865,1.197912335395813,71.65776466836735,16.003667091836736,0.6457270408163266
FAMILY-18,FATHER,bending,4200962,3.8616065979003906,4.208278656005859,6.013763189315796,6.225428104400635,6.614950180053711,1.8026201725006104,79.23309948979592,53.20272640306123,10.341597576530612
FAMILY-18,FATHER,elastic,4200970,5.43996000289917,5.557319641113281,8.569546699523926,9.21408724784851,12.94601821899414,2.4012486934661865,91.39628507653062,69.84016262755102,44.11870216836735
FAMILY-18,FATHER,local,4200971,3.857672929763794,3.821570634841919,6.408353090286255,6.762647032737732,9.135026931762695,1.8631086349487305,82.11694834183673,47.2038424744898,14.943399234693878
FAMILY-18,FATHER,bending,4200972,6.210705757141113,6.723828315734863,9.648641109466553,10.0586998462677,10.900980949401855,2.86838698387146,88.67785395408163,73.58298788265306,56.895727040816325
FAMILY-18,FATHER,elastic,4200980,8.988255500793457,8.782018661499023,14.44228982925415,15.948210954666138,21.815242767333984,4.062269687652588,97.32142857142857,88.40880102040816,74.33035714285714
FAMILY-18,FATHER,local,4200981,3.8804819583892822,3.815852642059326,5.985342741012573,6.764150023460388,11.039426803588867,1.844140887260437,82.53946109693877,46.55213647959184,9.819435586734695
FAMILY-18,FATHER,bending,4200982,6.233815670013428,6.8169050216674805,9.71812391281128,10.02617335319519,10.523985862731934,2.9280099868774414,87.96635841836735,73.33984375,57.395966198979586
FAMILY-18,FATHER,elastic,4200990,9.454530715942383,9.3580322265625,15.334396839141846,16.976351261138916,26.460796356201172,4.422629356384277,96.87101403061224,87.9264987244898,76.03236607142857
FAMILY-18,FATHER,local,4200991,4.420093059539795,4.449352264404297,6.33181357383728,6.640176892280579,7.471762657165527,1.481096625328064,95.45001594387756,56.96747448979592,16.8765943877551
FAMILY-18,FATHER,bending,4200992,6.207025051116943,6.642158508300781,9.60180950164795,10.102940797805786,11.225468635559082,2.829347848892212,89.4172512755102,73.86798469387756,56.57485650510205
FAMILY-18,MOTHER,elastic,4201000,7.751132965087891,7.601476669311523,12.8097505569458,13.99012303352356,20.57282066345215,3.6312334537506104,95.41214923469387,82.91812818877551,65.24832589285714
FAMILY-18,MOTHER,local,4201001,4.405084609985352,4.503294944763184,6.7627174854278564,7.342287063598633,8.796296119689941,1.7179081439971924,90.16462053571429,62.91254783163265,17.225366709183675
FAMILY-18,MOTHER,bending,4201002,5.87227725982666,6.268165588378906,9.07443904876709,9.567519187927246,10.69044303894043,2.669316530227661,88.64795918367348,72.12611607142857,53.06720344387755
FAMILY-18,MOTHER,elastic,4201010,8.019095420837402,7.837702751159668,13.022874355316162,14.526644706726074,21.536144256591797,3.847593069076538,96.04591836734694,83.64357461734694,67.25526147959184
FAMILY-18,MOTHER,local,4201011,3.276273488998413,3.1671128273010254,5.110995054244995,5.913210391998291,6.926446914672852,1.4544270038604736,78.73286033163265,31.523038903061224,4.561941964285714
FAMILY-18,MOTHER,bending,4201012,6.729648590087891,7.172318458557129,10.38862133026123,10.97270154953003,12.309419631958008,3.0530755519866943,91.31855867346938,76.44092793367348,60.8757174744898
FAMILY-18,MOTHER,elastic,4201020,4.339776039123535,4.293627738952637,6.9474406242370605,7.62649405002594,11.640414237976074,2.000478982925415,86.2563775510204,55.84741709183674,21.101721938775512
FAMILY-18,MOTHER,local,4201021,3.1972973346710205,2.99417781829834,5.085613250732422,6.1468095779418945,9.428483009338379,1.5780863761901855,78.89429209183673,24.36623086734694,5.448820153061225
FAMILY-18,MOTHER,bending,4201022,3.7990996837615967,4.158936023712158,5.92404580116272,6.109527945518494,6.372967720031738,1.7890982627868652,78.58338647959184,52.45535714285714,8.009805484693878
FAMILY-18,MOTHER,elastic,4201030,5.393019199371338,5.377863883972168,8.588561058044434,9.157685995101929,11.82275390625,2.391275405883789,91.09135841836735,69.04695471938776,41.270727040816325
FAMILY-18,MOTHER,local,4201031,2.978978395462036,2.839700698852539,4.8573689460754395,5.304460167884827,7.487297058105469,1.3586918115615845,74.78475765306123,23.33386479591837,1.6761001275510203
FAMILY-18,MOTHER,bending,4201032,6.9577555656433105,7.614133358001709,10.85057020187378,11.189509391784668,11.683975219726562,3.2751827239990234,89.41525829081633,76.37316645408163,62.66741071428571
FAMILY-18,MOTHER,elastic,4201040,7.8025007247924805,7.956475734710693,12.157259464263916,13.324647188186646,15.822219848632812,3.3496735095977783,95.30054209183673,84.96492346938776,69.16852678571429
FAMILY-18,MOTHER,local,4201041,3.953306198120117,3.8403098583221436,6.464578866958618,6.9279128313064575,7.892820358276367,1.7862577438354492,84.68191964285714,47.2038424744898,15.866151147959185
FAMILY-18,MOTHER,bending,4201042,4.668022632598877,4.96897554397583,7.201325416564941,7.6151264905929565,8.570514678955078,2.114553689956665,84.46069834183673,62.842793367346935,34.52845982142857
FAMILY-19,CHILD,elastic,4201050,6.645342826843262,6.476253986358643,10.928305625915527,12.16245412826538,17.52607536315918,3.144434690475464,94.4874043367347,77.2819674744898,55.17378826530612
FAMILY-19,CHILD,local,4201051,4.542100429534912,4.64608097076416,6.682917833328247,6.996012091636658,8.06879711151123,1.6644341945648193,91.9662786989796,64.82182716836735,20.924346301020407
FAMILY-19,CHILD,bending,4201052,5.273569107055664,5.699021339416504,8.18711805343628,8.55012321472168,9.30943489074707,2.4293808937072754,86.11886160714286,67.92291135204081,46.121651785714285
FAMILY-19,CHILD,elastic,4201060,8.960673332214355,8.826308250427246,14.302212715148926,15.90740442276001,21.46635627746582,4.148885726928711,97.04838966836735,86.83633609693877,73.37173150510205
FAMILY-19,CHILD,local,4201061,4.73734712600708,4.686923503875732,7.538335084915161,7.932874441146851,10.443778991699219,2.108311414718628,87.90457589285714,63.27128507653062,29.195232780612244
FAMILY-19,CHILD,bending,4201062,4.941051006317139,5.416262626647949,7.706705808639526,7.94203782081604,8.228696823120117,2.3353006839752197,83.98238201530613,65.30213647959184,42.464524872448976
FAMILY-19,CHILD,elastic,4201070,7.8266682624816895,7.5866899490356445,12.577873706817627,13.97027063369751,20.006027221679688,3.5696656703948975,95.84064094387756,84.93104272959184,66.6633450255102
FAMILY-19,CHILD,local,4201071,2.6386613845825195,2.6759157180786133,4.289517402648926,4.750712871551514,6.3758769035339355,1.2881567478179932,65.54727359693877,14.666374362244897,0.6756218112244898
FAMILY-19,CHILD,bending,4201072,7.15020751953125,7.711085796356201,11.092041492462158,11.605480909347534,12.699749946594238,3.28498911857605,91.11527423469387,77.77622767857143,63.76155931122449
FAMILY-19,CHILD,elastic,4201080,6.840927600860596,6.697909355163574,10.881178379058838,12.14097785949707,16.685518264770508,3.038160800933838,95.30253507653062,80.9311224489796,58.61766581632652
FAMILY-19,CHILD,local,4201081,2.364499807357788,2.2494866847991943,3.980884552001953,4.6338090896606445,6.065953731536865,1.155382752418518,59.46468431122449,9.853316326530612,0.1833545918367347
FAMILY-19,CHILD,bending,4201082,5.2919392585754395,5.753499984741211,8.23454761505127,8.544425249099731,9.144119262695312,2.4610042572021484,85.78404017857143,67.94882015306123,47.064333545918366
FAMILY-19,CHILD,elastic,4201090,4.470391273498535,4.4005327224731445,7.078399181365967,7.792280435562134,13.489805221557617,2.054259777069092,87.22895408163265,57.557397959183675,24.378188775510203
FAMILY-19,CHILD,local,4201091,4.427008628845215,4.2966227531433105,7.58804178237915,8.129984617233276,9.43133544921875,2.1878983974456787,84.97090242346938,54.47026466836735,26.448899872448976
FAMILY-19,CHILD,bending,4201092,3.4804718494415283,3.7061307430267334,5.371321678161621,5.676353812217712,6.3785481452941895,1.577764630317688,77.40752551020408,44.32796556122449,1.1300223214285714
FAMILY-19,FATHER,elastic,4201100,5.887266159057617,5.5873703956604,10.085595607757568,11.450124979019165,15.368117332458496,2.9949960708618164,91.1391900510204,70.23477359693877,44.722576530612244
FAMILY-19,FATHER,local,4201101,5.37210750579834,5.6513214111328125,7.431132793426514,7.768788456916809,9.184812545776367,1.7037514448165894,95.70711096938776,77.51116071428571,41.96827168367347
FAMILY-19,FATHER,bending,4201102,4.0794267654418945,4.467016220092773,6.361241340637207,6.560166358947754,6.832459926605225,1.922334909439087,80.18773915816327,56.50111607142857,19.3359375
FAMILY-19,FATHER,elastic,4201110,5.103353023529053,5.063600540161133,8.215732097625732,8.952730417251587,11.635848999023438,2.373110055923462,88.9907525510204,65.35594706632652,37.16717155612245
FAMILY-19,FATHER,local,4201111,4.2641425132751465,4.13299036026001,7.152586936950684,7.736603021621704,9.237587928771973,2.0537753105163574,84.28332270408163,52.20224808673469,23.186383928571427
FAMILY-19,FATHER,bending,4201112,6.350096225738525,6.962297439575195,9.906552791595459,10.206098318099976,10.575421333312988,3.0031137466430664,87.91454081632652,73.82214604591837,58.49609375
FAMILY-19,FATHER,elastic,4201120,4.9404520988464355,4.863708972930908,8.25126028060913,8.896848917007446,10.241697311401367,2.276947259902954,89.41924426020408,63.1218112244898,32.70487882653062
FAMILY-19,FATHER,local,4201121,3.467158317565918,3.4510200023651123,5.188348054885864,5.487589120864868,7.360584259033203,1.3781815767288208,84.82342155612244,37.03364158163265,2.662627551020408
FAMILY-19,FATHER,bending,4201122,4.381398677825928,4.74346923828125,6.806686162948608,7.095943808555603,7.690057754516602,2.023545742034912,82.44180484693877,59.84933035714286,28.824537627551024
FAMILY-19,FATHER,elastic,4201130,6.805597305297852,6.659155368804932,10.85674524307251,11.922628402709961,19.9777889251709,3.081047296524048,95.13113839285714,79.69547193877551,58.65951849489795
FAMILY-19,FATHER,local,4201131,5.316628456115723,5.135026931762695,9.093320369720459,10.038734436035156,12.620559692382812,2.6051173210144043,90.0211256377551,65.73262117346938,38.71771364795919
FAMILY-19,FATHER,bending,4201132,6.6497111320495605,7.291393756866455,10.373416900634766,10.687196731567383,11.074460983276367,3.145861864089966,88.57421875,75.07374043367348,60.662468112244895
FAMILY-19,FATHER,elastic,4201140,5.8783159255981445,5.945131301879883,9.235880374908447,10.012564659118652,12.505664825439453,2.605689525604248,92.41470025510205,73.03890306122449,49.35626594387755
FAMILY-19,FATHER,local,4201141,2.3361427783966064,2.3503949642181396,3.8194719552993774,4.194677948951721,5.029930114746094,1.1083333492279053,61.920041454081634,7.12890625,0.0
FAMILY-19,FATHER,bending,4201142,5.020873069763184,5.483786582946777,7.824989080429077,8.076120376586914,8.51278305053711,2.354065418243408,84.54241071428571,65.8920599489796,43.373325892857146
FAMILY-19,MOTHER,elastic,4201150,9.124343872070312,9.010641098022461,14.755482196807861,16.018900871276855,25.615215301513672,4.182199954986572,96.76339285714286,87.63950892857143,74.70304528061224
FAMILY-19,MOTHER,local,4201151,3.55533766746521,3.5447378158569336,5.426489591598511,5.953091025352478,8.002366065979004,1.5129883289337158,82.58729272959184,39.50892857142857,4.834980867346939
FAMILY-19,MOTHER,bending,4201152,6.6178059577941895,7.075228214263916,10.234200477600098,10.77510118484497,11.991825103759766,3.014085531234741,90.58314732142857,75.85698341836735,60.01275510204081
FAMILY-19,MOTHER,elastic,4201160,5.582902431488037,5.494621753692627,8.94024658203125,10.29916501045227,13.73460865020752,2.532818078994751,92.34295280612244,72.0264668367347,41.358418367346935
FAMILY-19,MOTHER,local,4201161,4.001197814941406,3.9331860542297363,6.523073434829712,7.263612151145935,8.791980743408203,1.7877784967422485,85.95742984693877,48.33187181122449,14.524872448979592
FAMILY-19,MOTHER,bending,4201162,3.9913389682769775,4.339404582977295,6.2107532024383545,6.445640206336975,6.902031421661377,1.855542540550232,80.14389349489795,55.006377551020414,15.09685905612245
FAMILY-19,MOTHER,elastic,4201170,8.043074607849121,7.885331153869629,12.936275959014893,14.367357969284058,19.450214385986328,3.636107921600342,96.61391900510205,85.64652423469387,68.05444834183673
FAMILY-19,MOTHER,local,4201171,3.043069362640381,3.0065202713012695,4.756263971328735,5.092158913612366,6.383039474487305,1.2466069459915161,78.86639030612244,23.264110331632654,0.8609693877551019
FAMILY-19,MOTHER,bending,4201172,4.234173774719238,4.54902458190918,6.560611724853516,6.881523251533508,7.583968162536621,1.938122272491455,82.01530612244898,57.93805803571429,23.772321428571427
FAMILY-19,MOTHER,elastic,4201180,7.339788436889648,7.304228782653809,11.534313678741455,12.337620496749878,17.710771560668945,3.1386682987213135,96.17944834183673,83.67944834183673,64.14022640306123
FAMILY-19,MOTHER,local,4201181,4.065276622772217,3.9760336875915527,6.604616165161133,7.96829891204834,9.72964859008789,1.9641029834747314,84.4547193877551,49.180883290816325,14.985251913265307
FAMILY-19,MOTHER,bending,4201182,4.548769474029541,4.897408962249756,7.052243709564209,7.3877304792404175,8.112468719482422,2.0860483646392822,83.44029017857143,61.5852200255102,32.60921556122449
FAMILY-19,MOTHER,elastic,4201190,6.071366786956787,6.056090831756592,9.734082698822021,10.737739086151123,13.882418632507324,2.67543363571167,93.7679368622449,75.5141900510204,50.852997448979586
FAMILY-19,MOTHER,local,4201191,3.0447864532470703,3.0004749298095703,4.680756568908691,4.991005539894104,6.097021102905273,1.1759661436080933,79.87085459183673,23.114636479591837,0.1634247448979592
FAMILY-19,MOTHER,bending,4201192,4.051353931427002,4.345788955688477,6.2740068435668945,6.587156772613525,7.280113697052002,1.851823091506958,81.04073660714286,55.418925382653065,16.34048150510204
FAMILY-2,CHILD,elastic,4201200,4.468973159790039,4.366445064544678,7.260712146759033,7.971489310264587,11.457114219665527,2.031543016433716,87.85275829081633,56.756218112244895,23.590959821428573
FAMILY-2,CHILD,local,4201201,2.607754707336426,2.4933886528015137,4.26836895942688,4.826870083808899,6.219442367553711,1.1747844219207764,69.16454081632652,12.047592474489797,0.8111447704081632
FAMILY-2,CHILD,bending,4201202,3.9146318435668945,4.18040657043457,6.0500054359436035,6.376864194869995,7.119384288787842,1.7801936864852905,80.3890306122449,53.09709821428571,11.152742346938775
FAMILY-2,CHILD,elastic,4201210,7.98764705657959,7.893059253692627,12.806643009185791,14.310729742050171,19.9089298248291,3.6771366596221924,95.89445153061224,85.05460778061224,67.59805484693877
FAMILY-2,CHILD,local,4201211,2.803910255432129,2.7748444080352783,4.366292476654053,4.8623082637786865,6.368173122406006,1.196559190750122,75.44244260204081,15.90202487244898,0.5022321428571429
FAMILY-2,CHILD,bending,4201212,3.56913685798645,3.8064210414886475,5.512109041213989,5.8171035051345825,6.514785289764404,1.620619535446167,78.06919642857143,46.348852040816325,2.0448022959183674
FAMILY-2,CHILD,elastic,4201220,7.182610511779785,7.130501747131348,11.475156784057617,12.374386548995972,15.153928756713867,3.123619318008423,95.57756696428571,82.7945631377551,61.99776785714286
FAMILY-2,CHILD,local,4201221,2.8059499263763428,2.8269097805023193,4.5370659828186035,5.03940212726593,6.347053050994873,1.32306969165802,70.83864795918367,19.339923469387756,0.8549904336734695
FAMILY-2,CHILD,bending,4201222,6.621217250823975,7.196270942687988,10.302736759185791,10.69503927230835,11.462896347045898,3.076603651046753,89.32358099489795,75.3188775510204,60.26187818877551
FAMILY-2,CHILD,elastic,4201230,4.843118667602539,4.821716785430908,7.711243152618408,8.497281074523926,11.144760131835938,2.1416563987731934,89.77598852040816,63.819355867346935,30.173788265306122
FAMILY-2,CHILD,local,4201231,4.327450275421143,4.431240081787109,6.534186601638794,7.240753173828125,8.724567413330078,1.7631789445877075,88.2633131377551,58.30277423469388,17.598054846938776
FAMILY-2,CHILD,bending,4201232,5.699662208557129,6.090648174285889,8.810725688934326,9.283495664596558,10.348116874694824,2.593794822692871,88.0141900510204,71.0578762755102,51.05229591836735
FAMILY-2,CHILD,elastic,4201240,9.057208061218262,8.60546875,14.78988790512085,16.473194122314453,22.22181510925293,4.108982086181641,97.4968112244898,89.4969706632653,75.35076530612244
FAMILY-2,CHILD,local,4201241,3.897315502166748,3.8414673805236816,6.150195360183716,6.538792848587036,7.964943885803223,1.570351243019104,88.62603635204081,45.09327168367347,11.830357142857142
FAMILY-2,CHILD,bending,4201242,4.325234889984131,4.648439407348633,6.701982498168945,7.028246641159058,7.743433952331543,1.9802095890045166,82.41988201530613,59.088010204081634,26.71595982142857
FAMILY-2,FATHER,elastic,4201250,8.618996620178223,8.549415588378906,13.969978332519531,15.513453245162964,20.515621185302734,3.9246397018432617,96.0399394132653,86.75860969387756,73.17243303571429
FAMILY-2,FATHER,local,4201251,2.9855377674102783,2.966269016265869,4.43006706237793,4.77018678188324,5.587701797485352,1.1298630237579346,79.96452487244898,22.359295280612244,0.0
FAMILY-2,FATHER,bending,4201252,6.464844226837158,7.063875675201416,10.076939105987549,10.39827561378479,10.947080612182617,3.0326969623565674,88.54631696428571,74.42004145408163,59.23748405612245
FAMILY-2,FATHER,elastic,4201260,8.271730422973633,8.250694274902344,12.895618915557861,14.031162738800049,19.049962997436523,3.5799336433410645,96.37077487244898,86.92801339285714,71.62986288265306
FAMILY-2,FATHER,local,4201261,3.0508155822753906,2.9164395332336426,5.027169942855835,5.689648389816284,7.326747417449951,1.454699158668518,73.17442602040816,27.519132653061224,2.126514668367347
FAMILY-2,FATHER,bending,4201262,3.5118086338043213,3.8447165489196777,5.475958347320557,5.6472262144088745,5.886528968811035,1.6543185710906982,76.59239477040816,47.30947066326531,0.0
FAMILY-2,FATHER,elastic,4201270,5.245749473571777,5.217306137084961,7.832940340042114,8.475267171859741,10.623398780822754,1.9818943738937378,94.56114477040816,72.83960459183673,35.58075573979592
FAMILY-2,FATHER,local,4201271,3.710797071456909,3.721771001815796,5.9898786544799805,6.344822525978088,7.271664142608643,1.5744528770446777,84.55636160714286,43.931361607142854,9.907126913265305
FAMILY-2,FATHER,bending,4201272,6.943229675292969,7.624514579772949,10.831854820251465,11.152716636657715,11.563663482666016,3.29256534576416,89.06847895408163,76.20575573979592,62.63950892857143
FAMILY-2,FATHER,elastic,4201280,7.734500408172607,7.7848334312438965,11.803290843963623,12.944350242614746,15.810063362121582,3.18097186088562,96.86304209183673,86.19260204081633,69.24027423469387
FAMILY-2,FATHER,local,4201281,3.459368944168091,3.3958353996276855,5.070626497268677,5.479677796363831,8.266197204589844,1.3325166702270508,86.41980229591837,33.42235331632653,2.5390625
FAMILY-2,FATHER,bending,4201282,3.8568644523620605,4.189301490783691,5.9990456104278564,6.233007431030273,6.692956447601318,1.7902612686157227,79.38855229591837,52.967554209183675,9.978874362244898
FAMILY-2,FATHER,elastic,4201290,6.071929454803467,5.854522228240967,10.014017581939697,11.093013286590576,16.3422908782959,2.905332088470459,92.99067283163265,73.61288265306123,48.22225765306122
FAMILY-2,FATHER,local,4201291,4.25772762298584,4.047574996948242,7.138560771942139,7.777257323265076,11.9734468460083,2.093635320663452,85.67841198979592,51.04033801020408,20.06736288265306
FAMILY-2,FATHER,bending,4201292,6.7126030921936035,7.253418445587158,10.420857906341553,10.883392095565796,11.856451988220215,3.091529130935669,89.99322385204081,75.96460459183673,60.85379464285714
FAMILY-2,MOTHER,elastic,4201300,6.640333652496338,6.547379493713379,10.552976608276367,11.669474601745605,18.89864158630371,2.906240701675415,95.06935586734694,79.92466517857143,57.41191007653062
FAMILY-2,MOTHER,local,4201301,3.760119915008545,3.659660577774048,5.647125959396362,6.446871757507324,8.517962455749512,1.4667518138885498,89.25382653061224,41.15513392857143,7.162786989795919
FAMILY-2,MOTHER,bending,4201302,5.338243007659912,5.815114498138428,8.312310218811035,8.608174085617065,9.154616355895996,2.4907257556915283,85.78005420918367,68.24776785714286,47.879464285714285
FAMILY-2,MOTHER,elastic,4201310,7.799544811248779,7.753661155700684,12.553276538848877,13.870742082595825,19.523099899291992,3.5591955184936523,96.0678411989796,83.51203762755102,67.17554209183673
FAMILY-2,MOTHER,local,4201311,4.105559349060059,3.60280704498291,7.69105076789856,8.852134943008423,10.754535675048828,2.3669683933258057,79.50813137755102,44.3718112244898,20.200892857142858
FAMILY-2,MOTHER,bending,4201312,4.8791184425354,5.199631690979004,7.531754493713379,7.955784797668457,8.928271293640137,2.2131590843200684,85.29376594387756,64.87763073979592,38.71771364795919
FAMILY-2,MOTHER,elastic,4201320,8.006585121154785,7.9935407638549805,12.928371906280518,14.28325343132019,18.850181579589844,3.6274149417877197,95.31648596938776,85.02471301020408,68.91342474489795
FAMILY-2,MOTHER,local,4201321,4.063612937927246,3.902876853942871,7.056255102157593,8.087186098098755,10.848861694335938,2.211409330368042,79.8210299744898,48.55508609693878,18.90545280612245
FAMILY-2,MOTHER,bending,4201322,6.716664791107178,7.263492584228516,10.430446147918701,10.884119987487793,11.82815170288086,3.097508430480957,89.91350446428571,75.94268176020408,60.88368941326531
FAMILY-2,MOTHER,elastic,4201330,4.672793388366699,4.476019859313965,7.845556974411011,8.59748911857605,12.160465240478516,2.273353338241577,87.54982461734694,57.914142219387756,28.511639030612244
FAMILY-2,MOTHER,local,4201331,4.136106491088867,3.964592456817627,6.9324493408203125,7.5822672843933105,9.008773803710938,1.8796172142028809,86.21452487244898,49.25860969387755,17.358896683673468
FAMILY-2,MOTHER,bending,4201332,7.264382362365723,7.717540740966797,11.193618297576904,11.861168146133423,13.417730331420898,3.2828919887542725,92.81329719387756,78.65114795918367,64.60259885204081
FAMILY-2,MOTHER,elastic,4201340,8.846148490905762,8.726533889770508,14.254751682281494,15.653748512268066,20.314830780029297,4.082676410675049,96.80923150510205,86.82836415816327,71.71356823979592
FAMILY-2,MOTHER,local,4201341,5.016112804412842,4.991426467895508,8.525540351867676,9.235770225524902,10.019760131835938,2.4678874015808105,87.08545918367348,61.50350765306123,38.03411989795919
FAMILY-2,MOTHER,bending,4201342,3.7202401161193848,4.078027725219727,5.802382230758667,5.980188965797424,6.195547580718994,1.7578275203704834,78.00342793367348,51.26953125,4.380580357142857
FAMILY-21,CHILD,elastic,4201350,4.766417980194092,4.689942359924316,7.719466686248779,8.478781700134277,12.293381690979004,2.2652852535247803,87.62755102040816,60.89564732142857,30.41493941326531
FAMILY-21,CHILD,local,4201351,4.164827823638916,4.095905303955078,6.815464019775391,7.694733500480652,9.693316459655762,1.8866668939590454,86.92801339285714,52.000956632653065,17.356903698979593
FAMILY-21,CHILD,bending,4201352,7.303710460662842,7.770359039306641,11.264400005340576,11.91628646850586,13.425999641418457,3.306875228881836,92.76347257653062,78.7468112244898,64.81186224489795
FAMILY-21,CHILD,elastic,4201360,8.563414573669434,8.488637924194336,13.802948474884033,15.143459558486938,18.864656448364258,3.884291887283325,97.01849489795919,86.23445471938776,70.81672512755102
FAMILY-21,CHILD,local,4201361,2.8018603324890137,2.8133602142333984,4.238907814025879,4.827122688293457,6.8756794929504395,1.1865007877349854,74.6532206632653,13.430723852040815,1.008450255102041
FAMILY-21,CHILD,bending,4201362,4.296087265014648,4.563153266906738,6.619480848312378,7.0148831605911255,7.936758041381836,1.9413156509399414,82.79057716836735,58.51203762755102,24.72297512755102
FAMILY-21,CHILD,elastic,4201370,8.78599739074707,8.670429229736328,14.01804780960083,15.512734174728394,22.454055786132812,3.9976534843444824,96.59199617346938,87.25685586734694,73.07079081632652
FAMILY-21,CHILD,local,4201371,3.49761962890625,3.4695498943328857,5.215942144393921,5.785126686096191,6.200386047363281,1.28070068359375,87.39636479591837,34.53842474489796,1.9571109693877553
FAMILY-21,CHILD,bending,4201372,6.971043586730957,7.634519100189209,10.871779441833496,11.208571672439575,11.646235466003418,3.288252830505371,89.34948979591837,76.36918048469387,62.77104591836735
FAMILY-21,CHILD,elastic,4201380,6.100856781005859,6.090437412261963,9.859668254852295,11.054031610488892,14.40548038482666,2.8443589210510254,92.5243144132653,73.8998724489796,51.10411352040817
FAMILY-21,CHILD,local,4201381,3.0967812538146973,3.082996129989624,5.052942752838135,5.605033874511719,6.405069351196289,1.3951910734176636,76.10610650510205,24.64325573979592,2.1643813775510203
FAMILY-21,CHILD,bending,4201382,6.607000350952148,7.071277618408203,10.222137928009033,10.75293254852295,11.940292358398438,3.012587070465088,90.4555963010204,75.77128507653062,59.94499362244898
FAMILY-21,CHILD,elastic,4201390,6.930228233337402,6.843075275421143,10.941612720489502,12.24387001991272,16.104753494262695,3.0606980323791504,95.65330038265306,81.67051977040816,59.75765306122449
FAMILY-21,CHILD,local,4201391,2.975329637527466,2.854344606399536,4.675812721252441,5.045544862747192,6.501876354217529,1.2046667337417603,78.34024234693877,20.65927933673469,1.301419005102041
FAMILY-21,CHILD,bending,4201392,4.5680999755859375,4.938328742980957,7.092929124832153,7.402952194213867,8.051663398742676,2.105828285217285,83.37452168367348,61.83235012755102,33.328683035714285
FAMILY-21,FATHER,elastic,4201400,8.50085735321045,8.139863967895508,14.440477848052979,16.1616473197937,22.420150756835938,4.348431587219238,95.19889987244898,83.81098533163265,67.7993463010204
FAMILY-21,FATHER,local,4201401,4.240727424621582,3.987776279449463,7.142216920852661,7.78642201423645,9.426535606384277,2.095707416534424,83.87476084183673,49.80668048469388,24.539620535714285
FAMILY-21,FATHER,bending,4201402,6.973451614379883,7.516434669494629,10.815635204315186,11.319660663604736,12.39879035949707,3.2023026943206787,90.79241071428571,77.10060586734694,62.601642219387756
FAMILY-21,FATHER,elastic,4201410,6.6381731033325195,6.639453887939453,10.458148956298828,11.532188177108765,16.45562744140625,3.0583701133728027,94.1844706632653,77.07270408163265,56.82597257653062
FAMILY-21,FATHER,local,4201411,4.893767833709717,4.667633056640625,7.806191682815552,8.544825077056885,10.30567741394043,2.0461113452911377,93.45902423469387,64.6305006377551,29.261001275510207
FAMILY-21,FATHER,bending,4201412,6.159480094909668,6.640013694763184,9.553763389587402,9.998485088348389,10.949748039245605,2.828721523284912,88.85323660714286,73.43949298469387,56.32573341836735
FAMILY-21,FATHER,elastic,4201420,6.5193257331848145,6.3181047439575195,10.65786600112915,11.741738557815552,17.07869529724121,3.0159881114959717,94.08282844387756,77.92370854591837,53.87635522959183
FAMILY-21,FATHER,local,4201421,3.643984317779541,3.1333725452423096,6.5134735107421875,7.299957752227783,9.786206245422363,2.0109241008758545,76.99896364795919,36.98580994897959,16.54775191326531
FAMILY-21,FATHER,bending,4201422,5.828246593475342,6.357943534851074,9.08130931854248,9.386606931686401,9.942415237426758,2.7255172729492188,87.15122767857143,71.27311862244898,53.617267219387756
FAMILY-21,FATHER,elastic,4201430,8.096318244934082,7.887805938720703,13.350401878356934,14.56975507736206,19.694089889526367,3.8306400775909424,96.02798150510205,84.01426977040816,67.15561224489795
FAMILY-21,FATHER,local,4201431,3.5848100185394287,3.658536434173584,5.887166500091553,6.501225233078003,7.330733776092529,1.6610702276229858,80.5046237244898,41.358418367346935,8.864795918367346
FAMILY-21,FATHER,bending,4201432,4.479303359985352,4.773406982421875,6.914635419845581,7.303828477859497,8.197745323181152,2.031693696975708,83.53794642857143,60.80994897959183,30.26147959183674
FAMILY-21,FATHER,elastic,4201440,8.813937187194824,8.536982536315918,14.627575397491455,16.213371753692627,21.721080780029297,4.143750190734863,97.07230548469387,87.26482780612244,71.5561224489796
FAMILY-21,FATHER,local,4201441,2.8367068767547607,2.8056583404541016,4.823880910873413,5.523818135261536,6.468332290649414,1.4147614240646362,69.80229591836735,20.12316645408163,2.3377710459183674
FAMILY-21,FATHER,bending,4201442,3.9904253482818604,4.271634101867676,6.174493074417114,6.493739724159241,7.209216594696045,1.8197641372680664,80.7358099489796,54.41844706632652,14.000717474489797
FAMILY-21,MOTHER,elastic,4201450,9.853042602539062,9.284324645996094,16.557147979736328,18.42142152786255,25.325117111206055,4.669615745544434,97.5227200255102,90.7665019132653,78.4359056122449
FAMILY-21,MOTHER,local,4201451,2.800058126449585,2.7282919883728027,4.675917863845825,5.190217018127441,6.583844184875488,1.3566358089447021,70.31050701530613,17.5960618622449,2.2660235969387754
FAMILY-21,MOTHER,bending,4201452,6.62814474105835,7.260250091552734,10.338810920715332,10.656411409378052,11.060124397277832,3.1279971599578857,88.62005739795919,75.03388073979592,60.5110012755102
FAMILY-21,MOTHER,elastic,4201460,5.676419734954834,5.562625885009766,9.103156089782715,9.941122770309448,13.384998321533203,2.5355966091156006,92.35491071428571,72.50279017857143,43.744021045918366
FAMILY-21,MOTHER,local,4201461,4.184647083282471,4.006716251373291,6.962423801422119,7.630728602409363,11.054906845092773,2.0671138763427734,85.24992028061224,50.115593112244895,20.236766581632654
FAMILY-21,MOTHER,bending,4201462,6.704905033111572,7.180070877075195,10.376218795776367,10.910520553588867,12.104933738708496,3.05855655670166,90.64692283163265,76.19180484693877,60.69036989795919
FAMILY-21,MOTHER,elastic,4201470,7.723795413970947,7.568922519683838,12.643917560577393,13.972678661346436,22.545082092285156,3.586193561553955,95.48588966836735,83.81098533163265,66.21293048469387
FAMILY-21,MOTHER,local,4201471,2.6304547786712646,2.5493669509887695,4.449066400527954,5.1084712743759155,6.987197399139404,1.3634523153305054,63.32110969387755,14.94738520408163,1.3930963010204083
FAMILY-21,MOTHER,bending,4201472,4.89229679107666,5.323281288146973,7.616155624389648,7.895625472068787,8.42443561553955,2.2785842418670654,84.31521045918367,64.86766581632652,40.523357780612244
FAMILY-21,MOTHER,elastic,4201480,5.805621147155762,5.441198348999023,9.782838821411133,11.689429521560669,15.975648880004883,3.013993978500366,91.63942920918367,69.09279336734694,42.46851084183674
FAMILY-21,MOTHER,local,4201481,4.222386360168457,4.38482141494751,6.214702129364014,7.135316371917725,8.594632148742676,1.7666747570037842,86.68686224489795,57.17075892857143,13.014190051020408
FAMILY-21,MOTHER,bending,4201482,3.9220166206359863,4.285229682922363,6.113741159439087,6.308311820030212,6.639083385467529,1.8400920629501343,79.44236288265306,54.237085459183675,12.838807397959185
FAMILY-21,MOTHER,elastic,4201490,4.950353622436523,4.855661392211914,8.146446228027344,8.870795965194702,11.823487281799316,2.324786424636841,89.22991071428571,63.04209183673469,32.67299107142857
FAMILY-21,MOTHER,local,4201491,3.9621806144714355,4.132193565368652,6.260588884353638,6.613864302635193,8.580623626708984,1.7713768482208252,82.89819834183673,52.24410076530612,13.739636479591837
FAMILY-21,MOTHER,bending,4201492,6.500564098358154,7.120000839233398,10.139320373535156,10.451909065246582,10.852837562561035,3.0671586990356445,88.3968431122449,74.47983099489795,59.58625637755102
FAMILY-22,CHILD,elastic,4201500,4.436395168304443,4.3446149826049805,7.24159574508667,8.123768329620361,10.747967720031738,2.115617513656616,86.4516900510204,55.87133290816326,23.168447066326532
FAMILY-22,CHILD,local,4201501,3.964088201522827,3.7351183891296387,6.665329933166504,7.545935273170471,10.455846786499023,1.949690818786621,84.51849489795919,44.88201530612245,15.02311862244898
FAMILY-22,CHILD,bending,4201502,4.632397174835205,5.085898399353027,7.227155447006226,7.441503286361694,7.714977741241455,2.1953697204589844,82.64508928571429,62.67338966836735,36.49752869897959
FAMILY-22,CHILD,elastic,4201510,6.866987705230713,6.809494972229004,10.783447265625,11.91475772857666,15.126955032348633,2.9627058506011963,95.0374681122449,82.03922193877551,60.26187818877551
FAMILY-22,CHILD,local,4201511,2.7783150672912598,2.6341943740844727,4.697473049163818,5.334805846214294,6.102235317230225,1.330352783203125,67.80731823979592,18.742028061224488,0.34279336734693877
FAMILY-22,CHILD,bending,4201512,5.3948259353637695,5.856813430786133,8.389583587646484,8.72074294090271,9.372068405151367,2.5029401779174805,86.18064413265306,68.65832270408163,48.35180165816326
FAMILY-22,CHILD,elastic,4201520,8.762627601623535,8.508872985839844,14.29280424118042,15.84284257888794,24.832916259765625,4.019700050354004,97.31345663265306,88.4506536989796,72.80970982142857
FAMILY-22,CHILD,local,4201521,3.9021735191345215,3.733642339706421,6.791466474533081,7.380815148353577,8.252525329589844,2.0423202514648438,76.64022640306123,46.61391900510204,19.86407844387755
FAMILY-22,CHILD,bending,4201522,4.833194255828857,5.300455570220947,7.539562225341797,7.767251133918762,8.049245834350586,2.2869184017181396,83.52000956632652,64.43718112244898,40.62699298469388
FAMILY-22,CHILD,elastic,4201530,7.705956935882568,7.507415771484375,12.651350975036621,13.612188577651978,19.6685848236084,3.6171815395355225,94.74649234693877,83.20511798469387,65.15664859693877
FAMILY-22,CHILD,local,4201531,4.22394323348999,4.423573970794678,6.606619834899902,7.103304028511047,8.51209545135498,1.9158475399017334,84.67195471938776,55.20368303571429,19.648836096938776
FAMILY-22,CHILD,bending,4201532,7.074167728424072,7.740342140197754,11.03196907043457,11.377162218093872,11.894104957580566,3.3283064365386963,89.61854272959184,76.82358099489795,63.37093431122449
FAMILY-22,CHILD,elastic,4201540,6.628141403198242,6.549086570739746,10.82367467880249,11.742273569107056,14.949005126953125,3.053654432296753,94.02303890306123,77.49720982142857,56.58880739795919
FAMILY-22,CHILD,local,4201541,4.380407333374023,4.0685930252075195,7.039373874664307,9.191716432571411,12.054927825927734,2.3479576110839844,85.87173150510205,51.04432397959183,21.031967474489797
FAMILY-22,CHILD,bending,4201542,5.65582275390625,6.179891586303711,8.816438674926758,9.09699535369873,9.573593139648438,2.6535918712615967,86.49553571428571,70.2407525510204,51.91127232142857
FAMILY-22,FATHER,elastic,4201550,5.214112758636475,5.010785102844238,8.39854621887207,8.913234949111938,12.072589874267578,2.275891065597534,92.8451849489796,65.8023756377551,36.65098852040816
FAMILY-22,FATHER,local,4201551,3.7810487747192383,3.8337717056274414,5.756860256195068,6.11708390712738,8.263982772827148,1.5857499837875366,84.49457908163265,46.673708545918366,6.562898596938775
FAMILY-22,FATHER,bending,4201552,5.1784467697143555,5.686212539672852,8.078744411468506,8.31825304031372,8.624475479125977,2.455432176589966,84.69587053571429,67.1157525510204,46.326929209183675
FAMILY-22,FATHER,elastic,4201560,7.510181427001953,7.280392646789551,12.57581901550293,13.963738203048706,18.542795181274414,3.660728931427002,94.63488520408163,80.69196428571429,62.46811224489795
FAMILY-22,FATHER,local,4201561,2.860328435897827,2.6404519081115723,5.152335166931152,5.728929042816162,6.748079776763916,1.5868288278579712,67.09980867346938,25.290975765306122,3.5016741071428568
FAMILY-22,FATHER,bending,4201562,5.619815826416016,6.062657356262207,8.718921661376953,9.119441509246826,9.972183227539062,2.582960367202759,87.28276466836735,70.32844387755102,50.71149553571429
FAMILY-22,FATHER,elastic,4201570,7.236485004425049,7.271439552307129,11.614473819732666,12.764493942260742,16.65142059326172,3.343104362487793,94.53922193877551,80.56839923469387,61.77455357142857
FAMILY-22,FATHER,local,4201571,3.1485583782196045,3.164637565612793,4.8366780281066895,5.364888072013855,6.275275230407715,1.3639543056488037,76.96109693877551,32.5015943877551,0.9526466836734695
FAMILY-22,FATHER,bending,4201572,4.550884246826172,4.914638519287109,7.064077377319336,7.380354642868042,8.047310829162598,2.0948870182037354,83.32868303571429,61.64301658163265,32.860331632653065
FAMILY-22,FATHER,elastic,4201580,4.928454399108887,4.921194076538086,7.7979819774627686,8.563779592514038,11.772759437561035,2.2028648853302,89.08242984693877,64.94539221938776,32.72281568877551
FAMILY-22,FATHER,local,4201581,4.703461170196533,4.664879322052002,7.823795557022095,8.362137079238892,10.071006774902344,2.1753036975860596,86.9579081632653,60.60267857142857,27.97353316326531
FAMILY-22,FATHER,bending,4201582,6.21139669418335,6.753382682800293,9.665198802947998,10.029046058654785,10.732012748718262,2.888697624206543,88.3609693877551,73.38568239795919,57.07509566326531
FAMILY-22,FATHER,elastic,4201590,4.6273040771484375,4.622886657714844,7.366731405258179,8.331553936004639,11.79982852935791,2.113168954849243,87.8467793367347,61.08697385204081,25.22720025510204
FAMILY-22,FATHER,local,4201591,3.079063892364502,2.9238433837890625,5.143376111984253,6.024183869361877,7.516670227050781,1.5143853425979614,75.27901785714286,24.828603316326532,5.137914540816327
FAMILY-22,FATHER,bending,4201592,6.548276424407959,6.983758926391602,10.113243103027344,10.672659635543823,11.951467514038086,2.9734621047973633,90.6967474489796,75.61583227040816,59.45272640306123
FAMILY-22,MOTHER,elastic,4201600,6.7268147468566895,6.393472671508789,10.903862953186035,11.659687757492065,15.482034683227539,3.0489397048950195,95.21085778061224,79.61973852040816,54.76522640306123
FAMILY-22,MOTHER,local,4201601,4.910846710205078,4.6258344650268555,8.049346446990967,8.81986951828003,10.934333801269531,2.2444403171539307,90.81034757653062,62.81489158163265,30.197704081632654
FAMILY-22,MOTHER,bending,4201602,4.566429138183594,4.873536586761475,7.055956125259399,7.440789699554443,8.315329551696777,2.0755014419555664,83.83490114795919,61.76259566326531,32.49362244897959
FAMILY-22,MOTHER,elastic,4201610,6.570011138916016,6.396985054016113,10.713127613067627,11.86417555809021,17.125532150268555,3.136087417602539,93.7141262755102,76.15792410714286,54.65760522959183
FAMILY-22,MOTHER,local,4201611,3.179353713989258,3.216834783554077,4.850260496139526,5.257295370101929,6.022618770599365,1.226167917251587,81.41342474489795,25.562021683673468,0.05779655612244898
FAMILY-22,MOTHER,bending,4201612,3.938049554824829,4.261098861694336,6.116702079772949,6.380594253540039,6.9290900230407715,1.8167840242385864,80.06218112244898,54.04575892857143,12.765066964285715
FAMILY-22,MOTHER,elastic,4201620,4.455749988555908,4.338081359863281,7.323168992996216,8.323430061340332,11.342796325683594,2.130549192428589,86.94196428571429,56.10052614795919,22.761878188775512
FAMILY-22,MOTHER,local,4201621,3.92368483543396,3.9668169021606445,6.256998777389526,6.767486572265625,8.296595573425293,1.7789517641067505,83.44029017857143,49.43797831632653,13.404815051020408
FAMILY-22,MOTHER,bending,4201622,4.0452799797058105,4.303572654724121,6.23860502243042,6.599964141845703,7.437784194946289,1.8314129114151,81.29783163265306,54.974489795918366,15.383848852040815
FAMILY-22,MOTHER,elastic,4201630,6.542741298675537,6.376568794250488,10.557859420776367,11.659714937210083,14.797703742980957,2.8481390476226807,95.9163743622449,79.79910714285714,54.759247448979586
FAMILY-22,MOTHER,local,4201631,4.1755146980285645,3.869016647338867,7.027040243148804,7.9072195291519165,11.573877334594727,2.1732139587402344,83.85682397959184,47.64628507653062,20.958227040816325
FAMILY-22,MOTHER,bending,4201632,5.648768424987793,6.084580421447754,8.759459495544434,9.170953035354614,10.061352729797363,2.5919628143310547,87.4382174744898,70.53770727040816,50.972576530612244
FAMILY-22,MOTHER,elastic,4201640,5.658259391784668,5.529268741607666,8.887913703918457,10.054649591445923,15.929051399230957,2.4659006595611572,93.19196428571429,75.13751594387756,42.313058035714285
FAMILY-22,MOTHER,local,4201641,2.7702314853668213,2.7889795303344727,4.336642742156982,4.673636317253113,5.0909247398376465,1.2025047540664673,72.50079719387756,18.973214285714285,0.0
FAMILY-22,MOTHER,bending,4201642,5.167713642120361,5.623636245727539,8.045161247253418,8.339365243911743,8.895612716674805,2.4072229862213135,85.30173788265306,67.0360331632653,45.32246492346938
FAMILY-24,CHILD,elastic,4201650,8.356222152709961,8.074357986450195,13.616200923919678,15.590392827987671,20.565227508544922,3.936542510986328,96.09175701530613,85.85578762755102,69.6827168367347
FAMILY-24,CHILD,local,4201651,3.280221462249756,3.166262149810791,5.156775712966919,5.769942045211792,8.185192108154297,1.4498438835144043,80.93710140306123,28.262515943877553,3.8584183673469385
FAMILY-24,CHILD,bending,4201652,5.571658611297607,5.946011543273926,8.608952045440674,9.078764915466309,10.14663028717041,2.5323071479797363,87.71922831632652,70.2586894132653,49.364237882653065
FAMILY-24,CHILD,elastic,4201660,6.404333591461182,6.410660743713379,10.221447467803955,11.113577842712402,17.08084487915039,2.9578685760498047,93.05245535714286,75.92474489795919,55.25948660714286
FAMILY-24,CHILD,local,4201661,4.976658821105957,5.026993274688721,7.63306450843811,8.71987509727478,12.708868026733398,2.167896270751953,91.3803411989796,65.75653698979592,29.799107142857146
FAMILY-24,CHILD,bending,4201662,6.596397399902344,7.09802770614624,10.225425720214844,10.715830326080322,11.778645515441895,3.023465156555176,90.03109056122449,75.58793048469387,59.94698660714286
FAMILY-24,CHILD,elastic,4201670,4.755918979644775,4.548775672912598,7.827491044998169,8.690737962722778,11.321892738342285,2.2319483757019043,88.90704719387756,59.119897959183675,29.569913903061224
FAMILY-24,CHILD,local,4201671,3.3084607124328613,3.3862948417663574,5.371176481246948,5.771879076957703,8.178995132446289,1.6309607028961182,72.76985012755102,38.6100924744898,2.2779815051020407
FAMILY-24,CHILD,bending,4201672,4.60490083694458,4.892245292663574,7.09574294090271,7.51869261264801,8.505203247070312,2.0810587406158447,84.24944196428571,62.189094387755105,32.98588966836735
FAMILY-24,CHILD,elastic,4201680,5.818871974945068,5.703048229217529,9.351142406463623,10.343024730682373,13.39753532409668,2.579773187637329,92.59406887755102,75.34279336734694,45.73301977040816
FAMILY-24,CHILD,local,4201681,3.8464362621307373,3.8715147972106934,5.867967844009399,6.450423836708069,8.535575866699219,1.5838828086853027,86.58920599489795,46.71356823979592,8.567841198979592
FAMILY-24,CHILD,bending,4201682,5.960168361663818,6.426411151885986,9.245331287384033,9.674591541290283,10.591739654541016,2.7376081943511963,88.28523596938776,72.37922512755102,54.41844706632652
FAMILY-24,CHILD,elastic,4201690,6.806579113006592,6.585750579833984,11.232954025268555,12.471283435821533,16.41090965270996,3.245727300643921,94.35985331632652,77.7881855867347,56.57684948979592
FAMILY-24,CHILD,local,4201691,2.572580099105835,2.4967947006225586,4.210233211517334,4.639474868774414,6.83528470993042,1.2960317134857178,62.59566326530612,14.299665178571427,1.2914540816326532
FAMILY-24,CHILD,bending,4201692,5.203375816345215,5.695182800292969,8.114399433135986,8.368199586868286,8.734700202941895,2.4497182369232178,85.03667091836735,67.28316326530613,46.38871173469388
FAMILY-24,FATHER,elastic,4201700,8.121849060058594,7.938483238220215,12.991878032684326,14.309887886047363,18.328245162963867,3.5867884159088135,96.93080357142857,86.47759885204081,69.66079400510205
FAMILY-24,FATHER,local,4201701,3.2929954528808594,3.1395959854125977,5.716264963150024,6.280447721481323,8.890277862548828,1.7719544172286987,72.89939413265306,34.73174426020408,7.282366071428571
FAMILY-24,FATHER,bending,4201702,6.110844135284424,6.643624782562256,9.509408950805664,9.865695476531982,10.553909301757812,2.842449426651001,88.07796556122449,72.90138711734694,56.16629464285714
FAMILY-24,FATHER,elastic,4201710,4.977832317352295,4.899596214294434,8.058090209960938,8.738981008529663,11.356729507446289,2.244853973388672,90.71069834183673,63.58617665816326,33.16326530612245
FAMILY-24,FATHER,local,4201711,4.099612236022949,3.933535099029541,6.644724607467651,7.814173936843872,9.495892524719238,1.9790295362472534,84.2334980867347,48.80819515306122,16.8765943877551
FAMILY-24,FATHER,bending,4201712,4.679665565490723,5.06387996673584,7.269623756408691,7.579806923866272,8.224323272705078,2.1600453853607178,83.75916772959184,62.928491709183675,35.823899872448976
FAMILY-24,FATHER,elastic,4201720,6.7776408195495605,6.5695037841796875,11.115020275115967,12.33982229232788,18.021032333374023,3.181130886077881,94.75645727040816,78.5415338010204,56.80803571428571
FAMILY-24,FATHER,local,4201721,4.550590515136719,4.433017730712891,7.3807313442230225,8.070665836334229,10.067197799682617,2.056175470352173,88.80341198979592,57.40194515306123,24.376195790816325
FAMILY-24,FATHER,bending,4201722,4.5416178703308105,4.937335014343262,7.066559553146362,7.334846138954163,7.855945110321045,2.1110870838165283,82.9719387755102,61.60714285714286,33.15728635204081
FAMILY-24,FATHER,elastic,4201730,7.96636962890625,7.781771659851074,12.660594940185547,14.083698987960815,20.745460510253906,3.599703311920166,96.2890625,85.09048150510205,68.88950892857143
FAMILY-24,FATHER,local,4201731,2.5782480239868164,2.471848964691162,4.256300687789917,4.824717402458191,6.131462097167969,1.2247343063354492,65.74258609693877,14.223931760204081,0.4384566326530612
FAMILY-24,FATHER,bending,4201732,3.549912214279175,3.8065733909606934,5.495771646499634,5.774037837982178,6.3917341232299805,1.6212267875671387,77.75829081632652,46.285076530612244,1.3671875
FAMILY-24,FATHER,elastic,4201740,5.003689289093018,4.946455955505371,8.100794315338135,9.100847244262695,11.71996784210205,2.333284854888916,89.75007971938776,64.22393176020408,33.492107780612244
FAMILY-24,FATHER,local,4201741,2.852161407470703,2.772451400756836,4.391846656799316,4.933743000030518,6.5220160484313965,1.1756696701049805,73.94172512755102,16.88456632653061,0.8629623724489796
FAMILY-24,FATHER,bending,4201742,5.801373481750488,6.353332042694092,9.047128200531006,9.328343868255615,9.706944465637207,2.734842300415039,86.76857461734694,71.06983418367348,53.563456632653065
FAMILY-24,MOTHER,elastic,4201750,6.845290184020996,6.615767478942871,11.276978969573975,12.57847809791565,18.135202407836914,3.2913198471069336,94.45551658163265,77.87986288265306,56.83394451530612
FAMILY-24,MOTHER,local,4201751,3.214656352996826,3.1952531337738037,5.356330394744873,5.759165644645691,8.599958419799805,1.7070395946502686,71.27909757653062,35.27981505102041,3.6650988520408165
FAMILY-24,MOTHER,bending,4201752,6.535105228424072,7.164068698883057,10.193930625915527,10.503229141235352,10.883482933044434,3.0898449420928955,88.37691326530613,74.61933992346938,59.83338647959183
FAMILY-24,MOTHER,elastic,4201760,5.053582191467285,5.033536911010742,8.036301136016846,9.04332160949707,11.593758583068848,2.2649941444396973,90.22640306122449,65.21245216836735,35.99330357142857
FAMILY-24,MOTHER,local,4201761,4.190422534942627,4.176785469055176,6.53248929977417,7.037603974342346,8.58492660522461,1.824737310409546,86.25039859693877,53.61527423469388,18.991151147959183
FAMILY-24,MOTHER,bending,4201762,6.142436981201172,6.702436447143555,9.571022987365723,9.88876461982727,10.465380668640137,2.8739678859710693,87.94642857142857,72.92530293367348,56.548947704081634
FAMILY-24,MOTHER,elastic,4201770,6.343912601470947,6.307277679443359,10.091081142425537,11.037289381027222,13.518696784973145,2.793170213699341,94.3538743622449,77.55102040816327,53.609295280612244
FAMILY-24,MOTHER,local,4201771,4.1429314613342285,4.213277339935303,6.627880334854126,7.078683495521545,7.90668249130249,1.8218125104904175,84.59821428571429,54.669563137755105,18.22185905612245
FAMILY-24,MOTHER,bending,4201772,4.430461883544922,4.812795639038086,6.89137601852417,7.159430503845215,7.6866135597229,2.0567147731781006,82.46372767857143,60.43327487244898,30.397002551020407
FAMILY-24,MOTHER,elastic,4201780,6.529996395111084,6.328105926513672,10.663080215454102,12.048543691635132,15.305017471313477,3.1047279834747314,93.95527742346938,76.40704719387756,53.49968112244898
FAMILY-24,MOTHER,local,4201781,4.407778263092041,4.476437091827393,7.5260186195373535,8.491784572601318,11.977031707763672,2.3793511390686035,80.12595663265306,56.79607780612245,25.73939732142857
FAMILY-24,MOTHER,bending,4201782,7.026302337646484,7.6926188468933105,10.955948829650879,11.29928994178772,11.77961540222168,3.3096678256988525,89.4969706632653,76.60833864795919,63.06600765306123
FAMILY-24,MOTHER,elastic,4201790,6.714388370513916,6.591413497924805,10.88318157196045,12.110684633255005,16.962997436523438,3.0257599353790283,95.03348214285714,79.96851084183673,57.38998724489795
FAMILY-24,MOTHER,local,4201791,3.9665255546569824,4.025273323059082,6.013383865356445,6.462190747261047,7.565898895263672,1.6280022859573364,86.53738839285714,50.48030931122449,10.216039540816327
FAMILY-24,MOTHER,bending,4201792,4.028137683868408,4.415395736694336,6.282503366470337,6.475142478942871,6.708301067352295,1.9032237529754639,79.85491071428571,55.87133290816326,17.283163265306122
FAMILY-25,CHILD,elastic,4201800,7.0763325691223145,6.901422500610352,11.651930332183838,12.560300350189209,19.624509811401367,3.3613698482513428,94.85411352040816,78.9421237244898,59.642059948979586
FAMILY-25,CHILD,local,4201801,2.6814868450164795,2.661749839782715,4.546831846237183,4.828516602516174,5.656637668609619,1.3271297216415405,65.94587053571429,19.41764987244898,0.0
FAMILY-25,CHILD,bending,4201802,5.098903656005859,5.462615013122559,7.891401529312134,8.294915199279785,9.193998336791992,2.327198028564453,85.87372448979592,66.72712053571429,42.81329719387755
FAMILY-25,CHILD,elastic,4201810,5.9898152351379395,6.057068824768066,9.453959465026855,10.17101263999939,13.088812828063965,2.5897862911224365,93.30157844387756,75.06377551020408,50.76729910714286
FAMILY-25,CHILD,local,4201811,4.844552040100098,4.768435955047607,7.557425498962402,8.393043994903564,10.405956268310547,1.9515382051467896,92.83123405612244,67.4984056122449,26.297433035714285
FAMILY-25,CHILD,bending,4201812,6.909706115722656,7.544401168823242,10.767613887786865,11.119608640670776,11.743356704711914,3.236384153366089,89.50892857142857,76.31138392857143,62.308673469387756
FAMILY-25,CHILD,elastic,4201820,7.86375093460083,7.624468803405762,12.692780017852783,14.0966157913208,19.763639450073242,3.733705759048462,95.25271045918367,83.10945471938776,66.84271364795919
FAMILY-25,CHILD,local,4201821,4.411319732666016,4.308152198791504,7.38177490234375,8.671405553817749,10.21174144744873,2.05610728263855,88.17761479591837,57.41191007653062,18.345424107142858
FAMILY-25,CHILD,bending,4201822,4.975253105163574,5.436223030090332,7.754209280014038,8.002526044845581,8.429841995239258,2.3333261013031006,84.38097895408163,65.56720344387756,42.60403380102041
FAMILY-25,CHILD,elastic,4201830,7.54398250579834,7.189182281494141,12.600306034088135,13.960881471633911,17.792293548583984,3.607680320739746,95.82071109693877,81.77216198979592,61.87220982142857
FAMILY-25,CHILD,local,4201831,4.047924041748047,3.827897548675537,6.680542469024658,7.447952151298523,9.66772174835205,1.9266431331634521,86.05707908163265,47.303491709183675,18.71611926020408
FAMILY-25,CHILD,bending,4201832,3.5334887504577637,3.7801761627197266,5.465548038482666,5.751517653465271,6.394847393035889,1.6101878881454468,77.6985012755102,45.794802295918366,1.327327806122449
FAMILY-25,CHILD,elastic,4201840,4.279814720153809,4.117754936218262,7.017409086227417,7.742680668830872,12.104447364807129,2.0380144119262695,86.72074298469387,52.24410076530612,20.057397959183675
FAMILY-25,CHILD,local,4201841,2.6834704875946045,2.516939640045166,4.652293682098389,5.045869469642639,5.719837665557861,1.3197904825210571,66.46603954081633,19.48740433673469,0.0
FAMILY-25,CHILD,bending,4201842,3.3335859775543213,3.6537277698516846,5.1995015144348145,5.3583128452301025,5.551654815673828,1.575413465499878,75.1415019132653,43.45703125,0.0
FAMILY-25,FATHER,elastic,4201850,4.919535160064697,4.821535110473633,7.919847249984741,8.77348279953003,11.654956817626953,2.26894211769104,89.0086894132653,63.44866071428571,33.1851881377551
FAMILY-25,FATHER,local,4201851,4.083520412445068,3.7354888916015625,7.229785442352295,7.609689235687256,8.353677749633789,2.195098400115967,79.07166772959184,46.36280293367347,25.98453443877551
FAMILY-25,FATHER,bending,4201852,6.425174713134766,7.05375862121582,10.023679733276367,10.32282304763794,10.700662612915039,3.0440263748168945,88.03810586734694,74.0951849489796,59.05412946428571
FAMILY-25,FATHER,elastic,4201860,5.407687664031982,5.3187761306762695,8.824984550476074,9.667766332626343,12.683082580566406,2.5184717178344727,91.14317602040816,66.88257334183673,41.59359056122449
FAMILY-25,FATHER,local,4201861,2.898599624633789,2.994967222213745,4.370559215545654,4.927114367485046,7.488288879394531,1.3131557703018188,76.14995216836735,17.478475765306122,2.024872448979592
FAMILY-25,FATHER,bending,4201862,3.4966087341308594,3.7889904975891113,5.434481620788574,5.659988045692444,6.116871356964111,1.617272138595581,76.99896364795919,45.99410076530612,0.23915816326530612
FAMILY-25,FATHER,elastic,4201870,8.005958557128906,7.834519386291504,12.745175838470459,14.22937822341919,20.02922821044922,3.570739269256592,96.42657844387756,86.53140943877551,69.24426020408163
FAMILY-25,FATHER,local,4201871,3.9549105167388916,3.9305498600006104,6.469723701477051,6.9957969188690186,9.101318359375,1.8461159467697144,82.86232461734694,48.636798469387756,15.322066326530612
FAMILY-25,FATHER,bending,4201872,5.093250751495361,5.502634048461914,7.906623840332031,8.258579730987549,8.998942375183105,2.345409870147705,85.46316964285714,66.53180803571429,43.26371173469388
FAMILY-25,FATHER,elastic,4201880,7.630627632141113,7.42724084854126,12.442850589752197,14.34932827949524,19.087257385253906,3.6066534519195557,95.36033163265306,83.40441645408163,65.19252232142857
FAMILY-25,FATHER,local,4201881,3.1649465560913086,3.205517292022705,4.9246416091918945,5.493508815765381,7.284346103668213,1.5244560241699219,74.60339604591837,34.97090242346938,3.3581792091836733
FAMILY-25,FATHER,bending,4201882,5.169128894805908,5.583003044128418,8.02396535873413,8.383062362670898,9.13764762878418,2.3798155784606934,85.7162786989796,67.11973852040816,44.471460459183675
FAMILY-25,FATHER,elastic,4201890,5.472362518310547,5.262210369110107,8.969550609588623,10.045181512832642,14.605978012084961,2.598909378051758,91.76897321428571,68.11623086734694,40.066964285714285
FAMILY-25,FATHER,local,4201891,4.099366664886475,4.046943664550781,6.694760084152222,7.174849033355713,8.685514450073242,1.891021966934204,84.68989158163265,50.733418367346935,18.64636479591837
FAMILY-25,FATHER,bending,4201892,4.845681667327881,5.209561347961426,7.509775400161743,7.872716784477234,8.66789722442627,2.219298839569092,84.75765306122449,64.48700573979592,38.63002232142857
FAMILY-25,MOTHER,elastic,4201900,4.696205139160156,4.684756278991699,7.386735200881958,7.99906051158905,10.303669929504395,1.9945626258850098,89.75805165816327,63.04009885204081,27.194276147959183
FAMILY-25,MOTHER,local,4201901,2.903343439102173,2.8614487648010254,4.720639705657959,5.016439080238342,6.347635746002197,1.293129324913025,70.97417091836735,23.03093112244898,0.3786670918367347
FAMILY-25,MOTHER,bending,4201902,3.6975414752960205,4.023797035217285,5.7563605308532715,5.96681821346283,6.364099502563477,1.7224801778793335,78.21867028061224,50.43447066326531,4.414461096938775
FAMILY-25,MOTHER,elastic,4201910,4.511431694030762,4.443633079528809,7.372009992599487,8.10089898109436,10.86620044708252,2.1041905879974365,87.10140306122449,57.38998724489795,25.125558035714285
FAMILY-25,MOTHER,local,4201911,4.101679801940918,4.025669574737549,6.537914991378784,6.9408509731292725,7.840624809265137,1.8528021574020386,84.02224170918367,50.3547512755102,19.66278698979592
FAMILY-25,MOTHER,bending,4201912,6.816842079162598,7.2813801765441895,10.536038875579834,11.103361129760742,12.391277313232422,3.1006381511688232,91.26275510204081,76.72791772959184,61.527423469387756
FAMILY-25,MOTHER,elastic,4201920,5.563838005065918,5.3160319328308105,9.046077251434326,10.137544870376587,14.265654563903809,2.5940804481506348,92.45854591836735,70.5257493622449,40.316087372448976
FAMILY-25,MOTHER,local,4201921,2.5100088119506836,2.518259286880493,3.977480888366699,4.274612188339233,5.119680404663086,1.103448510169983,63.91900510204081,9.665975765306122,0.0
FAMILY-25,MOTHER,bending,4201922,4.250420093536377,4.612990379333496,6.609807729721069,6.87365984916687,7.395768165588379,1.9706023931503296,81.62468112244898,58.35459183673469,25.18933354591837
FAMILY-25,MOTHER,elastic,4201930,8.655962944030762,8.578279495239258,13.382651805877686,14.91358208656311,23.773155212402344,3.7309439182281494,97.25964604591837,89.11033163265306,74.7508769132653
FAMILY-25,MOTHER,local,4201931,4.635099411010742,4.468194007873535,7.5130088329315186,8.910606861114502,11.887314796447754,2.133892774581909,91.93638392857143,59.13584183673469,20.091278698979593
FAMILY-25,MOTHER,bending,4201932,6.665952682495117,7.276449680328369,10.387410163879395,10.729080438613892,11.338794708251953,3.121081829071045,89.05452806122449,75.34478635204081,60.66446109693877
FAMILY-25,MOTHER,elastic,4201940,8.57127571105957,8.411764144897461,13.709378242492676,14.852489948272705,22.749292373657227,3.83463978767395,96.31297831632652,87.24689094387756,72.9850924744898
FAMILY-25,MOTHER,local,4201941,3.6045217514038086,3.3486757278442383,6.328870534896851,7.100766181945801,8.309123039245605,1.7253035306930542,83.47417091836735,34.30325255102041,12.137276785714286
FAMILY-25,MOTHER,bending,4201942,7.120534896850586,7.695623397827148,11.055109024047852,11.543499231338501,12.563759803771973,3.280933380126953,90.84223533163265,77.5829081632653,63.57621173469388
FAMILY-26,CHILD,elastic,4201950,5.34433126449585,5.325650691986084,8.642125129699707,9.439150333404541,11.99173355102539,2.5244648456573486,89.95535714285714,66.09135841836735,41.998166454081634
FAMILY-26,CHILD,local,4201951,4.670501708984375,4.700425148010254,7.144192934036255,7.651429533958435,9.023465156555176,1.9573761224746704,89.97528698979592,61.354033801020414,30.074139030612244
FAMILY-26,CHILD,bending,4201952,3.5917794704437256,3.9351024627685547,5.602426767349243,5.773975372314453,5.988812446594238,1.6955779790878296,77.1484375,48.93773915816326,0.0
FAMILY-26,CHILD,elastic,4201960,6.117208003997803,6.111345291137695,9.862337112426758,10.72322154045105,13.335829734802246,2.7869961261749268,93.11822385204081,73.44746492346938,51.26155931122449
FAMILY-26,CHILD,local,4201961,3.116567850112915,2.967987537384033,5.160256385803223,5.917871713638306,8.306218147277832,1.4862498044967651,76.26355229591837,24.0234375,4.530054209183673
FAMILY-26,CHILD,bending,4201962,6.647525310516357,7.2359724044799805,10.349226951599121,10.725542783737183,11.433187484741211,3.0976967811584473,89.2398756377551,75.32286352040816,60.50103635204081
FAMILY-26,CHILD,elastic,4201970,5.931500434875488,5.710181713104248,9.430809020996094,10.382172107696533,14.611100196838379,2.615048408508301,94.48142538265306,75.18933354591837,46.10570790816326
FAMILY-26,CHILD,local,4201971,4.276884078979492,4.327916145324707,6.669272422790527,7.149107217788696,8.882190704345703,1.8794409036636353,86.45567602040816,55.92713647959183,21.25518176020408
FAMILY-26,CHILD,bending,4201972,3.6966919898986816,4.058825969696045,5.767491817474365,5.9383121728897095,6.156634330749512,1.752157211303711,77.79416454081633,50.93072385204081,2.712452168367347
FAMILY-26,CHILD,elastic,4201980,8.48391342163086,8.414115905761719,13.58779525756836,14.809383153915405,19.17398452758789,3.7793703079223633,96.45647321428571,86.71675701530613,71.97066326530613
FAMILY-26,CHILD,local,4201981,4.471761226654053,4.108819007873535,7.4359822273254395,8.616665124893188,10.302022933959961,2.2622432708740234,85.9554368622449,51.66214923469388,27.176339285714285
FAMILY-26,CHILD,bending,4201982,4.041584014892578,4.429754257202148,6.303778409957886,6.496250033378601,6.730733871459961,1.9100252389907837,79.9186862244898,56.05668048469388,17.88703762755102
FAMILY-26,CHILD,elastic,4201990,5.841835021972656,5.669293403625488,9.42153549194336,10.775123834609985,14.94409465789795,2.704261064529419,92.73158482142857,72.89142219387756,46.000079719387756
FAMILY-26,CHILD,local,4201991,4.196226596832275,4.070995330810547,6.893881559371948,7.59542453289032,8.8117036819458,1.9686517715454102,85.6086575255102,51.18183992346938,21.68566645408163
FAMILY-26,CHILD,bending,4201992,5.297470569610596,5.679719924926758,8.20081615447998,8.616772174835205,9.540205001831055,2.419116258621216,86.56130420918367,68.22783801020408,45.902423469387756
FAMILY-26,FATHER,elastic,4202000,5.114424228668213,5.074710845947266,8.079541683197021,8.953616380691528,12.949298858642578,2.2789390087127686,90.52734375,67.89102359693877,34.39692283163265
FAMILY-26,FATHER,local,4202001,4.2463297843933105,4.247734069824219,6.334193706512451,6.951080322265625,8.57852554321289,1.5994541645050049,90.5711894132653,56.640625,14.634486607142858
FAMILY-26,FATHER,bending,4202002,6.437801361083984,6.966230392456055,9.999867916107178,10.428142786026001,11.318642616271973,2.971048593521118,89.22393176020408,74.69507334183673,58.79703443877551
FAMILY-26,FATHER,elastic,4202010,5.185113906860352,5.135311126708984,8.20238733291626,9.143103837966919,13.279533386230469,2.268430471420288,92.4545599489796,67.13568239795919,34.36503507653062
FAMILY-26,FATHER,local,4202011,4.133127212524414,3.9129714965820312,6.805745840072632,7.871990323066711,10.552003860473633,2.0396993160247803,83.87476084183673,48.17841198979592,17.83721301020408
FAMILY-26,FATHER,bending,4202012,5.746860980987549,6.293691158294678,8.963558197021484,9.240197658538818,9.597311973571777,2.7112247943878174,86.58123405612244,70.7290338010204,53.00741390306123
FAMILY-26,FATHER,elastic,4202020,5.108317852020264,5.304659843444824,7.903663158416748,8.497592687606812,10.166282653808594,2.2069942951202393,89.27973533163265,67.72759885204081,39.652423469387756
FAMILY-26,FATHER,local,4202021,5.376932144165039,5.4365234375,8.608872413635254,9.046268463134766,10.127950668334961,2.3513081073760986,90.39979272959184,70.84263392857143,41.39628507653062
FAMILY-26,FATHER,bending,4202022,6.643489360809326,7.243542194366455,10.348026275634766,10.705907344818115,11.362922668457031,3.1032638549804688,89.1163105867347,75.2311862244898,60.49505739795919
FAMILY-26,FATHER,elastic,4202030,7.322137355804443,7.119464874267578,12.019764423370361,13.189618110656738,16.466896057128906,3.4264745712280273,95.1789700255102,80.92912946428571,61.485570790816325
FAMILY-26,FATHER,local,4202031,4.384488582611084,4.466373443603516,6.962389945983887,7.763837099075317,9.377497673034668,2.037053346633911,84.8274075255102,57.057158801020414,23.742426658163264
FAMILY-26,FATHER,bending,4202032,3.506577491760254,3.796428680419922,5.448090314865112,5.678388833999634,6.15087366104126,1.6199458837509155,77.07868303571429,46.13759566326531,0.35275829081632654
FAMILY-26,FATHER,elastic,4202040,5.60202169418335,5.517610549926758,9.035462856292725,9.77251386642456,13.064181327819824,2.457512855529785,93.0843431122449,72.33338647959184,42.1077806122449
FAMILY-26,FATHER,local,4202041,2.974008560180664,2.956592559814453,4.578954458236694,4.857836008071899,5.916226863861084,1.209046721458435,75.4344706632653,23.674665178571427,0.0
FAMILY-26,FATHER,bending,4202042,3.64481520652771,3.9227616786956787,5.650457143783569,5.920355677604675,6.502731800079346,1.6712262630462646,78.34821428571429,48.57501594387755,3.577407525510204
FAMILY-26,MOTHER,elastic,4202050,7.0082478523254395,6.943511009216309,11.025077819824219,11.931578636169434,16.583852767944336,3.0335752964019775,95.68319515306123,81.62667410714286,60.81592793367348
FAMILY-26,MOTHER,local,4202051,4.060718536376953,4.087527751922607,6.537609815597534,7.083881974220276,9.88814640045166,2.0006954669952393,81.35363520408163,51.05827487244898,18.054448341836736
FAMILY-26,MOTHER,bending,4202052,5.093494415283203,5.535320281982422,7.925609827041626,8.227437734603882,8.819945335388184,2.3665106296539307,85.1203762755102,66.47201849489795,43.89947385204081
FAMILY-26,MOTHER,elastic,4202060,4.617753028869629,4.588323593139648,7.372144937515259,8.231950521469116,12.564361572265625,2.1410257816314697,87.81489158163265,59.37300701530612,27.09263392857143
FAMILY-26,MOTHER,local,4202061,3.851515531539917,3.7092583179473877,6.465174436569214,7.075793385505676,8.659319877624512,1.8231079578399658,83.60371492346938,43.5367506377551,14.100366709183673
FAMILY-26,MOTHER,bending,4202062,7.008531093597412,7.583481788635254,10.887930870056152,11.352402687072754,12.311768531799316,3.235640525817871,90.50342793367348,77.09263392857143,62.852758290816325
FAMILY-26,MOTHER,elastic,4202070,8.682862281799316,8.525981903076172,14.020683765411377,15.51917052268982,21.713464736938477,3.927799940109253,98.02694515306123,87.67338966836735,71.6438137755102
FAMILY-26,MOTHER,local,4202071,3.341566801071167,3.3434367179870605,5.188783407211304,5.494086384773254,6.915627479553223,1.3456567525863647,81.71635841836735,32.318239795918366,1.331313775510204
FAMILY-26,MOTHER,bending,4202072,4.031805515289307,4.423949718475342,6.289533853530884,6.478640198707581,6.714655876159668,1.9093046188354492,79.79910714285714,55.96500318877551,17.526307397959183
FAMILY-26,MOTHER,elastic,4202080,5.531820297241211,5.251381874084473,9.456486701965332,10.582334995269775,13.979703903198242,2.760479688644409,90.63297193877551,66.99816645408163,40.77447385204081
FAMILY-26,MOTHER,local,4202081,3.94831919670105,3.948108196258545,6.028005361557007,6.7600589990615845,8.784005165100098,1.632669448852539,87.23493303571429,48.67466517857143,10.231983418367346
FAMILY-26,MOTHER,bending,4202082,4.485206127166748,4.8831257820129395,6.983408212661743,7.2362892627716064,7.712210178375244,2.090303897857666,82.60921556122449,61.05707908163265,31.967474489795915
FAMILY-26,MOTHER,elastic,4202090,6.404125213623047,6.268914699554443,10.62063980102539,11.817317008972168,15.578051567077637,3.0759031772613525,92.68574617346938,75.43247767857143,53.142936862244895
FAMILY-26,MOTHER,local,4202091,3.1686644554138184,3.202288866043091,4.772468090057373,5.367313385009766,6.293280601501465,1.276430368423462,80.4069674744898,26.2874681122449,1.3831313775510203
FAMILY-26,MOTHER,bending,4202092,6.854642868041992,7.305536270141602,10.581557750701904,11.176537036895752,12.538100242614746,3.1097772121429443,91.65138711734694,76.97704081632652,61.81441326530612
FAMILY-27,CHILD,elastic,4202100,7.194329738616943,7.046425819396973,11.76454210281372,12.704872608184814,18.047231674194336,3.370757818222046,94.68072385204081,80.24354272959184,60.78404017857143
FAMILY-27,CHILD,local,4202101,4.946262836456299,4.82539701461792,7.90963888168335,9.102849245071411,11.773910522460938,2.1808369159698486,92.3030931122449,65.7665019132653,25.797193877551024
FAMILY-27,CHILD,bending,4202102,5.3852009773254395,5.770110607147217,8.334563255310059,8.760618925094604,9.708186149597168,2.458089590072632,86.86224489795919,68.9014668367347,47.11415816326531
FAMILY-27,CHILD,elastic,4202110,4.934635162353516,4.8045244216918945,8.063379764556885,9.109850406646729,12.5684814453125,2.345761299133301,88.58019770408163,63.23939732142857,32.74075255102041
FAMILY-27,CHILD,local,4202111,4.0592827796936035,3.7482757568359375,6.722453355789185,7.881444692611694,10.466272354125977,1.9630308151245117,86.40385841836735,45.36631058673469,16.735092474489797
FAMILY-27,CHILD,bending,4202112,5.246744155883789,5.614691734313965,8.11691665649414,8.539623498916626,9.487412452697754,2.391771078109741,86.43973214285714,67.92689732142857,45.03148915816326
FAMILY-27,CHILD,elastic,4202120,4.514706134796143,4.306446075439453,7.57620096206665,8.423800468444824,12.228013038635254,2.167428970336914,87.9703443877551,55.34717793367348,25.0
FAMILY-27,CHILD,local,4202121,2.9677207469940186,2.9351329803466797,4.980991363525391,5.409291386604309,6.624311923980713,1.4202018976211548,72.13010204081633,23.6148756377551,1.3133769132653061
FAMILY-27,CHILD,bending,4202122,6.853416442871094,7.51307487487793,10.69037675857544,11.014952659606934,11.413588523864746,3.2402613162994385,88.9827806122449,75.90680803571429,62.02367665816326
FAMILY-27,CHILD,elastic,4202130,6.816631317138672,6.468170166015625,11.353775978088379,12.604345321655273,16.422183990478516,3.2273850440979004,94.35985331632652,79.9545599489796,56.00884885204081
FAMILY-27,CHILD,local,4202131,3.1603071689605713,3.1583399772644043,4.8228440284729,5.2817347049713135,6.762027740478516,1.3220289945602417,78.11702806122449,28.493702168367346,1.767777423469388
FAMILY-27,CHILD,bending,4202132,6.470754146575928,6.894134998321533,9.987176895141602,10.55247187614441,11.850372314453125,2.934156894683838,90.58314732142857,75.29894770408163,58.82294323979592
FAMILY-27,CHILD,elastic,4202140,7.689233779907227,7.616076946258545,12.376110553741455,13.460383415222168,17.38460922241211,3.333101272583008,96.25518176020408,85.73620854591837,67.39078443877551
FAMILY-27,CHILD,local,4202141,4.403223991394043,4.262300491333008,7.803033351898193,8.367985963821411,9.574872970581055,2.1761155128479004,84.8094706632653,54.80707908163265,21.512276785714285
FAMILY-27,CHILD,bending,4202142,5.467798233032227,5.829251289367676,8.443743705749512,8.91283631324768,9.989079475402832,2.4818506240844727,87.39038584183673,69.55915178571429,47.9312818877551
FAMILY-27,FATHER,elastic,4202150,7.376295566558838,7.317736625671387,11.707388401031494,13.01279354095459,17.69792938232422,3.1814165115356445,96.12165178571429,84.53643176020408,64.90154655612244
FAMILY-27,FATHER,local,4202151,3.1263794898986816,3.134744644165039,4.782317876815796,5.290800333023071,6.044880390167236,1.2438633441925049,79.39851721938776,24.730947066326532,0.13552295918367346
FAMILY-27,FATHER,bending,4202152,5.216835975646973,5.720524311065674,8.137839794158936,8.383780717849731,8.688154220581055,2.468205213546753,84.89118303571429,67.37284757653062,46.74744897959184
FAMILY-27,FATHER,elastic,4202160,8.293145179748535,8.294187545776367,13.56135368347168,14.885420560836792,22.400066375732422,3.9957053661346436,95.68319515306123,82.46372767857143,68.04647640306123
FAMILY-27,FATHER,local,4202161,3.9663734436035156,4.018562316894531,6.57192587852478,7.135280251502991,8.665692329406738,2.000196933746338,80.7079081632653,50.28101084183674,15.967793367346939
FAMILY-27,FATHER,bending,4202162,5.421199798583984,5.9201202392578125,8.447919845581055,8.723405361175537,9.208931922912598,2.5397350788116455,85.90959821428571,68.78985969387756,49.09518494897959
FAMILY-27,FATHER,elastic,4202170,7.422791004180908,7.350852012634277,11.4214768409729,12.48566484451294,18.457326889038086,3.0683751106262207,96.78531568877551,85.70232780612244,66.81082589285714
FAMILY-27,FATHER,local,4202171,4.36239767074585,4.262554168701172,7.139310836791992,7.7409926652908325,10.959954261779785,2.071223735809326,86.28826530612244,55.1399075255102,23.20830676020408
FAMILY-27,FATHER,bending,4202172,4.001058578491211,4.3383965492248535,6.220377445220947,6.474457621574402,6.983010292053223,1.852508306503296,80.3352200255102,55.03627232142857,15.282206632653061
FAMILY-27,FATHER,elastic,4202180,5.509332180023193,5.374886512756348,8.855849742889404,9.732351064682007,13.906957626342773,2.4671685695648193,92.73557079081633,69.85212053571429,41.28467793367347
FAMILY-27,FATHER,local,4202181,2.9141995906829834,2.6653592586517334,5.526474237442017,6.588929891586304,7.614969253540039,1.785651445388794,61.76060267857143,25.426498724489793,8.139349489795919
FAMILY-27,FATHER,bending,4202182,4.3846435546875,4.6661248207092285,6.762957572937012,7.153419375419617,8.056042671203613,1.9856129884719849,83.10546875,59.663982780612244,27.652662627551024
FAMILY-27,FATHER,elastic,4202190,6.041558742523193,6.068589210510254,9.687939167022705,10.554433584213257,14.633686065673828,2.794323682785034,92.44858099489795,72.7897799744898,50.83306760204081
FAMILY-27,FATHER,local,4202191,4.725982189178467,4.616976737976074,7.8132593631744385,8.380584001541138,9.879136085510254,2.1644134521484375,88.16366390306123,60.92354910714286,29.73533163265306
FAMILY-27,FATHER,bending,4202192,3.6667025089263916,3.919668197631836,5.670207977294922,5.97031569480896,6.645370960235596,1.6698853969573975,78.70894451530613,48.55707908163265,4.5141103316326525
FAMILY-27,MOTHER,elastic,4202200,5.834651947021484,5.606572151184082,9.698404312133789,10.636461734771729,15.611872673034668,2.808846950531006,91.84271364795919,71.60196109693877,44.981664540816325
FAMILY-27,MOTHER,local,4202201,4.0217719078063965,4.190665245056152,6.062617778778076,6.75197970867157,9.592802047729492,1.727207899093628,85.47712053571429,54.07963966836735,10.463169642857142
FAMILY-27,MOTHER,bending,4202202,5.234893798828125,5.686995506286621,8.142853736877441,8.459266662597656,9.081439971923828,2.4302456378936768,85.67641900510205,67.5522161989796,46.13958864795919
FAMILY-27,MOTHER,elastic,4202210,6.935213088989258,6.994280815124512,11.011700630187988,12.148510694503784,15.4866304397583,3.0727810859680176,94.32397959183673,80.7258450255102,61.39389349489795
FAMILY-27,MOTHER,local,4202211,3.357872247695923,3.35560941696167,5.07065224647522,5.325901031494141,6.511559963226318,1.2801320552825928,83.14532844387756,35.12436224489796,1.1001275510204083
FAMILY-27,MOTHER,bending,4202212,3.664276361465454,3.9730992317199707,5.697076320648193,5.929520964622498,6.398368835449219,1.6962083578109741,78.20870535714286,49.56353635204081,3.714923469387755
FAMILY-27,MOTHER,elastic,4202220,6.7191386222839355,6.423640727996826,11.23205041885376,12.365918636322021,15.595640182495117,3.224203586578369,94.34988839285714,77.42745535714286,54.60578762755102
FAMILY-27,MOTHER,local,4202221,3.2651782035827637,3.3152682781219482,4.560192823410034,5.000878810882568,6.171513557434082,1.0739054679870605,86.7625956632653,24.05532525510204,0.7334183673469388
FAMILY-27,MOTHER,bending,4202222,4.318923473358154,4.730700492858887,6.736546277999878,6.9443793296813965,7.20929479598999,2.0379364490509033,81.40545280612244,59.422831632653065,28.192761479591837
FAMILY-27,MOTHER,elastic,4202230,6.529262065887451,6.387905120849609,10.622519969940186,11.591537714004517,15.684660911560059,3.048504590988159,93.74601403061224,76.78770727040816,54.585857780612244
FAMILY-27,MOTHER,local,4202231,4.602517127990723,4.596343040466309,7.308429956436157,8.12134337425232,10.180023193359375,2.0700747966766357,88.31513073979592,60.09845344387755,25.91079400510204
FAMILY-27,MOTHER,bending,4202232,7.016547203063965,7.585838317871094,10.89487361907959,11.370933055877686,12.365836143493652,3.234692335128784,90.61902104591837,77.16438137755102,62.90258290816326
FAMILY-27,MOTHER,elastic,4202240,8.428834915161133,8.363330841064453,13.348278045654297,14.485116243362427,18.484676361083984,3.749403238296509,96.66772959183673,87.03364158163265,70.39421237244898
FAMILY-27,MOTHER,local,4202241,2.8659684658050537,2.824002981185913,4.546601057052612,4.917576193809509,6.063362121582031,1.2793655395507812,71.0678411989796,23.122608418367346,0.1096141581632653
FAMILY-27,MOTHER,bending,4202242,3.38999605178833,3.6568491458892822,5.259549379348755,5.501072645187378,6.015074729919434,1.5581399202346802,76.29145408163265,42.996651785714285,0.025908801020408163
FAMILY-28,CHILD,elastic,4202250,6.007366180419922,5.883700370788574,10.031997680664062,11.474727630615234,15.73558521270752,3.0403294563293457,90.42769451530613,71.68765943877551,48.53714923469388
FAMILY-28,CHILD,local,4202251,3.2656211853027344,3.105480432510376,5.229391813278198,5.702708601951599,6.653124809265137,1.4199374914169312,80.12595663265306,32.67498405612245,3.041294642857143
FAMILY-28,CHILD,bending,4202252,3.412086009979248,3.6369194984436035,5.268481731414795,5.5625832080841064,6.236703872680664,1.5484312772750854,76.83553890306123,42.823262117346935,0.5520567602040816
FAMILY-28,CHILD,elastic,4202260,7.578603744506836,7.442210674285889,12.097570896148682,13.278446674346924,17.645341873168945,3.3907554149627686,95.91438137755102,83.99832589285714,65.53531568877551
FAMILY-28,CHILD,local,4202261,3.165942430496216,3.109449863433838,5.053511381149292,5.462481617927551,7.989662170410156,1.5171195268630981,74.97807716836735,28.681042729591837,3.728874362244898
FAMILY-28,CHILD,bending,4202262,6.490313529968262,6.95863676071167,10.047405242919922,10.557027339935303,11.688414573669434,2.963831901550293,90.00518176020408,75.20926339285714,59.044164540816325
FAMILY-28,CHILD,elastic,4202270,5.112155437469482,4.980066299438477,8.413651943206787,9.114675283432007,13.431591033935547,2.4309310913085938,89.69029017857143,63.39485012755102,36.76060267857143
FAMILY-28,CHILD,local,4202271,3.6000936031341553,3.5334978103637695,5.98721718788147,6.457981705665588,7.835463523864746,1.6798421144485474,81.0985331632653,38.53435905612245,9.849330357142858
FAMILY-28,CHILD,bending,4202272,5.122560501098633,5.524950981140137,7.947311878204346,8.313521385192871,9.095632553100586,2.3537487983703613,85.65051020408163,66.796875,43.5905612244898
FAMILY-28,CHILD,elastic,4202280,5.24185848236084,5.126192092895508,8.524336338043213,9.413612842559814,12.259472846984863,2.4443211555480957,89.84773596938776,66.7171556122449,38.490513392857146
FAMILY-28,CHILD,local,4202281,5.269049167633057,5.297292232513428,8.275701522827148,8.85486650466919,12.086755752563477,2.3387982845306396,90.8820950255102,68.57063137755102,39.05253507653062
FAMILY-28,CHILD,bending,4202282,5.801791667938232,6.2831010818481445,9.015563488006592,9.394100427627563,10.165626525878906,2.6815907955169678,87.56377551020408,71.29902742346938,52.99744897959183
FAMILY-28,CHILD,elastic,4202290,5.719063758850098,5.699481964111328,9.024436950683594,10.048333406448364,13.75814151763916,2.5085232257843018,92.89899553571429,73.1883769132653,45.28061224489796
FAMILY-28,CHILD,local,4202291,3.6822590827941895,3.7830867767333984,5.477951765060425,6.0537861585617065,7.305300235748291,1.4583888053894043,85.24194834183673,43.92538265306122,5.35514987244898
FAMILY-28,CHILD,bending,4202292,4.654586315155029,4.991949081420898,7.207945108413696,7.567835211753845,8.367074012756348,2.127225160598755,84.04217155612244,62.669403698979586,34.74170918367347
FAMILY-28,FATHER,elastic,4202300,7.521736145019531,7.380924224853516,11.681670188903809,13.079766988754272,17.83549690246582,3.1782383918762207,96.77933673469387,86.32015306122449,66.41222895408163
FAMILY-28,FATHER,local,4202301,5.432081699371338,5.202814102172852,8.889702796936035,10.219650983810425,11.287686347961426,2.3386919498443604,94.87205038265306,72.40314094387756,35.736208545918366
FAMILY-28,FATHER,bending,4202302,5.905416488647461,6.296849250793457,9.119798183441162,9.62540888786316,10.785120964050293,2.680837392807007,88.8313137755102,72.31544961734694,53.35419323979592
FAMILY-28,FATHER,elastic,4202310,8.6859712600708,8.545005798339844,13.967094421386719,15.352033138275146,22.271312713623047,3.897707939147949,97.15601084183673,87.4202806122449,73.31194196428571
FAMILY-28,FATHER,local,4202311,4.974825859069824,5.043000221252441,7.741067171096802,8.485580205917358,9.38101863861084,2.0745022296905518,91.4680325255102,65.71667729591837,33.91262755102041
FAMILY-28,FATHER,bending,4202312,4.250672817230225,4.541570663452148,6.570413827896118,6.923022747039795,7.720666885375977,1.934044361114502,82.29033801020408,58.01977040816326,23.828125
FAMILY-28,FATHER,elastic,4202320,7.6984944343566895,7.4633378982543945,12.999870300292969,14.374475479125977,18.497364044189453,3.7827374935150146,94.62093431122449,81.66852678571429,63.08394451530612
FAMILY-28,FATHER,local,4202321,2.487684965133667,2.480764865875244,4.15102744102478,4.6442166566848755,5.894990921020508,1.2275687456130981,62.23891900510205,12.509964923469388,0.0
FAMILY-28,FATHER,bending,4202322,5.185763835906982,5.61437463760376,8.056886672973633,8.397591829299927,9.097029685974121,2.3956034183502197,85.66844706632652,67.18550701530613,44.971699617346935
FAMILY-28,FATHER,elastic,4202330,8.822254180908203,8.66520881652832,13.782946586608887,15.2544846534729,20.634748458862305,3.766508102416992,97.4968112244898,89.61854272959184,76.07820471938776
FAMILY-28,FATHER,local,4202331,3.612999200820923,3.348630666732788,6.204096794128418,6.7767345905303955,8.106554985046387,1.74619722366333,81.12045599489795,37.374441964285715,12.041613520408163
FAMILY-28,FATHER,bending,4202332,4.510785102844238,4.854129791259766,6.9927427768707275,7.327515125274658,8.049905776977539,2.068044900894165,83.24896364795919,61.19858099489795,31.708386479591837
FAMILY-28,FATHER,elastic,4202340,7.958250045776367,7.914906978607178,12.656589984893799,13.959955930709839,18.250734329223633,3.5213961601257324,95.91836734693877,85.99330357142857,68.84367028061224
FAMILY-28,FATHER,local,4202341,3.7935361862182617,3.860610246658325,6.124050617218018,6.739706993103027,7.999652862548828,1.7115923166275024,81.54496173469387,47.488839285714285,11.10889668367347
FAMILY-28,FATHER,bending,4202342,3.626828670501709,3.9739341735839844,5.657038688659668,5.8304349184036255,6.043028354644775,1.7125966548919678,77.39158163265306,49.61136798469388,0.6736288265306123
FAMILY-28,MOTHER,elastic,4202350,8.560653686523438,8.343564987182617,13.869185447692871,15.354893922805786,21.512855529785156,4.020170211791992,96.55811543367348,85.72225765306123,70.4898756377551
FAMILY-28,MOTHER,local,4202351,4.561209678649902,4.5758161544799805,7.085804462432861,7.979488730430603,9.77270793914795,1.8790807723999023,90.78643176020408,62.13926977040817,20.194913903061224
FAMILY-28,MOTHER,bending,4202352,6.595849990844727,7.056485176086426,10.202195644378662,10.736215591430664,11.932487487792969,3.0061752796173096,90.46755420918367,75.72345344387756,59.867267219387756
FAMILY-28,MOTHER,elastic,4202360,8.943056106567383,8.77768325805664,13.97401762008667,15.628679513931274,22.27036476135254,3.911426067352295,97.21978635204081,89.04854910714286,76.98501275510205
FAMILY-28,MOTHER,local,4202361,5.457145690917969,5.730769157409668,8.024053573608398,8.391587018966675,9.880167961120605,2.0976622104644775,92.18152104591837,75.96460459183673,43.65234375
FAMILY-28,MOTHER,bending,4202362,6.151639461517334,6.740534782409668,9.59524393081665,9.889284610748291,10.249581336975098,2.904851198196411,87.59167729591837,72.88345025510205,56.841916454081634
FAMILY-28,MOTHER,elastic,4202370,6.327935218811035,6.224608898162842,10.763341903686523,11.519725561141968,15.771781921386719,3.2421152591705322,90.76849489795919,70.94427614795919,52.10857780612245
FAMILY-28,MOTHER,local,4202371,2.5377895832061768,2.4757678508758545,4.378164768218994,4.93982720375061,6.62445592880249,1.36884343624115,60.736208545918366,15.070950255102042,1.6581632653061225
FAMILY-28,MOTHER,bending,4202372,5.2185540199279785,5.721748352050781,8.141027450561523,8.387600660324097,8.690984725952148,2.4684433937072754,84.89716198979592,67.38081951530613,46.76538584183674
FAMILY-28,MOTHER,elastic,4202380,6.928166389465332,6.750970363616943,11.337264060974121,12.513198614120483,19.685285568237305,3.4109623432159424,93.65832270408163,77.38161670918367,57.55341198979592
FAMILY-28,MOTHER,local,4202381,4.074069976806641,3.7829418182373047,6.666972637176514,7.774568438529968,11.397665023803711,2.0202414989471436,85.77407525510205,45.557637117346935,17.091836734693878
FAMILY-28,MOTHER,bending,4202382,3.7225608825683594,4.081753730773926,5.8072943687438965,5.9832154512405396,6.199546813964844,1.7606639862060547,77.98748405612244,51.329320790816325,4.4702646683673475
FAMILY-28,MOTHER,elastic,4202390,7.857828140258789,7.799521446228027,12.40447473526001,13.66140079498291,17.55951690673828,3.4275097846984863,96.62786989795919,85.08649553571429,68.11623086734694
FAMILY-28,MOTHER,local,4202391,3.955836772918701,3.8196773529052734,6.43075966835022,7.529006123542786,9.708351135253906,1.8559571504592896,84.10395408163265,46.43056441326531,13.117825255102042
FAMILY-28,MOTHER,bending,4202392,4.400688171386719,4.829734802246094,6.865127801895142,7.070685267448425,7.329010009765625,2.0845465660095215,81.67051977040816,60.357541454081634,30.6819993622449
FAMILY-29,CHILD,elastic,4202400,7.940262317657471,7.914899826049805,12.754306316375732,14.033022165298462,21.116220474243164,3.638654947280884,95.88647959183673,84.24545599489795,68.26570471938776
FAMILY-29,CHILD,local,4202401,3.957498550415039,3.9018797874450684,6.107764959335327,7.0032453536987305,8.987346649169922,1.7033371925354004,86.41980229591837,47.74194834183674,11.413823341836734
FAMILY-29,CHILD,bending,4202402,5.222650051116943,5.714669227600098,8.144542217254639,8.399285554885864,8.779393196105957,2.4573824405670166,85.12635522959184,67.40473533163265,46.631855867346935
FAMILY-29,CHILD,elastic,4202410,6.256481170654297,6.1537322998046875,10.018198013305664,11.353608846664429,15.645684242248535,2.9073264598846436,93.2796556122449,75.32684948979592,52.088647959183675
FAMILY-29,CHILD,local,4202411,2.967714786529541,2.8827996253967285,4.8502044677734375,5.581156849861145,7.914380073547363,1.4484806060791016,71.78930165816327,21.655771683673468,2.9755261479591835
FAMILY-29,CHILD,bending,4202412,4.0223774909973145,4.3517961502075195,6.24694561958313,6.517526030540466,7.079254150390625,1.855480432510376,80.57836415816327,55.25749362244898,15.868144132653061
FAMILY-29,CHILD,elastic,4202420,9.1660795211792,9.05733585357666,14.510319232940674,15.498664140701294,20.71700668334961,3.919890880584717,97.69013073979592,90.28220663265306,76.05428890306123
FAMILY-29,CHILD,local,4202421,4.65634822845459,4.555208206176758,7.329881429672241,8.174939155578613,9.91534423828125,1.9805604219436646,90.15266262755102,61.23046875,25.235172193877553
FAMILY-29,CHILD,bending,4202422,7.079298496246338,7.714447498321533,11.024714946746826,11.412934064865112,12.129558563232422,3.3043408393859863,90.01713966836735,77.0248724489796,63.360969387755105
FAMILY-29,CHILD,elastic,4202430,6.370247840881348,6.416077613830566,10.210940837860107,11.250597476959229,16.17144775390625,3.0679476261138916,91.59558354591837,74.48381696428571,54.86088966836735
FAMILY-29,CHILD,local,4202431,4.363356590270996,4.324654579162598,7.0602192878723145,7.746910333633423,9.368107795715332,2.0383081436157227,85.45918367346938,55.23357780612245,24.08721301020408
FAMILY-29,CHILD,bending,4202432,6.406217098236084,6.993624687194824,9.982784271240234,10.310863494873047,10.895598411560059,2.999631643295288,88.45663265306123,74.15298150510205,58.763153698979586
FAMILY-29,CHILD,elastic,4202440,6.72025728225708,6.732804298400879,10.572199821472168,11.64675259590149,17.657772064208984,3.056368350982666,93.81377551020408,79.23708545918367,58.78706951530612
FAMILY-29,CHILD,local,4202441,5.178487777709961,5.256616592407227,7.5055296421051025,7.912572026252747,9.318414688110352,1.7854466438293457,94.12069515306123,76.32134885204081,32.44778380102041
FAMILY-29,CHILD,bending,4202442,4.365090370178223,4.776271343231201,6.807173013687134,7.020118355751038,7.3380255699157715,2.0538558959960938,81.73628826530613,59.89118303571429,29.356664540816325
FAMILY-29,FATHER,elastic,4202450,5.797048091888428,5.783724784851074,9.064980506896973,9.650735139846802,12.202247619628906,2.419484853744507,93.81576849489795,74.6532206632653,46.9905931122449
FAMILY-29,FATHER,local,4202451,3.499542474746704,3.451646327972412,5.588303565979004,6.194661378860474,9.278602600097656,1.671640396118164,79.59781568877551,38.54233099489796,6.198182397959184
FAMILY-29,FATHER,bending,4202452,5.241009712219238,5.750596523284912,8.17580509185791,8.42135500907898,8.728485107421875,2.4815919399261475,84.92904974489795,67.55620216836735,47.14604591836735
FAMILY-29,FATHER,elastic,4202460,7.834743976593018,8.005894660949707,12.125041007995605,13.191638708114624,17.693307876586914,3.378610134124756,96.05986926020408,84.2235331632653,68.69021045918367
FAMILY-29,FATHER,local,4202461,3.6673197746276855,3.4804506301879883,6.091517448425293,6.7315754890441895,8.528790473937988,1.768959403038025,81.96348852040816,41.44013073979592,10.90561224489796
FAMILY-29,FATHER,bending,4202462,5.298244953155518,5.6580376625061035,8.188581466674805,8.630741596221924,9.634298324584961,2.409543991088867,86.77853954081633,68.32948022959184,45.653300382653065
FAMILY-29,FATHER,elastic,4202470,5.605968952178955,5.479464530944824,9.130008220672607,10.02720832824707,12.460646629333496,2.5236244201660156,92.7375637755102,71.72154017857143,41.856664540816325
FAMILY-29,FATHER,local,4202471,5.005382537841797,5.0070648193359375,7.654479026794434,8.866369247436523,11.278905868530273,2.068387508392334,92.56218112244898,68.5726243622449,29.071667729591837
FAMILY-29,FATHER,bending,4202472,4.747730255126953,5.109959602355957,7.3604114055633545,7.712024211883545,8.471541404724121,2.1768131256103516,84.3032525510204,63.56425382653062,36.82836415816326
FAMILY-29,FATHER,elastic,4202480,7.971340656280518,7.889090538024902,12.958539485931396,13.847957372665405,17.65836524963379,3.58024263381958,95.89046556122449,84.43279655612244,68.84367028061224
FAMILY-29,FATHER,local,4202481,2.9902682304382324,3.038668632507324,4.8611273765563965,5.229409456253052,6.141648769378662,1.4193328619003296,71.91685267857143,27.794164540816325,0.25111607142857145
FAMILY-29,FATHER,bending,4202482,5.7705769538879395,6.266973495483398,8.975672721862793,9.32658052444458,10.017196655273438,2.6781702041625977,87.29073660714286,71.05189732142857,52.80014349489795
FAMILY-29,FATHER,elastic,4202490,6.970393657684326,6.865108013153076,11.312954902648926,12.3852219581604,17.147497177124023,3.269820213317871,93.72209821428571,79.87284757653062,59.759646045918366
FAMILY-29,FATHER,local,4202491,5.8456525802612305,5.981158256530762,9.231770992279053,9.672433614730835,11.25660228729248,2.6597495079040527,91.79488201530613,69.62292729591837,49.818638392857146
FAMILY-29,FATHER,bending,4202492,4.67625093460083,5.097482204437256,7.2836854457855225,7.536361336708069,8.000536918640137,2.1840648651123047,83.3625637755102,62.97233737244898,36.397879464285715
FAMILY-29,MOTHER,elastic,4202500,7.734527111053467,7.697378635406494,12.256223201751709,13.637001514434814,21.543025970458984,3.492587089538574,95.6493144132653,84.3211894132653,67.45854591836735
FAMILY-29,MOTHER,local,4202501,2.737952947616577,2.5433602333068848,4.763862133026123,5.507734060287476,6.802359104156494,1.4668432474136353,68.20990114795919,20.08529974489796,3.0592315051020407
FAMILY-29,MOTHER,bending,4202502,6.609225749969482,7.247071266174316,10.310081481933594,10.621994733810425,11.007040023803711,3.1267974376678467,88.48453443877551,74.91828762755102,60.39341517857143
FAMILY-29,MOTHER,elastic,4202510,6.582739353179932,6.4474639892578125,11.029054164886475,11.946141719818115,15.8468656539917,3.2303502559661865,93.03451849489795,75.11160714285714,54.6516262755102
FAMILY-29,MOTHER,local,4202511,3.8855743408203125,3.8683438301086426,6.075852155685425,6.519672632217407,7.614455223083496,1.6342229843139648,85.5727838010204,47.29751275510204,10.991310586734695
FAMILY-29,MOTHER,bending,4202512,4.131015300750732,4.428733825683594,6.394875526428223,6.719453930854797,7.440107822418213,1.886386513710022,81.50111607142857,56.52901785714286,19.208386479591837
FAMILY-29,MOTHER,elastic,4202520,5.442771911621094,5.343690872192383,8.62807035446167,9.55857515335083,15.443879127502441,2.5858938694000244,90.58314732142857,68.81975446428571,41.12125318877551
FAMILY-29,MOTHER,local,4202521,3.0222887992858887,3.0707592964172363,4.6451733112335205,4.985219478607178,5.620529651641846,1.2223832607269287,77.27798150510205,23.365752551020407,0.0
FAMILY-29,MOTHER,bending,4202522,4.651587963104248,4.950862884521484,7.174889326095581,7.5888800621032715,8.545500755310059,2.1065995693206787,84.4108737244898,62.691326530612244,34.14979272959184
FAMILY-29,MOTHER,elastic,4202530,5.087324619293213,5.0847954750061035,8.419136047363281,9.256854057312012,12.489579200744629,2.4110090732574463,88.97480867346938,65.21045918367348,35.41932397959184
FAMILY-29,MOTHER,local,4202531,3.6990604400634766,3.508129596710205,6.102501630783081,6.459575057029724,8.186412811279297,1.7258580923080444,80.22560586734694,41.65338010204081,11.894132653061225
FAMILY-29,MOTHER,bending,4202532,3.8829641342163086,4.127506256103516,5.98504114151001,6.338749527931213,7.1634202003479,1.75559663772583,80.36710778061224,52.152423469387756,9.650031887755102
FAMILY-29,MOTHER,elastic,4202540,6.578212738037109,6.5418243408203125,10.556670188903809,11.4976646900177,15.307229042053223,2.962287664413452,94.42960778061224,77.96954719387756,56.13241390306123
FAMILY-29,MOTHER,local,4202541,3.24625563621521,3.1005492210388184,5.308647632598877,5.737682580947876,7.066840171813965,1.5255677700042725,74.3781887755102,33.9485012755102,3.3681441326530615
FAMILY-29,MOTHER,bending,4202542,3.5029101371765137,3.752379894256592,5.421210765838623,5.69931173324585,6.318405628204346,1.598529577255249,77.4055325255102,45.22281568877551,0.9386957908163265
FAMILY-3,CHILD,elastic,4202550,6.126567840576172,5.945950984954834,10.071968078613281,11.072086572647095,14.810501098632812,2.9231200218200684,92.54424426020408,73.05883290816327,49.344308035714285
FAMILY-3,CHILD,local,4202551,2.9941840171813965,2.935581684112549,4.952167272567749,5.59837019443512,7.577752113342285,1.4350099563598633,72.05636160714286,21.484375,3.264508928571429
FAMILY-3,CHILD,bending,4202552,6.4691667556762695,6.901468276977539,9.991822719573975,10.542833089828491,11.803518295288086,2.9379055500030518,90.37786989795919,75.24513711734694,58.826929209183675
FAMILY-3,CHILD,elastic,4202560,7.504550457000732,7.559696674346924,11.474036693572998,12.57116436958313,17.7919979095459,3.135124683380127,95.8984375,85.6086575255102,67.26522640306123
FAMILY-3,CHILD,local,4202561,3.887286424636841,3.8238773345947266,6.266840696334839,7.168144226074219,10.514313697814941,1.8807212114334106,82.8384088010204,46.19140625,12.135283801020408
FAMILY-3,CHILD,bending,4202562,3.9403927326202393,4.258573532104492,6.117598533630371,6.388037204742432,6.953033447265625,1.8155657052993774,80.11599170918367,54.03380102040817,12.810905612244897
FAMILY-3,CHILD,elastic,4202570,5.485271453857422,5.437570571899414,8.214242935180664,9.103707551956177,11.515990257263184,2.0919888019561768,95.69515306122449,74.51570471938776,39.4351881377551
FAMILY-3,CHILD,local,4202571,3.724342107772827,3.8750743865966797,5.931542634963989,6.518555760383606,7.773693561553955,1.711926817893982,80.22161989795919,47.68215880102041,9.378985969387756
FAMILY-3,CHILD,bending,4202572,4.356196880340576,4.76735782623291,6.793381214141846,7.005760192871094,7.314630508422852,2.0506367683410645,81.67450573979592,59.78555484693877,29.129464285714285
FAMILY-3,CHILD,elastic,4202580,7.000629425048828,7.024909973144531,11.12559986114502,12.07432746887207,14.73658561706543,3.0425350666046143,95.08330676020408,80.98692602040816,62.159199617346935
FAMILY-3,CHILD,local,4202581,3.2265138626098633,3.260051727294922,5.613964080810547,6.034259796142578,7.324375152587891,1.6925454139709473,70.78683035714286,35.3515625,5.353156887755102
FAMILY-3,CHILD,bending,4202582,3.3963844776153564,3.7060351371765137,5.292171239852905,5.46782124042511,5.786618232727051,1.589134931564331,75.85499043367348,44.45950255102041,0.0
FAMILY-3,CHILD,elastic,4202590,6.6588921546936035,6.461509704589844,10.864623069763184,11.862595319747925,16.987445831298828,3.0144214630126953,95.1610331632653,79.66557716836735,55.49266581632652
FAMILY-3,CHILD,local,4202591,2.2317564487457275,2.12106990814209,3.9611620903015137,4.6491310596466064,5.621912956237793,1.236950159072876,53.45184948979592,9.584263392857142,0.0
FAMILY-3,CHILD,bending,4202592,5.809715270996094,6.312088966369629,9.037554264068604,9.387332916259766,10.074734687805176,2.6975600719451904,87.40234375,71.28109056122449,53.21468431122449
FAMILY-3,FATHER,elastic,4202600,5.432948112487793,5.303618431091309,9.076940059661865,9.762190818786621,13.356832504272461,2.6434926986694336,90.13871173469387,66.02957589285714,41.553730867346935
FAMILY-3,FATHER,local,4202601,4.449210166931152,4.411968231201172,6.924807548522949,8.037053108215332,9.672510147094727,1.919424295425415,89.85969387755102,57.98588966836735,19.54719387755102
FAMILY-3,FATHER,bending,4202602,5.403733730316162,5.933600425720215,8.430171012878418,8.680020332336426,8.99967098236084,2.562056064605713,85.40138711734694,68.63639987244898,49.278539540816325
FAMILY-3,FATHER,elastic,4202610,4.457400798797607,4.3140869140625,7.219646453857422,8.045300722122192,12.939087867736816,2.1027626991271973,87.85873724489795,55.36112882653062,24.25860969387755
FAMILY-3,FATHER,local,4202611,4.155930995941162,3.7911622524261475,7.210972547531128,7.798104882240295,9.522305488586426,2.0756499767303467,84.57629145408163,46.37476084183674,22.116151147959183
FAMILY-3,FATHER,bending,4202612,5.000452995300293,5.480783939361572,7.799355506896973,8.037545680999756,8.32761001586914,2.363218069076538,84.17370854591837,65.76251594387756,43.45703125
FAMILY-3,FATHER,elastic,4202620,4.174607753753662,4.011387825012207,6.827273607254028,7.490760326385498,10.308494567871094,1.9236923456192017,86.02319834183673,50.2311862244898,19.459502551020407
FAMILY-3,FATHER,local,4202621,2.9047422409057617,2.868932008743286,4.554165363311768,4.911123156547546,7.5026702880859375,1.3484952449798584,72.81967474489795,21.970663265306122,1.9192442602040818
FAMILY-3,FATHER,bending,4202622,5.31821870803833,5.6539435386657715,8.19771146774292,8.681044816970825,9.80107593536377,2.405489206314087,87.12531887755102,68.58458227040816,45.63934948979592
FAMILY-3,FATHER,elastic,4202630,8.12893295288086,8.03942584991455,13.203715801239014,14.846567869186401,24.0295352935791,3.9169046878814697,95.2945631377551,83.95647321428571,67.74553571428571
FAMILY-3,FATHER,local,4202631,2.393434524536133,2.3901679515838623,3.8005292415618896,4.079265832901001,6.704044818878174,1.1384220123291016,62.45814732142857,6.393494897959185,0.922751913265306
FAMILY-3,FATHER,bending,4202632,4.051156997680664,4.354133605957031,6.2774412631988525,6.582721710205078,7.252366065979004,1.8547728061676025,80.99689094387756,55.44882015306123,16.44013073979592
FAMILY-3,FATHER,elastic,4202640,7.59023380279541,7.42735481262207,12.108277797698975,13.45186972618103,19.17631721496582,3.4072694778442383,96.21133609693877,84.08801020408163,65.53930165816327
FAMILY-3,FATHER,local,4202641,3.9712369441986084,4.023299217224121,6.44745659828186,6.8372498750686646,7.727800369262695,1.804652452468872,83.31273915816327,50.428491709183675,17.14764030612245
FAMILY-3,FATHER,bending,4202642,4.171352386474609,4.479692459106445,6.461398363113403,6.781064748764038,7.482937812805176,1.908089518547058,81.6665338010204,57.110969387755105,21.023995535714285
FAMILY-3,MOTHER,elastic,4202650,5.066982269287109,4.850787162780762,8.51230239868164,9.538632154464722,13.697785377502441,2.5355472564697266,88.30117984693877,62.95838647959183,34.3132174744898
FAMILY-3,MOTHER,local,4202651,4.125670909881592,4.03413724899292,6.853648662567139,7.7439234256744385,9.745649337768555,2.0252737998962402,83.32469706632652,50.56401466836735,18.07637117346939
FAMILY-3,MOTHER,bending,4202652,4.535515785217285,4.882233619689941,7.031275749206543,7.366437673568726,8.090368270874023,2.0797975063323975,83.38249362244898,61.43773915816326,32.28037308673469
FAMILY-3,MOTHER,elastic,4202660,5.889927387237549,5.69217586517334,9.289331436157227,10.603402853012085,15.382575988769531,2.6910312175750732,94.34988839285714,73.1086575255102,45.982142857142854
FAMILY-3,MOTHER,local,4202661,3.8928945064544678,3.8487987518310547,5.974689245223999,6.779242753982544,8.9719820022583,1.6297084093093872,89.06648596938776,46.739477040816325,9.83936543367347
FAMILY-3,MOTHER,bending,4202662,4.735047817230225,5.05234432220459,7.314337253570557,7.716366529464722,8.634672164916992,2.1508684158325195,84.60020727040816,63.49649234693877,36.073022959183675
FAMILY-3,MOTHER,elastic,4202670,5.541576862335205,5.386693954467773,9.286444664001465,10.25749135017395,15.036608695983887,2.6978211402893066,90.4037786989796,68.2975924744898,41.65338010204081
FAMILY-3,MOTHER,local,4202671,2.794374704360962,2.628446578979492,5.0539391040802,5.826504707336426,6.4651947021484375,1.5663936138153076,64.57868303571429,23.068797831632654,3.8404815051020407
FAMILY-3,MOTHER,bending,4202672,6.036735534667969,6.532680511474609,9.378302574157715,9.77860713005066,10.60299015045166,2.7871813774108887,88.21348852040816,72.67617984693877,55.31728316326531
FAMILY-3,MOTHER,elastic,4202680,8.576276779174805,8.48172378540039,13.876927375793457,15.052956819534302,23.043922424316406,3.9551093578338623,96.68168048469387,86.48557079081633,70.89245854591837
FAMILY-3,MOTHER,local,4202681,4.359152793884277,4.019301414489746,7.894736289978027,8.95627737045288,10.253355979919434,2.4023168087005615,81.12842793367348,50.23716517857143,25.68359375
FAMILY-3,MOTHER,bending,4202682,5.048203945159912,5.419389247894287,7.81871485710144,8.207191228866577,9.059814453125,2.3087525367736816,85.6086575255102,66.26873405612244,42.1077806122449
FAMILY-3,MOTHER,elastic,4202690,5.899725914001465,5.941880226135254,9.4447922706604,10.511753797531128,13.317608833312988,2.7567758560180664,90.32206632653062,73.11662946428571,49.35028698979592
FAMILY-3,MOTHER,local,4202691,4.518050670623779,4.612063407897949,7.178165912628174,8.043853044509888,10.680157661437988,2.1328063011169434,85.56082589285714,59.79352678571429,24.872448979591837
FAMILY-3,MOTHER,bending,4202692,3.784235715866089,4.119366645812988,5.891664266586304,6.106612920761108,6.51117467880249,1.7631181478500366,78.81257971938776,51.90927933673469,7.23453443877551
FAMILY-30,CHILD,elastic,4202700,7.061148643493652,6.810394763946533,11.600622177124023,12.569778442382812,16.938495635986328,3.2133660316467285,96.06385522959184,80.73979591836735,59.20360331632652
FAMILY-30,CHILD,local,4202701,5.7057271003723145,5.72728157043457,8.468039512634277,8.98384404182434,10.9600248336792,2.1109910011291504,94.58904655612244,80.06816007653062,45.21484375
FAMILY-30,CHILD,bending,4202702,5.4738054275512695,5.849255561828613,8.461617469787598,8.915634870529175,9.937980651855469,2.4910202026367188,87.26682079081633,69.56114477040816,48.14652423469388
FAMILY-30,CHILD,elastic,4202710,6.7393903732299805,6.580667972564697,10.836316585540771,11.869700908660889,16.511762619018555,2.970226764678955,95.67323022959184,80.72385204081633,56.55492665816326
FAMILY-30,CHILD,local,4202711,2.6091368198394775,2.567631483078003,4.274244070053101,4.732820630073547,5.893333435058594,1.250714898109436,65.52136479591837,14.301658163265307,0.0
FAMILY-30,CHILD,bending,4202712,5.0165581703186035,5.496236801147461,7.8243982791900635,8.064288139343262,8.362370491027832,2.368407964706421,84.26937181122449,65.88608099489795,43.67825255102041
FAMILY-30,CHILD,elastic,4202720,8.552684783935547,8.294270515441895,13.876129627227783,15.351639986038208,21.634811401367188,3.9293649196624756,97.12810905612244,87.18710140306123,71.01801658163265
FAMILY-30,CHILD,local,4202721,4.337513446807861,4.160388946533203,7.020836114883423,7.601935863494873,8.715620040893555,2.026326894760132,85.91557716836735,52.44937818877551,26.76578443877551
FAMILY-30,CHILD,bending,4202722,4.949135780334473,5.370931148529053,7.696030855178833,8.004270553588867,8.620616912841797,2.2934772968292236,84.71779336734694,65.34797512755102,41.196986607142854
FAMILY-30,CHILD,elastic,4202730,6.167145252227783,6.124570846557617,9.918818473815918,10.860033512115479,14.804698944091797,2.836942672729492,93.03451849489795,74.32238520408163,51.460857780612244
FAMILY-30,CHILD,local,4202731,2.2291219234466553,1.988386631011963,3.989197015762329,4.734511971473694,6.327095985412598,1.2574280500411987,49.679129464285715,9.88719706632653,0.8131377551020409
FAMILY-30,CHILD,bending,4202732,3.8027751445770264,4.142131328582764,5.920908689498901,6.132851600646973,6.526835918426514,1.7736680507659912,78.89030612244898,52.252072704081634,7.99984056122449
FAMILY-30,CHILD,elastic,4202740,7.375418663024902,7.100246429443359,12.187167167663574,13.678062438964844,21.481355667114258,3.569905996322632,94.96173469387756,81.84988839285714,62.09741709183674
FAMILY-30,CHILD,local,4202741,5.084773063659668,4.970943450927734,8.616190910339355,9.548243284225464,11.412582397460938,2.4909634590148926,88.58418367346938,64.56473214285714,32.13089923469388
FAMILY-30,CHILD,bending,4202742,4.4125657081604,4.765195369720459,6.8492209911346436,7.156065583229065,7.803375244140625,2.0311405658721924,82.6889349489796,60.138313137755105,29.478236607142854
FAMILY-30,FATHER,elastic,4202750,4.324176788330078,4.242806434631348,6.999445199966431,7.92197847366333,11.829500198364258,2.070427894592285,86.3460618622449,54.07366071428571,20.19889987244898
FAMILY-30,FATHER,local,4202751,2.705352783203125,2.5641109943389893,4.247803449630737,4.665082335472107,5.981350421905518,1.1215665340423584,72.64229910714286,14.335538903061224,0.0
FAMILY-30,FATHER,bending,4202752,4.883906364440918,5.225655555725098,7.554027318954468,7.949819326400757,8.8363618850708,2.2258265018463135,85.09247448979592,64.88560267857143,39.07047193877551
FAMILY-30,FATHER,elastic,4202760,5.941232681274414,5.815112590789795,9.962614059448242,10.768934488296509,13.435103416442871,2.8554751873016357,91.6812818877551,71.56808035714286,47.50079719387755
FAMILY-30,FATHER,local,4202761,2.999364137649536,2.978588104248047,4.725553750991821,5.024016976356506,6.608879566192627,1.2975748777389526,75.58992346938776,23.993542729591837,1.0762117346938775
FAMILY-30,FATHER,bending,4202762,4.531877040863037,4.884842872619629,7.0282604694366455,7.356391549110413,8.062544822692871,2.08054518699646,83.32469706632652,61.41382334183674,32.2624362244898
FAMILY-30,FATHER,elastic,4202770,4.892064094543457,4.814194679260254,7.938852310180664,8.792080879211426,12.077241897583008,2.2982001304626465,88.96882971938776,62.691326530612244,31.810028698979593
FAMILY-30,FATHER,local,4202771,4.349771499633789,4.362626075744629,6.832967519760132,7.43475341796875,8.597216606140137,1.778831124305725,91.23286033163265,56.45527742346938,18.883529974489797
FAMILY-30,FATHER,bending,4202772,6.490828514099121,7.044777870178223,10.093535900115967,10.497937679290771,11.29953670501709,3.0086729526519775,89.15019132653062,74.78475765306123,59.26737882653062
FAMILY-30,FATHER,elastic,4202780,8.161438941955566,7.823368072509766,13.437889099121094,14.508737325668335,18.278976440429688,3.638228178024292,96.38273278061224,86.90609056122449,70.94626913265306
FAMILY-30,FATHER,local,4202781,3.1970577239990234,3.211280345916748,5.258468866348267,5.705107688903809,6.78617000579834,1.5337797403335571,75.25310905612244,32.134885204081634,3.4897161989795924
FAMILY-30,FATHER,bending,4202782,4.808382511138916,5.202631950378418,7.46824836730957,7.790872573852539,8.461014747619629,2.2182397842407227,84.33713329081633,64.1242825255102,38.32310267857143
FAMILY-30,FATHER,elastic,4202790,9.146560668945312,9.295663833618164,14.462596416473389,15.692224740982056,22.18589210510254,4.176232814788818,96.47640306122449,86.5593112244898,73.8101881377551
FAMILY-30,FATHER,local,4202791,3.444631814956665,3.2824859619140625,6.0090861320495605,6.790556788444519,9.025068283081055,1.8007618188858032,76.30141900510205,35.51698022959184,10.084502551020408
FAMILY-30,FATHER,bending,4202792,5.8347859382629395,6.351102828979492,9.083781242370605,9.414705038070679,10.037337303161621,2.718731641769409,87.32860331632652,71.34685905612244,53.58338647959183
FAMILY-30,MOTHER,elastic,4202800,6.825008392333984,6.857449531555176,10.962279319763184,11.789748907089233,16.49058723449707,3.066607713699341,94.64485012755102,79.07963966836735,59.44276147959183
FAMILY-30,MOTHER,local,4202801,3.4863016605377197,3.3358049392700195,5.909679412841797,6.325021743774414,7.227624893188477,1.6656463146209717,77.57294323979592,38.06401466836735,8.872767857142858
FAMILY-30,MOTHER,bending,4202802,5.283187389373779,5.760272026062012,8.229251384735107,8.513793468475342,9.03610610961914,2.467869520187378,85.57676977040816,67.86910076530613,47.16796875
FAMILY-30,MOTHER,elastic,4202810,4.632787704467773,4.567842483520508,7.565393447875977,8.244367599487305,10.681500434875488,2.132997751235962,88.09590242346938,59.325175382653065,27.461336096938776
FAMILY-30,MOTHER,local,4202811,4.734556674957275,4.427073955535889,8.114343643188477,9.46701717376709,12.591861724853516,2.4445645809173584,88.77152423469387,56.56289859693877,27.411511479591837
FAMILY-30,MOTHER,bending,4202812,4.984363555908203,5.3928022384643555,7.741924047470093,8.075767517089844,8.76877212524414,2.2996466159820557,85.01873405612244,65.64891581632652,41.54575892857143
FAMILY-30,MOTHER,elastic,4202820,5.111438274383545,5.094618320465088,8.191244125366211,8.858294010162354,12.972713470458984,2.3762245178222656,89.26977040816327,66.05349170918367,36.51546556122449
FAMILY-30,MOTHER,local,4202821,5.028288841247559,5.243669509887695,7.000363826751709,7.695356249809265,9.911884307861328,1.6686666011810303,95.75494260204081,72.76785714285714,26.504703443877553
FAMILY-30,MOTHER,bending,4202822,6.650421619415283,7.2416276931762695,10.354508876800537,10.727853298187256,11.42525577545166,3.100567102432251,89.21197385204081,75.32286352040816,60.528938137755105
FAMILY-30,MOTHER,elastic,4202830,5.1406965255737305,5.186212539672852,7.708552598953247,8.289912700653076,10.89278507232666,2.021219253540039,93.39724170918367,69.3718112244898,36.75860969387755
FAMILY-30,MOTHER,local,4202831,4.2374958992004395,4.265702247619629,6.711191177368164,7.219553112983704,9.111653327941895,1.8500616550445557,87.95639349489795,54.50015943877551,18.805803571428573
FAMILY-30,MOTHER,bending,4202832,3.6781039237976074,3.9511208534240723,5.698239088058472,5.978694796562195,6.593178749084473,1.6830109357833862,78.61726721938776,49.1031568877551,4.645647321428571
FAMILY-30,MOTHER,elastic,4202840,6.701589584350586,6.749399662017822,10.447419166564941,11.384113788604736,14.690361022949219,2.8853392601013184,94.20041454081633,80.47273596938776,58.82892219387755
FAMILY-30,MOTHER,local,4202841,2.690858840942383,2.5996036529541016,4.540665626525879,5.187738060951233,5.880737781524658,1.357211709022522,65.39779974489795,17.243303571428573,0.0
FAMILY-30,MOTHER,bending,4202842,5.527443885803223,6.050935745239258,8.619130611419678,8.888957023620605,9.272366523742676,2.6030097007751465,86.02917729591837,69.44355867346938,50.55604272959183
FAMILY-32,CHILD,elastic,4202850,4.962692737579346,4.754531383514404,8.186203956604004,9.215063571929932,12.945613861083984,2.3709909915924072,89.34948979591837,62.992267219387756,31.24402104591837
FAMILY-32,CHILD,local,4202851,4.425294399261475,4.291140556335449,7.272225618362427,8.154548406600952,9.915301322937012,2.1127941608428955,86.71675701530613,54.99242665816326,24.621332908163264
FAMILY-32,CHILD,bending,4202852,5.2009453773498535,5.692407608032227,8.110565185546875,8.364310503005981,8.731358528137207,2.4484899044036865,85.03467793367348,67.2672193877551,46.34685905612245
FAMILY-32,CHILD,elastic,4202860,4.2433085441589355,4.089344501495361,7.052383184432983,7.89736270904541,10.328192710876465,2.0340378284454346,85.38544323979592,51.7578125,20.18295599489796
FAMILY-32,CHILD,local,4202861,3.067153215408325,2.785613536834717,5.543700456619263,6.34746789932251,8.042625427246094,1.7552717924118042,67.56218112244898,29.103555484693878,6.794084821428571
FAMILY-32,CHILD,bending,4202862,6.717902183532715,7.337827682495117,10.468430519104004,10.807687997817993,11.40544319152832,3.1479380130767822,89.10833864795919,75.5600286989796,61.05508609693877
FAMILY-32,CHILD,elastic,4202870,6.958508014678955,6.975326061248779,10.978256702423096,11.943278312683105,17.355255126953125,3.0861778259277344,93.95926339285714,81.61870216836735,61.278300382653065
FAMILY-32,CHILD,local,4202871,4.1373114585876465,3.7331254482269287,6.84853458404541,7.644773364067078,9.279263496398926,1.9262698888778687,87.05755739795919,45.8625637755102,20.681202168367346
FAMILY-32,CHILD,bending,4202872,5.87467098236084,6.322143077850342,9.107347965240479,9.542821645736694,10.483052253723145,2.693434715270996,88.15967793367348,71.91485969387756,53.47177933673469
FAMILY-32,CHILD,elastic,4202880,8.524850845336914,8.508764266967773,13.9454026222229,15.44110655784607,19.245838165283203,3.97660231590271,96.2531887755102,84.64604591836735,70.55963010204081
FAMILY-32,CHILD,local,4202881,2.3995654582977295,2.3672707080841064,3.9697927236557007,4.610415577888489,5.7185163497924805,1.2016143798828125,60.28579400510205,9.54639668367347,0.0
FAMILY-32,CHILD,bending,4202882,4.981164932250977,5.3416290283203125,7.71159553527832,8.102016925811768,8.96851634979248,2.2748985290527344,85.36750637755102,65.72664221938776,40.88807397959184
FAMILY-32,CHILD,elastic,4202890,9.286520004272461,9.243668556213379,14.65583324432373,16.287352085113525,25.11358642578125,4.322915554046631,96.97265625,87.7491230867347,74.57150829081633
FAMILY-32,CHILD,local,4202891,2.97956919670105,2.8265392780303955,4.841760635375977,5.556864380836487,7.867740154266357,1.452218770980835,71.63384885204081,24.489795918367346,3.419961734693878
FAMILY-32,CHILD,bending,4202892,5.044345378875732,5.483667373657227,7.848469495773315,8.146714687347412,8.726753234863281,2.344627857208252,84.9430006377551,66.10730229591837,43.09829400510204
FAMILY-32,FATHER,elastic,4202900,5.046392440795898,5.041347503662109,8.395312786102295,9.019858121871948,10.731406211853027,2.409619092941284,87.7132493622449,64.28571428571429,36.43773915816326
FAMILY-32,FATHER,local,4202901,3.29158353805542,3.22052001953125,5.348659038543701,6.1654287576675415,7.932480335235596,1.614115834236145,76.91127232142857,32.79057716836735,6.094547193877551
FAMILY-32,FATHER,bending,4202902,3.37483549118042,3.651611804962158,5.242864370346069,5.466479301452637,5.929709434509277,1.5579272508621216,76.0383450255102,42.91095344387755,0.0
FAMILY-32,FATHER,elastic,4202910,6.019707679748535,5.910697937011719,10.110605716705322,11.288801908493042,15.513935089111328,2.982539653778076,91.6454081632653,70.86057079081633,48.97959183673469
FAMILY-32,FATHER,local,4202911,4.553203105926514,4.35833215713501,7.489808797836304,8.30372142791748,9.387972831726074,2.115410804748535,87.80094068877551,55.58633609693877,26.249601403061224
FAMILY-32,FATHER,bending,4202912,5.8644700050354,6.434932231903076,9.148574352264404,9.423500299453735,9.76681900024414,2.777269124984741,86.73867984693877,71.3687818877551,54.28292410714286
FAMILY-32,FATHER,elastic,4202920,7.646520614624023,7.521694183349609,12.228057861328125,13.777536869049072,21.96326446533203,3.574636220932007,95.39620535714286,82.87826849489795,65.9000318877551
FAMILY-32,FATHER,local,4202921,3.8344998359680176,3.9657435417175293,5.651057004928589,6.220355868339539,8.376053810119629,1.5789140462875366,84.61017219387756,49.320392219387756,6.03874362244898
FAMILY-32,FATHER,bending,4202922,5.278354644775391,5.621620178222656,8.146321773529053,8.608268737792969,9.671134948730469,2.3930139541625977,86.82637117346938,68.24577487244898,45.200892857142854
FAMILY-32,FATHER,elastic,4202930,5.2224955558776855,5.064431667327881,8.628584861755371,9.558629751205444,11.183438301086426,2.409120798110962,91.3803411989796,65.54727359693877,36.800462372448976
FAMILY-32,FATHER,local,4202931,4.275695323944092,4.2615509033203125,7.103142738342285,7.775672912597656,9.366994857788086,2.1077964305877686,81.63464604591837,53.7727200255102,22.76387117346939
FAMILY-32,FATHER,bending,4202932,5.717855453491211,6.1998820304870605,8.88960075378418,9.252408027648926,9.978775978088379,2.6474571228027344,87.20703125,70.78085140306123,52.15840242346938
FAMILY-32,FATHER,elastic,4202940,9.205168724060059,9.113832473754883,14.659731388092041,15.900973558425903,20.809606552124023,4.0859599113464355,96.8211894132653,88.81736288265306,75.56999362244898
FAMILY-32,FATHER,local,4202941,2.413304567337036,2.2173514366149902,4.140989780426025,5.200497508049011,7.539902687072754,1.3549542427062988,57.081074617346935,11.545360331632654,2.7762276785714284
FAMILY-32,FATHER,bending,4202942,3.7724437713623047,4.139446258544922,5.885002374649048,6.06190299987793,6.282711505889893,1.7865623235702515,78.29639668367348,52.166374362244895,6.82796556122449
FAMILY-32,MOTHER,elastic,4202950,7.009753704071045,6.818160057067871,11.391444683074951,12.518810033798218,16.259510040283203,3.277331590652466,95.03547512755102,79.46428571428571,57.89022640306123
FAMILY-32,MOTHER,local,4202951,2.5674431324005127,2.580303192138672,4.30763578414917,4.701190829277039,5.498208522796631,1.208767294883728,64.10833864795919,13.88313137755102,0.0
FAMILY-32,MOTHER,bending,4202952,5.689867973327637,6.19084358215332,8.857122421264648,9.183387756347656,9.803586959838867,2.6493752002716064,86.90808354591837,70.50183354591837,52.056760204081634
FAMILY-32,MOTHER,elastic,4202960,5.039382457733154,4.87898588180542,8.254274368286133,9.001636743545532,11.461115837097168,2.3069746494293213,90.49744897959184,64.25581951530613,34.39891581632653
FAMILY-32,MOTHER,local,4202961,4.860842227935791,4.925271034240723,7.350024700164795,7.798400521278381,10.10723876953125,1.979791283607483,90.37189094387756,67.8890306122449,31.562898596938776
FAMILY-32,MOTHER,bending,4202962,3.9878060817718506,4.329458236694336,6.201289653778076,6.447779655456543,6.932391166687012,1.8496040105819702,80.2016900510204,54.91071428571429,14.861686862244897
FAMILY-32,MOTHER,elastic,4202970,4.828755855560303,4.6699676513671875,7.742157220840454,8.770474672317505,13.350934028625488,2.1951968669891357,91.21691645408163,61.72672193877551,27.650669642857146
FAMILY-32,MOTHER,local,4202971,2.7409467697143555,2.7964816093444824,4.002440690994263,4.37610650062561,5.5300164222717285,1.0033129453659058,76.33529974489795,10.054607780612244,0.0
FAMILY-32,MOTHER,bending,4202972,4.5595383644104,4.865521430969238,7.044733047485352,7.430005073547363,8.305521011352539,2.07208514213562,83.80301339285714,61.70479910714286,32.32421875
FAMILY-32,MOTHER,elastic,4202980,5.367481231689453,5.356910705566406,8.624383449554443,9.35412073135376,14.495887756347656,2.4469363689422607,90.6867825255102,68.63639987244898,40.750558035714285
FAMILY-32,MOTHER,local,4202981,3.978050470352173,3.8582358360290527,6.663052320480347,7.397172451019287,9.086390495300293,1.9559346437454224,81.61272321428571,46.568080357142854,17.83123405612245
FAMILY-32,MOTHER,bending,4202982,3.7609615325927734,4.076606750488281,5.84620475769043,6.0874103307724,6.573963642120361,1.7401702404022217,78.86639030612244,51.27949617346938,6.369579081632653
FAMILY-32,MOTHER,elastic,4202990,5.9620041847229,5.847732067108154,9.44347620010376,10.42777967453003,13.865742683410645,2.605023145675659,93.75996492346938,75.90680803571429,47.55062181122449
FAMILY-32,MOTHER,local,4202991,5.381103515625,5.683825492858887,8.164198398590088,9.47403883934021,11.122145652770996,2.4148614406585693,88.50645727040816,70.39819834183673,45.167012117346935
FAMILY-32,MOTHER,bending,4202992,7.266213417053223,7.7381157875061035,11.213574409484863,11.850741863250732,13.318140983581543,3.2937557697296143,92.59207589285714,78.57940051020408,64.58067602040816
FAMILY-33,CHILD,elastic,4203000,7.960617542266846,7.74611759185791,12.912433624267578,14.277086019515991,16.995346069335938,3.5216569900512695,96.54017857142857,86.0969387755102,68.82772640306123
FAMILY-33,CHILD,local,4203001,4.70852518081665,4.469729900360107,7.9695000648498535,8.711167097091675,10.506875038146973,2.094865083694458,91.90449617346938,59.9250637755102,24.16892538265306
FAMILY-33,CHILD,bending,4203002,5.110050201416016,5.557440280914307,7.952296733856201,8.249061584472656,8.82068157196045,2.377495288848877,85.11041135204081,66.5836256377551,44.286112882653065
FAMILY-33,CHILD,elastic,4203010,4.969390392303467,4.986263275146484,8.169958591461182,8.782911539077759,11.685733795166016,2.383505344390869,87.22098214285714,62.76506696428571,35.83984375
FAMILY-33,CHILD,local,4203011,3.7004425525665283,3.7859458923339844,5.621901750564575,5.936610817909241,6.3480610847473145,1.469313621520996,85.2000956632653,44.86806441326531,4.081632653061225
FAMILY-33,CHILD,bending,4203012,5.167923450469971,5.49360990524292,7.9662024974823,8.436370611190796,9.530925750732422,2.33685302734375,86.5593112244898,67.39477040816327,43.3773118622449
FAMILY-33,CHILD,elastic,4203020,7.184775352478027,6.843772888183594,11.6455717086792,13.164358139038086,20.412052154541016,3.4143123626708984,95.4280931122449,81.55891262755102,58.84685905612245
FAMILY-33,CHILD,local,4203021,3.0736286640167236,3.037545919418335,5.098508358001709,5.760559439659119,6.483931541442871,1.438523530960083,74.8405612244898,24.766820790816325,3.593351403061224
FAMILY-33,CHILD,bending,4203022,6.437394618988037,7.0682477951049805,10.042937755584717,10.34040093421936,10.72116470336914,3.0518200397491455,88.0321269132653,74.1569674744898,59.175701530612244
FAMILY-33,CHILD,elastic,4203030,8.720726013183594,8.634664535522461,13.918350219726562,14.85719084739685,20.991344451904297,3.9388482570648193,97.03244579081633,87.55978954081633,71.14357461734694
FAMILY-33,CHILD,local,4203031,3.3281450271606445,3.1960935592651367,5.452844142913818,6.026743531227112,7.718814849853516,1.513184666633606,79.02383609693877,32.18470982142857,5.161830357142857
FAMILY-33,CHILD,bending,4203032,4.652432441711426,5.020571231842041,7.218543529510498,7.548547744750977,8.251440048217773,2.138810396194458,83.8069993622449,62.66143176020408,35.02471301020408
FAMILY-33,CHILD,elastic,4203040,7.151299476623535,7.083161354064941,11.495340347290039,12.541911125183105,15.878508567810059,3.2101495265960693,95.36033163265306,81.15433673469387,62.071508290816325
FAMILY-33,CHILD,local,4203041,2.7844889163970947,2.554826021194458,4.807013988494873,5.560449838638306,6.978660583496094,1.4215456247329712,66.76897321428571,19.507334183673468,2.5111607142857144
FAMILY-33,CHILD,bending,4203042,6.395308971405029,6.989551544189453,9.97017526626587,10.2857825756073,10.807882308959961,3.0025625228881836,88.3171237244898,74.09717793367348,58.709343112244895
FAMILY-33,FATHER,elastic,4203050,7.1144609451293945,6.995309352874756,11.422534465789795,12.664825677871704,17.856706619262695,3.2491090297698975,94.88799426020408,80.83745216836735,61.28228635204081
FAMILY-33,FATHER,local,4203051,2.8521344661712646,2.560177803039551,5.295245409011841,6.046153783798218,8.162833213806152,1.5870380401611328,64.72217793367348,21.069834183673468,5.351163903061225
FAMILY-33,FATHER,bending,4203052,3.9761953353881836,4.358504295349121,6.201839208602905,6.391019821166992,6.621861934661865,1.879395842552185,79.57788584183673,55.18375318877551,15.188536352040815
FAMILY-33,FATHER,elastic,4203060,8.919288635253906,8.733124732971191,14.222951889038086,15.788347959518433,24.077417373657227,3.994467258453369,97.35929528061224,88.5024713010204,75.18933354591837
FAMILY-33,FATHER,local,4203061,2.916386604309082,2.8324337005615234,4.585405349731445,5.1201934814453125,6.578317642211914,1.3080300092697144,72.91533801020408,23.156489158163264,1.0204081632653061
FAMILY-33,FATHER,bending,4203062,4.071636199951172,4.452287673950195,6.347412824630737,6.5488669872283936,6.868366241455078,1.9130630493164062,80.25151466836735,56.33171237244898,18.81377551020408
FAMILY-33,FATHER,elastic,4203070,8.044267654418945,7.927678108215332,12.799173831939697,14.388822078704834,17.90421485900879,3.5786726474761963,96.04791135204081,85.96938775510205,69.25422512755102
FAMILY-33,FATHER,local,4203071,2.6508898735046387,2.6222341060638428,4.129894256591797,4.478813052177429,5.015254020690918,1.089943289756775,71.19140625,12.213010204081632,0.0
FAMILY-33,FATHER,bending,4203072,3.9245493412017822,4.207954406738281,6.075654983520508,6.383399724960327,7.066608905792236,1.7922859191894531,80.3272480867347,53.43789859693877,11.754623724489797
FAMILY-33,FATHER,elastic,4203080,7.515684127807617,7.28396463394165,12.602828025817871,13.98420000076294,19.30025291442871,3.654719829559326,94.93781887755102,81.33769132653062,61.60514987244898
FAMILY-33,FATHER,local,4203081,2.9299116134643555,2.7394676208496094,5.0733864307403564,5.3523255586624146,6.698102951049805,1.4257477521896362,73.84805484693877,24.288504464285715,1.0861766581632653
FAMILY-33,FATHER,bending,4203082,6.731803894042969,7.314745903015137,10.474230289459229,10.875866413116455,11.662674903869629,3.127007484436035,89.55277423469387,75.79121492346938,61.04711415816326
FAMILY-33,FATHER,elastic,4203090,6.709704399108887,6.661520957946777,10.810541152954102,11.950849056243896,14.757250785827637,3.050297975540161,94.25422512755102,78.71492346938776,57.78459821428571
FAMILY-33,FATHER,local,4203091,2.474623203277588,2.4386684894561768,3.544552803039551,4.037261962890625,5.18867301940918,0.8925482630729675,73.71851084183673,5.299346301020408,0.0
FAMILY-33,FATHER,bending,4203092,3.726555109024048,4.05001163482666,5.798467636108398,6.019906759262085,6.453733921051025,1.7313177585601807,78.51163903061224,50.799186862244895,5.337213010204081
FAMILY-33,MOTHER,elastic,4203100,7.904693126678467,7.7562255859375,12.865142822265625,14.262333154678345,19.94611358642578,3.8025710582733154,95.40019132653062,82.33219068877551,64.28970025510205
FAMILY-33,MOTHER,local,4203101,3.168886661529541,3.174008369445801,4.9311363697052,5.423117995262146,6.56920862197876,1.381963849067688,77.16238839285714,31.180245535714285,1.845503826530612
FAMILY-33,MOTHER,bending,4203102,7.072444438934326,7.724278450012207,11.021943092346191,11.376112222671509,11.992436408996582,3.3158111572265625,89.78794642857143,76.85746173469387,63.31513073979592
FAMILY-33,MOTHER,elastic,4203110,7.417649269104004,7.213261604309082,11.699125289916992,12.574686288833618,15.728008270263672,3.2234411239624023,96.38273278061224,84.19563137755102,62.32461734693877
FAMILY-33,MOTHER,local,4203111,3.0149760246276855,3.001049518585205,4.4819183349609375,4.835925579071045,5.883944034576416,1.0881155729293823,80.81752232142857,19.05891262755102,0.0
FAMILY-33,MOTHER,bending,4203112,6.951204776763916,7.386197090148926,10.712092876434326,11.34824538230896,12.835431098937988,3.141725540161133,92.18152104591837,77.4772799744898,62.51594387755102
FAMILY-33,MOTHER,elastic,4203120,5.048750400543213,4.953105449676514,8.005296230316162,9.085994482040405,11.997747421264648,2.2900896072387695,90.98573022959184,64.64245854591837,34.61615114795919
FAMILY-33,MOTHER,local,4203121,3.3571982383728027,3.3578548431396484,5.021077871322632,5.641414403915405,7.232280731201172,1.267465591430664,85.46117665816327,28.65513392857143,2.64469068877551
FAMILY-33,MOTHER,bending,4203122,5.929224014282227,6.38654899597168,9.19425106048584,9.626909494400024,10.56289005279541,2.7204253673553467,88.26530612244898,72.2397161989796,54.08960459183674
FAMILY-33,MOTHER,elastic,4203130,5.0644097328186035,5.101716995239258,8.072922229766846,8.943684577941895,11.198479652404785,2.28619122505188,89.2398756377551,66.6633450255102,34.966916454081634
FAMILY-33,MOTHER,local,4203131,3.4918906688690186,3.460501194000244,5.595580339431763,6.2171807289123535,7.140087604522705,1.5266443490982056,81.9595025510204,36.3460618622449,6.706393494897959
FAMILY-33,MOTHER,bending,4203132,5.655069351196289,6.014495849609375,8.720547199249268,9.228306770324707,10.404574394226074,2.55952787399292,88.22544642857143,70.85658482142857,50.17338966836735
FAMILY-33,MOTHER,elastic,4203140,5.760665416717529,5.79950475692749,8.997380256652832,9.741283416748047,12.861639022827148,2.4969642162323,93.0484693877551,73.23820153061224,47.4609375
FAMILY-33,MOTHER,local,4203141,4.30607271194458,4.2582244873046875,6.851006507873535,7.318759918212891,9.690972328186035,1.8955973386764526,88.57820471938776,54.86686862244898,18.722098214285715
FAMILY-33,MOTHER,bending,4203142,4.89174222946167,5.2006940841674805,7.540621757507324,7.984330773353577,9.0117769241333,2.212911605834961,85.46914859693877,65.04703443877551,38.77949617346938
FAMILY-34,CHILD,elastic,4203150,6.98684024810791,6.95753288269043,10.972577571868896,11.900365352630615,15.802440643310547,2.9826488494873047,95.6772161989796,82.32421875,61.01522640306123
FAMILY-34,CHILD,local,4203151,2.7478115558624268,2.697854995727539,4.235172986984253,4.5110650062561035,5.323647499084473,1.1319845914840698,69.92785395408163,16.631457270408163,0.0
FAMILY-34,CHILD,bending,4203152,6.126010417938232,6.536524772644043,9.46437406539917,9.982240915298462,11.162177085876465,2.7836356163024902,89.34151785714286,73.53515625,55.711894132653065
FAMILY-34,CHILD,elastic,4203160,5.761804103851318,5.604610919952393,9.0553560256958,9.940678358078003,13.217143058776855,2.4611175060272217,94.35985331632652,74.32836415816327,44.154575892857146
FAMILY-34,CHILD,local,4203161,3.2783281803131104,3.3960256576538086,4.840581178665161,5.067214488983154,5.47786808013916,1.1837513446807861,82.89421237244898,29.64564732142857,0.0
FAMILY-34,CHILD,bending,4203162,5.347005367279053,5.695118427276611,8.252580165863037,8.71990418434143,9.794341087341309,2.42439603805542,87.07748724489795,68.72807716836735,46.195392219387756
FAMILY-34,CHILD,elastic,4203170,5.034761905670166,4.859411716461182,8.408925533294678,9.460241079330444,14.875523567199707,2.425219774246216,89.83777104591837,63.79743303571429,31.630660076530614
FAMILY-34,CHILD,local,4203171,3.474501848220825,3.6623692512512207,5.1478047370910645,5.505967378616333,6.351680755615234,1.3720394372940063,82.55141900510205,41.82676977040816,1.2794961734693877
FAMILY-34,CHILD,bending,4203172,4.240701198577881,4.53369140625,6.557904243469238,6.904685020446777,7.684990882873535,1.9313666820526123,82.22456951530613,57.91812818877551,23.57900191326531
FAMILY-34,CHILD,elastic,4203180,6.902521133422852,7.151883602142334,10.825937271118164,11.65062665939331,13.87845230102539,3.0228431224823,94.51929209183673,79.23309948979592,61.192602040816325
FAMILY-34,CHILD,local,4203181,4.326893329620361,4.150320053100586,7.214757442474365,8.250622749328613,12.49333667755127,2.237999439239502,83.79504145408163,52.78021364795919,21.308992346938776
FAMILY-34,CHILD,bending,4203182,5.3135905265808105,5.824353218078613,8.287779808044434,8.541293382644653,8.84908390045166,2.511017322540283,85.24792729591837,68.0484693877551,48.01299426020408
FAMILY-34,CHILD,elastic,4203190,7.627626419067383,7.219664096832275,12.816759586334229,14.021013259887695,17.48336410522461,3.5946359634399414,95.60945471938776,83.3187181122449,63.97879464285714
FAMILY-34,CHILD,local,4203191,2.9357941150665283,2.813950538635254,5.167933702468872,5.845955729484558,7.029077529907227,1.567400574684143,68.84964923469387,25.320870535714285,4.131457270408164
FAMILY-34,CHILD,bending,4203192,4.005953311920166,4.301194190979004,6.204677581787109,6.512572526931763,7.188053131103516,1.8322291374206543,80.72983099489795,54.779177295918366,14.77000956632653
FAMILY-34,FATHER,elastic,4203200,7.973389148712158,8.11012077331543,11.95189619064331,12.857526063919067,17.165645599365234,3.1028380393981934,96.87300701530613,87.79296875,73.72847576530613
FAMILY-34,FATHER,local,4203201,2.646409749984741,2.6190671920776367,4.061794996261597,4.4582133293151855,8.819904327392578,1.3442310094833374,68.00860969387756,11.128826530612244,2.3497289540816326
FAMILY-34,FATHER,bending,4203202,5.9411492347717285,6.439791679382324,9.235474109649658,9.615968465805054,10.383955955505371,2.749028444290161,87.88265306122449,72.04241071428571,54.454320790816325
FAMILY-34,FATHER,elastic,4203210,8.315553665161133,8.12386703491211,13.579943180084229,14.834419965744019,19.824398040771484,3.910612106323242,96.04392538265306,84.48660714285714,68.69419642857143
FAMILY-34,FATHER,local,4203211,4.074169158935547,4.303879737854004,6.136545419692993,6.765522241592407,7.678203582763672,1.7029660940170288,85.67841198979592,56.72433035714286,11.28826530612245
FAMILY-34,FATHER,bending,4203212,3.969529151916504,4.225489616394043,6.124469995498657,6.475491881370544,7.285916805267334,1.7983592748641968,80.84741709183673,53.74282525510205,12.814891581632654
FAMILY-34,FATHER,elastic,4203220,5.319523334503174,5.179227828979492,8.42991018295288,9.149945259094238,12.075716972351074,2.290951728820801,93.05444834183673,69.51530612244898,37.884646045918366
FAMILY-34,FATHER,local,4203221,4.100881576538086,4.118739604949951,6.352773666381836,7.06722104549408,8.731364250183105,1.750432014465332,87.16717155612244,53.07118941326531,14.411272321428573
FAMILY-34,FATHER,bending,4203222,6.266188621520996,6.879903793334961,9.776154518127441,10.06615161895752,10.436013221740723,2.9704091548919678,87.6594387755102,73.37173150510205,57.82645089285714
FAMILY-34,FATHER,elastic,4203230,4.828460693359375,4.8646063804626465,7.320161819458008,7.977567434310913,12.230550765991211,1.9345906972885132,92.30707908163265,65.61902104591837,28.26650191326531
FAMILY-34,FATHER,local,4203231,2.9448435306549072,2.8658909797668457,4.589533090591431,5.216566205024719,6.635682106018066,1.2850911617279053,76.18582589285714,20.22480867346939,1.903300382653061
FAMILY-34,FATHER,bending,4203232,6.2356181144714355,6.626709938049316,9.61023759841919,10.179763793945312,11.510250091552734,2.818668842315674,90.21843112244898,74.22472895408163,56.560905612244895
FAMILY-34,FATHER,elastic,4203240,7.964176177978516,7.724525451660156,13.224365234375,14.637035131454468,20.74915885925293,3.8473775386810303,94.89795918367348,84.09398915816327,66.72114158163265
FAMILY-34,FATHER,local,4203241,2.954599380493164,3.0879814624786377,4.654467344284058,5.152352929115295,6.5894646644592285,1.3529777526855469,74.53962053571429,21.38073979591837,1.1180644132653061
FAMILY-34,FATHER,bending,4203242,3.3348681926727295,3.620513916015625,5.185988187789917,5.392194390296936,5.797699451446533,1.546717643737793,75.56999362244898,42.17554209183674,0.0
FAMILY-34,MOTHER,elastic,4203250,6.160743713378906,6.011590003967285,9.722938060760498,10.969567775726318,16.302101135253906,2.7463250160217285,94.55516581632652,76.4827806122449,50.17936862244898
FAMILY-34,MOTHER,local,4203251,3.7521464824676514,3.7579851150512695,5.910065650939941,6.136112689971924,7.303728103637695,1.5915076732635498,84.0381855867347,45.2327806122449,8.559869260204081
FAMILY-34,MOTHER,bending,4203252,6.029308319091797,6.480801582336426,9.344119548797607,9.795610666275024,10.787464141845703,2.7611358165740967,88.61607142857143,72.80373086734694,55.02232142857143
FAMILY-34,MOTHER,elastic,4203260,7.549673080444336,7.579629898071289,11.659790992736816,12.859775304794312,17.83384132385254,3.204261302947998,96.20735012755102,85.13432716836735,67.25326849489795
FAMILY-34,MOTHER,local,4203261,3.57719349861145,3.236701011657715,6.54276967048645,7.433583378791809,10.000333786010742,2.004709005355835,76.71795280612244,35.889668367346935,13.295200892857142
FAMILY-34,MOTHER,bending,4203262,6.822064399719238,7.3990864753723145,10.607017993927002,11.03691577911377,11.897530555725098,3.159698486328125,89.88161670918367,76.27949617346938,61.64500956632652
FAMILY-34,MOTHER,elastic,4203270,8.8222074508667,8.687192916870117,13.811613082885742,14.742993831634521,22.432531356811523,3.744187831878662,97.34733737244898,89.65840242346938,75.83904655612244
FAMILY-34,MOTHER,local,4203271,4.903773307800293,5.122034549713135,7.740583658218384,8.232979774475098,9.748017311096191,2.155118227005005,88.31513073979592,64.52088647959184,34.48461415816326
FAMILY-34,MOTHER,bending,4203272,5.748677730560303,6.2498908042907715,8.945756912231445,9.28092622756958,9.928871154785156,2.6739351749420166,87.14126275510205,70.88249362244898,52.62874681122449
FAMILY-34,MOTHER,elastic,4203280,5.613334655761719,5.620894432067871,8.714857578277588,9.725316524505615,12.536773681640625,2.4101598262786865,92.56218112244898,74.16095344387756,43.7679368622449
FAMILY-34,MOTHER,local,4203281,3.3354647159576416,3.1734652519226074,5.499200105667114,6.0916361808776855,8.284152030944824,1.617895483970642,75.60188137755102,35.335618622448976,5.530532525510204
FAMILY-34,MOTHER,bending,4203282,5.365818500518799,5.816694259643555,8.341511726379395,8.683958530426025,9.375094413757324,2.4832041263580322,86.18861607142857,68.52479272959184,47.82166772959184
FAMILY-34,MOTHER,elastic,4203290,8.06721305847168,7.817669868469238,13.396965026855469,14.718517065048218,20.39161491394043,3.896564245223999,95.3483737244898,83.95647321428571,67.38081951530613
FAMILY-34,MOTHER,local,4203291,5.447582721710205,5.3680620193481445,8.69829797744751,9.542454719543457,12.981058120727539,2.5398356914520264,91.3265306122449,65.9618144132653,42.77144451530612
FAMILY-34,MOTHER,bending,4203292,4.571350574493408,4.946693420410156,7.1013476848602295,7.404369592666626,8.033900260925293,2.1100571155548096,83.3266900510204,61.85626594387755,33.48413584183674
FAMILY-38,CHILD,elastic,4203300,6.344647407531738,6.181820869445801,10.357685565948486,11.497864723205566,16.401315689086914,3.009270668029785,93.6882174744898,74.91031568877551,52.08266900510205
FAMILY-38,CHILD,local,4203301,4.791433334350586,4.756086349487305,7.648134708404541,9.004037857055664,11.846189498901367,2.213718891143799,88.50446428571429,64.42522321428571,25.514190051020407
FAMILY-38,CHILD,bending,4203302,4.546059608459473,4.898856163024902,7.050275087356567,7.379806876182556,8.090022087097168,2.0868005752563477,83.3984375,61.541374362244895,32.601243622448976
FAMILY-38,CHILD,elastic,4203310,8.497426986694336,8.541031837463379,13.226145267486572,14.04954195022583,20.318172454833984,3.567312479019165,97.2217793367347,87.94044961734694,73.36973852040816
FAMILY-38,CHILD,local,4203311,2.7852799892425537,2.6256353855133057,4.819610595703125,5.2856444120407104,6.686285018920898,1.5203801393508911,64.23788265306123,26.06823979591837,1.739875637755102
FAMILY-38,CHILD,bending,4203312,7.093919277191162,7.748349189758301,11.054523468017578,11.411906719207764,12.040170669555664,3.324561595916748,89.84175701530613,76.94913903061224,63.458625637755105
FAMILY-38,CHILD,elastic,4203320,6.033205509185791,6.017739772796631,9.380789756774902,9.893926620483398,15.28048324584961,2.583561658859253,93.71611926020408,76.25358737244898,50.286989795918366
FAMILY-38,CHILD,local,4203321,2.6833736896514893,2.714080333709717,4.3198981285095215,4.814614415168762,6.044378757476807,1.2469426393508911,68.1281887755102,15.477519132653061,0.15744579081632654
FAMILY-38,CHILD,bending,4203322,5.03870153427124,5.417637825012207,7.809015989303589,8.186043500900269,9.011297225952148,2.307910680770874,85.50502232142857,66.16111288265306,42.02407525510204
FAMILY-38,CHILD,elastic,4203330,5.901443958282471,5.808994293212891,9.364221572875977,10.653071641921997,15.65396499633789,2.696589708328247,92.1875,75.27901785714286,47.31943558673469
FAMILY-38,CHILD,local,4203331,2.787714958190918,2.7730326652526855,4.648885250091553,5.183352470397949,6.282325267791748,1.362553358078003,69.41964285714286,19.1226881377551,0.5759725765306123
FAMILY-38,CHILD,bending,4203332,6.702740669250488,7.3140974044799805,10.444344520568848,10.790473699569702,11.418922424316406,3.1362552642822266,89.15218431122449,75.50223214285714,60.9016262755102
FAMILY-38,CHILD,elastic,4203340,8.288548469543457,8.366983413696289,13.07790756225586,14.52141809463501,19.276731491088867,3.664348840713501,96.42657844387756,86.04312818877551,71.48636798469387
FAMILY-38,CHILD,local,4203341,2.9763011932373047,2.9293785095214844,4.227203130722046,4.826520204544067,7.200007915496826,1.249319076538086,78.09709821428571,16.59159757653061,3.4438775510204076
FAMILY-38,CHILD,bending,4203342,6.864133834838867,7.5001420974731445,10.698355197906494,11.040766477584839,11.631302833557129,3.219066858291626,89.34550382653062,76.10411352040816,62.03563456632652
FAMILY-38,FATHER,elastic,4203350,6.797116756439209,6.905789375305176,10.601221084594727,11.413170099258423,17.694190979003906,2.942584991455078,94.63089923469387,80.2475286989796,59.88321109693877
FAMILY-38,FATHER,local,4203351,3.8657166957855225,3.720841884613037,6.450439691543579,7.437446594238281,8.71701717376709,1.8800681829452515,82.60323660714286,44.42163584183674,13.723692602040815
FAMILY-38,FATHER,bending,4203352,3.9878385066986084,4.243452548980713,6.150697469711304,6.506001353263855,7.327697277069092,1.8058468103408813,80.97895408163265,54.01985012755102,13.428730867346939
FAMILY-38,FATHER,elastic,4203360,6.351852893829346,6.138582706451416,10.499056339263916,11.671444416046143,17.86954116821289,3.0793938636779785,93.1461256377551,74.83657525510205,51.71396683673469
FAMILY-38,FATHER,local,4203361,3.212125778198242,3.232145309448242,4.820340156555176,5.383480668067932,6.713402271270752,1.2717026472091675,82.02925701530613,26.04233099489796,1.4389349489795917
FAMILY-38,FATHER,bending,4203362,3.4942526817321777,3.7730135917663574,5.422940969467163,5.667447566986084,6.184324264526367,1.6078650951385498,77.1045918367347,45.53372130102041,0.4404496173469388
FAMILY-38,FATHER,elastic,4203370,6.9136128425598145,6.717487335205078,11.284133434295654,12.551697969436646,18.30061149597168,3.2399635314941406,95.0813137755102,80.20567602040816,58.0436862244898
FAMILY-38,FATHER,local,4203371,2.694455146789551,2.581646680831909,4.356324911117554,4.896758794784546,5.485333442687988,1.2086118459701538,70.34438775510205,15.89405293367347,0.0
FAMILY-38,FATHER,bending,4203372,4.713562965393066,5.033409118652344,7.284539461135864,7.678542733192444,8.574861526489258,2.1432502269744873,84.47863520408163,63.28125,35.67841198979592
FAMILY-38,FATHER,elastic,4203380,6.0056071281433105,6.050518989562988,9.466858863830566,10.26221489906311,13.754570960998535,2.6137351989746094,92.59805484693877,75.66764987244898,50.67562181122449
FAMILY-38,FATHER,local,4203381,3.781214714050293,3.7870261669158936,6.224380970001221,6.638789415359497,8.484057426452637,1.7614399194717407,81.62667410714286,45.97417091836735,12.350526147959185
FAMILY-38,FATHER,bending,4203382,7.13381814956665,7.597742080688477,11.009811401367188,11.634205102920532,13.0711669921875,3.2341725826263428,92.31704400510205,78.0990911989796,63.72568558673469
FAMILY-38,FATHER,elastic,4203390,6.027533531188965,6.127490043640137,9.617578983306885,10.561005353927612,13.989908218383789,2.792505979537964,91.4321588010204,73.75438456632652,51.502710459183675
FAMILY-38,FATHER,local,4203391,4.437805652618408,4.265303611755371,7.073662757873535,7.674970865249634,9.189955711364746,1.8732351064682007,90.90401785714286,54.92466517857143,22.779815051020407
FAMILY-38,FATHER,bending,4203392,4.832881450653076,5.1665449142456055,7.472718000411987,7.869433522224426,8.766484260559082,2.2001800537109375,84.96293048469387,64.4172512755102,38.07397959183674
FAMILY-38,MOTHER,elastic,4203400,4.365684509277344,4.188662528991699,7.273928165435791,8.17570185661316,11.07101821899414,2.1177127361297607,86.28826530612244,53.316326530612244,22.498804209183675
FAMILY-38,MOTHER,local,4203401,2.990689992904663,2.79325008392334,5.051486015319824,5.594638705253601,6.689911365509033,1.4266544580459595,73.2959980867347,24.270567602040817,2.8838488520408165
FAMILY-38,MOTHER,bending,4203402,5.793079376220703,6.233158111572266,8.980233192443848,9.410905361175537,10.342145919799805,2.6554977893829346,87.90058992346938,71.48038903061224,52.58490114795919
FAMILY-38,MOTHER,elastic,4203410,9.845024108886719,9.772025108337402,15.656630039215088,17.427345752716064,24.31015968322754,4.373355388641357,97.50279017857143,89.97329400510205,79.42841198979592
FAMILY-38,MOTHER,local,4203411,2.524287700653076,2.4789929389953613,4.041041851043701,4.416693568229675,5.492166042327881,1.105351448059082,65.3679049744898,10.596699617346939,0.0
FAMILY-38,MOTHER,bending,4203412,5.147113800048828,5.519126892089844,7.968872785568237,8.371944904327393,9.264930725097656,2.350947141647339,85.98333864795919,67.07589285714286,43.64237882653062
FAMILY-38,MOTHER,elastic,4203420,8.922403335571289,8.931873321533203,13.86965274810791,15.194477558135986,22.171964645385742,3.8327949047088623,97.46890943877551,88.63799426020408,75.35076530612244
FAMILY-38,MOTHER,local,4203421,2.436152219772339,2.233215093612671,4.44182014465332,5.128955602645874,6.3685994148254395,1.4153724908828735,57.10698341836735,15.204480229591837,2.0886479591836737
FAMILY-38,MOTHER,bending,4203422,4.971686363220215,5.432035446166992,7.749769687652588,7.9966126680374146,8.417481422424316,2.3323869705200195,84.375,65.53730867346938,42.56616709183674
FAMILY-38,MOTHER,elastic,4203430,8.837594032287598,8.70233154296875,14.33847713470459,15.800494909286499,21.266569137573242,4.127800464630127,96.12763073979592,86.43773915816327,72.48485331632652
FAMILY-38,MOTHER,local,4203431,4.236399173736572,4.082488059997559,7.079561233520508,7.637208342552185,9.72801685333252,2.129042387008667,82.71085778061224,51.26753826530612,23.887914540816325
FAMILY-38,MOTHER,bending,4203432,4.649906158447266,5.091701507568359,7.250876188278198,7.477456569671631,7.789243698120117,2.1910109519958496,82.93207908163265,62.79296875,36.431760204081634
FAMILY-38,MOTHER,elastic,4203440,7.800805568695068,7.533534049987793,12.40480899810791,13.745641946792603,24.00321388244629,3.408764123916626,96.74545599489795,86.48557079081633,68.66828762755102
FAMILY-38,MOTHER,local,4203441,4.71657133102417,4.807302474975586,7.173518657684326,7.7621259689331055,8.585990905761719,1.798340082168579,93.27566964285714,64.2757493622449,24.595424107142858
FAMILY-38,MOTHER,bending,4203442,6.794248580932617,7.2554521560668945,10.50066089630127,11.067783832550049,12.355714797973633,3.089785099029541,91.23485331632652,76.65417729591837,61.36001275510205
FAMILY-39,CHILD,elastic,4203450,5.424531936645508,5.380474090576172,8.646732330322266,9.667697191238403,14.388813018798828,2.48606014251709,91.37635522959184,69.80428890306123,40.47353316326531
FAMILY-39,CHILD,local,4203451,3.9962379932403564,3.8256335258483887,6.603128671646118,7.06218945980072,8.258647918701172,1.9654711484909058,79.62771045918367,47.50478316326531,20.5875318877551
FAMILY-39,CHILD,bending,4203452,3.506080389022827,3.7362656593322754,5.412290096282959,5.716858506202698,6.415424823760986,1.5903851985931396,77.59486607142857,44.917889030612244,1.3293207908163265
FAMILY-39,CHILD,elastic,4203460,5.653884410858154,5.520493030548096,9.118463039398193,9.918806076049805,15.006235122680664,2.5963070392608643,91.90848214285714,71.06584821428571,44.1585618622449
FAMILY-39,CHILD,local,4203461,3.479980707168579,3.5809106826782227,5.569730043411255,5.831913590431213,7.794158935546875,1.6780933141708374,75.66964285714286,41.95830676020408,3.166852678571429
FAMILY-39,CHILD,bending,4203462,5.9675068855285645,6.3459672927856445,9.201680183410645,9.739290237426758,10.985458374023438,2.7003514766693115,89.22991071428571,72.74194834183673,53.8444674744898
FAMILY-39,CHILD,elastic,4203470,6.230889797210693,6.293239593505859,9.853199481964111,10.926592350006104,14.959413528442383,2.835951328277588,92.94882015306123,75.15744579081633,53.69100765306123
FAMILY-39,CHILD,local,4203471,4.309762001037598,4.674070358276367,6.283949136734009,6.488873600959778,7.653009414672852,1.6040810346603394,89.9673150510204,61.50151466836735,14.913504464285715
FAMILY-39,CHILD,bending,4203472,3.4471986293792725,3.6739797592163086,5.322204351425171,5.619776368141174,6.302426815032959,1.5642083883285522,77.13448660714286,43.64437181122449,0.8011798469387755
FAMILY-39,CHILD,elastic,4203480,5.872279167175293,5.619097709655762,9.743372917175293,11.098581552505493,16.37209129333496,2.991320848464966,90.9359056122449,69.60499043367348,45.87452168367347
FAMILY-39,CHILD,local,4203481,2.564788579940796,2.4608707427978516,4.1294214725494385,4.486385107040405,6.363759517669678,1.1371874809265137,66.48397640306123,11.844308035714286,0.5978954081632653
FAMILY-39,CHILD,bending,4203482,4.640070915222168,4.948427200317383,7.165811538696289,7.562577724456787,8.470151901245117,2.1068332195281982,84.25741390306123,62.549824617346935,34.07206632653062
FAMILY-39,CHILD,elastic,4203490,5.0290679931640625,4.866375923156738,7.945879220962524,8.61251449584961,12.262393951416016,2.2146077156066895,91.19698660714286,65.3679049744898,34.380978954081634
FAMILY-39,CHILD,local,4203491,5.742751121520996,5.845603942871094,9.099143981933594,9.834283113479614,11.986432075500488,2.6347439289093018,90.87611607142857,71.31098533163265,48.138552295918366
FAMILY-39,CHILD,bending,4203492,4.874782085418701,5.317936897277832,7.595560550689697,7.851375102996826,8.31651496887207,2.2795674800872803,84.10993303571429,64.7281568877551,40.48549107142857
FAMILY-39,FATHER,elastic,4203500,5.464019298553467,5.234171390533447,8.979945659637451,9.931920051574707,13.896888732910156,2.6031594276428223,91.47201849489795,67.9149394132653,40.4117506377551
FAMILY-39,FATHER,local,4203501,2.528071880340576,2.4914779663085938,4.381385803222656,4.740525007247925,6.455970287322998,1.2567033767700195,63.41876594387755,14.225924744897958,0.6995376275510204
FAMILY-39,FATHER,bending,4203502,3.673205614089966,3.9249119758605957,5.678070783615112,5.982785940170288,6.669333457946777,1.671557068824768,78.76873405612244,48.646763392857146,4.713408801020408
FAMILY-39,FATHER,elastic,4203510,8.330977439880371,8.149497032165527,13.28231954574585,14.800214052200317,19.67008399963379,3.712434768676758,96.65178571428571,87.38839285714286,71.0758131377551
FAMILY-39,FATHER,local,4203511,2.7506675720214844,2.8522515296936035,4.121695041656494,4.306634306907654,5.13487434387207,1.0718687772750854,74.53563456632652,13.319116709183673,0.0
FAMILY-39,FATHER,bending,4203512,3.735507011413574,4.086192607879639,5.824684381484985,6.0072784423828125,6.287360191345215,1.756742000579834,78.22265625,51.361208545918366,5.229591836734694
FAMILY-39,FATHER,elastic,4203520,8.542561531066895,8.590189933776855,13.124797344207764,14.239964008331299,20.202835083007812,3.457329750061035,97.52869897959184,89.54679528061224,75.45041454081633
FAMILY-39,FATHER,local,4203521,3.605365037918091,3.8179149627685547,5.41638445854187,5.8988131284713745,6.986198902130127,1.453986406326294,82.4477838010204,44.5133131377551,4.031808035714286
FAMILY-39,FATHER,bending,4203522,5.528520107269287,6.042741775512695,8.619022846221924,8.891875743865967,9.344802856445312,2.595405340194702,86.16270727040816,69.48939732142857,50.450414540816325
FAMILY-39,FATHER,elastic,4203530,7.896093368530273,7.707108497619629,13.092179298400879,14.45258355140686,21.197874069213867,3.865433931350708,94.86407844387756,82.53547512755102,65.0131536989796
FAMILY-39,FATHER,local,4203531,3.487269401550293,3.532198905944824,4.98862886428833,5.289482593536377,6.226440906524658,1.2071034908294678,87.92051977040816,36.192602040816325,0.47233737244897955
FAMILY-39,FATHER,bending,4203532,5.898707866668701,6.465935707092285,9.200199127197266,9.481979131698608,9.823491096496582,2.787194013595581,86.89811862244898,71.56210140306123,54.55994897959183
FAMILY-39,FATHER,elastic,4203540,4.477317810058594,4.387290954589844,7.1333935260772705,8.162360191345215,12.203953742980957,2.029872417449951,88.86120854591837,57.97791772959183,20.830676020408163
FAMILY-39,FATHER,local,4203541,3.150731086730957,2.9161782264709473,5.385752201080322,6.072877883911133,7.180109977722168,1.5108286142349243,78.07916135204081,26.841517857142854,6.0327646683673475
FAMILY-39,FATHER,bending,4203542,4.353270530700684,4.656278610229492,6.7330873012542725,7.086668133735657,7.882782459259033,1.9832961559295654,82.72281568877551,59.34510522959183,27.20224808673469
FAMILY-39,MOTHER,elastic,4203550,8.999288558959961,8.911584854125977,13.701794624328613,14.753830671310425,23.908706665039062,3.697516918182373,97.89939413265306,90.56122448979592,77.81010841836735
FAMILY-39,MOTHER,local,4203551,3.2490344047546387,3.1212282180786133,5.73467493057251,6.650339126586914,8.464433670043945,1.7393012046813965,72.35530931122449,30.351163903061224,8.490114795918368
FAMILY-39,MOTHER,bending,4203552,5.010255813598633,5.408344268798828,7.774566650390625,8.126935958862305,8.874183654785156,2.304670810699463,85.25191326530613,65.8820950255102,41.8148118622449
FAMILY-39,MOTHER,elastic,4203560,6.3950514793396,6.063784599304199,10.945189952850342,11.986792802810669,16.295881271362305,3.0812580585479736,93.71014030612244,76.06226084183673,50.67163584183674
FAMILY-39,MOTHER,local,4203561,5.194990158081055,5.279882431030273,8.001351833343506,8.676622867584229,9.967424392700195,2.170382261276245,90.60307716836735,70.27861926020408,38.2991868622449
FAMILY-39,MOTHER,bending,4203562,5.156085968017578,5.641630172729492,8.040771007537842,8.29237961769104,8.66917896270752,2.425869941711426,84.9071269132653,66.94036989795919,45.67920918367347
FAMILY-39,MOTHER,elastic,4203570,6.9706292152404785,6.872917175292969,11.05366849899292,12.071658849716187,16.238758087158203,3.007960796356201,96.54416454081633,81.74027423469387,59.9250637755102
FAMILY-39,MOTHER,local,4203571,3.824509620666504,3.7706797122955322,6.319112539291382,6.824400782585144,7.697665214538574,1.8039768934249878,81.6047512755102,45.599489795918366,14.130261479591837
FAMILY-39,MOTHER,bending,4203572,4.545321464538574,4.903014659881592,7.051871299743652,7.376118779182434,8.066879272460938,2.0889503955841064,83.35060586734694,61.55731823979592,32.6351243622449
FAMILY-39,MOTHER,elastic,4203580,5.345279693603516,5.272246837615967,8.817102909088135,9.54420781135559,13.949950218200684,2.5833752155303955,90.14469068877551,65.66286670918367,41.009646045918366
FAMILY-39,MOTHER,local,4203581,2.3321664333343506,2.0940065383911133,4.012070417404175,5.127376079559326,7.471185207366943,1.2854304313659668,54.32477678571429,10.100446428571429,2.407525510204082
FAMILY-39,MOTHER,bending,4203582,6.2690815925598145,6.7695794105529785,9.729630947113037,10.16744589805603,11.09261417388916,2.8850088119506836,88.99473852040816,73.97161989795919,57.35212053571429
FAMILY-39,MOTHER,elastic,4203590,6.714184761047363,6.7517499923706055,10.2749662399292,11.169767379760742,16.417978286743164,2.8023805618286133,95.00558035714286,81.84789540816327,60.65449617346938
FAMILY-39,MOTHER,local,4203591,2.797855854034424,2.8163223266601562,4.21478533744812,4.779958605766296,6.082727432250977,1.1111080646514893,74.65919961734694,13.938934948979592,0.14150191326530612
FAMILY-39,MOTHER,bending,4203592,3.605072021484375,3.9008359909057617,5.60034966468811,5.839217901229858,6.335227966308594,1.664096713066101,77.85196109693877,48.2242506377551,1.3572225765306123
FAMILY-4,CHILD,elastic,4203600,8.073630332946777,7.954354286193848,13.521839618682861,14.8353910446167,19.072967529296875,3.9104673862457275,95.39620535714286,81.97146045918367,66.86662946428571
FAMILY-4,CHILD,local,4203601,3.765385866165161,3.5308003425598145,6.333638668060303,7.145408749580383,8.515393257141113,1.801085114479065,83.37651466836735,40.1546556122449,13.139748086734693
FAMILY-4,CHILD,bending,4203602,3.507236957550049,3.7891314029693604,5.4445481300354,5.6868520975112915,6.19664192199707,1.6150686740875244,77.19427614795919,45.904416454081634,0.4942602040816327
FAMILY-4,CHILD,elastic,4203610,8.04184627532959,8.027457237243652,13.169764518737793,14.574614524841309,18.927759170532227,3.8346590995788574,95.17697704081633,82.56138392857143,67.2672193877551
FAMILY-4,CHILD,local,4203611,3.058554172515869,3.063108205795288,4.8108298778533936,5.213746428489685,6.538385391235352,1.3126717805862427,75.94268176020408,24.67315051020408,1.2276785714285714
FAMILY-4,CHILD,bending,4203612,6.301041126251221,6.854921340942383,9.807610988616943,10.1704261302948,10.863231658935547,2.9331777095794678,88.5024713010204,73.81816007653062,57.816485969387756
FAMILY-4,CHILD,elastic,4203620,9.573179244995117,9.519614219665527,14.74482250213623,16.418973922729492,24.06208038330078,4.156034469604492,97.51275510204081,90.71269132653062,78.26251594387756
FAMILY-4,CHILD,local,4203621,3.2549123764038086,3.171583652496338,5.1954615116119385,5.754330635070801,6.857377052307129,1.3980077505111694,79.16533801020408,30.95105229591837,2.8479751275510203
FAMILY-4,CHILD,bending,4203622,6.270062446594238,6.74204158782959,9.717735290527344,10.186639308929443,11.211463928222656,2.872145891189575,89.24984056122449,74.08920599489795,57.2624362244898
FAMILY-4,CHILD,elastic,4203630,4.881762981414795,4.846408843994141,7.770990610122681,8.497513055801392,11.321139335632324,2.2073965072631836,89.32158801020408,63.87715242346938,31.48915816326531
FAMILY-4,CHILD,local,4203631,4.321115493774414,4.279063701629639,7.161206007003784,7.53343665599823,9.2859468460083,2.0194976329803467,84.39692283163265,55.70392219387755,22.70408163265306
FAMILY-4,CHILD,bending,4203632,6.217103958129883,6.779505729675293,9.685067176818848,10.01598310470581,10.620782852172852,2.905602216720581,88.1576849489796,73.28802614795919,57.200653698979586
FAMILY-4,CHILD,elastic,4203640,5.076785564422607,4.912557601928711,8.205559253692627,9.252774953842163,11.563363075256348,2.2806153297424316,91.73309948979592,65.14070471938776,32.75669642857143
FAMILY-4,CHILD,local,4203641,3.5945065021514893,3.666292190551758,5.52633261680603,5.920291423797607,6.813333988189697,1.47712242603302,83.49808673469387,42.99067283163265,4.40250318877551
FAMILY-4,CHILD,bending,4203642,5.029736042022705,5.458523750305176,7.821470737457275,8.134709119796753,8.758204460144043,2.331158399581909,85.00876913265306,65.99370216836735,42.66581632653062
FAMILY-4,FATHER,elastic,4203650,8.299478530883789,8.175491333007812,13.197954654693604,14.757957935333252,20.25096893310547,3.718369245529175,96.6617506377551,86.41980229591837,71.26713966836735
FAMILY-4,FATHER,local,4203651,3.838165283203125,3.7064247131347656,6.358666181564331,7.186030745506287,8.560456275939941,1.8199663162231445,82.52152423469387,43.30357142857143,13.839285714285715
FAMILY-4,FATHER,bending,4203652,3.843001365661621,4.150012016296387,5.965061664581299,6.232527136802673,6.796793460845947,1.768889307975769,79.5539700255102,52.45735012755102,9.161750637755102
FAMILY-4,FATHER,elastic,4203660,6.139796257019043,5.943140029907227,10.184267044067383,11.232845544815063,16.271926879882812,3.002429962158203,92.41669323979592,73.12260841836735,49.27455357142857
FAMILY-4,FATHER,local,4203661,3.9229536056518555,3.94398832321167,6.049489736557007,6.549407482147217,7.79624080657959,1.5406073331832886,89.15019132653062,48.79823022959184,10.41733099489796
FAMILY-4,FATHER,bending,4203662,4.820703506469727,5.2453484535217285,7.504792213439941,7.780039072036743,8.300445556640625,2.245323419570923,84.02622767857143,64.24386160714286,39.15019132653062
FAMILY-4,FATHER,elastic,4203670,4.835876941680908,4.808837890625,7.612127065658569,8.30447268486023,11.564959526062012,2.090444564819336,90.52734375,63.88711734693877,29.795121173469386
FAMILY-4,FATHER,local,4203671,2.944429636001587,2.775420665740967,5.095013856887817,5.417631387710571,7.085648536682129,1.5626599788665771,67.17753507653062,28.89429209183674,1.931202168367347
FAMILY-4,FATHER,bending,4203672,3.6395463943481445,3.950214385986328,5.659909009933472,5.8857104778289795,6.33245849609375,1.6874310970306396,77.97552614795919,49.14500956632653,2.738360969387755
FAMILY-4,FATHER,elastic,4203680,5.291813850402832,5.1355414390563965,8.458284378051758,9.457678318023682,13.526606559753418,2.4321606159210205,91.85666454081633,67.02606823979592,38.23740433673469
FAMILY-4,FATHER,local,4203681,4.980259895324707,4.9288554191589355,7.874739646911621,8.330591201782227,11.938082695007324,2.2360644340515137,89.91151147959184,65.49545599489795,33.18120216836735
FAMILY-4,FATHER,bending,4203682,5.010430812835693,5.378596305847168,7.760170221328735,8.145905256271362,8.992547035217285,2.291419267654419,85.45121173469387,65.90601084183673,41.46404655612245
FAMILY-4,FATHER,elastic,4203690,4.200387954711914,4.08237886428833,6.9111409187316895,7.4466235637664795,9.352869987487793,1.9503684043884277,85.75414540816327,51.52861926020408,20.936304209183675
FAMILY-4,FATHER,local,4203691,4.026707649230957,3.8783178329467773,6.484905481338501,7.0577733516693115,9.23740291595459,1.790412187576294,86.73270089285714,47.217793367346935,15.750558035714285
FAMILY-4,FATHER,bending,4203692,4.819571495056152,5.21446418762207,7.485942840576172,7.808744788169861,8.478769302368164,2.2236263751983643,84.36702806122449,64.20798788265306,38.580197704081634
FAMILY-4,MOTHER,elastic,4203700,5.005509853363037,4.856030464172363,8.144919395446777,9.018799066543579,14.449590682983398,2.34652042388916,90.31608737244898,64.07047193877551,32.081074617346935
FAMILY-4,MOTHER,local,4203701,4.394712924957275,4.309788703918457,6.713680267333984,7.453098654747009,9.635891914367676,1.788101315498352,91.42020089285714,58.13536352040817,20.960220025510203
FAMILY-4,MOTHER,bending,4203702,5.921939849853516,6.502261638641357,9.23877763748169,9.512424230575562,9.862699508666992,2.807450532913208,86.81242028061224,71.66374362244898,54.80907206632652
FAMILY-4,MOTHER,elastic,4203710,6.097346782684326,5.906705379486084,9.85722303390503,10.851849794387817,15.114501953125,2.7074954509735107,94.37779017857143,76.9969706632653,48.61088966836735
FAMILY-4,MOTHER,local,4203711,2.964735269546509,2.7284579277038574,5.2776267528533936,5.623772382736206,8.040718078613281,1.5685324668884277,68.35140306122449,25.063775510204085,2.676578443877551
FAMILY-4,MOTHER,bending,4203712,3.4256463050842285,3.6745707988739014,5.304988622665405,5.569798111915588,6.155852317810059,1.5658082962036133,76.75183354591837,43.550701530612244,0.3248565051020408
FAMILY-4,MOTHER,elastic,4203720,5.651987552642822,5.519800186157227,9.032058238983154,10.033231258392334,12.915833473205566,2.5843210220336914,92.15561224489795,70.83067602040816,43.74003507653062
FAMILY-4,MOTHER,local,4203721,4.3368330001831055,4.056880950927734,7.198758125305176,8.003628969192505,10.968473434448242,2.138542652130127,86.93399234693877,51.03236607142857,23.27407525510204
FAMILY-4,MOTHER,bending,4203722,3.7517900466918945,4.066295623779297,5.8317952156066895,6.072510242462158,6.558847427368164,1.7358193397521973,78.80660076530613,51.122050382653065,6.13639987244898
FAMILY-4,MOTHER,elastic,4203730,6.909938335418701,6.7674560546875,11.307732105255127,12.414739847183228,15.490514755249023,3.239469289779663,94.75845025510205,78.18080357142857,58.16127232142857
FAMILY-4,MOTHER,local,4203731,3.056488037109375,3.064922332763672,4.740058183670044,5.5001362562179565,9.952717781066895,1.7063097953796387,70.74298469387756,28.96006058673469,3.6631058673469385
FAMILY-4,MOTHER,bending,4203732,4.67496395111084,5.03048038482666,7.2468180656433105,7.594492554664612,8.347955703735352,2.1427457332611084,84.00031887755102,62.864716198979586,35.33163265306122
FAMILY-4,MOTHER,elastic,4203740,6.655333995819092,6.455514907836914,10.920612335205078,11.763343334197998,16.87318992614746,3.1091420650482178,94.27016900510205,77.66063456632652,55.040258290816325
FAMILY-4,MOTHER,local,4203741,2.5482912063598633,2.5307111740112305,4.401957035064697,5.0588051080703735,6.495966911315918,1.3961998224258423,62.37842793367348,15.80436862244898,0.7453762755102041
FAMILY-4,MOTHER,bending,4203742,4.242736339569092,4.557987689971924,6.5733723640441895,6.895743489265442,7.601599216461182,1.9417856931686401,82.03722895408163,58.045679209183675,24.065290178571427
FAMILY-40,CHILD,elastic,4203750,4.751273155212402,4.734583854675293,7.729238510131836,8.421177864074707,11.277141571044922,2.221144437789917,87.44220344387756,61.45766900510205,30.12197066326531
FAMILY-40,CHILD,local,4203751,4.138495445251465,3.770707130432129,6.884425401687622,7.73235011100769,10.415993690490723,1.9495761394500732,89.0086894132653,45.72504783163265,19.136639030612244
FAMILY-40,CHILD,bending,4203752,4.704657554626465,5.089781284332275,7.306602478027344,7.6231547594070435,8.280579566955566,2.1701467037200928,83.90066964285714,63.145727040816325,36.28427933673469
FAMILY-40,CHILD,elastic,4203760,7.329712390899658,6.860035419464111,12.420373439788818,13.865921974182129,18.030685424804688,3.555803060531616,95.78882334183673,81.34566326530613,60.1921237244898
FAMILY-40,CHILD,local,4203761,4.675668239593506,4.370752811431885,7.868772268295288,8.809382915496826,12.045531272888184,2.2222633361816406,90.04504145408163,56.38153698979592,24.900350765306122
FAMILY-40,CHILD,bending,4203762,4.304861068725586,4.577003479003906,6.637446641921997,7.025922179222107,7.9264349937438965,1.9478230476379395,82.77064732142857,58.643574617346935,25.16342474489796
FAMILY-40,CHILD,elastic,4203770,4.374837398529053,4.019313335418701,7.770173788070679,8.632480144500732,11.771663665771484,2.283196449279785,85.11041135204081,50.33681441326531,23.417570153061224
FAMILY-40,CHILD,local,4203771,3.519017219543457,3.5909008979797363,5.388430118560791,5.702713489532471,6.7321929931640625,1.452287197113037,81.92761479591837,40.29815051020408,2.3238201530612246
FAMILY-40,CHILD,bending,4203772,5.431828498840332,5.861325263977051,8.427898406982422,8.811757326126099,9.625907897949219,2.4980130195617676,86.63504464285714,69.0788424744898,48.292012117346935
FAMILY-40,CHILD,elastic,4203780,4.999211311340332,5.088528156280518,7.73421835899353,8.341939210891724,12.089542388916016,2.1234664916992188,90.59311224489795,67.20742984693877,33.35857780612245
FAMILY-40,CHILD,local,4203781,3.42246413230896,3.365082263946533,5.432903051376343,6.02297568321228,9.577295303344727,1.6234033107757568,79.26897321428571,36.375956632653065,5.096061862244898
FAMILY-40,CHILD,bending,4203782,4.444134712219238,4.820407867431641,6.9100422859191895,7.1895551681518555,7.749710559844971,2.058429718017578,82.5912786989796,60.56082589285714,30.604272959183675
FAMILY-40,CHILD,elastic,4203790,5.011520862579346,4.988489151000977,8.055062294006348,9.072157144546509,15.899802207946777,2.4434170722961426,87.79097576530613,63.85124362244898,35.194116709183675
FAMILY-40,CHILD,local,4203791,3.6410977840423584,3.5384984016418457,5.801357746124268,6.289620637893677,8.168821334838867,1.5226725339889526,85.30572385204081,40.31210140306122,8.077566964285714
FAMILY-40,CHILD,bending,4203792,5.450022220611572,5.967876434326172,8.498353004455566,8.764285802841187,9.127646446228027,2.568237543106079,85.78802614795919,68.93136160714286,49.6711575255102
FAMILY-40,FATHER,elastic,4203800,8.024486541748047,7.797350883483887,13.355445384979248,14.826476097106934,21.306344985961914,3.9056508541107178,95.44403698979592,82.88225446428571,66.39628507653062
FAMILY-40,FATHER,local,4203801,2.919597625732422,2.754199981689453,4.87563157081604,5.438461542129517,6.900875091552734,1.3598312139511108,74.60738201530613,20.838647959183675,1.7916932397959182
FAMILY-40,FATHER,bending,4203802,4.478667259216309,4.822507858276367,6.944222927093506,7.27295446395874,7.983842849731445,2.054306983947754,83.09550382653062,60.857780612244895,30.953045280612244
FAMILY-40,FATHER,elastic,4203810,6.647411346435547,6.60821008682251,10.499971866607666,11.566476106643677,17.235292434692383,2.965515375137329,94.24027423469387,79.65561224489795,57.14285714285714
FAMILY-40,FATHER,local,4203811,4.650476455688477,4.677819728851318,7.471287488937378,8.009809255599976,10.924851417541504,2.011234760284424,91.17107780612244,61.97983099489795,24.172911352040817
FAMILY-40,FATHER,bending,4203812,5.254356384277344,5.7388458251953125,8.18837833404541,8.451762914657593,8.912947654724121,2.463035821914673,85.36551339285714,67.64389349489795,46.9367825255102
FAMILY-40,FATHER,elastic,4203820,6.8516411781311035,6.539305210113525,11.75014591217041,13.720611095428467,17.45275115966797,3.552593946456909,93.1999362244898,76.33330676020408,55.82748724489795
FAMILY-40,FATHER,local,4203821,2.841648578643799,2.885500431060791,4.4855568408966064,4.85920786857605,5.815661907196045,1.2753145694732666,71.65975765306123,20.689174107142858,0.0
FAMILY-40,FATHER,bending,4203822,5.653066635131836,6.02742862701416,8.730116367340088,9.214092016220093,10.324943542480469,2.5662100315093994,88.02614795918367,70.79878826530613,50.31289859693877
FAMILY-40,FATHER,elastic,4203830,7.356764793395996,7.273196220397949,11.756248474121094,13.021278619766235,21.65008544921875,3.404891014099121,95.58354591836735,82.0491868622449,63.09390943877551
FAMILY-40,FATHER,local,4203831,3.0153777599334717,2.9984917640686035,4.743066072463989,5.139876365661621,6.537394046783447,1.3622225522994995,75.72345344387756,24.6890943877551,2.4932238520408165
FAMILY-40,FATHER,bending,4203832,4.709817886352539,5.0602874755859375,7.2975122928619385,7.654721140861511,8.436535835266113,2.1557703018188477,84.1796875,63.22544642857143,35.99131058673469
FAMILY-40,FATHER,elastic,4203840,7.227598190307617,7.123929023742676,11.331347465515137,12.547300338745117,18.405813217163086,3.190958023071289,95.42012117346938,82.91812818877551,63.30915178571429
FAMILY-40,FATHER,local,4203841,4.026941299438477,3.8721506595611572,6.605319976806641,7.272579073905945,9.249356269836426,1.8786240816116333,84.12786989795919,48.05883290816326,16.579639668367346
FAMILY-40,FATHER,bending,4203842,6.914591312408447,7.5795769691467285,10.784804821014404,11.11491346359253,11.51530933380127,3.2672603130340576,89.13624043367348,76.14397321428571,62.408322704081634
FAMILY-40,MOTHER,elastic,4203850,6.829756736755371,6.8054962158203125,10.685760021209717,11.817418098449707,18.969160079956055,2.9567201137542725,96.02399553571429,80.89126275510205,59.315210459183675
FAMILY-40,MOTHER,local,4203851,3.096099615097046,2.9987237453460693,5.060406446456909,5.886320471763611,7.474105358123779,1.426080584526062,75.7553411989796,25.04783163265306,4.261001275510204
FAMILY-40,MOTHER,bending,4203852,4.154194355010986,4.477050304412842,6.442528247833252,6.743409752845764,7.391354560852051,1.9070708751678467,81.46125637755102,56.959502551020414,20.647321428571427
FAMILY-40,MOTHER,elastic,4203860,4.634984970092773,4.522769927978516,7.430244445800781,8.032968521118164,11.466681480407715,2.092064142227173,89.0186543367347,59.24545599489795,27.260044642857146
FAMILY-40,MOTHER,local,4203861,4.457300186157227,4.2747650146484375,6.716952800750732,7.083658456802368,10.156113624572754,1.7485514879226685,92.78140943877551,55.97696109693877,22.731983418367346
FAMILY-40,MOTHER,bending,4203862,6.559446334838867,7.157968521118164,10.221349716186523,10.559531927108765,11.173760414123535,3.069328546524048,88.87715242346938,74.86846301020408,59.89118303571429
FAMILY-40,MOTHER,elastic,4203870,6.194525718688965,6.1545329093933105,9.755160808563232,10.635679721832275,14.216854095458984,2.679009437561035,93.9991230867347,77.6008450255102,52.196269132653065
FAMILY-40,MOTHER,local,4203871,4.433139801025391,4.019762992858887,7.753180742263794,8.542221069335938,9.753423690795898,2.2032265663146973,86.7984693877551,50.29097576530612,25.087691326530614
FAMILY-40,MOTHER,bending,4203872,3.7073676586151123,4.01109504699707,5.758369445800781,6.0066611766815186,6.521836280822754,1.710519552230835,78.59733737244898,50.17538265306123,5.121970663265306
FAMILY-40,MOTHER,elastic,4203880,4.306830883026123,4.135408401489258,7.099810361862183,7.896559715270996,11.21682357788086,2.1032629013061523,85.53093112244898,52.28595344387755,21.312978316326532
FAMILY-40,MOTHER,local,4203881,4.986087799072266,5.327375888824463,6.957534551620483,7.685796856880188,9.844534873962402,1.7991029024124146,92.84319196428571,72.21779336734694,30.693957270408163
FAMILY-40,MOTHER,bending,4203882,5.149593353271484,5.608188629150391,8.017576217651367,8.305715799331665,8.842498779296875,2.4013636112213135,85.1921237244898,66.89453125,45.089285714285715
FAMILY-40,MOTHER,elastic,4203890,7.2563276290893555,7.035566329956055,11.822691917419434,12.968129873275757,19.526866912841797,3.379542350769043,94.81823979591837,81.81600765306123,63.352997448979586
FAMILY-40,MOTHER,local,4203891,2.9725005626678467,2.974040985107422,4.643147706985474,4.9915207624435425,5.798914432525635,1.2515100240707397,75.2132493622449,23.343829719387756,0.0
FAMILY-40,MOTHER,bending,4203892,4.002998352050781,4.292773246765137,6.1972973346710205,6.511007785797119,7.207208156585693,1.8281844854354858,80.77367665816327,54.67155612244898,14.546795280612246
FAMILY-41,CHILD,elastic,4203900,5.625369548797607,5.421360969543457,9.204881191253662,10.80706787109375,16.091447830200195,2.697551727294922,92.41270727040816,70.79679528061224,40.8561862244898
FAMILY-41,CHILD,local,4203901,4.0865912437438965,3.9326958656311035,6.842843055725098,7.258195281028748,9.923456192016602,2.0157837867736816,82.8125,48.97759885204081,20.424107142857142
FAMILY-41,CHILD,bending,4203902,6.868910789489746,7.409468650817871,10.656822681427002,11.146505355834961,12.187535285949707,3.157193899154663,90.43965242346938,76.66812818877551,61.92402742346938
FAMILY-41,CHILD,elastic,4203910,9.118284225463867,8.962336540222168,14.297146320343018,15.599923610687256,21.445112228393555,3.8610620498657227,97.80173788265306,90.35196109693877,77.35371492346938
FAMILY-41,CHILD,local,4203911,3.1000490188598633,3.173819065093994,4.739172458648682,5.164278268814087,5.815747261047363,1.2717772722244263,77.45336415816327,26.719945790816325,0.0
FAMILY-41,CHILD,bending,4203912,4.595218181610107,5.003089904785156,7.154690265655518,7.413697957992554,7.900458812713623,2.1416821479797363,83.07557397959184,62.18510841836735,34.51450892857143
FAMILY-41,CHILD,elastic,4203920,7.849178314208984,7.931796073913574,12.16718864440918,13.322567462921143,16.663679122924805,3.2958710193634033,96.1116868622449,85.75215242346938,70.5337213010204
FAMILY-41,CHILD,local,4203921,5.115828037261963,4.904630184173584,8.172780513763428,8.994457721710205,12.778090476989746,2.2684476375579834,91.56768176020408,66.66932397959184,34.27734375
FAMILY-41,CHILD,bending,4203922,3.676719903945923,3.9664297103881836,5.7042295932769775,5.966435551643372,6.5248284339904785,1.6898117065429688,78.4897161989796,49.3961256377551,4.428411989795919
FAMILY-41,CHILD,elastic,4203930,4.368240833282471,4.334761619567871,7.153483867645264,8.00563383102417,10.708709716796875,2.080077886581421,85.546875,55.689971301020414,21.562101403061224
FAMILY-41,CHILD,local,4203931,3.1650867462158203,2.960078477859497,5.3435258865356445,5.638289451599121,8.738078117370605,1.510188102722168,75.01195790816327,27.05875318877551,3.4259406887755106
FAMILY-41,CHILD,bending,4203932,5.994280815124512,6.478883266448975,9.306729793548584,9.716880321502686,10.573246002197266,2.76237154006958,88.20750956632652,72.45495854591837,54.86088966836735
FAMILY-41,CHILD,elastic,4203940,6.059971809387207,5.925231456756592,10.020289897918701,11.324427604675293,15.908374786376953,2.9630839824676514,91.97225765306123,72.9671556122449,49.21875
FAMILY-41,CHILD,local,4203941,3.410433292388916,3.382453441619873,5.321215629577637,5.636670351028442,6.69276237487793,1.3940658569335938,80.92713647959184,34.510522959183675,2.361686862244898
FAMILY-41,CHILD,bending,4203942,5.405636310577393,5.932387351989746,8.432950019836426,8.685513257980347,9.00267219543457,2.5605034828186035,85.43726084183673,68.65234375,49.27056760204081
FAMILY-41,FATHER,elastic,4203950,5.931087017059326,5.84415864944458,9.367528438568115,10.363000869750977,13.232479095458984,2.5244619846343994,94.52327806122449,75.9227519132653,47.52670599489796
FAMILY-41,FATHER,local,4203951,2.9361412525177,2.953555107116699,5.118096351623535,5.730848908424377,7.22855806350708,1.63877272605896,65.92992665816327,27.35570790816326,3.693000637755102
FAMILY-41,FATHER,bending,4203952,6.711397647857666,7.296223163604736,10.442802906036377,10.838823080062866,11.608152389526367,3.1197879314422607,89.48501275510205,75.66764987244898,60.89764030612245
FAMILY-41,FATHER,elastic,4203960,5.734292984008789,5.695028305053711,9.475836277008057,10.632489919662476,13.2134370803833,2.8191616535186768,89.93542729591837,69.94579081632652,46.11766581632653
FAMILY-41,FATHER,local,4203961,3.062882661819458,3.142585515975952,4.728208780288696,5.226410388946533,6.3693108558654785,1.3339654207229614,76.69204400510205,25.892857142857146,1.0881696428571428
FAMILY-41,FATHER,bending,4203962,5.5668768882751465,6.050042152404785,8.661844253540039,8.993056535720825,9.64168643951416,2.586212396621704,86.6749043367347,69.77439413265306,50.55604272959183
FAMILY-41,FATHER,elastic,4203970,7.174800872802734,6.835458755493164,11.85842514038086,13.316723346710205,17.156997680664062,3.347687244415283,95.71109693877551,82.08107461734694,60.160235969387756
FAMILY-41,FATHER,local,4203971,5.313523292541504,5.242772102355957,7.93558144569397,8.808868408203125,10.867925643920898,2.1089415550231934,94.4774394132653,71.70161033163265,37.300701530612244
FAMILY-41,FATHER,bending,4203972,5.38755464553833,5.8122148513793945,8.358827114105225,8.741724729537964,9.557333946228027,2.4765188694000244,86.53938137755102,68.74402104591837,47.64429209183674
FAMILY-41,FATHER,elastic,4203980,7.222405910491943,7.0918426513671875,11.526549816131592,12.521867990493774,15.984542846679688,3.262016773223877,95.21285076530613,81.80404974489795,60.85180165816326
FAMILY-41,FATHER,local,4203981,4.057431697845459,4.13039493560791,6.139110565185547,6.65598452091217,8.216711044311523,1.5382354259490967,89.80588329081633,53.802614795918366,11.306202168367346
FAMILY-41,FATHER,bending,4203982,3.876861333847046,4.165691375732422,6.006947040557861,6.300435662269592,6.942154884338379,1.7747712135314941,79.93463010204081,52.7702487244898,10.168207908163266
FAMILY-41,FATHER,elastic,4203990,5.923604965209961,5.840602874755859,9.41811752319336,10.350296974182129,16.67485237121582,2.6557631492614746,93.46898915816327,73.90983737244898,47.552614795918366
FAMILY-41,FATHER,local,4203991,3.168297052383423,3.0341553688049316,5.397858619689941,5.849895477294922,6.844303131103516,1.55435049533844,72.23772321428571,31.710379464285715,3.497688137755102
FAMILY-41,FATHER,bending,4203992,6.598752975463867,7.21083927154541,10.286240577697754,10.613561630249023,11.167360305786133,3.096264600753784,88.81935586734694,74.97608418367348,60.23198341836735
FAMILY-41,MOTHER,elastic,4204000,8.48523998260498,8.375783920288086,13.187393188476562,14.365584135055542,20.94625473022461,3.49953031539917,97.57055165816327,89.37739158163265,74.52168367346938
FAMILY-41,MOTHER,local,4204001,4.1353440284729,4.0135498046875,6.985053777694702,7.788944482803345,9.69668960571289,2.0914266109466553,82.30827487244898,50.24912308673469,21.22329400510204
FAMILY-41,MOTHER,bending,4204002,4.226683139801025,4.505025386810303,6.526196002960205,6.890517592430115,7.726066589355469,1.91805899143219,82.23453443877551,57.70487882653062,22.642299107142858
FAMILY-41,MOTHER,elastic,4204010,6.772061824798584,6.678597450256348,10.899223327636719,12.45871877670288,16.12175941467285,3.2025341987609863,94.46348852040816,77.63871173469387,57.298309948979586
FAMILY-41,MOTHER,local,4204011,3.599357843399048,3.6953792572021484,5.629153728485107,6.159696459770203,7.960556983947754,1.5845730304718018,80.1319355867347,43.267697704081634,6.267936862244898
FAMILY-41,MOTHER,bending,4204012,5.260735988616943,5.754302978515625,8.202464580535889,8.46013855934143,8.85911750793457,2.4735023975372314,85.26187818877551,67.66780931122449,47.12611607142857
FAMILY-41,MOTHER,elastic,4204020,8.469644546508789,8.156807899475098,14.01707124710083,15.903332233428955,23.688562393188477,4.205959796905518,95.73102678571429,84.00031887755102,69.48341836734694
FAMILY-41,MOTHER,local,4204021,4.461523532867432,4.616366386413574,7.471811532974243,8.161958932876587,9.497400283813477,2.1502490043640137,84.29328762755102,58.17920918367348,23.05285395408163
FAMILY-41,MOTHER,bending,4204022,5.9712910652160645,6.347478866577148,9.204094886779785,9.74788236618042,11.013809204101562,2.700000524520874,89.28770727040816,72.7798150510204,53.81058673469388
FAMILY-41,MOTHER,elastic,4204030,9.305752754211426,9.184436798095703,14.543359279632568,15.967647552490234,24.284326553344727,4.028851509094238,97.17992665816327,89.98325892857143,78.22664221938776
FAMILY-41,MOTHER,local,4204031,2.4917736053466797,2.355743408203125,4.240320920944214,4.663734793663025,5.772265434265137,1.303214430809021,58.890704719387756,14.024633290816327,0.0
FAMILY-41,MOTHER,bending,4204032,4.0989556312561035,4.453747272491455,6.377459526062012,6.622246146202087,7.103227615356445,1.9037930965423584,80.78364158163265,56.46922831632652,19.246253188775512
FAMILY-41,MOTHER,elastic,4204040,6.667539596557617,6.758275032043457,10.378198623657227,11.323040962219238,16.46480941772461,2.832104206085205,94.73852040816327,80.44483418367348,59.06608737244898
FAMILY-41,MOTHER,local,4204041,4.219027519226074,4.001422882080078,7.034479856491089,7.473203539848328,9.807038307189941,1.9731327295303345,85.83785076530613,50.02391581632652,21.601961096938776
FAMILY-41,MOTHER,bending,4204042,7.104728698730469,7.687664031982422,11.035404682159424,11.511143684387207,12.500201225280762,3.2777884006500244,90.73062818877551,77.49322385204081,63.480548469387756
FAMILY-43,CHILD,elastic,4204050,4.437943458557129,4.443418979644775,7.156541109085083,7.772482752799988,10.229440689086914,2.060905933380127,85.77606823979592,57.22855548469388,24.487802933673468
FAMILY-43,CHILD,local,4204051,3.773117780685425,3.916545867919922,5.982840299606323,6.587149500846863,7.505753517150879,1.728500485420227,80.65409757653062,48.28204719387755,9.841358418367346
FAMILY-43,CHILD,bending,4204052,6.936274528503418,7.578817367553711,10.810999393463135,11.1561918258667,11.748028755187988,3.2535386085510254,89.51889349489795,76.4030612244898,62.49202806122449
FAMILY-43,CHILD,elastic,4204060,7.8261847496032715,7.536886692047119,12.772848129272461,14.377132177352905,22.179697036743164,3.644023895263672,96.07979910714286,84.9788743622449,67.44060905612244
FAMILY-43,CHILD,local,4204061,3.9531192779541016,3.9106454849243164,5.891375780105591,6.413931131362915,7.929888725280762,1.5514978170394897,88.91701211734694,47.72002551020408,8.151307397959185
FAMILY-43,CHILD,bending,4204062,4.173045635223389,4.505444526672363,6.4759767055511475,6.768215775489807,7.389921188354492,1.9197224378585815,81.50310905612244,57.24250637755102,21.803252551020407
FAMILY-43,CHILD,elastic,4204070,6.833211898803711,6.68319034576416,10.75675344467163,11.752026319503784,17.208391189575195,2.8681633472442627,95.75892857142857,83.4522480867347,59.650031887755105
FAMILY-43,CHILD,local,4204071,4.0822858810424805,4.166694641113281,6.356926679611206,7.060095906257629,8.23486042022705,1.72760808467865,87.18311543367348,53.23062818877551,13.137755102040815
FAMILY-43,CHILD,bending,4204072,3.4520063400268555,3.7840566635131836,5.3844921588897705,5.548166513442993,5.748913764953613,1.6319307088851929,76.10809948979592,46.22130102040816,0.0
FAMILY-43,CHILD,elastic,4204080,8.517595291137695,8.485040664672852,13.702279567718506,14.874912023544312,18.63018035888672,3.8422725200653076,95.65130739795919,86.02718431122449,72.58649553571429
FAMILY-43,CHILD,local,4204081,2.9290683269500732,2.7346267700195312,4.899389266967773,5.59342885017395,7.752312183380127,1.509232997894287,70.36232461734694,24.774792729591837,3.4259406887755106
FAMILY-43,CHILD,bending,4204082,4.033530235290527,4.325747489929199,6.245741844177246,6.558525919914246,7.252447605133057,1.8431957960128784,80.92713647959184,55.169802295918366,15.674824617346939
FAMILY-43,CHILD,elastic,4204090,4.6371355056762695,4.458338737487793,7.553769111633301,8.349203824996948,12.19267463684082,2.148740768432617,89.59263392857143,58.11941964285714,25.679607780612244
FAMILY-43,CHILD,local,4204091,2.8557534217834473,2.8566431999206543,4.703287601470947,5.005559086799622,6.133777618408203,1.3856257200241089,69.28411989795919,24.36623086734694,0.39261798469387754
FAMILY-43,CHILD,bending,4204092,4.8565993309021,5.248697280883789,7.5398595333099365,7.874128222465515,8.572809219360352,2.237358570098877,84.55436862244898,64.55476721938776,39.164142219387756
FAMILY-43,FATHER,elastic,4204100,6.779839992523193,6.903008460998535,10.75281286239624,11.745613813400269,15.288946151733398,3.0728487968444824,93.10028698979592,78.6930006377551,59.77758290816326
FAMILY-43,FATHER,local,4204101,4.848261833190918,4.94605016708374,6.982202529907227,7.750517249107361,9.020988464355469,1.6918115615844727,94.4874043367347,69.37380420918367,24.07724808673469
FAMILY-43,FATHER,bending,4204102,5.040562629699707,5.358376979827881,7.769921064376831,8.228022575378418,9.294636726379395,2.2793970108032227,86.06505102040816,66.35443239795919,41.368383290816325
FAMILY-43,FATHER,elastic,4204110,5.429742336273193,5.3192291259765625,8.955609798431396,9.96212100982666,12.868294715881348,2.6598737239837646,89.50095663265306,67.05994897959184,41.44810267857143
FAMILY-43,FATHER,local,4204111,3.5058438777923584,3.3547396659851074,5.690377235412598,6.597511887550354,7.970861911773682,1.5432195663452148,83.99234693877551,33.20113201530612,8.531967474489797
FAMILY-43,FATHER,bending,4204112,6.8698344230651855,7.357422828674316,10.631079196929932,11.178553581237793,12.397281646728516,3.134378433227539,91.0694355867347,76.88735650510205,61.90011160714286
FAMILY-43,FATHER,elastic,4204120,6.667385101318359,6.404590606689453,10.943459510803223,12.105807065963745,18.77271270751953,3.065056800842285,95.07533482142857,79.8569036989796,55.43885522959183
FAMILY-43,FATHER,local,4204121,5.2967634201049805,5.267333984375,8.27140760421753,9.16435170173645,11.221508979797363,2.335341691970825,91.17904974489795,68.64636479591837,40.70073341836735
FAMILY-43,FATHER,bending,4204122,5.089340686798096,5.52987003326416,7.918285131454468,8.222214937210083,8.818470001220703,2.3639068603515625,85.10642538265306,66.45806760204081,43.809789540816325
FAMILY-43,FATHER,elastic,4204130,8.956725120544434,9.070968627929688,13.67799711227417,14.879779815673828,21.952096939086914,3.757380485534668,97.59247448979592,89.50892857142857,74.84454719387756
FAMILY-43,FATHER,local,4204131,5.216976642608643,5.162604808807373,8.037889003753662,8.976412773132324,10.435503005981445,2.243757486343384,91.60953443877551,68.34542410714286,37.81289859693878
FAMILY-43,FATHER,bending,4204132,5.7300848960876465,6.247938632965088,8.926433563232422,9.23250961303711,9.79308032989502,2.6774890422821045,86.89811862244898,70.73102678571429,52.55899234693877
FAMILY-43,FATHER,elastic,4204140,8.282654762268066,8.114262580871582,13.569883823394775,15.171124458312988,19.904664993286133,4.014009475708008,95.10522959183673,83.91063456632652,68.08035714285714
FAMILY-43,FATHER,local,4204141,3.329031229019165,3.3232216835021973,5.378616809844971,6.2203686237335205,6.777515888214111,1.4147225618362427,81.1882174744898,27.889827806122447,6.55094068877551
FAMILY-43,FATHER,bending,4204142,3.754760980606079,3.9985969066619873,5.794302701950073,6.124001383781433,6.883570194244385,1.701871395111084,79.42641900510205,49.962133290816325,6.804049744897959
FAMILY-43,MOTHER,elastic,4204150,8.988601684570312,8.85814094543457,14.326902866363525,15.780939102172852,23.613691329956055,4.095065593719482,97.32541454081633,88.40880102040816,73.94571109693877
FAMILY-43,MOTHER,local,4204151,3.020960807800293,2.847877025604248,4.81152606010437,5.094277620315552,7.62430477142334,1.3015923500061035,78.01937181122449,24.73891900510204,1.403061224489796
FAMILY-43,MOTHER,bending,4204152,6.363003253936768,6.97580099105835,9.925087928771973,10.226856708526611,10.596820831298828,3.0078725814819336,87.96835140306123,73.87994260204081,58.57979910714286
FAMILY-43,MOTHER,elastic,4204160,6.936559677124023,6.820143699645996,11.14629316329956,12.31109619140625,18.64206314086914,3.255103826522827,94.41167091836735,79.40449617346938,58.360570790816325
FAMILY-43,MOTHER,local,4204161,2.736231803894043,2.710373878479004,4.474472522735596,4.8589783906936646,6.783376693725586,1.2619471549987793,68.17203443877551,16.76498724489796,0.9606186224489796
FAMILY-43,MOTHER,bending,4204162,6.159022331237793,6.58575439453125,9.52498483657837,10.02776050567627,11.159224510192871,2.8052663803100586,89.3195950255102,73.65473533163265,56.104512117346935
FAMILY-43,MOTHER,elastic,4204170,5.000881671905518,4.733457565307617,8.410474300384521,9.387234210968018,12.738932609558105,2.4660065174102783,89.2139668367347,60.64652423469388,33.870774872448976
FAMILY-43,MOTHER,local,4204171,2.9662528038024902,2.9456233978271484,4.575362682342529,5.0753525495529175,6.502077579498291,1.252143144607544,76.00845025510205,21.416613520408163,1.2057557397959182
FAMILY-43,MOTHER,bending,4204172,7.159615516662598,7.691036701202393,11.09220552444458,11.636589527130127,12.82841682434082,3.2766823768615723,91.48995535714286,77.92370854591837,63.817362882653065
FAMILY-43,MOTHER,elastic,4204180,7.4327802658081055,7.233634948730469,12.121952056884766,13.273998260498047,19.6492862701416,3.4763195514678955,95.78683035714286,81.71037946428571,62.46811224489795
FAMILY-43,MOTHER,local,4204181,5.258413314819336,4.929430961608887,8.4328031539917,10.024355173110962,12.067283630371094,2.418872117996216,93.52080676020408,66.15513392857143,35.97138073979592
FAMILY-43,MOTHER,bending,4204182,5.27230167388916,5.605501651763916,8.12843132019043,8.605138540267944,9.710314750671387,2.3853139877319336,86.88416772959184,68.20990114795919,44.97767857142857
FAMILY-43,MOTHER,elastic,4204190,5.009739875793457,4.961311340332031,7.903185129165649,8.417945861816406,11.077629089355469,2.18660569190979,91.14118303571429,64.16015625,35.62061543367347
FAMILY-43,MOTHER,local,4204191,2.7874579429626465,2.8096365928649902,4.337881565093994,4.731208920478821,5.240539073944092,1.1904429197311401,72.95719068877551,18.61846301020408,0.0
FAMILY-43,MOTHER,bending,4204192,6.3429365158081055,6.814974308013916,9.827866077423096,10.309241533279419,11.363259315490723,2.903125762939453,89.4889987244898,74.4499362244898,57.87029655612245
FAMILY-44,CHILD,elastic,4204200,5.693353176116943,5.588253021240234,9.146128177642822,9.937223672866821,16.509109497070312,2.5914804935455322,92.06592793367348,72.16398278061224,43.973214285714285
FAMILY-44,CHILD,local,4204201,4.300655364990234,4.161491394042969,6.706752300262451,7.157475233078003,9.105795860290527,1.8100210428237915,89.02264030612244,53.184789540816325,20.9163743622449
FAMILY-44,CHILD,bending,4204202,3.953197479248047,4.2700347900390625,6.136741876602173,6.410948991775513,6.987246990203857,1.8201230764389038,80.21564094387756,54.195232780612244,13.22345344387755
FAMILY-44,CHILD,elastic,4204210,5.269350528717041,5.181215286254883,8.454346179962158,9.365719318389893,14.006133079528809,2.4589552879333496,90.44363839285714,67.17952806122449,38.66191007653062
FAMILY-44,CHILD,local,4204211,3.463228702545166,3.2083797454833984,5.7589380741119385,6.3572059869766235,8.909181594848633,1.7070120573043823,78.49968112244898,35.726243622448976,7.51953125
FAMILY-44,CHILD,bending,4204212,4.470305919647217,4.852921962738037,6.952011823654175,7.228650331497192,7.77543830871582,2.072892189025879,82.70288584183673,60.835857780612244,31.3297193877551
FAMILY-44,CHILD,elastic,4204220,5.442452430725098,5.21389627456665,9.069036960601807,10.106013059616089,17.54613494873047,2.694092035293579,91.2288743622449,66.48995535714286,39.84375
FAMILY-44,CHILD,local,4204221,2.554675579071045,2.5905537605285645,4.05225396156311,4.405200242996216,5.862454891204834,1.1481760740280151,66.7709661989796,10.893654336734695,0.0
FAMILY-44,CHILD,bending,4204222,5.232822895050049,5.63499641418457,8.113842010498047,8.497220993041992,9.32677173614502,2.40039324760437,86.1148756377551,67.66183035714286,45.21285076530612
FAMILY-44,CHILD,elastic,4204230,7.851251125335693,7.981576919555664,11.847172260284424,12.994300365447998,18.780488967895508,3.1968209743499756,97.04241071428571,87.24489795918367,70.52774234693877
FAMILY-44,CHILD,local,4204231,4.5026655197143555,4.396434783935547,6.969668626785278,7.678006052970886,8.722179412841797,1.8398407697677612,90.61304209183673,59.26538584183674,23.47138073979592
FAMILY-44,CHILD,bending,4204232,4.813777446746826,5.1515655517578125,7.4475507736206055,7.834601044654846,8.700837135314941,2.1947944164276123,84.8274075255102,64.20599489795919,37.78300382653062
FAMILY-44,CHILD,elastic,4204240,5.128540515899658,5.008772850036621,8.017112255096436,8.864903688430786,12.64301586151123,2.226759433746338,92.3110650510204,65.94188456632652,35.85180165816326
FAMILY-44,CHILD,local,4204241,5.123254776000977,4.972566604614258,7.898122549057007,8.585384368896484,12.52750015258789,2.104193925857544,94.39572704081633,67.34893176020408,32.906170280612244
FAMILY-44,CHILD,bending,4204242,5.420861721038818,5.798958778381348,8.384747982025146,8.823915243148804,9.811103820800781,2.4701955318450928,87.0475924744898,69.16454081632652,47.4968112244898
FAMILY-44,FATHER,elastic,4204250,7.226651668548584,7.207815647125244,11.491819858551025,12.461088418960571,17.716007232666016,3.2066245079040527,95.57358099489795,82.29233099489795,63.34701849489795
FAMILY-44,FATHER,local,4204251,3.1817331314086914,3.2315292358398438,4.913773775100708,5.404927015304565,6.634708881378174,1.3905401229858398,76.4289700255102,31.60873724489796,1.6063456632653061
FAMILY-44,FATHER,bending,4204252,6.638692855834961,7.209188461303711,10.325685024261475,10.729659080505371,11.525247573852539,3.080941915512085,89.42920918367348,75.43247767857143,60.3874362244898
FAMILY-44,FATHER,elastic,4204260,8.214723587036133,7.908153057098389,13.328411102294922,14.796667575836182,23.701080322265625,3.863353967666626,96.33490114795919,86.33011798469387,67.84917091836735
FAMILY-44,FATHER,local,4204261,2.8828186988830566,2.7972655296325684,5.063260316848755,5.447598934173584,6.586439609527588,1.5172444581985474,66.43813775510205,25.673628826530614,1.767777423469388
FAMILY-44,FATHER,bending,4204262,5.184689998626709,5.5321197509765625,8.010546684265137,8.448588132858276,9.44568157196045,2.3560400009155273,86.35801977040816,67.47847576530613,43.91541772959184
FAMILY-44,FATHER,elastic,4204270,7.450568199157715,7.18858003616333,12.15320634841919,13.399499416351318,18.987869262695312,3.462658166885376,95.8187181122449,82.21859056122449,63.72369260204081
FAMILY-44,FATHER,local,4204271,4.332345008850098,3.9010119438171387,7.10062050819397,7.732455730438232,10.118882179260254,1.9951332807540894,90.0829081632653,47.935267857142854,24.26857461734694
FAMILY-44,FATHER,bending,4204272,6.746000289916992,7.327929496765137,10.492892265319824,10.901625871658325,11.704935073852539,3.1315207481384277,89.6225286989796,75.88887117346938,61.14477040816326
FAMILY-44,FATHER,elastic,4204280,5.7152299880981445,5.632745742797852,8.841913223266602,9.645702362060547,13.604416847229004,2.3613178730010986,94.20639349489795,75.18734056122449,44.06489158163265
FAMILY-44,FATHER,local,4204281,3.165689468383789,3.0429158210754395,5.164655923843384,5.488934516906738,6.5911054611206055,1.427520751953125,76.17785395408163,30.263472576530614,1.8016581632653061
FAMILY-44,FATHER,bending,4204282,3.8253273963928223,4.16097354888916,5.9533727169036865,6.174794316291809,6.5999579429626465,1.7801328897476196,79.09359056122449,52.54105548469388,8.850845025510203
FAMILY-44,FATHER,elastic,4204290,7.889652729034424,7.692921161651611,12.930545330047607,14.097439765930176,19.243131637573242,3.6224472522735596,96.0140306122449,84.4547193877551,66.34048150510205
FAMILY-44,FATHER,local,4204291,2.4489586353302,2.4165656566619873,4.139951705932617,4.617101430892944,6.381357669830322,1.2538050413131714,61.52543048469388,11.87420280612245,0.9426817602040817
FAMILY-44,FATHER,bending,4204292,6.770901203155518,7.403139114379883,10.554825782775879,10.890058755874634,11.423694610595703,3.181086540222168,89.08242984693877,75.65170599489795,61.42578125
FAMILY-44,MOTHER,elastic,4204300,5.651366710662842,5.509182929992676,9.021842956542969,10.199760437011719,17.064699172973633,2.7185842990875244,92.07788584183673,70.11120854591837,43.94730548469388
FAMILY-44,MOTHER,local,4204301,2.4594151973724365,2.4726083278656006,3.9212640523910522,4.146385550498962,4.774890899658203,1.1215729713439941,61.670918367346935,7.732780612244898,0.0
FAMILY-44,MOTHER,bending,4204302,4.4817585945129395,4.863668441772461,6.969282627105713,7.248403072357178,7.806636333465576,2.076876163482666,82.77264030612244,60.95344387755102,31.582828443877553
FAMILY-44,MOTHER,elastic,4204310,8.13927173614502,7.9384765625,12.906848430633545,14.344188213348389,21.04808807373047,3.5590591430664062,96.40266262755102,86.64500956632652,72.08027742346938
FAMILY-44,MOTHER,local,4204311,3.4383034706115723,3.4007537364959717,5.502322673797607,6.016410827636719,7.8046793937683105,1.5281811952590942,82.2983099489796,32.87029655612245,5.096061862244898
FAMILY-44,MOTHER,bending,4204312,6.858050346374512,7.4298248291015625,10.658546924591064,11.102391719818115,12.00756549835205,3.170822858810425,90.0569993622449,76.46484375,61.86025191326531
FAMILY-44,MOTHER,elastic,4204320,5.417129993438721,5.146453857421875,9.095202922821045,9.986833810806274,14.292542457580566,2.693171739578247,90.6070631377551,64.1860650510204,40.43965242346938
FAMILY-44,MOTHER,local,4204321,2.659167766571045,2.6944432258605957,4.177311658859253,4.6038748025894165,5.8081254959106445,1.1428637504577637,70.26466836734694,12.567761479591837,0.0
FAMILY-44,MOTHER,bending,4204322,5.595331192016602,6.013842582702637,8.670609474182129,9.09142279624939,10.014440536499023,2.5620110034942627,87.39437181122449,70.27463329081633,50.17139668367348
FAMILY-44,MOTHER,elastic,4204330,6.8776679039001465,6.706833839416504,11.099532127380371,12.185123920440674,16.931425094604492,3.1444180011749268,95.31449298469387,80.08011798469387,57.97791772959183
FAMILY-44,MOTHER,local,4204331,2.8546812534332275,2.7098803520202637,4.402367830276489,5.179345726966858,6.859977722167969,1.2148975133895874,73.48732461734694,15.846221301020408,1.9292091836734693
FAMILY-44,MOTHER,bending,4204332,6.778594493865967,7.345999240875244,10.535608291625977,10.972442865371704,11.857531547546387,3.135364532470703,89.87364477040816,76.13201530612244,61.34207589285714
FAMILY-44,MOTHER,elastic,4204340,7.366491794586182,7.075397491455078,11.962544441223145,13.690185070037842,18.555654525756836,3.4949631690979004,95.16501913265306,81.8718112244898,61.46962691326531
FAMILY-44,MOTHER,local,4204341,2.910067558288574,2.7872226238250732,5.010893106460571,5.628893613815308,6.5959248542785645,1.485059380531311,67.7295918367347,25.386639030612244,1.8753985969387754
FAMILY-44,MOTHER,bending,4204342,6.823507308959961,7.424338340759277,10.622326374053955,11.013005495071411,11.753166198730469,3.1776647567749023,89.60658482142857,76.1001275510204,61.692841198979586
FAMILY-46,CHILD,elastic,4204350,6.972257137298584,6.704023361206055,11.359899520874023,12.665247440338135,18.329381942749023,3.259838342666626,95.39620535714286,80.71388711734694,58.522002551020414
FAMILY-46,CHILD,local,4204351,4.572516441345215,4.371278762817383,7.354083299636841,8.264468431472778,11.187647819519043,2.143153429031372,89.38735650510205,55.16183035714286,25.263073979591837
FAMILY-46,CHILD,bending,4204352,3.537900686264038,3.8712005615234375,5.517228126525879,5.689795970916748,5.946806907653809,1.6647228002548218,76.83553890306123,47.803730867346935,0.0
FAMILY-46,CHILD,elastic,4204360,4.541409015655518,4.317458152770996,7.7596025466918945,8.405678987503052,10.531435012817383,2.2119362354278564,86.69882015306123,54.6516262755102,27.670599489795915
FAMILY-46,CHILD,local,4204361,2.1709210872650146,2.1489336490631104,3.5025322437286377,3.915830433368683,4.97770357131958,0.9944644570350647,54.64365433673469,4.438376913265306,0.0
FAMILY-46,CHILD,bending,4204362,4.13321590423584,4.404289245605469,6.38029408454895,6.73978579044342,7.566404819488525,1.8745111227035522,81.76817602040816,56.351642219387756,18.672273596938776
FAMILY-46,CHILD,elastic,4204370,5.821232795715332,5.673895835876465,9.413229942321777,10.437211275100708,14.45694637298584,2.7432034015655518,92.71763392857143,70.72704081632652,46.14556760204081
FAMILY-46,CHILD,local,4204371,3.4339795112609863,3.4532852172851562,5.297739505767822,6.0419535636901855,8.641846656799316,1.4976110458374023,82.35809948979592,34.61415816326531,5.189732142857143
FAMILY-46,CHILD,bending,4204372,6.3462114334106445,6.9677629470825195,9.901004791259766,10.194701910018921,10.569287300109863,3.0083422660827637,87.82087053571429,73.7743144132653,58.48812181122449
FAMILY-46,CHILD,elastic,4204380,7.647745132446289,7.512918472290039,12.393664836883545,13.409803867340088,17.14785385131836,3.484278440475464,95.96420599489795,82.60921556122449,65.34000318877551
FAMILY-46,CHILD,local,4204381,2.2556185722351074,2.1405515670776367,3.691137194633484,4.2441874742507935,5.263339996337891,1.0426603555679321,55.41693239795919,6.879783163265306,0.0
FAMILY-46,CHILD,bending,4204382,6.307424068450928,6.733180999755859,9.746882915496826,10.276201486587524,11.481992721557617,2.8671839237213135,89.87364477040816,74.44794323979592,57.417889030612244
FAMILY-46,CHILD,elastic,4204390,7.899889945983887,7.7467942237854,12.761907577514648,13.889096021652222,17.449560165405273,3.594463348388672,95.40019132653062,84.08601721938776,68.18000637755102
FAMILY-46,CHILD,local,4204391,2.6413958072662354,2.5222203731536865,4.62921929359436,4.937617301940918,6.057599067687988,1.274208903312683,63.82134885204081,17.86511479591837,0.10363520408163265
FAMILY-46,CHILD,bending,4204392,6.83970308303833,7.474048614501953,10.661795616149902,11.001080513000488,11.575284957885742,3.2093050479888916,89.26977040816327,75.97456951530613,61.88018176020408
FAMILY-46,FATHER,elastic,4204400,6.196146488189697,6.049088478088379,10.100242137908936,11.08833932876587,16.348981857299805,2.8750879764556885,93.26969068877551,75.51817602040816,50.645727040816325
FAMILY-46,FATHER,local,4204401,2.4059412479400635,2.369619369506836,4.012983083724976,4.599009394645691,5.681532382965088,1.2379885911941528,59.661989795918366,10.26187818877551,0.0
FAMILY-46,FATHER,bending,4204402,7.0115132331848145,7.698311805725098,10.93898630142212,11.263352394104004,11.677264213562012,3.3230247497558594,89.1960299744898,76.48078762755102,63.0241549744898
FAMILY-46,FATHER,elastic,4204410,8.5094633102417,8.40239143371582,13.473658561706543,14.836100339889526,20.02426528930664,3.7787091732025146,96.50430484693877,86.93399234693877,73.04089604591837
FAMILY-46,FATHER,local,4204411,3.8566112518310547,3.8846659660339355,6.211205720901489,6.67889404296875,7.6922993659973145,1.7561627626419067,82.18869579081633,47.92928890306122,13.279257015306122
FAMILY-46,FATHER,bending,4204412,5.302331924438477,5.67141580581665,8.201364994049072,8.631247758865356,9.59934139251709,2.415888547897339,86.69483418367348,68.3155293367347,45.82270408163265
FAMILY-46,FATHER,elastic,4204420,7.769535541534424,7.71434211730957,12.041828632354736,13.397628545761108,18.893522262573242,3.3818750381469727,96.38273278061224,86.07302295918367,68.32150829081633
FAMILY-46,FATHER,local,4204421,3.4315619468688965,3.47446608543396,5.707244634628296,6.054894328117371,7.320314407348633,1.6739870309829712,75.19331951530613,39.99322385204081,5.911192602040816
FAMILY-46,FATHER,bending,4204422,6.692940711975098,7.332830429077148,10.439612865447998,10.759223461151123,11.159209251403809,3.1595916748046875,88.72369260204081,75.28300382653062,60.95344387755102
FAMILY-46,FATHER,elastic,4204430,8.390999794006348,8.32271671295166,13.690208435058594,15.211600303649902,19.597166061401367,3.8686609268188477,96.08777104591837,85.89963329081633,70.49585459183673
FAMILY-46,FATHER,local,4204431,4.012828826904297,3.9172284603118896,6.4527904987335205,7.217726230621338,9.655488967895508,1.8176214694976807,85.2000956632653,48.311941964285715,13.651945153061224
FAMILY-46,FATHER,bending,4204432,3.312535524368286,3.6071553230285645,5.157665967941284,5.343495845794678,5.691799163818359,1.5442626476287842,75.21922831632652,41.9921875,0.0
FAMILY-46,FATHER,elastic,4204440,7.767981052398682,7.600449085235596,12.328308582305908,13.605451107025146,21.902055740356445,3.480084180831909,95.98812181122449,85.6265943877551,67.27917729591837
FAMILY-46,FATHER,local,4204441,4.266292572021484,3.898254871368408,7.742653846740723,8.497852325439453,10.834402084350586,2.2585670948028564,84.81345663265306,47.83163265306122,22.437021683673468
FAMILY-46,FATHER,bending,4204442,3.938840389251709,4.2177863121032715,6.095439672470093,6.409541964530945,7.1116766929626465,1.7967090606689453,80.44682716836735,53.61128826530612,12.203045280612244
FAMILY-46,MOTHER,elastic,4204450,4.942605972290039,4.735909461975098,8.1414155960083,8.96578860282898,11.980306625366211,2.3292384147644043,90.17657844387756,61.407844387755105,32.65704719387755
FAMILY-46,MOTHER,local,4204451,5.577060222625732,5.9739298820495605,7.944049119949341,8.514218091964722,10.69278335571289,2.054426431655884,93.46699617346938,77.38560267857143,49.50972576530612
FAMILY-46,MOTHER,bending,4204452,3.5741162300109863,3.845468044281006,5.540116548538208,5.806265115737915,6.382924556732178,1.6380964517593384,77.84199617346938,47.042410714285715,1.4269770408163265
FAMILY-46,MOTHER,elastic,4204460,8.587491035461426,8.791034698486328,13.400861740112305,14.362910032272339,20.089468002319336,3.686053514480591,96.68566645408163,87.39038584183673,73.20232780612244
FAMILY-46,MOTHER,local,4204461,3.9015514850616455,3.892792224884033,5.952407360076904,7.047631621360779,8.351938247680664,1.6083786487579346,87.50398596938776,47.171954719387756,9.572305484693878
FAMILY-46,MOTHER,bending,4204462,5.77907657623291,6.21352481842041,8.956242561340332,9.389030456542969,10.336063385009766,2.6469547748565674,87.890625,71.40664859693877,52.391581632653065
FAMILY-46,MOTHER,elastic,4204470,7.309399604797363,7.033106803894043,12.051345348358154,13.7235267162323,18.135637283325195,3.530330181121826,94.99960140306123,82.02327806122449,61.1686862244898
FAMILY-46,MOTHER,local,4204471,3.6766417026519775,3.568779945373535,6.4417173862457275,7.004837393760681,8.501453399658203,1.9475055932998657,75.56401466836735,42.14166135204081,12.93048469387755
FAMILY-46,MOTHER,bending,4204472,5.192214488983154,5.635918617248535,8.0746431350708,8.396255731582642,9.031865119934082,2.4075517654418945,85.54488201530613,67.25326849489795,45.37826849489796
FAMILY-46,MOTHER,elastic,4204480,7.754941463470459,7.831717491149902,12.068517208099365,13.1638822555542,17.58331871032715,3.3492908477783203,95.72504783163265,84.90513392857143,68.22983099489795
FAMILY-46,MOTHER,local,4204481,4.712584972381592,4.7666826248168945,7.601856470108032,8.518296003341675,11.02064037322998,2.266220808029175,86.16071428571429,60.57676977040817,29.84095982142857
FAMILY-46,MOTHER,bending,4204482,3.5465424060821533,3.8619120121002197,5.5218424797058105,5.720941066741943,6.092586994171143,1.6535062789916992,77.1125637755102,47.5406568877551,0.19331951530612246
FAMILY-46,MOTHER,elastic,4204490,5.343099594116211,5.260564804077148,8.645514488220215,9.494561195373535,12.244454383850098,2.4490950107574463,91.58561862244898,68.01060267857143,38.950892857142854
FAMILY-46,MOTHER,local,4204491,4.0446696281433105,3.810016393661499,6.971617221832275,7.758265972137451,10.339195251464844,2.005098581314087,85.38145727040816,45.55963010204081,19.27016900510204
FAMILY-46,MOTHER,bending,4204492,4.254518508911133,4.534539222717285,6.5687243938446045,6.935821175575256,7.777894973754883,1.9305944442749023,82.41788903061224,58.03571428571429,23.708545918367346
FAMILY-47,CHILD,elastic,4204500,5.655318260192871,5.364914894104004,8.797681331634521,10.61313009262085,15.171442031860352,2.578679323196411,93.80580357142857,74.42203443877551,39.969308035714285
FAMILY-47,CHILD,local,4204501,3.108179807662964,2.890995502471924,5.12581467628479,5.8470693826675415,6.7195305824279785,1.297060489654541,81.81401466836735,20.822704081632654,3.9301658163265305
FAMILY-47,CHILD,bending,4204502,6.1479105949401855,6.724328517913818,9.585027694702148,9.887622117996216,10.362777709960938,2.8895256519317627,87.7670599489796,72.90338010204081,56.70838647959183
FAMILY-47,CHILD,elastic,4204510,7.113722801208496,6.962475776672363,11.420971393585205,12.713928699493408,17.66974639892578,3.2661831378936768,94.77439413265306,81.46723533163265,60.509008290816325
FAMILY-47,CHILD,local,4204511,5.009866714477539,4.886797904968262,7.777766942977905,8.747656345367432,10.757791519165039,2.1144773960113525,93.37930484693877,66.69722576530613,30.84741709183674
FAMILY-47,CHILD,bending,4204512,4.154139518737793,4.436243057250977,6.4202189445495605,6.767030239105225,7.554820537567139,1.889125943183899,81.76618303571429,56.742267219387756,19.698660714285715
FAMILY-47,CHILD,elastic,4204520,4.786050319671631,4.759493827819824,7.59012246131897,8.158251762390137,14.296979904174805,2.146843671798706,89.08242984693877,61.28427933673469,31.698421556122447
FAMILY-47,CHILD,local,4204521,2.3856728076934814,2.290133237838745,3.952616572380066,4.402992486953735,6.431988716125488,1.2037559747695923,58.74521683673469,9.380978954081632,0.7832429846938777
FAMILY-47,CHILD,bending,4204522,5.906457901000977,6.378141403198242,9.167568683624268,9.578893899917603,10.447672843933105,2.7185111045837402,88.03411989795919,72.03643176020408,53.954081632653065
FAMILY-47,CHILD,elastic,4204530,8.624829292297363,8.641005516052246,13.673845767974854,14.736740827560425,18.938526153564453,3.8610591888427734,96.90688775510205,86.78451849489795,71.08179209183673
FAMILY-47,CHILD,local,4204531,4.23061466217041,4.191960334777832,6.709383726119995,7.282485842704773,8.479976654052734,1.769565224647522,89.14620535714286,53.96006058673469,18.303571428571427
FAMILY-47,CHILD,bending,4204532,3.9879872798919678,4.356034755706787,6.21460223197937,6.415342450141907,6.768261432647705,1.869010090827942,79.86088966836735,55.16581632653062,15.343989158163266
FAMILY-47,CHILD,elastic,4204540,4.704719543457031,4.491318702697754,7.856769800186157,8.766940116882324,11.924656867980957,2.246565103530884,89.07844387755102,57.884247448979586,27.417490433673468
FAMILY-47,CHILD,local,4204541,4.145538806915283,4.047764301300049,6.581593036651611,7.267836570739746,9.590359687805176,1.785040020942688,88.3430325255102,51.1360012755102,16.093351403061224
FAMILY-47,CHILD,bending,4204542,3.6145150661468506,3.9497900009155273,5.634323596954346,5.813741445541382,6.115871906280518,1.696132779121399,77.44339923469387,49.1569674744898,0.5879304846938775
FAMILY-47,FATHER,elastic,4204550,8.863043785095215,8.695320129394531,14.872966289520264,16.226588249206543,22.704191207885742,4.323879718780518,95.03547512755102,85.3774713010204,71.89891581632652
FAMILY-47,FATHER,local,4204551,2.6308231353759766,2.4809389114379883,4.545654773712158,5.0000176429748535,5.993897914886475,1.3286540508270264,63.396843112244895,18.389269770408163,0.0
FAMILY-47,FATHER,bending,4204552,3.933302640914917,4.297526836395264,6.130502939224243,6.326348185539246,6.66273832321167,1.8448593616485596,79.51211734693877,54.400510204081634,13.279257015306122
FAMILY-47,FATHER,elastic,4204560,5.609807014465332,5.542207717895508,8.973469257354736,9.863906860351562,14.121169090270996,2.599026918411255,91.39628507653062,70.29854910714286,44.222337372448976
FAMILY-47,FATHER,local,4204561,5.245632171630859,5.417636871337891,7.941924333572388,8.463503360748291,9.427081108093262,2.06951904296875,92.18949298469387,72.1141581632653,39.30963010204081
FAMILY-47,FATHER,bending,4204562,6.812410831451416,7.337128639221191,10.563916206359863,11.061771154403687,12.13973617553711,3.1252543926239014,90.43965242346938,76.49274553571429,61.49952168367348
FAMILY-47,FATHER,elastic,4204570,4.238046646118164,4.138888359069824,6.663662672042847,7.449889779090881,10.293553352355957,1.8962160348892212,87.36846301020408,52.69052933673469,18.0484693877551
FAMILY-47,FATHER,local,4204571,4.959486961364746,4.703563690185547,8.187975406646729,8.938974618911743,10.26658821105957,2.2427871227264404,90.16661352040816,62.70527742346938,31.45328443877551
FAMILY-47,FATHER,bending,4204572,6.386399269104004,6.826247692108154,9.875598430633545,10.398507356643677,11.578865051269531,2.908015251159668,89.93941326530613,74.7867506377551,58.123405612244895
FAMILY-47,FATHER,elastic,4204580,8.128890037536621,7.94902229309082,13.196069240570068,14.959195375442505,21.08289337158203,3.894228458404541,95.75494260204081,84.01626275510205,68.3852838010204
FAMILY-47,FATHER,local,4204581,3.749730348587036,3.6530094146728516,5.773646593093872,6.921201825141907,9.132512092590332,1.6726244688034058,84.65999681122449,40.33003826530612,8.49609375
FAMILY-47,FATHER,bending,4204582,4.196375846862793,4.597865104675293,6.545087099075317,6.745977163314819,6.993303298950195,1.9813932180404663,80.77168367346938,57.981903698979586,24.406090561224488
FAMILY-47,FATHER,elastic,4204590,6.696669101715088,6.417423248291016,10.939002990722656,12.30919361114502,18.395401000976562,3.145237445831299,95.24274553571429,77.86989795918367,55.04823022959183
FAMILY-47,FATHER,local,4204591,3.3739752769470215,3.15549373626709,5.696011304855347,6.266169905662537,8.710946083068848,1.6226437091827393,79.6077806122449,32.60722257653062,7.5892857142857135
FAMILY-47,FATHER,bending,4204592,6.94441556930542,7.5471954345703125,10.805726528167725,11.216923236846924,12.023341178894043,3.226673126220703,89.9952168367347,76.63823341836735,62.46811224489795
FAMILY-47,MOTHER,elastic,4204600,7.1849470138549805,7.114498615264893,11.328550338745117,12.370689868927002,17.281076431274414,3.140040636062622,94.8421556122449,83.48413584183673,63.677853954081634
FAMILY-47,MOTHER,local,4204601,4.177354335784912,4.014006614685059,7.0742011070251465,7.850550055503845,12.078258514404297,2.1557390689849854,82.34813456632652,50.24713010204081,18.99513711734694
FAMILY-47,MOTHER,bending,4204602,3.807142496109009,4.048673629760742,5.870824575424194,6.21325945854187,7.006933689117432,1.722918152809143,79.85092474489795,50.8430325255102,7.993861607142858
FAMILY-47,MOTHER,elastic,4204610,7.226497650146484,6.9831132888793945,11.525404453277588,12.622406959533691,20.446016311645508,3.0895609855651855,96.51426977040816,85.08250956632652,63.28922193877551
FAMILY-47,MOTHER,local,4204611,3.2625577449798584,3.0530216693878174,5.305266857147217,6.542378067970276,8.492795944213867,1.643540382385254,75.9944993622449,29.75326849489796,6.688456632653061
FAMILY-47,MOTHER,bending,4204612,3.9953019618988037,4.363965034484863,6.226285934448242,6.4265899658203125,6.7781171798706055,1.872735619544983,79.9087213010204,55.28340242346938,15.621014030612246
FAMILY-47,MOTHER,elastic,4204620,7.333271026611328,7.224626541137695,11.509044170379639,12.407872915267944,15.97127628326416,3.069409132003784,96.82916135204081,84.5085299744898,64.84972895408163
FAMILY-47,MOTHER,local,4204621,2.4997031688690186,2.380946159362793,4.417905330657959,5.057299613952637,5.999685764312744,1.3662405014038086,61.20256696428571,15.810347576530612,0.0
FAMILY-47,MOTHER,bending,4204622,6.233386993408203,6.6344075202941895,9.61483097076416,10.169564962387085,11.451027870178223,2.8230020999908447,90.00119579081633,74.1470025510204,56.64859693877551
FAMILY-47,MOTHER,elastic,4204630,4.99757719039917,4.885191440582275,7.869933366775513,8.789748668670654,12.960946083068848,2.252878189086914,91.20894451530613,64.60060586734694,32.240513392857146
FAMILY-47,MOTHER,local,4204631,4.603814125061035,4.7356343269348145,6.850107908248901,7.619240999221802,10.591411590576172,1.900694489479065,89.67235331632652,63.99872448979592,23.359773596938776
FAMILY-47,MOTHER,bending,4204632,4.259333610534668,4.6475043296813965,6.6369788646698,6.857533097267151,7.258111476898193,1.9927555322647095,81.38950892857143,58.60969387755102,25.996492346938776
FAMILY-47,MOTHER,elastic,4204640,9.272392272949219,9.030123710632324,14.60272741317749,15.772033452987671,22.61856460571289,3.9318764209747314,97.43104272959184,91.02558992346938,78.45184948979592
FAMILY-47,MOTHER,local,4204641,4.276611804962158,4.323664665222168,6.446058988571167,7.019344687461853,8.553889274597168,1.734649658203125,88.17960778061224,57.10897640306123,16.631457270408163
FAMILY-47,MOTHER,bending,4204642,3.6986632347106934,3.9370408058166504,5.7066333293914795,6.033709168434143,6.7882585525512695,1.6756948232650757,79.0756536989796,48.865991709183675,5.508609693877551
FAMILY-49,CHILD,elastic,4204650,5.727269172668457,5.629738807678223,9.25990343093872,10.015062808990479,13.551730155944824,2.6094160079956055,92.0360331632653,71.62986288265306,45.457987882653065
FAMILY-49,CHILD,local,4204651,3.5356438159942627,3.416971206665039,5.492491245269775,5.866194367408752,7.277754783630371,1.4105738401412964,86.69084821428571,34.60020727040816,4.017857142857143
FAMILY-49,CHILD,bending,4204652,7.286889553070068,7.766629219055176,11.250873565673828,11.879288673400879,13.320808410644531,3.3066816329956055,92.55819515306123,78.63520408163265,64.68032525510205
FAMILY-49,CHILD,elastic,4204660,6.188000679016113,6.10961389541626,9.872521877288818,10.88396692276001,15.508135795593262,2.836620569229126,93.37133290816327,74.89437181122449,51.29145408163265
FAMILY-49,CHILD,local,4204661,2.979785442352295,2.86549973487854,4.933173894882202,5.1587440967559814,5.896775722503662,1.3822486400604248,71.6179049744898,27.901785714285715,0.0
FAMILY-49,CHILD,bending,4204662,3.335003614425659,3.639370918273926,5.196802854537964,5.368677496910095,5.678991794586182,1.5607720613479614,75.36272321428571,42.930883290816325,0.0
FAMILY-49,CHILD,elastic,4204670,5.275770664215088,5.068195819854736,8.98291301727295,9.951886892318726,13.786798477172852,2.666948080062866,89.1163105867347,63.74162946428571,38.11184630102041
FAMILY-49,CHILD,local,4204671,3.9153435230255127,3.679600238800049,6.892350912094116,7.565673112869263,9.810714721679688,2.014862298965454,81.75023915816327,44.76044323979592,17.998644770408163
FAMILY-49,CHILD,bending,4204672,6.232643127441406,6.757341384887695,9.689557552337646,10.086436748504639,10.88772201538086,2.8845748901367188,88.62404336734694,73.61288265306123,57.14086415816326
FAMILY-49,CHILD,elastic,4204680,7.021028518676758,6.966403007507324,11.465669631958008,12.782878637313843,17.982187271118164,3.2806003093719482,94.5571588010204,80.11997767857143,60.43327487244898
FAMILY-49,CHILD,local,4204681,5.143837928771973,5.0384111404418945,8.000794410705566,8.566645860671997,9.885181427001953,2.1712124347686768,91.9204400510204,67.85116390306123,37.58569834183674
FAMILY-49,CHILD,bending,4204682,3.4503631591796875,3.772233486175537,5.378831386566162,5.549251914024353,5.8270673751831055,1.6203824281692505,76.2256855867347,45.860570790816325,0.0
FAMILY-49,CHILD,elastic,4204690,7.922249794006348,7.681879997253418,12.938445568084717,14.253283739089966,19.01443099975586,3.6349151134490967,95.90840242346938,85.30970982142857,67.69969706632652
FAMILY-49,CHILD,local,4204691,3.261571168899536,3.132335662841797,5.507983684539795,5.875936985015869,8.43107795715332,1.6842962503433228,73.63081951530613,32.310267857142854,4.119499362244898
FAMILY-49,CHILD,bending,4204692,4.32103157043457,4.599496841430664,6.66692042350769,7.0490089654922485,7.930401802062988,1.9576719999313354,82.78858418367348,58.90864158163265,25.801179846938776
FAMILY-49,FATHER,elastic,4204700,7.083736896514893,6.906393527984619,11.774449348449707,13.174583673477173,20.11020278930664,3.572824478149414,93.95527742346938,76.61232461734694,58.00581951530612
FAMILY-49,FATHER,local,4204701,4.3663010597229,4.168186187744141,6.9057018756866455,8.056586742401123,10.26089096069336,1.9835951328277588,88.97680165816327,53.94810267857143,20.1351243622449
FAMILY-49,FATHER,bending,4204702,4.8232102394104,5.276223659515381,7.5212953090667725,7.7569321393966675,8.112895965576172,2.268867015838623,83.69140625,64.3116230867347,39.969308035714285
FAMILY-49,FATHER,elastic,4204710,6.602603912353516,6.300950050354004,10.710151672363281,11.836987018585205,17.507965087890625,3.0616908073425293,94.86607142857143,78.93813775510205,53.4797512755102
FAMILY-49,FATHER,local,4204711,5.134710788726807,5.444953441619873,7.390713453292847,7.790628671646118,11.210421562194824,1.9453679323196411,91.52383609693877,74.30245535714286,34.54440369897959
FAMILY-49,FATHER,bending,4204712,5.790661811828613,6.155832290649414,8.92622709274292,9.452681303024292,10.678428649902344,2.6185390949249268,88.69379783163265,71.73947704081633,51.763791454081634
FAMILY-49,FATHER,elastic,4204720,6.575475692749023,6.571651458740234,10.345875263214111,11.308379650115967,15.064988136291504,2.9134650230407715,93.6264349489796,79.00390625,57.01530612244898
FAMILY-49,FATHER,local,4204721,4.520754337310791,4.289480686187744,7.87166166305542,8.528507471084595,10.745433807373047,2.2222211360931396,88.44467474489795,54.99641262755102,25.759327168367346
FAMILY-49,FATHER,bending,4204722,6.080785751342773,6.626835823059082,9.469836235046387,9.80301570892334,10.417491912841797,2.8384194374084473,87.8547512755102,72.6821588010204,55.96500318877551
FAMILY-49,FATHER,elastic,4204730,8.119582176208496,8.007402420043945,12.96079397201538,14.535819292068481,21.63739776611328,3.7689311504364014,96.25916772959184,84.9071269132653,68.80779655612244
FAMILY-49,FATHER,local,4204731,3.9063239097595215,3.568596839904785,6.753686189651489,7.295594573020935,9.676982879638672,1.9620028734207153,82.8304368622449,41.91446109693878,18.27766262755102
FAMILY-49,FATHER,bending,4204732,5.532329559326172,5.926883697509766,8.562153339385986,9.000065803527832,9.97521686553955,2.5250511169433594,87.35650510204081,69.91191007653062,49.11910076530612
FAMILY-49,FATHER,elastic,4204740,7.7877516746521,7.63873291015625,12.806474208831787,14.201979637145996,19.582496643066406,3.6818342208862305,95.64532844387756,82.70288584183673,65.56720344387756
FAMILY-49,FATHER,local,4204741,3.6174049377441406,3.634164571762085,5.33020281791687,5.7937599420547485,7.293970584869385,1.3867878913879395,87.109375,40.61702806122449,4.073660714285714
FAMILY-49,FATHER,bending,4204742,3.962531566619873,4.22747802734375,6.1214919090271,6.45657753944397,7.222254753112793,1.800337314605713,80.7079081632653,53.81058673469388,12.773038903061224
FAMILY-49,MOTHER,elastic,4204750,5.444534778594971,5.427404880523682,8.652671813964844,9.534305572509766,12.724724769592285,2.4211201667785645,91.44013073979592,70.08729272959184,42.19945790816326
FAMILY-49,MOTHER,local,4204751,3.0368154048919678,2.87876296043396,5.353234767913818,6.000002145767212,6.987509727478027,1.6165193319320679,67.88105867346938,28.433912627551024,5.000398596938775
FAMILY-49,MOTHER,bending,4204752,3.8242063522338867,4.151032447814941,5.947006702423096,6.184866905212402,6.655810832977295,1.7728036642074585,79.2251275510204,52.381616709183675,8.693399234693878
FAMILY-49,MOTHER,elastic,4204760,5.844954490661621,5.521676063537598,9.9126558303833,11.529659509658813,17.311416625976562,2.9710991382598877,92.47448979591837,69.96771364795919,43.14014668367347
FAMILY-49,MOTHER,local,4204761,3.5075197219848633,3.425421953201294,5.756336212158203,6.233178377151489,7.601371765136719,1.6162314414978027,79.76921237244898,38.19555165816326,7.387994260204081
FAMILY-49,MOTHER,bending,4204762,7.040413856506348,7.692748069763184,10.97314977645874,11.324207544326782,11.930449485778809,3.3016855716705322,89.7201849489796,76.73788265306123,63.135762117346935
FAMILY-49,MOTHER,elastic,4204770,7.243381977081299,7.088095664978027,12.021314144134521,13.115784406661987,20.324846267700195,3.4903461933135986,94.77638711734694,79.64764030612244,60.83984375
FAMILY-49,MOTHER,local,4204771,4.7642621994018555,4.8191375732421875,7.90903902053833,8.48303484916687,9.562355995178223,2.2436695098876953,86.24641262755102,61.226482780612244,31.88376913265306
FAMILY-49,MOTHER,bending,4204772,3.4762821197509766,3.7538676261901855,5.395644664764404,5.637725472450256,6.148977279663086,1.6000040769577026,76.96707589285714,45.16302614795919,0.3248565051020408
FAMILY-49,MOTHER,elastic,4204780,8.408016204833984,8.349934577941895,13.30548095703125,14.71473240852356,23.351669311523438,3.775028705596924,96.68765943877551,86.87220982142857,71.05389030612244
FAMILY-49,MOTHER,local,4204781,3.558720588684082,3.693114757537842,5.286552906036377,5.740944981575012,8.702515602111816,1.512013554573059,82.1468431122449,41.4680325255102,3.579400510204082
FAMILY-49,MOTHER,bending,4204782,5.597628116607666,6.120420455932617,8.726222515106201,9.003002643585205,9.451994895935059,2.628960371017456,86.30819515306123,69.8860012755102,51.275510204081634
FAMILY-49,MOTHER,elastic,4204790,7.827358245849609,7.8000593185424805,12.458100318908691,13.708328008651733,17.212324142456055,3.507432699203491,95.46197385204081,84.82541454081633,67.87707270408163
FAMILY-49,MOTHER,local,4204791,3.691242218017578,3.4150233268737793,6.172415494918823,7.059022545814514,8.679424285888672,1.7683327198028564,85.09646045918367,36.61910076530612,11.991788903061225
FAMILY-49,MOTHER,bending,4204792,5.310349464416504,5.6981306076049805,8.223647117614746,8.633936405181885,9.538070678710938,2.4277803897857666,86.55133928571429,68.30357142857143,46.14556760204081
FAMILY-5,CHILD,elastic,4204800,5.202394962310791,5.250685691833496,8.044199466705322,8.728193283081055,10.758194923400879,2.1673483848571777,91.4859693877551,70.05341198979592,37.32860331632653
FAMILY-5,CHILD,local,4204801,3.0824713706970215,3.092268943786621,4.859095811843872,5.281211733818054,8.660675048828125,1.5450005531311035,72.9671556122449,29.276945153061224,3.3482142857142856
FAMILY-5,CHILD,bending,4204802,6.7340593338012695,7.269946575164795,10.449993133544922,10.922460556030273,11.926111221313477,3.0977516174316406,90.10483099489795,76.09016262755102,60.987324617346935
FAMILY-5,CHILD,elastic,4204810,8.433920860290527,8.0626220703125,14.167831897735596,15.578687191009521,19.611309051513672,4.1503472328186035,95.82071109693877,84.06608737244898,67.0280612244898
FAMILY-5,CHILD,local,4204811,3.9657986164093018,3.6664819717407227,6.9227378368377686,7.541021227836609,10.235472679138184,2.002211332321167,83.0257493622449,44.71460459183674,18.532764668367346
FAMILY-5,CHILD,bending,4204812,6.810766696929932,7.400237083435059,10.595988273620605,11.004734516143799,11.80595588684082,3.1629230976104736,89.71221301020408,76.15194515306123,61.573262117346935
FAMILY-5,CHILD,elastic,4204820,8.178197860717773,8.158788681030273,12.602815628051758,14.024139404296875,20.447235107421875,3.582864761352539,97.2118144132653,86.58123405612244,70.39620535714286
FAMILY-5,CHILD,local,4204821,3.1020891666412354,3.144186019897461,4.669325113296509,5.179733037948608,6.598196029663086,1.254793643951416,79.20719068877551,21.39269770408163,2.281967474489796
FAMILY-5,CHILD,bending,4204822,3.8562722206115723,4.229392051696777,6.015601634979248,6.197244167327881,6.422278881072998,1.8248642683029175,78.82852359693877,53.48573022959183,10.421316964285714
FAMILY-5,CHILD,elastic,4204830,6.324625015258789,6.278486728668213,10.210752487182617,10.961689949035645,14.390299797058105,2.925419807434082,93.17801339285714,75.03985969387756,53.07318239795919
FAMILY-5,CHILD,local,4204831,4.463863849639893,4.067945957183838,8.277247905731201,9.2557213306427,11.897320747375488,2.492281913757324,83.83091517857143,51.175860969387756,24.3343431122449
FAMILY-5,CHILD,bending,4204832,4.265028953552246,4.568841457366943,6.6006669998168945,6.939103007316589,7.692604064941406,1.9463694095611572,82.27439413265306,58.30277423469388,24.5914381377551
FAMILY-5,CHILD,elastic,4204840,6.143977165222168,5.914562225341797,10.271819114685059,11.161947250366211,14.984755516052246,2.977813720703125,92.42067920918367,72.75390625,49.093191964285715
FAMILY-5,CHILD,local,4204841,3.295541286468506,3.3486404418945312,4.965900897979736,5.527957201004028,7.579852104187012,1.3711031675338745,81.35363520408163,31.04870854591837,2.391581632653061
FAMILY-5,CHILD,bending,4204842,6.9584479331970215,7.441885948181152,10.762492179870605,11.32814908027649,12.602981567382812,3.1698825359344482,91.56170280612244,77.2720025510204,62.51992984693877
FAMILY-5,FATHER,elastic,4204850,7.065032958984375,7.039876937866211,11.08702802658081,12.234802484512329,16.78193473815918,3.1570796966552734,95.67920918367348,81.26594387755102,60.26785714285714
FAMILY-5,FATHER,local,4204851,2.5744309425354004,2.5326895713806152,4.306280612945557,4.725191354751587,5.9081621170043945,1.1870120763778687,65.3679049744898,13.231425382653061,0.0
FAMILY-5,FATHER,bending,4204852,4.516229629516602,4.954826354980469,7.04519248008728,7.257052898406982,7.521413326263428,2.13812518119812,82.21659757653062,61.53140943877551,33.61567283163265
FAMILY-5,FATHER,elastic,4204860,6.305161952972412,6.1751251220703125,10.750058650970459,11.544492959976196,14.84932804107666,3.1893560886383057,90.94587053571429,71.72951211734694,51.76777742346938
FAMILY-5,FATHER,local,4204861,3.460611343383789,3.4118762016296387,5.625302791595459,6.337567329406738,7.199875831604004,1.6404563188552856,77.27399553571429,39.708227040816325,7.194674744897959
FAMILY-5,FATHER,bending,4204862,4.380504608154297,4.715395927429199,6.790988206863403,7.1145477294921875,7.813310146331787,2.008777618408203,82.66501913265306,59.73373724489795,28.404017857142854
FAMILY-5,FATHER,elastic,4204870,7.582519054412842,7.352824687957764,12.01271915435791,13.027107000350952,18.395721435546875,3.2712137699127197,96.69961734693877,85.9554368622449,65.29017857142857
FAMILY-5,FATHER,local,4204871,4.113723278045654,4.165839672088623,6.590640544891357,7.24409556388855,8.954632759094238,1.8876901865005493,84.79352678571429,52.772241709183675,17.30110012755102
FAMILY-5,FATHER,bending,4204872,6.894445419311523,7.495645523071289,10.728373050689697,11.131187915802002,11.910707473754883,3.206533193588257,89.81385522959184,76.4209980867347,62.16717155612245
FAMILY-5,FATHER,elastic,4204880,5.963919639587402,6.098618984222412,9.154749393463135,10.067084789276123,14.801284790039062,2.5702297687530518,93.68223852040816,74.42402742346938,51.28148915816326
FAMILY-5,FATHER,local,4204881,2.8960793018341064,2.8565514087677,4.680394887924194,5.168406009674072,6.512261867523193,1.3409415483474731,71.78332270408163,23.084741709183675,0.6875797193877551
FAMILY-5,FATHER,bending,4204882,4.893790245056152,5.354649543762207,7.63175368309021,7.870413064956665,8.227846145629883,2.302500009536743,83.9584661989796,64.90752551020408,41.38632015306122
FAMILY-5,FATHER,elastic,4204890,6.345855236053467,6.117184638977051,10.410165309906006,11.74605393409729,15.202092170715332,2.9109880924224854,94.30404974489795,78.19276147959184,51.65816326530612
FAMILY-5,FATHER,local,4204891,2.5281882286071777,2.2878670692443848,4.607390642166138,4.9942344427108765,5.556946754455566,1.332305669784546,60.26387117346938,17.711654974489797,0.0
FAMILY-5,FATHER,bending,4204892,3.997558832168579,4.247884750366211,6.160831689834595,6.525956511497498,7.379733562469482,1.8069396018981934,81.0905612244898,54.097576530612244,13.606106505102042
FAMILY-5,MOTHER,elastic,4204900,6.400459289550781,6.413412094116211,10.007891654968262,11.052296161651611,16.1722354888916,2.8573687076568604,94.15258290816327,76.65218431122449,54.811065051020414
FAMILY-5,MOTHER,local,4204901,4.703176498413086,4.595586776733398,7.518442869186401,8.364867687225342,9.713255882263184,2.0733914375305176,90.34398915816327,61.75263073979592,26.564492984693878
FAMILY-5,MOTHER,bending,4204902,5.472900867462158,5.918456077575684,8.49899435043335,8.868679761886597,9.637957572937012,2.523914337158203,86.67091836734694,69.27216198979592,49.0413743622449
FAMILY-5,MOTHER,elastic,4204910,7.951409816741943,7.924644470214844,12.357945442199707,13.576690673828125,16.745420455932617,3.3792853355407715,96.04591836734694,86.47161989795919,70.1889349489796
FAMILY-5,MOTHER,local,4204911,4.322368621826172,4.289106845855713,6.664114475250244,7.296854376792908,9.62220573425293,1.8539001941680908,88.78148915816327,54.47225765306123,20.661272321428573
FAMILY-5,MOTHER,bending,4204912,6.661818027496338,7.284234046936035,10.385232925415039,10.714872360229492,11.238435745239258,3.1299774646759033,88.88313137755102,75.25310905612244,60.66844706632652
FAMILY-5,MOTHER,elastic,4204920,7.823297500610352,7.434823989868164,13.06784725189209,14.530106544494629,22.881027221679688,3.79049015045166,95.93829719387756,83.0436862244898,65.29217155612244
FAMILY-5,MOTHER,local,4204921,5.159080505371094,4.883256912231445,9.163918018341064,10.262501955032349,12.260507583618164,2.6441667079925537,90.2164381377551,61.55333227040817,35.16422193877551
FAMILY-5,MOTHER,bending,4204922,5.586958408355713,6.123111724853516,8.713674068450928,8.981342077255249,9.304228782653809,2.6390292644500732,86.06305803571429,69.77638711734694,51.341278698979586
FAMILY-5,MOTHER,elastic,4204930,5.634646892547607,5.303028106689453,9.534818172454834,10.65590763092041,14.905501365661621,2.8130204677581787,91.69921875,68.46101721938776,41.1750637755102
FAMILY-5,MOTHER,local,4204931,4.538891315460205,4.5725202560424805,7.553896427154541,8.23153305053711,10.819426536560059,2.2626428604125977,83.10746173469387,57.78260522959183,26.743861607142854
FAMILY-5,MOTHER,bending,4204932,7.031927108764648,7.651019096374512,10.946589469909668,11.349634885787964,12.113211631774902,3.274600028991699,90.05301339285714,76.95113201530613,63.07397959183674
FAMILY-5,MOTHER,elastic,4204940,8.289052963256836,8.188209533691406,13.342920303344727,14.446948766708374,20.04609489440918,3.7495288848876953,95.29655612244898,85.47911352040816,72.5227200255102
FAMILY-5,MOTHER,local,4204941,2.9572865962982178,3.097856044769287,4.802135944366455,5.178315877914429,5.825067520141602,1.4577465057373047,68.36734693877551,30.287388392857146,0.0
FAMILY-5,MOTHER,bending,4204942,5.836362838745117,6.404797554016113,9.105064392089844,9.378234386444092,9.720011711120605,2.764241933822632,86.65298150510205,71.23126594387756,53.98397640306123
FAMILY-51,CHILD,elastic,4204950,4.953665733337402,4.840867519378662,8.107245445251465,9.093830108642578,12.68681812286377,2.26810359954834,90.47154017857143,64.27176339285714,30.1578443877551
FAMILY-51,CHILD,local,4204951,4.761725425720215,4.676108360290527,7.274487257003784,8.29906964302063,9.7945556640625,1.9313573837280273,94.21635841836735,60.92753507653062,27.270009566326532
FAMILY-51,CHILD,bending,4204952,6.768592834472656,7.257714748382568,10.480042457580566,11.008675813674927,12.179558753967285,3.0920052528381348,90.67083864795919,76.42498405612244,61.19858099489795
FAMILY-51,CHILD,elastic,4204960,4.758018970489502,4.43204402923584,8.230379581451416,9.246169328689575,12.624707221984863,2.459627628326416,87.29671556122449,58.27686543367348,28.40999681122449
FAMILY-51,CHILD,local,4204961,2.8473517894744873,2.901271343231201,4.4022533893585205,4.853536367416382,5.84622049331665,1.2074799537658691,73.42354910714286,18.75597895408163,0.0
FAMILY-51,CHILD,bending,4204962,5.991643905639648,6.389759063720703,9.252974033355713,9.765440940856934,10.93779468536377,2.720473289489746,89.03260522959184,72.82166772959184,54.31680484693877
FAMILY-51,CHILD,elastic,4204970,8.822612762451172,8.515771865844727,14.511078357696533,15.725279569625854,18.957199096679688,4.077554225921631,96.57405931122449,87.91852678571429,71.92083864795919
FAMILY-51,CHILD,local,4204971,2.578497886657715,2.523078203201294,4.050371170043945,4.318499565124512,4.964424133300781,1.0417784452438354,69.11073022959184,10.869738520408163,0.0
FAMILY-51,CHILD,bending,4204972,3.397404193878174,3.6313560009002686,5.253560543060303,5.531735062599182,6.159627914428711,1.5469950437545776,76.6163105867347,42.6399075255102,0.3228635204081633
FAMILY-51,CHILD,elastic,4204980,5.002015113830566,4.957902908325195,7.927120923995972,8.664763689041138,10.671265602111816,2.2086760997772217,90.48150510204081,64.44913903061224,34.542410714285715
FAMILY-51,CHILD,local,4204981,3.410632371902466,3.400775909423828,5.412176132202148,5.859115242958069,6.89751672744751,1.5111232995986938,80.61822385204081,37.1890943877551,4.00390625
FAMILY-51,CHILD,bending,4204982,6.095460891723633,6.606988430023193,9.475259780883789,9.865819215774536,10.653905868530273,2.820401430130005,88.26530612244898,72.88942920918367,55.907206632653065
FAMILY-51,CHILD,elastic,4204990,6.968551158905029,6.874566555023193,10.966517448425293,12.013142347335815,17.916149139404297,2.991877317428589,95.6592793367347,82.98588966836735,61.60913584183674
FAMILY-51,CHILD,local,4204991,3.5935211181640625,3.4392991065979004,6.264747619628906,7.040577054023743,9.59357738494873,1.9892948865890503,74.5376275510204,40.88807397959184,11.97983099489796
FAMILY-51,CHILD,bending,4204992,3.5630719661712646,3.7877464294433594,5.4922051429748535,5.815880060195923,6.568131923675537,1.6114575862884521,78.13695790816327,46.010044642857146,2.24609375
FAMILY-51,FATHER,elastic,4205000,7.558174133300781,7.499110698699951,12.094093799591064,13.296778440475464,18.879831314086914,3.4594995975494385,95.41414221938776,83.32071109693877,64.39333545918367
FAMILY-51,FATHER,local,4205001,3.7843964099884033,3.516983985900879,6.649686098098755,7.421406149864197,9.81307601928711,1.9838075637817383,79.79512117346938,41.487962372448976,16.06943558673469
FAMILY-51,FATHER,bending,4205002,6.8206000328063965,7.250857353210449,10.51377820968628,11.133193254470825,12.566951751708984,3.085313081741333,91.79488201530613,76.90130739795919,61.57525510204081
FAMILY-51,FATHER,elastic,4205010,5.541158676147461,5.331064224243164,9.126574993133545,10.017728328704834,14.039691925048828,2.6199867725372314,91.67131696428571,68.54671556122449,40.7047193877551
FAMILY-51,FATHER,local,4205011,4.228362560272217,4.170304775238037,6.837917804718018,7.293441653251648,9.683566093444824,1.9555002450942993,85.97935267857143,53.23660714285714,19.69467474489796
FAMILY-51,FATHER,bending,4205012,3.992729425430298,4.376822471618652,6.227742910385132,6.417583107948303,6.649405002593994,1.8873136043548584,79.68152104591837,55.408960459183675,15.874123086734693
FAMILY-51,FATHER,elastic,4205020,6.783939361572266,6.538027286529541,11.017345428466797,12.359699487686157,16.441875457763672,3.1946609020233154,94.56313775510205,78.59335140306123,57.12691326530612
FAMILY-51,FATHER,local,4205021,5.3901686668396,5.500099182128906,8.118360996246338,8.998578310012817,11.066035270690918,2.2162740230560303,92.70966198979592,71.84709821428571,41.54376594387755
FAMILY-51,FATHER,bending,4205022,4.623490333557129,5.06559944152832,7.211526393890381,7.432524085044861,7.7079854011535645,2.1827392578125,82.7586894132653,62.537866709183675,35.94746492346938
FAMILY-51,FATHER,elastic,4205030,6.285691738128662,6.207979202270508,10.150476932525635,11.040390253067017,18.90398406982422,2.856466293334961,94.00510204081633,76.85148278061224,52.57095025510205
FAMILY-51,FATHER,local,4205031,4.047060012817383,3.7808265686035156,7.075505495071411,7.993026494979858,10.075512886047363,2.074913740158081,82.08107461734694,45.87252869897959,18.05046237244898
FAMILY-51,FATHER,bending,4205032,4.18043851852417,4.57880973815918,6.520426511764526,6.7214415073394775,6.979536056518555,1.9724321365356445,80.7258450255102,57.80253507653062,23.772321428571427
FAMILY-51,FATHER,elastic,4205040,6.088668346405029,6.1869916915893555,9.314078330993652,10.17008352279663,13.431761741638184,2.4926154613494873,94.39971301020408,77.9834980867347,52.97353316326531
FAMILY-51,FATHER,local,4205041,4.675809383392334,4.441542148590088,7.9735870361328125,8.607151746749878,10.56956958770752,2.1788692474365234,89.07047193877551,59.0202487244898,25.48230229591837
FAMILY-51,FATHER,bending,4205042,5.847794055938721,6.403528213500977,9.118975639343262,9.402737379074097,9.789619445800781,2.7561585903167725,86.8781887755102,71.32692920918367,53.99593431122449
FAMILY-51,MOTHER,elastic,4205050,4.8046488761901855,4.698735237121582,7.846143484115601,8.498605012893677,10.780433654785156,2.231215000152588,88.66788903061224,61.431760204081634,31.373565051020407
FAMILY-51,MOTHER,local,4205051,3.981235980987549,3.509011745452881,7.513669967651367,8.739641427993774,10.694292068481445,2.4963862895965576,74.34829400510205,44.05492665816326,22.44499362244898
FAMILY-51,MOTHER,bending,4205052,4.142562389373779,4.435172080993652,6.409954071044922,6.7412251234054565,7.483323574066162,1.8892242908477783,81.61073022959184,56.644610969387756,19.517299107142858
FAMILY-51,MOTHER,elastic,4205060,6.108266353607178,6.084665298461914,9.593244075775146,10.543251991271973,14.884644508361816,2.667306661605835,93.97321428571429,75.85698341836735,51.0383450255102
FAMILY-51,MOTHER,local,4205061,5.107633590698242,4.925806045532227,8.694599151611328,9.930556535720825,11.872998237609863,2.526120901107788,87.75310905612244,67.72361288265306,33.04169323979592
FAMILY-51,MOTHER,bending,4205062,4.764431953430176,5.20151424407959,7.423847913742065,7.66778838634491,8.100855827331543,2.2311689853668213,83.63161670918367,63.78946109693877,38.40282206632653
FAMILY-51,MOTHER,elastic,4205070,8.257482528686523,8.048776626586914,13.6015043258667,14.815181732177734,18.556861877441406,3.9240076541900635,94.88400829081633,84.28332270408163,68.94331951530613
FAMILY-51,MOTHER,local,4205071,4.5903143882751465,4.517663478851318,6.747814178466797,7.215476155281067,8.833786010742188,1.568420648574829,95.94427614795919,61.69882015306123,20.42012117346939
FAMILY-51,MOTHER,bending,4205072,5.457338333129883,5.983530044555664,8.513850212097168,8.77129602432251,9.088631629943848,2.5809550285339355,85.68638392857143,68.98317920918367,49.842554209183675
FAMILY-51,MOTHER,elastic,4205080,5.380703449249268,5.272341728210449,8.756040573120117,9.605691194534302,12.619562149047852,2.4837939739227295,90.8023756377551,68.28364158163265,39.87563775510204
FAMILY-51,MOTHER,local,4205081,4.885024547576904,4.923566818237305,7.692007541656494,8.485420227050781,9.90908145904541,2.176190137863159,90.16462053571429,62.11734693877551,33.42036033163265
FAMILY-51,MOTHER,bending,4205082,5.211630821228027,5.692577362060547,8.121148586273193,8.384656190872192,8.849132537841797,2.441999673843384,85.24593431122449,67.34095982142857,46.28109056122449
FAMILY-51,MOTHER,elastic,4205090,5.061537742614746,4.832141399383545,8.01543378829956,9.065428018569946,12.302238464355469,2.200792074203491,93.16804846938776,65.42769451530613,32.220583545918366
FAMILY-51,MOTHER,local,4205091,3.019183397293091,3.0576601028442383,4.573256969451904,5.155217528343201,6.825978755950928,1.228001356124878,77.20822704081633,20.5257493622449,1.042330994897959
FAMILY-51,MOTHER,bending,4205092,3.4881346225738525,3.749485731124878,5.405622243881226,5.667292237281799,6.2415618896484375,1.5973219871520996,77.19826211734694,45.09327168367347,0.6337691326530612
FAMILY-52,CHILD,elastic,4205100,9.047525405883789,9.156074523925781,14.16248369216919,15.537230491638184,20.493091583251953,3.8248953819274902,97.55660076530613,89.88161670918367,76.59239477040816
FAMILY-52,CHILD,local,4205101,3.892878532409668,3.7736656665802,6.450159311294556,7.333518028259277,9.171537399291992,1.8449333906173706,83.98836096938776,44.74649234693878,14.070471938775512
FAMILY-52,CHILD,bending,4205102,5.2996625900268555,5.778628349304199,8.255809307098389,8.538762092590332,9.056678771972656,2.4764575958251953,85.6086575255102,67.98070790816327,47.39317602040816
FAMILY-52,CHILD,elastic,4205110,7.6272873878479,7.338217735290527,12.62867259979248,13.828425168991089,18.76887321472168,3.621323585510254,95.57557397959184,82.24250637755102,64.09040178571429
FAMILY-52,CHILD,local,4205111,4.460594654083252,4.194426536560059,7.659034967422485,8.189366102218628,9.372689247131348,2.2334630489349365,84.6141581632653,52.81808035714286,27.80014349489796
FAMILY-52,CHILD,bending,4205112,4.679767608642578,5.127036094665527,7.2994585037231445,7.5230817794799805,7.8030266761779785,2.2091710567474365,82.99186862244898,63.04209183673469,37.24689094387755
FAMILY-52,CHILD,elastic,4205120,8.718659400939941,8.60549545288086,13.684425830841064,14.940727472305298,20.97127914428711,3.7510323524475098,97.73796237244898,88.83330676020408,74.34032206632652
FAMILY-52,CHILD,local,4205121,3.9158785343170166,3.618137836456299,6.810204744338989,7.39731228351593,9.067510604858398,1.9723223447799683,82.99585459183673,43.1640625,19.377790178571427
FAMILY-52,CHILD,bending,4205122,5.497848033905029,5.94178581237793,8.53542947769165,8.913533449172974,9.706436157226562,2.5325746536254883,86.80444834183673,69.4515306122449,49.312420280612244
FAMILY-52,CHILD,elastic,4205130,4.710004806518555,4.560375213623047,7.635868549346924,8.328563690185547,12.325714111328125,2.218367099761963,88.09390943877551,58.84486607142857,30.18773915816326
FAMILY-52,CHILD,local,4205131,3.7009034156799316,3.6882529258728027,5.889505624771118,6.692044377326965,7.705039024353027,1.7271645069122314,80.74776785714286,42.99864477040816,8.998325892857142
FAMILY-52,CHILD,bending,4205132,6.36614990234375,6.888265132904053,9.88786506652832,10.314836025238037,11.201855659484863,2.9369118213653564,89.08641581632652,74.35028698979592,58.203125
FAMILY-52,CHILD,elastic,4205140,8.677530288696289,8.784324645996094,13.569684505462646,15.035300493240356,20.97325325012207,3.6976730823516846,97.25765306122449,88.7436224489796,74.38018176020408
FAMILY-52,CHILD,local,4205141,3.307520866394043,3.283754825592041,5.435332775115967,5.933441638946533,6.908497333526611,1.5686697959899902,76.7757493622449,35.09845344387755,4.532047193877551
FAMILY-52,CHILD,bending,4205142,6.619934558868408,7.069185733795166,10.230599880218506,10.78407597541809,12.042802810668945,3.0100855827331543,90.75653698979592,75.89883609693877,60.02670599489795
FAMILY-52,FATHER,elastic,4205150,9.122658729553223,9.054010391235352,14.611531257629395,16.20906352996826,23.339292526245117,4.095368385314941,97.82366071428571,89.11431760204081,74.7249681122449
FAMILY-52,FATHER,local,4205151,3.228323459625244,3.115327835083008,5.372847080230713,6.045903205871582,6.791876316070557,1.5319961309432983,75.58793048469387,29.01586415816326,5.255500637755102
FAMILY-52,FATHER,bending,4205152,5.246372222900391,5.717526435852051,8.170300483703613,8.457795858383179,8.986550331115723,2.449096441268921,85.5110012755102,67.60004783163265,46.59000318877551
FAMILY-52,FATHER,elastic,4205160,6.7654523849487305,6.583344459533691,10.74314546585083,11.780511379241943,18.549819946289062,2.9519524574279785,95.35235969387756,81.52303890306123,58.0436862244898
FAMILY-52,FATHER,local,4205161,3.528869867324829,3.3299500942230225,6.16406774520874,6.665010213851929,8.156084060668945,1.7406692504882812,80.08808992346938,36.06704400510204,11.346061862244898
FAMILY-52,FATHER,bending,4205162,5.353266716003418,5.722381114959717,8.277438640594482,8.716776371002197,9.711543083190918,2.4369678497314453,86.8881536989796,68.68024553571429,46.50430484693878
FAMILY-52,FATHER,elastic,4205170,6.281368255615234,6.077988624572754,10.303220748901367,11.629384756088257,16.648008346557617,3.017524480819702,93.2796556122449,74.91430165816327,51.10610650510205
FAMILY-52,FATHER,local,4205171,4.632017612457275,4.323747634887695,7.823805093765259,8.894135475158691,11.212862968444824,2.295535087585449,89.39532844387756,56.68247767857143,24.290497448979593
FAMILY-52,FATHER,bending,4205172,7.081258296966553,7.672150135040283,11.00562858581543,11.462841510772705,12.3954496383667,3.274365186691284,90.53930165816327,77.33976403061224,63.33904655612245
FAMILY-52,FATHER,elastic,4205180,7.964513778686523,7.806953430175781,12.678529739379883,13.90864872932434,18.036348342895508,3.451054334640503,96.9009088010204,86.06305803571429,70.09725765306123
FAMILY-52,FATHER,local,4205181,3.693143606185913,3.8653082847595215,5.343466520309448,5.692819952964783,7.656088352203369,1.4132970571517944,85.96739477040816,46.902901785714285,3.2744738520408165
FAMILY-52,FATHER,bending,4205182,5.172959804534912,5.67172384262085,8.06990671157837,8.314269781112671,8.615059852600098,2.447025775909424,84.76163903061224,67.06991390306123,46.14955357142857
FAMILY-52,FATHER,elastic,4205190,7.856318473815918,7.803719997406006,12.324474334716797,13.609854698181152,17.47039031982422,3.4155447483062744,96.39469068877551,85.35754145408163,68.41916454081633
FAMILY-52,FATHER,local,4205191,3.26908278465271,3.2238903045654297,5.500339508056641,5.916653752326965,7.156814098358154,1.540831208229065,75.12157206632652,31.263950892857146,4.0278220663265305
FAMILY-52,FATHER,bending,4205192,3.7976484298706055,4.169119834899902,5.92485499382019,6.100793242454529,6.32474946975708,1.7996904850006104,78.44985650510205,52.588887117346935,7.950015943877552
FAMILY-52,MOTHER,elastic,4205200,4.370152473449707,4.230916976928711,7.073851108551025,7.989511489868164,11.359500885009766,2.0857484340667725,86.36798469387756,54.021843112244895,22.628348214285715
FAMILY-52,MOTHER,local,4205201,5.338656902313232,5.4305033683776855,7.679744482040405,8.184657335281372,9.234668731689453,1.8309757709503174,95.06736288265306,77.29591836734694,39.36344068877551
FAMILY-52,MOTHER,bending,4205202,6.997650623321533,7.596871376037598,10.881897449493408,11.314757585525513,12.166288375854492,3.2454276084899902,90.22241709183673,76.93917410714286,62.79097576530612
FAMILY-52,MOTHER,elastic,4205210,7.534097671508789,7.239593029022217,12.427819728851318,13.709129810333252,19.14620018005371,3.5907862186431885,95.34638073979592,82.35212053571429,62.94443558673469
FAMILY-52,MOTHER,local,4205211,4.863837242126465,4.538109302520752,8.210499286651611,8.973826169967651,11.882105827331543,2.2246720790863037,92.8093112244898,60.90959821428571,27.176339285714285
FAMILY-52,MOTHER,bending,4205212,5.3073506355285645,5.709278106689453,8.22648000717163,8.622082948684692,9.482388496398926,2.4320120811462402,86.43176020408163,68.26171875,46.2531887755102
FAMILY-52,MOTHER,elastic,4205220,8.962040901184082,9.072769165039062,14.164482116699219,15.550420045852661,21.47991180419922,4.058574676513672,96.36280293367348,87.31863839285714,73.67466517857143
FAMILY-52,MOTHER,local,4205221,3.8687968254089355,3.7186574935913086,6.366120338439941,7.253964900970459,9.600982666015625,1.8853873014450073,82.54743303571429,44.47544642857143,13.510443239795919
FAMILY-52,MOTHER,bending,4205222,3.6675772666931152,3.945357322692871,5.684836387634277,5.958011031150818,6.551630973815918,1.6807295083999634,78.50167410714286,49.00151466836735,4.284917091836735
FAMILY-52,MOTHER,elastic,4205230,5.938502311706543,5.968148708343506,9.518817901611328,10.36662745475769,15.595673561096191,2.8125085830688477,91.12324617346938,72.47488839285714,49.64126275510204
FAMILY-52,MOTHER,local,4205231,4.51409912109375,4.748510360717773,7.278998851776123,7.867315173149109,9.481802940368652,2.0886616706848145,85.29974489795919,60.00478316326531,25.785235969387756
FAMILY-52,MOTHER,bending,4205232,6.948166370391846,7.573668956756592,10.821941375732422,11.199625015258789,11.894399642944336,3.24436616897583,89.75605867346938,76.55452806122449,62.53388073979592
FAMILY-52,MOTHER,elastic,4205240,8.16601276397705,7.8833160400390625,13.49086856842041,14.826590538024902,18.9632511138916,3.8147647380828857,96.0319674744898,85.22600446428571,69.2562181122449
FAMILY-52,MOTHER,local,4205241,2.595043659210205,2.672776222229004,3.9544448852539062,4.274403214454651,5.227009296417236,1.1130121946334839,67.78938137755102,9.127869897959185,0.0
FAMILY-52,MOTHER,bending,4205242,6.325091361999512,6.8548197746276855,9.83152151107788,10.237783670425415,11.058234214782715,2.926304817199707,88.83529974489795,74.05133928571429,57.93207908163265
FAMILY-53,CHILD,elastic,4205250,8.79126262664795,8.920632362365723,13.291982173919678,14.445651292800903,20.59679412841797,3.666342258453369,97.7100605867347,89.15218431122449,74.9561543367347
FAMILY-53,CHILD,local,4205251,4.151752471923828,4.096233367919922,6.636919260025024,7.634752035140991,9.15436840057373,1.8792372941970825,86.22249681122449,51.69005102040817,16.25876913265306
FAMILY-53,CHILD,bending,4205252,4.242469787597656,4.6281538009643555,6.610317945480347,6.833114266395569,7.2380146980285645,1.9838544130325317,81.33769132653062,58.38647959183674,25.430484693877553
FAMILY-53,CHILD,elastic,4205260,8.879162788391113,8.748127937316895,14.365725040435791,15.712854146957397,21.639986038208008,4.0667524337768555,97.14405293367348,87.94842155612244,72.57055165816327
FAMILY-53,CHILD,local,4205261,2.5355589389801025,2.471771478652954,3.827655076980591,4.1669721603393555,6.081776142120361,1.02946138381958,67.91892538265306,7.306281887755102,0.1992984693877551
FAMILY-53,CHILD,bending,4205262,5.665017127990723,6.180450439453125,8.827060222625732,9.122961044311523,9.661726951599121,2.649446725845337,86.66095344387756,70.31449298469387,51.90728635204081
FAMILY-53,CHILD,elastic,4205270,5.767136096954346,5.629136085510254,9.112154960632324,9.78939962387085,12.178126335144043,2.443737506866455,93.8297193877551,74.32039221938776,44.40369897959184
FAMILY-53,CHILD,local,4205271,4.3806962966918945,4.259003639221191,7.422455787658691,8.223686695098877,9.7030029296875,2.0728282928466797,86.04312818877551,55.115991709183675,21.958705357142858
FAMILY-53,CHILD,bending,4205272,5.946042537689209,6.518102645874023,9.27474308013916,9.556674718856812,9.902440071105957,2.8110013008117676,86.98381696428571,71.82318239795919,54.98246173469388
FAMILY-53,CHILD,elastic,4205280,7.9212164878845215,7.830630302429199,12.698527812957764,14.360023736953735,19.466583251953125,3.6732566356658936,95.98214285714286,84.2594068877551,66.55572385204081
FAMILY-53,CHILD,local,4205281,4.13381814956665,3.935781955718994,6.9359400272369385,7.489214062690735,8.826946258544922,1.892717957496643,86.82637117346938,48.780293367346935,18.6344068877551
FAMILY-53,CHILD,bending,4205282,6.998893737792969,7.564868450164795,10.867120742797852,11.342956304550171,12.339198112487793,3.2260351181030273,90.5891262755102,77.09064094387756,62.80492665816326
FAMILY-53,CHILD,elastic,4205290,4.8553361892700195,4.697829246520996,7.824289083480835,8.897696256637573,14.229918479919434,2.3602230548858643,87.86272321428571,61.834343112244895,31.222098214285715
FAMILY-53,CHILD,local,4205291,4.329590797424316,3.9442570209503174,7.52218222618103,8.715857744216919,9.903072357177734,2.177429437637329,87.20703125,49.224728954081634,21.59199617346939
FAMILY-53,CHILD,bending,4205292,4.506235122680664,4.877849578857422,7.000621795654297,7.2985230684280396,7.910864353179932,2.081002950668335,83.01578443877551,61.16669323979592,31.969467474489793
FAMILY-53,FATHER,elastic,4205300,4.720193862915039,4.7917022705078125,7.28495454788208,7.868108868598938,10.3134183883667,2.0149595737457275,89.5069355867347,63.01219706632652,29.09359056122449
FAMILY-53,FATHER,local,4205301,3.6805152893066406,3.473076105117798,6.061572551727295,6.7498321533203125,8.935402870178223,1.7296007871627808,84.1976243622449,38.93096301020408,10.505022321428571
FAMILY-53,FATHER,bending,4205302,5.582900524139404,5.961926460266113,8.627796173095703,9.094578266143799,10.154823303222656,2.538695812225342,87.71125637755102,70.31449298469387,49.54559948979592
FAMILY-53,FATHER,elastic,4205310,7.983173370361328,8.094258308410645,12.096073627471924,13.119767665863037,17.827381134033203,3.1680591106414795,97.36926020408163,87.51395089285714,71.83314732142857
FAMILY-53,FATHER,local,4205311,3.5072782039642334,3.407371997833252,5.859534740447998,6.726216793060303,8.395864486694336,1.7042138576507568,78.98397640306123,36.52543048469388,8.972417091836734
FAMILY-53,FATHER,bending,4205312,4.326995372772217,4.697487831115723,6.728797912597656,6.996447682380676,7.524067401885986,2.006685972213745,82.02128507653062,59.26737882653062,27.541055484693878
FAMILY-53,FATHER,elastic,4205320,6.051348686218262,5.936316013336182,9.69548749923706,10.6038658618927,13.685035705566406,2.7137622833251953,93.54472257653062,74.55157844387756,49.12906568877551
FAMILY-53,FATHER,local,4205321,3.4050540924072266,3.2300758361816406,6.355658292770386,7.207696795463562,9.522764205932617,1.9480340480804443,73.66270727040816,32.091039540816325,12.171157525510203
FAMILY-53,FATHER,bending,4205322,6.102579593658447,6.60744047164917,9.4821138381958,9.881933450698853,10.70055103302002,2.819693088531494,88.35499043367348,72.9751275510204,55.94108737244898
FAMILY-53,FATHER,elastic,4205330,5.93192720413208,5.557531356811523,9.687044620513916,11.143514633178711,16.414915084838867,2.8185369968414307,93.26769770408163,74.76283482142857,44.2024075255102
FAMILY-53,FATHER,local,4205331,4.76875638961792,4.865381717681885,7.3672027587890625,8.05275011062622,9.809333801269531,2.0355331897735596,88.94092793367348,63.32110969387755,32.676977040816325
FAMILY-53,FATHER,bending,4205332,5.930037975311279,6.403632164001465,9.204137802124023,9.617177963256836,10.489777565002441,2.729318380355835,88.10786033163265,72.15601084183673,54.18526785714286
FAMILY-53,FATHER,elastic,4205340,5.5416951179504395,5.3123779296875,9.30760908126831,10.153239727020264,13.553241729736328,2.67045259475708,91.6454081632653,67.85514987244898,40.38584183673469
FAMILY-53,FATHER,local,4205341,4.268031120300293,4.396146774291992,6.7369725704193115,7.526276111602783,8.857131004333496,1.8353298902511597,87.60961415816327,57.83641581632652,16.2288743622449
FAMILY-53,FATHER,bending,4205342,4.66656494140625,5.087039947509766,7.268359899520874,7.521605134010315,7.987380504608154,2.1791393756866455,83.32868303571429,62.87866709183674,36.17865114795919
FAMILY-53,MOTHER,elastic,4205350,6.070789337158203,6.104181289672852,9.350144386291504,10.09263563156128,13.661919593811035,2.560464382171631,94.140625,76.08019770408163,51.27750318877551
FAMILY-53,MOTHER,local,4205351,4.134082794189453,4.162210941314697,6.413181781768799,7.063686966896057,9.720611572265625,1.8409483432769775,85.70232780612244,52.50916772959183,14.88360969387755
FAMILY-53,MOTHER,bending,4205352,3.8205132484436035,4.082483291625977,5.906275510787964,6.221643447875977,6.934396743774414,1.7388455867767334,79.7592474489796,51.45687181122449,8.13735650510204
FAMILY-53,MOTHER,elastic,4205360,6.193357944488525,5.967853546142578,9.986705780029297,11.102957963943481,15.25078296661377,2.8560738563537598,94.4595025510204,74.76482780612244,49.57748724489796
FAMILY-53,MOTHER,local,4205361,4.780259132385254,4.725606918334961,7.673546075820923,8.311063289642334,10.995782852172852,2.0402777194976807,90.83625637755102,63.26132015306123,25.26108099489796
FAMILY-53,MOTHER,bending,4205362,5.529207229614258,5.929803848266602,8.562404155731201,8.989892482757568,9.939757347106934,2.526890277862549,87.27479272959184,69.8680644132653,49.16095344387755
FAMILY-53,MOTHER,elastic,4205370,8.01130485534668,7.842886924743652,13.074371337890625,14.43606162071228,20.439363479614258,3.646871566772461,96.04791135204081,86.08298788265306,67.85714285714286
FAMILY-53,MOTHER,local,4205371,4.617330551147461,4.351336479187012,7.805064916610718,8.405679702758789,10.557679176330566,2.318976402282715,84.48860012755102,55.64811862244898,31.556919642857146
FAMILY-53,MOTHER,bending,4205372,6.888535499572754,7.47888708114624,10.712204456329346,11.135970830917358,11.97036075592041,3.1955533027648926,89.91749043367348,76.48477359693877,62.12930484693877
FAMILY-53,MOTHER,elastic,4205380,5.328753471374512,5.212005615234375,8.599846363067627,9.689000606536865,13.343716621398926,2.486210823059082,90.98174426020408,66.78691007653062,39.26777742346938
FAMILY-53,MOTHER,local,4205381,4.091864109039307,4.169582366943359,6.41445517539978,6.9003835916519165,8.253945350646973,1.7524149417877197,86.99178890306123,52.662627551020414,14.387356505102042
FAMILY-53,MOTHER,bending,4205382,5.816535949707031,6.207932472229004,8.987892627716064,9.477628469467163,10.59074878692627,2.6437935829162598,88.42474489795919,71.78132971938776,52.40951849489795
FAMILY-53,MOTHER,elastic,4205390,7.833124160766602,7.732206344604492,12.370532989501953,13.418797731399536,20.554555892944336,3.4128494262695312,96.81122448979592,85.84582270408163,68.34941007653062
FAMILY-53,MOTHER,local,4205391,2.9928998947143555,3.0394182205200195,4.850794792175293,5.330910801887512,6.218795299530029,1.4053795337677002,71.57206632653062,25.880899234693878,0.5121970663265306
FAMILY-53,MOTHER,bending,4205392,5.130941390991211,5.618513107299805,8.000808238983154,8.251156330108643,8.593350410461426,2.4178645610809326,84.75566007653062,66.75701530612244,45.3922193877551
FAMILY-56,CHILD,elastic,4205400,9.876129150390625,10.083269119262695,15.114723205566406,16.537940502166748,20.722501754760742,4.083293914794922,97.45695153061224,90.9438775510204,80.8414381377551
FAMILY-56,CHILD,local,4205401,2.784170627593994,2.5998611450195312,4.63255763053894,4.917534351348877,6.470982074737549,1.3183414936065674,68.27766262755102,21.53818558673469,1.1579241071428572
FAMILY-56,CHILD,bending,4205402,5.551304817199707,6.052846908569336,8.647773265838623,8.94483733177185,9.488502502441406,2.593836784362793,86.40385841836735,69.6468431122449,50.56202168367348
FAMILY-56,CHILD,elastic,4205410,7.888814449310303,7.553442001342773,13.275161743164062,14.668018579483032,18.717559814453125,3.8325321674346924,95.59948979591837,83.10945471938776,64.99123086734694
FAMILY-56,CHILD,local,4205411,3.28688383102417,3.0904340744018555,5.574526786804199,5.977583050727844,8.454397201538086,1.6095435619354248,75.69355867346938,33.23501275510204,4.848931760204081
FAMILY-56,CHILD,bending,4205412,5.664665222167969,6.1546173095703125,8.812480449676514,9.15287446975708,9.820846557617188,2.6304876804351807,86.94794323979592,70.40019132653062,51.656170280612244
FAMILY-56,CHILD,elastic,4205420,7.077327251434326,7.100275039672852,11.221546173095703,12.16586971282959,16.14838981628418,3.1648550033569336,94.81026785714286,80.71388711734694,61.83235012755102
FAMILY-56,CHILD,local,4205421,2.6660399436950684,2.602358818054199,4.376546144485474,4.817835330963135,6.0264739990234375,1.2096161842346191,69.95575573979592,15.017139668367346,0.05779655612244898
FAMILY-56,CHILD,bending,4205422,6.765501022338867,7.376960754394531,10.539262294769287,10.900216817855835,11.559630393981934,3.161663055419922,89.3195950255102,75.79121492346938,61.35204081632652
FAMILY-56,CHILD,elastic,4205430,4.7044806480407715,4.626090049743652,7.561246395111084,8.192522287368774,10.913323402404785,2.122138023376465,88.72967155612244,60.09845344387755,28.66111288265306
FAMILY-56,CHILD,local,4205431,2.857522964477539,2.753319501876831,4.553834915161133,4.993999123573303,6.590226650238037,1.2113364934921265,75.75135522959184,18.289620535714285,0.9984853316326531
FAMILY-56,CHILD,bending,4205432,5.135289669036865,5.471200942993164,7.925956726074219,8.374604940414429,9.40478515625,2.3285772800445557,86.3101881377551,67.07589285714286,43.04249043367347
FAMILY-56,CHILD,elastic,4205440,4.871582508087158,4.654884338378906,7.950040340423584,8.97745418548584,11.345194816589355,2.2550628185272217,90.04902742346938,61.72871492346938,29.93662308673469
FAMILY-56,CHILD,local,4205441,2.9482338428497314,2.762441396713257,4.991040945053101,5.4614927768707275,6.442981719970703,1.392501711845398,72.73397640306123,23.9437181122449,0.8470184948979591
FAMILY-56,CHILD,bending,4205442,4.73776388168335,5.186405181884766,7.387768030166626,7.619120001792908,7.947970867156982,2.2310948371887207,83.3187181122449,63.56026785714286,38.28125
FAMILY-56,FATHER,elastic,4205450,5.121857643127441,5.051205635070801,8.279329299926758,8.975416898727417,12.667720794677734,2.3514673709869385,89.64245854591837,64.77399553571429,37.47807716836735
FAMILY-56,FATHER,local,4205451,2.675217628479004,2.531464099884033,4.569517135620117,5.145495176315308,6.226521968841553,1.3578323125839233,63.960857780612244,18.415178571428573,0.7872289540816326
FAMILY-56,FATHER,bending,4205452,5.324784278869629,5.789198398590088,8.285762310028076,8.599043369293213,9.207558631896973,2.4754905700683594,85.87771045918367,68.19395727040816,47.49282525510204
FAMILY-56,FATHER,elastic,4205460,8.439345359802246,8.403553009033203,13.433152675628662,14.70175838470459,20.13102149963379,3.7038469314575195,96.27710459183673,87.0475924744898,72.56855867346938
FAMILY-56,FATHER,local,4205461,4.758105754852295,4.45620584487915,8.143944263458252,8.675864458084106,10.736510276794434,2.335564374923706,88.0420918367347,56.80803571428571,30.020328443877553
FAMILY-56,FATHER,bending,4205462,6.9984660148620605,7.530840873718262,10.848780632019043,11.368950128555298,12.496406555175781,3.2077739238739014,90.9976881377551,77.25805165816327,62.767059948979586
FAMILY-56,FATHER,elastic,4205470,5.117771148681641,4.967094898223877,8.501981735229492,9.270459413528442,12.40817928314209,2.478410005569458,88.76554528061224,64.16214923469387,36.377949617346935
FAMILY-56,FATHER,local,4205471,4.664139747619629,4.710773468017578,7.221847057342529,8.196479082107544,11.275785446166992,2.1113219261169434,88.6360012755102,61.583227040816325,25.498246173469386
FAMILY-56,FATHER,bending,4205472,6.951603889465332,7.522740364074707,10.799588680267334,11.260565757751465,12.209826469421387,3.209585428237915,90.38384885204081,76.86344068877551,62.51594387755102
FAMILY-56,FATHER,elastic,4205480,7.965865612030029,7.686057090759277,12.91960859298706,14.475913763046265,20.81190299987793,3.7454116344451904,96.32294323979592,85.12834821428571,66.17307079081633
FAMILY-56,FATHER,local,4205481,3.1829280853271484,3.171286106109619,5.225155353546143,5.646231412887573,8.122492790222168,1.5472466945648193,75.44044961734694,31.00486288265306,2.768255739795918
FAMILY-56,FATHER,bending,4205482,6.3544020652771,6.882571220397949,9.874598979949951,10.288445711135864,11.13172721862793,2.9372596740722656,88.95487882653062,74.22672193877551,58.143335459183675
FAMILY-56,FATHER,elastic,4205490,5.9148268699646,5.748059272766113,10.004587650299072,10.938964366912842,14.925566673278809,2.9279115200042725,91.30460778061224,70.0912786989796,47.04440369897959
FAMILY-56,FATHER,local,4205491,4.202950954437256,3.8948593139648438,6.769057035446167,7.451303124427795,10.2820463180542,1.8659206628799438,90.80038265306123,48.41757015306122,17.83721301020408
FAMILY-56,FATHER,bending,4205492,4.577991008758545,4.920903205871582,7.094862461090088,7.4377158880233765,8.190367698669434,2.0965511798858643,83.64357461734694,61.89413265306123,33.21109693877551
FAMILY-56,MOTHER,elastic,4205500,8.075587272644043,8.213357925415039,13.09242296218872,14.332995176315308,18.348918914794922,3.8456673622131348,94.53722895408163,82.01929209183673,67.2492825255102
FAMILY-56,MOTHER,local,4205501,4.259078502655029,4.023787021636963,7.261152267456055,8.155824422836304,9.891180992126465,2.1060616970062256,85.82987882653062,50.44244260204081,22.45097257653061
FAMILY-56,MOTHER,bending,4205502,6.442093372344971,7.006246566772461,10.025477886199951,10.399372339248657,11.118961334228516,2.997359275817871,88.82732780612244,74.4579081632653,58.946508290816325
FAMILY-56,MOTHER,elastic,4205510,7.48336124420166,6.983773708343506,12.822781562805176,14.667240142822266,19.71824836730957,3.867290496826172,94.80229591836735,81.19220344387756,60.58872767857143
FAMILY-56,MOTHER,local,4205511,4.457317352294922,4.363801956176758,7.405197858810425,7.95441210269928,9.264513969421387,2.0621402263641357,87.01371173469387,55.48469387755102,25.023915816326532
FAMILY-56,MOTHER,bending,4205512,7.073386192321777,7.6654534339904785,10.994464874267578,11.449044227600098,12.36850357055664,3.2722668647766113,90.48549107142857,77.29193239795919,63.28125
FAMILY-56,MOTHER,elastic,4205520,9.220857620239258,9.145586013793945,14.4541597366333,15.805063724517822,23.461139678955078,4.163674831390381,96.78332270408163,88.4506536989796,75.63576211734694
FAMILY-56,MOTHER,local,4205521,3.3196489810943604,3.2473068237304688,5.658463478088379,5.975019216537476,7.771521091461182,1.6376006603240967,75.48030931122449,34.57230548469388,4.719387755102041
FAMILY-56,MOTHER,bending,4205522,4.00595760345459,4.347539901733398,6.229460000991821,6.478963375091553,6.975255489349365,1.8566924333572388,80.33721301020408,55.149872448979586,15.517378826530612
FAMILY-56,MOTHER,elastic,4205530,7.766019821166992,7.5353803634643555,12.68208122253418,13.963348388671875,19.29975700378418,3.60136079788208,95.41812818877551,84.07605229591837,66.37635522959184
FAMILY-56,MOTHER,local,4205531,4.26897668838501,4.422028064727783,6.539586544036865,7.128538608551025,8.746267318725586,1.8687281608581543,84.65401785714286,57.52949617346938,19.39971301020408
FAMILY-56,MOTHER,bending,4205532,6.907505035400391,7.354113578796387,10.657429695129395,11.266602277755737,12.672981262207031,3.1299262046813965,91.89652423469387,77.23812181122449,62.21500318877551
FAMILY-56,MOTHER,elastic,4205540,4.93821907043457,4.704993724822998,8.17577075958252,9.416259288787842,13.149032592773438,2.4090468883514404,89.21197385204081,61.31218112244898,32.3860012755102
FAMILY-56,MOTHER,local,4205541,3.2261178493499756,3.2518787384033203,4.882500171661377,5.132801175117493,5.889811992645264,1.2183406352996826,83.86678890306123,28.477758290816325,0.0
FAMILY-56,MOTHER,bending,4205542,3.961052656173706,4.330671310424805,6.174583435058594,6.370740652084351,6.683425426483154,1.8609206676483154,79.60977359693877,54.84095982142857,14.407286352040815
FAMILY-57,CHILD,elastic,4205550,4.541926383972168,4.571667194366455,7.0466320514678955,7.715734362602234,11.144997596740723,1.9540807008743286,88.93295599489795,59.78555484693877,24.05532525510204
FAMILY-57,CHILD,local,4205551,4.385800361633301,4.23016357421875,7.189273357391357,8.084657192230225,11.656061172485352,2.2952229976654053,83.7890625,53.76275510204081,24.914301658163264
FAMILY-57,CHILD,bending,4205552,4.343457221984863,4.624882221221924,6.702376365661621,7.083953857421875,7.965367317199707,1.968448281288147,82.88624043367348,59.15577168367348,26.522640306122447
FAMILY-57,CHILD,elastic,4205560,4.662364959716797,4.561774253845215,7.625195503234863,8.441209316253662,12.960997581481934,2.2516040802001953,87.12332589285714,58.63759566326531,28.057238520408163
FAMILY-57,CHILD,local,4205561,2.8615312576293945,2.6938650608062744,4.841630697250366,5.552071809768677,6.981145858764648,1.4276326894760132,68.72807716836735,21.269132653061224,2.5510204081632653
FAMILY-57,CHILD,bending,4205562,6.660722255706787,7.119572639465332,10.299798488616943,10.845235824584961,12.074808120727539,3.0330777168273926,90.70073341836735,76.05229591836735,60.37149234693877
FAMILY-57,CHILD,elastic,4205570,4.6886396408081055,4.55794620513916,7.615250825881958,8.435752868652344,14.319557189941406,2.274319887161255,88.20551658163265,58.94052933673469,27.893813775510207
FAMILY-57,CHILD,local,4205571,4.4533185958862305,4.517210960388184,7.292480945587158,7.890353798866272,9.193082809448242,2.044495105743408,86.66892538265306,57.77064732142857,23.949697066326532
FAMILY-57,CHILD,bending,4205572,4.556625843048096,4.917396545410156,7.069627046585083,7.392760753631592,8.080525398254395,2.0948798656463623,83.40043048469387,61.69882015306123,32.92012117346938
FAMILY-57,CHILD,elastic,4205580,8.334303855895996,8.61941909790039,12.502771377563477,13.846765756607056,18.866519927978516,3.4249038696289062,96.53021364795919,87.06951530612244,74.22472895408163
FAMILY-57,CHILD,local,4205581,3.086167573928833,3.0815041065216064,5.1067986488342285,5.66415536403656,6.979485511779785,1.5134752988815308,72.57254464285714,26.492745535714285,3.284438775510204
FAMILY-57,CHILD,bending,4205582,6.600311279296875,7.082178115844727,10.221354484558105,10.731226444244385,11.855151176452637,3.0175082683563232,90.23038903061224,75.67960778061224,59.94698660714286
FAMILY-57,CHILD,elastic,4205590,5.941094398498535,5.879512786865234,9.538468837738037,10.507571935653687,14.272869110107422,2.669351816177368,93.7320631377551,72.97313456632652,48.50326849489796
FAMILY-57,CHILD,local,4205591,3.4978461265563965,3.4031691551208496,5.548432350158691,6.0537251234054565,8.732396125793457,1.5422959327697754,80.2016900510204,37.5,5.37109375
FAMILY-57,CHILD,bending,4205592,3.9841742515563965,4.273464202880859,6.169673681259155,6.477869868278503,7.1602325439453125,1.821023941040039,80.63018176020408,54.41047512755102,13.926977040816327
FAMILY-57,FATHER,elastic,4205600,6.295649528503418,6.271266937255859,9.840918064117432,10.531128406524658,14.985858917236328,2.7185299396514893,94.28411989795919,77.4852519132653,54.11352040816326
FAMILY-57,FATHER,local,4205601,3.0561506748199463,2.966003179550171,4.730507850646973,5.33478569984436,7.077259540557861,1.2823599576950073,76.30739795918367,23.425542091836736,2.068718112244898
FAMILY-57,FATHER,bending,4205602,6.4112043380737305,7.020484924316406,9.997632503509521,10.308781385421753,10.730400085449219,3.021975517272949,88.20551658163265,74.12308673469387,58.88472576530612
FAMILY-57,FATHER,elastic,4205610,4.991652011871338,4.929842948913574,7.958524942398071,8.643853664398193,11.75444221496582,2.2562062740325928,89.95535714285714,64.60060586734694,34.761639030612244
FAMILY-57,FATHER,local,4205611,5.293404579162598,5.294544219970703,8.152068614959717,8.737371921539307,10.559125900268555,2.151411294937134,93.05644132653062,71.4485012755102,38.75757334183674
FAMILY-57,FATHER,bending,4205612,3.5041160583496094,3.814706802368164,5.455549240112305,5.6535152196884155,6.026181221008301,1.6329632997512817,76.83553890306123,46.64580676020408,0.03985969387755102
FAMILY-57,FATHER,elastic,4205620,9.761499404907227,9.700599670410156,15.439600944519043,16.872591495513916,24.319599151611328,4.242152214050293,97.52869897959184,90.32206632653062,80.078125
FAMILY-57,FATHER,local,4205621,4.34081506729126,4.1991400718688965,7.38788104057312,8.028154373168945,10.565083503723145,2.1326661109924316,85.20208864795919,53.99593431122449,22.094228316326532
FAMILY-57,FATHER,bending,4205622,5.933834075927734,6.400234222412109,9.206074714660645,9.629600048065186,10.533740043640137,2.7267916202545166,88.19754464285714,72.21978635204081,54.173309948979586
FAMILY-57,FATHER,elastic,4205630,8.425665855407715,8.464786529541016,13.216056823730469,14.571020364761353,20.283048629760742,3.6071860790252686,97.37125318877551,87.32860331632652,72.19188456632652
FAMILY-57,FATHER,local,4205631,4.742854595184326,4.865047454833984,7.620489597320557,8.415483474731445,12.205011367797852,2.3463797569274902,85.17817283163265,61.95990114795919,29.605787627551024
FAMILY-57,FATHER,bending,4205632,4.3642988204956055,4.641606330871582,6.7300660610198975,7.122020721435547,8.02998161315918,1.9752906560897827,83.02973533163265,59.40688775510205,27.00892857142857
FAMILY-57,FATHER,elastic,4205640,7.39473819732666,7.17022705078125,12.51916217803955,13.889575242996216,19.188215255737305,3.6494743824005127,94.75047831632652,79.83697385204081,60.87173150510205
FAMILY-57,FATHER,local,4205641,3.64434814453125,3.484513282775879,6.16461443901062,7.034879088401794,8.940178871154785,1.8714570999145508,78.66111288265306,40.0569993622449,11.21452487244898
FAMILY-57,FATHER,bending,4205642,4.826623916625977,5.236920356750488,7.505474090576172,7.806726694107056,8.408589363098145,2.2365427017211914,84.23549107142857,64.29966517857143,38.94092793367347
FAMILY-57,MOTHER,elastic,4205650,7.65170431137085,7.776788234710693,12.19096040725708,13.242784976959229,18.76239585876465,3.468792676925659,94.90593112244898,82.83242984693877,66.83673469387756
FAMILY-57,MOTHER,local,4205651,3.657637596130371,3.590714454650879,5.826148986816406,6.268154621124268,7.509589672088623,1.5951007604599,84.56433354591837,41.19897959183674,7.786591198979592
FAMILY-57,MOTHER,bending,4205652,4.453300476074219,4.872807502746582,6.9447572231292725,7.161993741989136,7.485606670379639,2.0954411029815674,82.12691326530613,60.82389987244898,31.69642857142857
FAMILY-57,MOTHER,elastic,4205660,8.946035385131836,8.914665222167969,13.77654218673706,15.392623901367188,23.582429885864258,3.7816665172576904,96.93080357142857,89.78794642857143,77.70647321428571
FAMILY-57,MOTHER,local,4205661,3.3370676040649414,3.4167943000793457,5.081980466842651,5.66976535320282,7.03708028793335,1.4201372861862183,81.1164700255102,34.2414700255102,3.1130420918367347
FAMILY-57,MOTHER,bending,4205662,6.986034393310547,7.455264568328857,10.793924331665039,11.383529901504517,12.724569320678711,3.1749095916748047,91.81082589285714,77.43742028061224,62.72321428571429
FAMILY-57,MOTHER,elastic,4205670,5.380438804626465,5.4344024658203125,8.404685974121094,9.25677752494812,12.374872207641602,2.3766872882843018,91.25279017857143,70.11918048469387,41.04950573979592
FAMILY-57,MOTHER,local,4205671,3.0587358474731445,3.044320583343506,4.96444034576416,5.67061984539032,7.727386951446533,1.4354383945465088,74.64724170918367,22.257653061224488,3.657126913265306
FAMILY-57,MOTHER,bending,4205672,6.864330291748047,7.452287673950195,10.674870014190674,11.096192359924316,11.924675941467285,3.1847503185272217,89.86766581632652,76.38711734693877,61.931999362244895
FAMILY-57,MOTHER,elastic,4205680,8.653484344482422,8.575984954833984,14.404585838317871,15.789265871047974,23.107524871826172,4.380899906158447,94.91788903061224,82.85833864795919,69.29009885204081
FAMILY-57,MOTHER,local,4205681,3.26474928855896,3.2941393852233887,4.938929796218872,5.307198882102966,6.228623390197754,1.288299560546875,82.43383290816327,31.92562181122449,0.44842155612244905
FAMILY-57,MOTHER,bending,4205682,5.0230393409729,5.399284839630127,7.784548282623291,8.1607825756073,8.986831665039062,2.300339937210083,85.46316964285714,66.02758290816327,41.77495216836735
FAMILY-57,MOTHER,elastic,4205690,8.025674819946289,7.846321105957031,13.06818437576294,14.712878465652466,20.416231155395508,3.816730499267578,96.12563775510205,83.95448022959184,67.34095982142857
FAMILY-57,MOTHER,local,4205691,3.5658977031707764,3.55527925491333,5.325804948806763,5.9743393659591675,7.83062744140625,1.4779034852981567,83.58378507653062,38.70575573979592,4.8588966836734695
FAMILY-57,MOTHER,bending,4205692,6.909580230712891,7.562893390655518,10.774791717529297,11.112189531326294,11.597074508666992,3.2531898021698,89.2757493622449,76.1977838010204,62.35052614795919
FAMILY-58,CHILD,elastic,4205700,7.497297763824463,7.521587371826172,12.043036937713623,13.213111162185669,17.750328063964844,3.452086925506592,94.60698341836735,81.7741549744898,64.31361607142857
FAMILY-58,CHILD,local,4205701,4.556331157684326,4.618892192840576,7.194153785705566,7.487604975700378,8.795827865600586,1.9136334657669067,88.80739795918367,60.89365433673469,26.132015306122447
FAMILY-58,CHILD,bending,4205702,5.611874103546143,6.072147369384766,8.718180656433105,9.090012550354004,9.860109329223633,2.5906307697296143,87.05955038265306,70.15106823979592,50.819116709183675
FAMILY-58,CHILD,elastic,4205710,7.9127516746521,7.756680965423584,12.996013164520264,14.2501859664917,20.806467056274414,3.7103493213653564,95.74497767857143,83.8687818877551,66.6015625
FAMILY-58,CHILD,local,4205711,2.8699588775634766,2.726426839828491,4.813398122787476,5.734150052070618,6.893531322479248,1.5325953960418701,66.63544323979592,23.77032844387755,3.806600765306122
FAMILY-58,CHILD,bending,4205712,4.051008224487305,4.317263603210449,6.2534708976745605,6.605284571647644,7.410715103149414,1.8377528190612793,81.27192283163265,55.15585140306123,15.758529974489797
FAMILY-58,CHILD,elastic,4205720,7.382322788238525,7.151663303375244,12.211607933044434,13.803813934326172,19.175676345825195,3.5219640731811523,95.4540019132653,81.55492665816327,62.713249362244895
FAMILY-58,CHILD,local,4205721,4.799393177032471,4.739768028259277,7.953500270843506,8.60508394241333,10.149659156799316,2.2458722591400146,88.0321269132653,60.91557716836735,31.070631377551024
FAMILY-58,CHILD,bending,4205722,4.838100910186768,5.175445556640625,7.48312520980835,7.875245690345764,8.757135391235352,2.2045600414276123,84.94100765306123,64.47504783163265,38.23939732142857
FAMILY-58,CHILD,elastic,4205730,6.434435844421387,6.258375644683838,10.743076801300049,11.565507411956787,14.52553939819336,2.9687650203704834,93.79783163265306,77.25406568877551,53.053252551020414
FAMILY-58,CHILD,local,4205731,3.97481107711792,4.025008201599121,6.040602207183838,6.810634136199951,8.981674194335938,1.7352374792099,85.30970982142857,50.60586734693877,10.305723852040815
FAMILY-58,CHILD,bending,4205732,3.89741587638855,4.175056457519531,6.031671762466431,6.341124892234802,7.0298051834106445,1.778580665588379,80.16183035714286,53.00542091836735,10.746173469387756
FAMILY-58,CHILD,elastic,4205740,7.278468132019043,7.378509521484375,11.057593822479248,11.875250339508057,15.519701957702637,2.8882055282592773,96.46045918367348,85.31967474489795,66.81281887755102
FAMILY-58,CHILD,local,4205741,3.538205146789551,3.4520163536071777,5.906473875045776,6.603436708450317,8.231802940368652,1.7302501201629639,77.09861288265306,39.98724489795919,9.18765943877551
FAMILY-58,CHILD,bending,4205742,6.544826507568359,7.136213779449463,10.195473194122314,10.54565978050232,11.186567306518555,3.0580694675445557,88.91302614795919,74.86049107142857,59.783561862244895
FAMILY-58,FATHER,elastic,4205750,9.270769119262695,9.441431045532227,14.550273418426514,15.685340642929077,20.290708541870117,3.997112274169922,97.5147480867347,88.85722257653062,76.02439413265306
FAMILY-58,FATHER,local,4205751,2.529958486557007,2.368166923522949,4.317606210708618,4.857650637626648,6.492766857147217,1.2662948369979858,61.20655293367348,13.498485331632654,0.9267378826530612
FAMILY-58,FATHER,bending,4205752,3.368831157684326,3.6817116737365723,5.251873731613159,5.418202996253967,5.696791172027588,1.5812350511550903,75.57397959183673,43.95328443877551,0.0
FAMILY-58,FATHER,elastic,4205760,7.391103267669678,7.2091522216796875,12.15578031539917,13.383432149887085,19.04629135131836,3.4745306968688965,95.71707589285714,81.74824617346938,62.25884885204081
FAMILY-58,FATHER,local,4205761,3.741159200668335,3.688659906387329,5.791696071624756,6.576846957206726,9.601943969726562,1.6841851472854614,82.65505420918367,43.373325892857146,8.739237882653061
FAMILY-58,FATHER,bending,4205762,5.07459831237793,5.47262716293335,7.8720574378967285,8.236664533615112,9.013886451721191,2.3313207626342773,85.50701530612244,66.41820790816327,42.81529017857143
FAMILY-58,FATHER,elastic,4205770,6.942741394042969,6.9122514724731445,11.211459636688232,12.209503889083862,17.507366180419922,3.176511526107788,94.09478635204081,79.6875,60.227997448979586
FAMILY-58,FATHER,local,4205771,3.079444169998169,3.1285457611083984,4.718958854675293,5.04400360584259,5.637083530426025,1.2048176527023315,79.46827168367348,23.0648118622449,0.0
FAMILY-58,FATHER,bending,4205772,3.736396551132202,4.081161022186279,5.8223817348480225,6.011261820793152,6.3439178466796875,1.7507911920547485,78.32230548469387,51.287468112244895,5.291374362244898
FAMILY-58,FATHER,elastic,4205780,5.240182876586914,5.080764293670654,8.683696746826172,9.512879133224487,13.46158218383789,2.534822463989258,90.0569993622449,64.57469706632652,38.11782525510204
FAMILY-58,FATHER,local,4205781,3.086237907409668,2.905170440673828,5.527071475982666,5.983771800994873,6.951885223388672,1.6377240419387817,69.0170599489796,30.404974489795915,4.797114158163265
FAMILY-58,FATHER,bending,4205782,4.921248912811279,5.2625274658203125,7.611008644104004,8.011974334716797,8.915925025939941,2.241562604904175,85.26785714285714,65.22441007653062,39.72217793367347
FAMILY-58,FATHER,elastic,4205790,5.0115227699279785,4.952038764953613,8.040884494781494,8.695277690887451,11.07388973236084,2.1999382972717285,91.08936543367348,64.52885841836735,34.53842474489796
FAMILY-58,FATHER,local,4205791,4.526001453399658,4.374969005584717,7.214936256408691,7.793076038360596,10.295251846313477,2.067636489868164,89.0445631377551,55.179767219387756,27.612802933673468
FAMILY-58,FATHER,bending,4205792,4.010276794433594,4.380205154418945,6.249622821807861,6.450702905654907,6.803375720977783,1.8797720670700073,80.00438456632652,55.464764030612244,16.24282525510204
FAMILY-58,MOTHER,elastic,4205800,5.866966247558594,5.7913641929626465,9.232961177825928,10.284590482711792,13.094515800476074,2.5680160522460938,94.16454081632652,73.75438456632652,47.26761798469388
FAMILY-58,MOTHER,local,4205801,5.063648223876953,5.073389053344727,7.862717151641846,8.620176792144775,11.515424728393555,2.2229182720184326,90.36989795918367,65.38384885204081,36.668925382653065
FAMILY-58,MOTHER,bending,4205802,4.709964752197266,5.085687637329102,7.309548616409302,7.639151573181152,8.336530685424805,2.1672041416168213,84.01227678571429,63.2194674744898,36.24242665816326
FAMILY-58,MOTHER,elastic,4205810,5.361621379852295,5.120398044586182,8.986145973205566,10.051405429840088,13.966386795043945,2.6102237701416016,90.23238201530613,67.34095982142857,37.603635204081634
FAMILY-58,MOTHER,local,4205811,2.32853102684021,2.188159942626953,3.6944574117660522,4.110191702842712,5.651568412780762,1.040485143661499,59.80548469387755,5.955038265306122,0.0
FAMILY-58,MOTHER,bending,4205812,6.1710591316223145,6.593305587768555,9.538803100585938,10.050755977630615,11.208885192871094,2.8077995777130127,89.44913903061224,73.74441964285714,56.19618941326531
FAMILY-58,MOTHER,elastic,4205820,4.334882736206055,4.222391128540039,7.173586130142212,7.841355919837952,10.819416046142578,2.0538887977600098,85.99728954081633,53.575414540816325,23.060825892857142
FAMILY-58,MOTHER,local,4205821,3.9995510578155518,4.0224785804748535,5.9047558307647705,7.000186443328857,10.11567497253418,1.6825132369995117,87.90058992346938,50.76729910714286,9.241470025510203
FAMILY-58,MOTHER,bending,4205822,6.118443489074707,6.637887954711914,9.513875007629395,9.897146463394165,10.662110328674316,2.8347880840301514,88.27327806122449,72.95519770408163,56.16629464285714
FAMILY-58,MOTHER,elastic,4205830,6.064169883728027,5.892528533935547,10.245810985565186,11.387500524520874,17.497282028198242,3.143900156021118,90.87213010204081,69.73852040816327,48.86798469387755
FAMILY-58,MOTHER,local,4205831,2.332387924194336,2.2022695541381836,3.9852362871170044,4.719112992286682,6.496344089508057,1.2361366748809814,55.18973214285714,9.885204081632654,0.5002391581632653
FAMILY-58,MOTHER,bending,4205832,6.074631214141846,6.583023548126221,9.441407680511475,9.833017587661743,10.626274108886719,2.8097355365753174,88.21348852040816,72.80572385204081,55.713887117346935
FAMILY-58,MOTHER,elastic,4205840,8.275694847106934,8.11935043334961,13.110464096069336,14.313812971115112,19.9913272857666,3.7282276153564453,96.38472576530613,85.89963329081633,70.44204400510205
FAMILY-58,MOTHER,local,4205841,3.8133318424224854,3.849817991256714,6.163220167160034,6.6861337423324585,8.432743072509766,1.755190134048462,81.5070950255102,46.78531568877551,11.650988520408163
FAMILY-58,MOTHER,bending,4205842,5.507350444793701,5.922054290771484,8.53562307357788,8.947321653366089,9.84689998626709,2.522853374481201,87.0834661989796,69.64883609693877,49.051339285714285
FAMILY-6,CHILD,elastic,4205850,5.720696926116943,5.689739227294922,9.144317626953125,10.004032611846924,13.841046333312988,2.6057982444763184,92.47648278061224,71.20735012755102,45.64532844387755
FAMILY-6,CHILD,local,4205851,3.7521872520446777,3.267338275909424,6.966161012649536,8.214628219604492,9.566323280334473,2.167201042175293,75.42251275510205,40.18255739795919,15.732621173469388
FAMILY-6,CHILD,bending,4205852,5.683234214782715,6.0983357429504395,8.801056861877441,9.240219354629517,10.20767879486084,2.598271131515503,87.70727040816327,70.84661989795919,51.18781887755102
FAMILY-6,CHILD,elastic,4205860,9.613368034362793,9.642135620117188,15.08956003189087,16.447082996368408,23.167041778564453,4.345189571380615,97.3274075255102,89.18207908163265,76.77774234693877
FAMILY-6,CHILD,local,4205861,2.2487170696258545,2.1091537475585938,3.6288987398147583,4.271783471107483,5.698210716247559,1.116923213005066,53.43191964285714,6.427375637755102,0.0
FAMILY-6,CHILD,bending,4205862,5.249638557434082,5.760112285614014,8.189267635345459,8.435198307037354,8.7428560256958,2.485689401626587,84.95695153061224,67.61599170918367,47.24569515306122
FAMILY-6,CHILD,elastic,4205870,7.818886756896973,7.436310768127441,13.232137680053711,14.59883451461792,19.328001022338867,3.8066394329071045,96.63384885204081,81.83992346938776,63.73565051020408
FAMILY-6,CHILD,local,4205871,3.558156967163086,3.4541120529174805,6.063983201980591,6.727306485176086,8.109618186950684,1.6664907932281494,81.04272959183673,36.50350765306122,10.429288903061225
FAMILY-6,CHILD,bending,4205872,5.130735397338867,5.5324296951293945,7.959015846252441,8.327993869781494,9.114923477172852,2.3569602966308594,85.68638392857143,66.86264349489795,43.70416135204081
FAMILY-6,CHILD,elastic,4205880,7.89005708694458,7.668710708618164,12.8647141456604,13.984548568725586,19.647062301635742,3.504080057144165,95.99808673469387,86.07302295918367,68.9273756377551
FAMILY-6,CHILD,local,4205881,2.7627623081207275,2.4955179691314697,5.047405242919922,5.789657711982727,6.5433149337768555,1.4913504123687744,65.13871173469387,19.756457270408163,3.7029655612244894
FAMILY-6,CHILD,bending,4205882,6.300791263580322,6.722427845001221,9.733302116394043,10.267388105392456,11.486800193786621,2.8624184131622314,89.8975605867347,74.44196428571429,57.35411352040817
FAMILY-6,CHILD,elastic,4205890,5.873734474182129,5.784640312194824,9.099057674407959,10.200620651245117,13.907671928405762,2.450599193572998,94.3797831632653,77.24808673469387,46.33091517857143
FAMILY-6,CHILD,local,4205891,2.391171455383301,2.2529802322387695,3.9079136848449707,4.833897948265076,6.774715423583984,1.178835391998291,59.52845982142857,9.28531568877551,1.327327806122449
FAMILY-6,CHILD,bending,4205892,6.334109783172607,6.945281982421875,9.88138198852539,10.18071722984314,10.548815727233887,2.995854139328003,87.87667410714286,73.72050382653062,58.348612882653065
FAMILY-6,FATHER,elastic,4205900,6.840421676635742,6.697648048400879,11.357083797454834,12.452729940414429,16.953125,3.316128969192505,93.23381696428571,77.35570790816327,56.80205676020408
FAMILY-6,FATHER,local,4205901,4.289506435394287,4.109719276428223,7.068493127822876,8.07976508140564,9.358312606811523,1.9465999603271484,88.04807079081633,52.152423469387756,17.484454719387756
FAMILY-6,FATHER,bending,4205902,4.4224371910095215,4.757078647613525,6.854417562484741,7.184592843055725,7.902775287628174,2.026355028152466,82.88823341836735,60.22999043367348,29.464285714285715
FAMILY-6,FATHER,elastic,4205910,8.437885284423828,8.487364768981934,12.935012340545654,14.056162595748901,20.330224990844727,3.5735650062561035,97.15999681122449,87.51992984693877,73.19236288265306
FAMILY-6,FATHER,local,4205911,2.9634501934051514,2.8954617977142334,4.686083078384399,5.107656240463257,6.247338771820068,1.1850628852844238,78.76275510204081,19.425621811224488,0.45838647959183676
FAMILY-6,FATHER,bending,4205912,5.5034074783325195,5.988382339477539,8.567448616027832,8.882556915283203,9.47779369354248,2.563086986541748,86.41382334183673,69.35786033163265,49.886399872448976
FAMILY-6,FATHER,elastic,4205920,6.72967529296875,6.812065124511719,10.228852272033691,11.170137166976929,16.370357513427734,2.7457053661346436,95.82071109693877,82.41988201530613,59.685905612244895
FAMILY-6,FATHER,local,4205921,3.4214460849761963,3.41206693649292,5.518808126449585,6.092901945114136,8.996474266052246,1.5970743894577026,80.04424426020408,34.92904974489796,5.749760841836735
FAMILY-6,FATHER,bending,4205922,4.317701816558838,4.6381964683532715,6.689125299453735,7.018350005149841,7.739686965942383,1.9756758213043213,82.40792410714286,58.97640306122449,26.468829719387756
FAMILY-6,FATHER,elastic,4205930,8.377938270568848,8.048118591308594,14.194281578063965,15.599850177764893,21.517536163330078,4.1169657707214355,95.57358099489795,84.65401785714286,68.84367028061224
FAMILY-6,FATHER,local,4205931,2.3762929439544678,2.173292398452759,4.03031325340271,4.793229699134827,6.493052959442139,1.1727110147476196,56.756218112244895,10.257892219387756,0.918765943877551
FAMILY-6,FATHER,bending,4205932,6.503466606140137,7.0815324783325195,10.12641429901123,10.491103649139404,11.176206588745117,3.031651496887207,88.91501913265306,74.72297512755102,59.44874043367348
FAMILY-6,FATHER,elastic,4205940,8.263243675231934,8.089695930480957,13.317991256713867,14.720275163650513,20.041080474853516,3.763772487640381,96.62189094387756,85.83187181122449,69.3359375
FAMILY-6,FATHER,local,4205941,3.7943153381347656,3.6407976150512695,6.212953567504883,7.103166699409485,9.561342239379883,1.8524222373962402,81.6665338010204,43.062420280612244,11.858258928571429
FAMILY-6,FATHER,bending,4205942,3.641383171081543,3.904529333114624,5.638181209564209,5.922066926956177,6.551450252532959,1.663547158241272,78.42793367346938,48.228236607142854,3.6451690051020407
FAMILY-6,MOTHER,elastic,4205950,6.332565784454346,6.152163028717041,10.120992183685303,11.331038236618042,16.190282821655273,2.8914239406585693,94.15258290816327,76.4469068877551,51.82358099489795
FAMILY-6,MOTHER,local,4205951,4.94994592666626,4.799081802368164,7.8054516315460205,8.476749897003174,9.786036491394043,2.1251003742218018,90.73062818877551,65.98772321428571,32.9460299744898
FAMILY-6,MOTHER,bending,4205952,6.021177291870117,6.519560813903809,9.355695724487305,9.750083208084106,10.555652618408203,2.7823331356048584,88.13775510204081,72.58051658163265,55.18375318877551
FAMILY-6,MOTHER,elastic,4205960,5.544323921203613,5.352492332458496,9.024843692779541,9.978467226028442,13.1321439743042,2.518087387084961,92.96875,70.03547512755102,41.02558992346938
FAMILY-6,MOTHER,local,4205961,4.794550895690918,4.639921188354492,7.855259418487549,8.90750002861023,11.838396072387695,2.3427271842956543,87.33657525510205,61.38392857142857,30.787627551020407
FAMILY-6,MOTHER,bending,4205962,6.4861650466918945,7.088869094848633,10.111809253692627,10.431912183761597,10.9613676071167,3.0452253818511963,88.55030293367348,74.50175382653062,59.39891581632652
FAMILY-6,MOTHER,elastic,4205970,6.554544448852539,6.381474494934082,10.754755020141602,11.847003936767578,15.254559516906738,3.0198166370391846,94.82820471938776,77.74035395408163,54.296875
FAMILY-6,MOTHER,local,4205971,4.101511001586914,4.041467666625977,7.141256332397461,7.941527366638184,9.565643310546875,2.128300428390503,79.76124043367348,50.731425382653065,18.86360012755102
FAMILY-6,MOTHER,bending,4205972,3.882011651992798,4.153543949127197,6.004414319992065,6.318885445594788,7.024701118469238,1.7691036462783813,80.11001275510205,52.640704719387756,10.106425382653061
FAMILY-6,MOTHER,elastic,4205980,8.018648147583008,7.8205718994140625,13.073436737060547,14.268586874008179,21.527767181396484,3.68510365486145,95.87651466836735,85.69435586734694,66.8506855867347
FAMILY-6,MOTHER,local,4205981,4.12497615814209,4.052777290344238,6.4382078647613525,7.3388166427612305,9.30308723449707,1.8222075700759888,87.39038584183673,50.882892219387756,13.588169642857142
FAMILY-6,MOTHER,bending,4205982,3.561551809310913,3.8040943145751953,5.504671812057495,5.801112174987793,6.474404811859131,1.619927167892456,77.95958227040816,46.29703443877551,1.7956792091836735
FAMILY-6,MOTHER,elastic,4205990,6.1734819412231445,6.187436103820801,9.343727111816406,10.258450269699097,13.822261810302734,2.4209532737731934,96.21332908163265,80.30333227040816,52.794164540816325
FAMILY-6,MOTHER,local,4205991,3.8475332260131836,3.8158490657806396,6.300790309906006,7.000354886054993,9.715265274047852,1.8448131084442139,82.58529974489795,46.370774872448976,12.490035076530612
FAMILY-6,MOTHER,bending,4205992,6.210877895355225,6.768186092376709,9.672133445739746,10.013088464736938,10.642236709594727,2.8989241123199463,88.19555165816327,73.28404017857143,57.12691326530612
FAMILY-60,CHILD,elastic,4206000,8.284862518310547,8.122042655944824,13.217471599578857,14.258589744567871,21.6314640045166,3.599489450454712,96.72751913265306,87.35251913265306,71.53619260204081
FAMILY-60,CHILD,local,4206001,4.7957763671875,4.940369129180908,7.449830055236816,8.107466697692871,9.906185150146484,2.128842830657959,87.63552295918367,66.48198341836735,32.198660714285715
FAMILY-60,CHILD,bending,4206002,5.539790630340576,6.044720649719238,8.632190227508545,8.919514894485474,9.44140338897705,2.5916695594787598,86.328125,69.57110969387756,50.48828125
FAMILY-60,CHILD,elastic,4206010,5.75823974609375,5.636201858520508,8.990540027618408,9.766484498977661,12.510711669921875,2.3709969520568848,94.35586734693877,76.16191007653062,44.8421556122449
FAMILY-60,CHILD,local,4206011,3.379873514175415,3.180507183074951,5.804081201553345,6.587991833686829,9.758171081542969,1.781284213066101,76.83553890306123,33.675462372448976,8.037707270408163
FAMILY-60,CHILD,bending,4206012,4.827742576599121,5.2711896896362305,7.522995471954346,7.769392132759094,8.205535888671875,2.261162519454956,83.87077487244898,64.3195950255102,39.6843112244898
FAMILY-60,CHILD,elastic,4206020,7.2305498123168945,7.046013832092285,11.814637660980225,13.215067148208618,18.046262741088867,3.446277618408203,94.69467474489795,80.36910076530613,60.377471301020414
FAMILY-60,CHILD,local,4206021,3.9421820640563965,4.058712959289551,5.5996739864349365,5.916179418563843,7.145993709564209,1.3655226230621338,89.73413584183673,51.84351084183674,4.113520408163265
FAMILY-60,CHILD,bending,4206022,6.99591064453125,7.681070327758789,10.915019512176514,11.23810338973999,11.651314735412598,3.3161141872406006,89.17610012755102,76.4209980867347,62.940449617346935
FAMILY-60,CHILD,elastic,4206030,4.749602317810059,4.65956974029541,7.623455286026001,8.510792016983032,12.753472328186035,2.178529739379883,89.26777742346938,61.60714285714286,27.49720982142857
FAMILY-60,CHILD,local,4206031,4.2331719398498535,4.318707466125488,6.380717039108276,6.787875175476074,8.123223304748535,1.6589120626449585,89.46906887755102,56.24202806122449,15.090880102040815
FAMILY-60,CHILD,bending,4206032,4.622070789337158,4.948075294494629,7.151916742324829,7.521624684333801,8.35013484954834,2.107839822769165,83.99234693877551,62.34654017857143,33.936543367346935
FAMILY-60,CHILD,elastic,4206040,6.004997253417969,5.943360805511475,9.542815208435059,10.469029426574707,15.132389068603516,2.7512378692626953,92.92689732142857,73.83011798469387,49.330357142857146
FAMILY-60,CHILD,local,4206041,2.74847412109375,2.532337188720703,4.671025514602661,5.100444793701172,6.559464454650879,1.3502767086029053,66.12324617346938,19.553172831632654,1.5963807397959182
FAMILY-60,CHILD,bending,4206042,5.803153991699219,6.228309631347656,8.986894607543945,9.43540358543396,10.421311378479004,2.6532905101776123,88.06600765306123,71.59199617346938,52.59486607142857
FAMILY-60,FATHER,elastic,4206050,9.505359649658203,9.642692565917969,14.788520812988281,16.25282382965088,21.79983901977539,4.0752854347229,97.49481823979592,90.43168048469387,77.24808673469387
FAMILY-60,FATHER,local,4206051,3.2143850326538086,3.2116708755493164,5.165745973587036,5.518828868865967,6.817874908447266,1.4983232021331787,74.35825892857143,33.091517857142854,1.9232302295918366
FAMILY-60,FATHER,bending,4206052,6.181088924407959,6.770589828491211,9.641523361206055,9.937542200088501,10.314001083374023,2.9170355796813965,87.67139668367348,73.04488201530613,57.05317283163265
FAMILY-60,FATHER,elastic,4206060,4.953885078430176,4.848704814910889,8.000259399414062,8.720383644104004,13.610024452209473,2.269807815551758,90.09885204081633,62.4382174744898,33.29878826530612
FAMILY-60,FATHER,local,4206061,2.8822014331817627,2.8636841773986816,4.4872825145721436,4.930081605911255,5.842195987701416,1.1883715391159058,74.63129783163265,18.05046237244898,0.0
FAMILY-60,FATHER,bending,4206062,5.57379150390625,6.009760856628418,8.646267890930176,9.047252655029297,9.903519630432129,2.56032133102417,87.17713647959184,70.06138392857143,50.10961415816326
FAMILY-60,FATHER,elastic,4206070,5.665997505187988,5.595829010009766,9.300968170166016,10.313897609710693,13.691825866699219,2.7340657711029053,90.22839604591837,69.140625,44.68670280612245
FAMILY-60,FATHER,local,4206071,3.288297653198242,3.2565762996673584,4.862209796905518,5.664736390113831,6.8337860107421875,1.2863450050354004,84.65202487244898,27.467315051020407,2.82405931122449
FAMILY-60,FATHER,bending,4206072,7.027491569519043,7.467367172241211,10.82952356338501,11.472588062286377,12.975912094116211,3.176241159439087,92.3210299744898,77.73836096938776,63.0241549744898
FAMILY-60,FATHER,elastic,4206080,9.20677375793457,9.02783203125,14.695794582366943,16.08491611480713,22.38374900817871,4.144753932952881,97.41310586734694,88.98477359693877,75.14748086734694
FAMILY-60,FATHER,local,4206081,4.310817241668701,4.112652778625488,6.736151933670044,7.108301758766174,7.7380170822143555,1.784085988998413,90.34797512755102,52.252072704081634,24.1390306122449
FAMILY-60,FATHER,bending,4206082,6.870181560516357,7.522733211517334,10.713158130645752,11.047943353652954,11.507302284240723,3.237330436706543,89.16214923469387,76.03236607142857,62.09741709183674
FAMILY-60,FATHER,elastic,4206090,8.662090301513672,8.556697845458984,13.686076641082764,15.0416579246521,17.921031951904297,3.6925137042999268,96.875,88.7954400510204,74.98405612244898
FAMILY-60,FATHER,local,4206091,4.455591201782227,4.5220947265625,6.748324394226074,7.30971884727478,8.586355209350586,1.7286518812179565,90.3061224489796,60.040656887755105,19.945790816326532
FAMILY-60,FATHER,bending,4206092,4.204371452331543,4.549570083618164,6.531264066696167,6.809959173202515,7.388990879058838,1.9406613111495972,81.55691964285714,57.710857780612244,23.341836734693878
FAMILY-60,MOTHER,elastic,4206100,7.905172348022461,7.580939292907715,13.321805477142334,14.850862979888916,19.68641471862793,3.919543504714966,95.95623405612244,82.07110969387756,63.83928571428571
FAMILY-60,MOTHER,local,4206101,3.997495651245117,3.773141384124756,7.147742509841919,7.60865330696106,9.166938781738281,2.1129770278930664,79.22114158163265,46.41262755102041,20.47592474489796
FAMILY-60,MOTHER,bending,4206102,5.817145347595215,6.339232444763184,9.059199810028076,9.378031730651855,9.964951515197754,2.715459108352661,87.21301020408163,71.21133609693877,53.443877551020414
FAMILY-60,MOTHER,elastic,4206110,8.273653984069824,8.214716911315918,13.551504611968994,15.014769315719604,21.528987884521484,3.9828639030456543,95.84064094387756,83.32071109693877,67.85116390306123
FAMILY-60,MOTHER,local,4206111,2.8115181922912598,2.8241021633148193,4.38468337059021,4.775221586227417,6.360692977905273,1.2488434314727783,69.68670280612244,18.5726243622449,0.568000637755102
FAMILY-60,MOTHER,bending,4206112,4.809609413146973,5.131593704223633,7.429863691329956,7.837630391120911,8.769286155700684,2.1848766803741455,84.94897959183673,64.25382653061224,37.52391581632653
FAMILY-60,MOTHER,elastic,4206120,6.965397834777832,7.020750045776367,10.643679141998291,11.618053913116455,15.218955993652344,2.889133930206299,95.57158801020408,82.80851403061224,62.071508290816325
FAMILY-60,MOTHER,local,4206121,3.9778025150299072,3.8756632804870605,6.665022134780884,7.190383195877075,8.449333190917969,1.8736299276351929,83.6475605867347,48.18439094387755,17.087850765306122
FAMILY-60,MOTHER,bending,4206122,6.6667962074279785,7.11897087097168,10.30284595489502,10.860377311706543,12.127311706542969,3.031470775604248,90.87611607142857,76.1180644132653,60.377471301020414
FAMILY-60,MOTHER,elastic,4206130,9.293242454528809,9.239570617675781,14.455148220062256,15.902621984481812,20.245361328125,3.8189620971679688,97.83960459183673,91.25677614795919,79.19722576530613
FAMILY-60,MOTHER,local,4206131,2.8470375537872314,2.7259836196899414,4.8391499519348145,5.169434547424316,6.929811000823975,1.4337626695632935,66.93638392857143,24.21277104591837,1.4190051020408163
FAMILY-60,MOTHER,bending,4206132,4.2443413734436035,4.633429527282715,6.613661289215088,6.8313212394714355,7.220878601074219,1.987107276916504,81.29982461734694,58.43829719387755,25.54209183673469
FAMILY-60,MOTHER,elastic,4206140,9.116504669189453,9.146900177001953,13.95000171661377,15.044019222259521,21.140005111694336,3.7459254264831543,97.75589923469387,90.44961734693877,77.00095663265306
FAMILY-60,MOTHER,local,4206141,4.830633640289307,4.841324329376221,7.392897844314575,8.244201183319092,9.770624160766602,1.9287867546081543,93.14014668367348,65.74657206632652,25.998485331632654
FAMILY-60,MOTHER,bending,4206142,4.8595757484436035,5.304703712463379,7.572599172592163,7.821651816368103,8.265966415405273,2.275333881378174,84.00829081632652,64.62452168367348,40.32007334183674
FAMILY-61,CHILD,elastic,4206150,8.423068046569824,8.335289001464844,12.99118185043335,14.11518931388855,20.932331085205078,3.4640538692474365,96.90888073979592,89.16414221938776,75.88289221938776
FAMILY-61,CHILD,local,4206151,2.64961838722229,2.546048402786255,4.357415437698364,4.871570110321045,5.936379909515381,1.2805312871932983,67.27519132653062,16.65537308673469,0.0
FAMILY-61,CHILD,bending,4206152,4.299859523773193,4.576962471008301,6.633990287780762,7.014457821846008,7.892721652984619,1.9479631185531616,82.70687181122449,58.59175701530612,25.10961415816326
FAMILY-61,CHILD,elastic,4206160,8.133331298828125,8.021690368652344,12.710182666778564,14.187968730926514,19.029752731323242,3.503795623779297,97.25366709183673,87.54982461734694,70.95424107142857
FAMILY-61,CHILD,local,4206161,3.1293153762817383,3.1133294105529785,5.203217267990112,5.5345882177352905,7.307892322540283,1.4595997333526611,75.3647161989796,29.055723852040817,1.136001275510204
FAMILY-61,CHILD,bending,4206162,5.568253517150879,6.093339443206787,8.683438777923584,8.954797983169556,9.353401184082031,2.620793104171753,86.1507493622449,69.70663265306123,51.01044323979592
FAMILY-61,CHILD,elastic,4206170,4.9506025314331055,4.836153507232666,7.449946880340576,8.57751202583313,14.93359661102295,2.138009786605835,92.76147959183673,66.30660076530613,28.86439732142857
FAMILY-61,CHILD,local,4206171,3.471410036087036,3.2561378479003906,5.911281108856201,6.590470194816589,7.458134174346924,1.6455320119857788,80.11599170918367,35.07055165816326,9.349091198979592
FAMILY-61,CHILD,bending,4206172,5.611868858337402,6.160568714141846,8.754836082458496,9.01622223854065,9.346166610717773,2.6587719917297363,86.02319834183673,69.92785395408163,51.67012117346938
FAMILY-61,CHILD,elastic,4206180,6.052398681640625,5.6309356689453125,10.49951171875,11.809579133987427,15.284014701843262,3.1130053997039795,91.80484693877551,70.1171875,45.90043048469388
FAMILY-61,CHILD,local,4206181,2.5987601280212402,2.5908477306365967,4.059382200241089,4.491899609565735,5.856626510620117,1.1434682607650757,67.93486926020408,10.965401785714286,0.0
FAMILY-61,CHILD,bending,4206182,6.536798477172852,7.002355575561523,10.116532325744629,10.635510444641113,11.790776252746582,2.983027696609497,90.20248724489795,75.43845663265306,59.43877551020408
FAMILY-61,CHILD,elastic,4206190,8.347258567810059,7.740455627441406,14.461350440979004,15.836207628250122,22.59196662902832,4.1815385818481445,96.16749043367348,84.96691645408163,67.23931760204081
FAMILY-61,CHILD,local,4206191,4.211670875549316,4.0945281982421875,6.90044641494751,7.444047570228577,8.177992820739746,1.9320868253707886,85.08848852040816,51.568478954081634,21.653778698979593
FAMILY-61,CHILD,bending,4206192,4.234452247619629,4.583073616027832,6.5782341957092285,6.859075903892517,7.434955596923828,1.955350637435913,81.69044961734694,58.11543367346938,24.42004145408163
FAMILY-61,FATHER,elastic,4206200,8.031848907470703,7.8849687576293945,13.005293369293213,14.446195363998413,18.68967056274414,3.6964237689971924,96.5023118622449,84.7835618622449,67.9149394132653
FAMILY-61,FATHER,local,4206201,3.8929755687713623,4.002228736877441,6.419402837753296,7.113483190536499,8.723062515258789,1.9287704229354858,78.3741230867347,50.04185267857143,14.704241071428573
FAMILY-61,FATHER,bending,4206202,5.101776123046875,5.458785057067871,7.891015291213989,8.304447412490845,9.230462074279785,2.325129508972168,85.9375,66.75900829081633,42.80333227040816
FAMILY-61,FATHER,elastic,4206210,7.704384803771973,7.472633361816406,12.648001194000244,14.086168766021729,22.06268882751465,3.7712526321411133,95.33242984693877,81.94355867346938,64.81983418367348
FAMILY-61,FATHER,local,4206211,4.907081127166748,4.769450664520264,7.944891929626465,8.683681011199951,10.703725814819336,2.1386289596557617,91.09733737244898,64.84574298469387,29.856903698979593
FAMILY-61,FATHER,bending,4206212,3.67734956741333,4.0180816650390625,5.731963157653809,5.914789080619812,6.226809024810791,1.7250827550888062,77.85196109693877,50.31489158163265,3.2605229591836733
FAMILY-61,FATHER,elastic,4206220,5.784470558166504,5.680360317230225,9.576613903045654,10.53957486152649,14.581171989440918,2.773667335510254,91.19698660714286,70.59351084183673,45.577566964285715
FAMILY-61,FATHER,local,4206221,2.694350004196167,2.561617612838745,4.529606819152832,4.983287572860718,5.693148612976074,1.2487640380859375,66.6274713010204,17.456552933673468,0.0
FAMILY-61,FATHER,bending,4206222,5.518753528594971,6.015417098999023,8.595504760742188,8.895770072937012,9.447836875915527,2.576869010925293,86.34008290816327,69.42163584183673,50.169403698979586
FAMILY-61,FATHER,elastic,4206230,5.275580406188965,5.142795562744141,8.52547025680542,9.33858847618103,12.708440780639648,2.449479818344116,90.45758928571429,67.22935267857143,38.59813456632653
FAMILY-61,FATHER,local,4206231,2.6205976009368896,2.513062000274658,4.40635085105896,4.83168888092041,5.925959587097168,1.2754336595535278,67.48246173469387,14.823820153061224,0.0
FAMILY-61,FATHER,bending,4206232,3.5348949432373047,3.84062123298645,5.499205589294434,5.711622595787048,6.128479480743408,1.6414885520935059,77.1663743622449,47.14205994897959,0.29097576530612246
FAMILY-61,FATHER,elastic,4206240,7.350770950317383,7.0515971183776855,12.369969367980957,13.781575679779053,18.19345474243164,3.6020517349243164,94.5491868622449,80.34717793367348,60.78802614795919
FAMILY-61,FATHER,local,4206241,4.029043674468994,3.988400936126709,6.285850524902344,6.87983238697052,8.487896919250488,1.6651887893676758,88.09191645408163,49.75884885204081,13.4765625
FAMILY-61,FATHER,bending,4206242,4.615278244018555,5.001172065734863,7.173154592514038,7.470774292945862,8.074041366577148,2.134662389755249,83.44029017857143,62.322624362244895,34.556361607142854
FAMILY-61,MOTHER,elastic,4206250,7.111037731170654,6.954189300537109,11.250548362731934,12.528122186660767,20.5648250579834,3.203336477279663,95.24872448979592,82.15282206632652,61.99178890306123
FAMILY-61,MOTHER,local,4206251,3.744741916656494,3.5539298057556152,6.215115070343018,6.899709343910217,10.15621566772461,1.8526785373687744,81.45727040816327,41.489955357142854,11.748644770408163
FAMILY-61,MOTHER,bending,4206252,6.459449768066406,6.863699913024902,9.95503568649292,10.544945478439331,11.924932479858398,2.9197025299072266,90.9538424744898,75.33482142857143,58.66151147959183
FAMILY-61,MOTHER,elastic,4206260,5.7081170082092285,5.510882377624512,9.454134464263916,10.748262882232666,14.750967025756836,2.771010160446167,91.48198341836735,70.62739158163265,43.2258450255102
FAMILY-61,MOTHER,local,4206261,4.716760635375977,4.682676315307617,7.435102701187134,8.064838171005249,10.694063186645508,2.0793802738189697,89.00669642857143,62.61360012755102,27.20424107142857
FAMILY-61,MOTHER,bending,4206262,7.131506443023682,7.742254257202148,11.09003496170044,11.531144380569458,12.398687362670898,3.307546615600586,90.44563137755102,77.43144132653062,63.622050382653065
FAMILY-61,MOTHER,elastic,4206270,7.209720134735107,6.9659576416015625,11.380091190338135,12.685880184173584,20.783241271972656,3.371539831161499,95.94029017857143,81.42338966836735,61.75263073979592
FAMILY-61,MOTHER,local,4206271,3.9296376705169678,3.803178310394287,6.57185173034668,7.372569918632507,9.677665710449219,1.9901742935180664,81.77216198979592,47.28555484693878,16.44610969387755
FAMILY-61,MOTHER,bending,4206272,4.900956630706787,5.284485816955566,7.602125406265259,7.95525586605072,8.709773063659668,2.2510554790496826,84.8373724489796,64.9772799744898,39.81385522959184
FAMILY-61,MOTHER,elastic,4206280,7.837960243225098,7.772247314453125,12.436795711517334,13.8763747215271,20.355737686157227,3.6602933406829834,95.66924426020408,83.58577806122449,66.89652423469387
FAMILY-61,MOTHER,local,4206281,3.162877321243286,3.1302084922790527,5.347816228866577,5.859787225723267,6.841922283172607,1.5547940731048584,74.09319196428571,31.014827806122447,3.848453443877551
FAMILY-61,MOTHER,bending,4206282,7.103306293487549,7.735286712646484,11.059408187866211,11.457987785339355,12.201305389404297,3.311946392059326,90.1187818877551,77.14046556122449,63.48652742346938
FAMILY-61,MOTHER,elastic,4206290,7.98618221282959,7.858183860778809,12.884572982788086,14.40204381942749,19.434383392333984,3.7051963806152344,95.7469706632653,84.4547193877551,68.2796556122449
FAMILY-61,MOTHER,local,4206291,2.4220354557037354,2.2800378799438477,3.9836052656173706,4.334546089172363,5.767719745635986,1.1288726329803467,59.574298469387756,9.751674107142858,0.0
FAMILY-61,MOTHER,bending,4206292,4.638317108154297,5.092682838439941,7.2364583015441895,7.451010704040527,7.724846839904785,2.198291778564453,82.68295599489795,62.71922831632652,36.62109375
FAMILY-62,CHILD,elastic,4206300,6.685619354248047,6.513829231262207,10.992499351501465,12.252442836761475,18.6309814453125,3.2334978580474854,93.38329081632652,77.65066964285714,55.32525510204081
FAMILY-62,CHILD,local,4206301,5.204105377197266,4.939424514770508,8.879800796508789,9.684032440185547,10.513503074645996,2.5089259147644043,89.95137117346938,63.68183992346938,37.55580357142857
FAMILY-62,CHILD,bending,4206302,6.426163673400879,6.981175422668457,9.996015548706055,10.384254217147827,11.147591590881348,2.983333110809326,88.89508928571429,74.4579081632653,58.7890625
FAMILY-62,CHILD,elastic,4206310,4.846046447753906,4.725886821746826,7.7026588916778564,8.314610719680786,11.26382064819336,2.044665813446045,91.8765943877551,62.98828125,29.029815051020407
FAMILY-62,CHILD,local,4206311,2.5051069259643555,2.4122016429901123,4.31065034866333,4.825066566467285,6.564240455627441,1.2512580156326294,61.668925382653065,13.432716836734693,0.8171237244897959
FAMILY-62,CHILD,bending,4206312,3.957906723022461,4.215385437011719,6.1086976528167725,6.454901218414307,7.251057147979736,1.7944430112838745,80.76371173469387,53.61527423469388,12.466119260204081
FAMILY-62,CHILD,elastic,4206320,7.494950771331787,7.337264060974121,12.227495670318604,13.340813159942627,19.392715454101562,3.482912540435791,95.28260522959184,82.2086256377551,63.71771364795919
FAMILY-62,CHILD,local,4206321,2.4915666580200195,2.262847423553467,4.424738168716431,4.995694994926453,6.066768169403076,1.3453816175460815,58.17522321428571,15.168606505102042,0.8231026785714286
FAMILY-62,CHILD,bending,4206322,4.120168685913086,4.517723560333252,6.427569150924683,6.622285008430481,6.861721992492676,1.9487144947052002,80.33721301020408,57.07310267857143,21.59199617346939
FAMILY-62,CHILD,elastic,4206330,5.248875141143799,5.1758599281311035,8.373619079589844,9.253399848937988,12.316840171813965,2.3661367893218994,91.08936543367348,67.78539540816327,37.92251275510204
FAMILY-62,CHILD,local,4206331,3.426833391189575,3.3502707481384277,5.528567552566528,5.976152658462524,7.026787757873535,1.498674988746643,81.10251913265306,34.72576530612245,4.803093112244898
FAMILY-62,CHILD,bending,4206332,4.131453990936279,4.510983943939209,6.43745493888855,6.648805618286133,7.024067401885986,1.9348113536834717,80.6819993622449,57.07110969387755,21.432557397959183
FAMILY-62,CHILD,elastic,4206340,6.30865478515625,6.346378803253174,9.707775115966797,10.502511024475098,14.16612720489502,2.5947537422180176,94.88002232142857,79.79512117346938,55.15385841836735
FAMILY-62,CHILD,local,4206341,3.2790067195892334,3.116619110107422,5.326378345489502,5.7639771699905396,6.450560569763184,1.4460471868515015,81.0008769132653,32.2444993622449,2.6965082908163263
FAMILY-62,CHILD,bending,4206342,4.459427833557129,4.872211456298828,6.950200080871582,7.172816157341003,7.558162689208984,2.091142416000366,82.27240114795919,60.833864795918366,31.662547831632654
FAMILY-62,FATHER,elastic,4206350,7.591808319091797,7.373307704925537,12.213281631469727,13.530967473983765,19.578950881958008,3.4557714462280273,96.46245216836735,84.08601721938776,63.88313137755102
FAMILY-62,FATHER,local,4206351,4.125091552734375,3.970430850982666,6.929336309432983,7.690011143684387,11.266561508178711,2.0657401084899902,83.41039540816327,49.4499362244898,18.74003507653061
FAMILY-62,FATHER,bending,4206352,4.743801116943359,5.1219964027404785,7.361734390258789,7.693865776062012,8.399587631225586,2.1824090480804443,84.16972257653062,63.52838010204081,36.93797831632653
FAMILY-62,FATHER,elastic,4206360,5.844695568084717,5.909775257110596,9.474309921264648,10.160738468170166,13.250804901123047,2.7227659225463867,90.99569515306123,71.10172193877551,49.01147959183674
FAMILY-62,FATHER,local,4206361,4.670431137084961,4.468533515930176,7.816229343414307,8.620191097259521,10.324128150939941,2.277949810028076,86.31616709183673,57.87826849489795,30.57836415816326
FAMILY-62,FATHER,bending,4206362,3.9539883136749268,4.270596981048584,6.13769793510437,6.412388324737549,6.991322040557861,1.8201783895492554,80.23158482142857,54.20719068877551,13.247369260204081
FAMILY-62,FATHER,elastic,4206370,7.095564842224121,6.978625297546387,11.289454460144043,12.565346479415894,18.593416213989258,3.331653594970703,95.03148915816327,79.82501594387756,60.16621492346938
FAMILY-62,FATHER,local,4206371,2.55959153175354,2.511697292327881,4.012622117996216,4.362662434577942,7.325409889221191,1.1175503730773926,68.47895408163265,10.22201849489796,0.8808992346938777
FAMILY-62,FATHER,bending,4206372,4.744222640991211,5.199474334716797,7.399285316467285,7.626600384712219,7.900777816772461,2.240927219390869,83.22704081632652,63.65792410714286,38.71572066326531
FAMILY-62,FATHER,elastic,4206380,7.0154194831848145,6.921347141265869,11.424095630645752,12.488509893417358,17.605121612548828,3.2874159812927246,93.69220344387756,79.93861607142857,59.956951530612244
FAMILY-62,FATHER,local,4206381,3.5732133388519287,3.6359071731567383,5.289134502410889,5.660977363586426,7.911587238311768,1.4369547367095947,83.56584821428571,42.386798469387756,3.2505580357142856
FAMILY-62,FATHER,bending,4206382,5.606025695800781,6.058158874511719,8.703050136566162,9.089274644851685,9.899911880493164,2.5821192264556885,87.1452487244898,70.19292091836735,50.6477200255102
FAMILY-62,FATHER,elastic,4206390,4.535133361816406,4.421496391296387,7.369678497314453,8.028754234313965,11.598691940307617,2.064466953277588,88.17960778061224,57.68096301020408,24.553571428571427
FAMILY-62,FATHER,local,4206391,4.671265125274658,4.796011924743652,7.634247779846191,8.142652750015259,9.12884521484375,2.2180213928222656,84.85132334183673,59.673947704081634,31.929607780612244
FAMILY-62,FATHER,bending,4206392,4.4445366859436035,4.844841003417969,6.9225969314575195,7.163985967636108,7.6081037521362305,2.0753707885742188,82.35212053571429,60.64453125,31.04671556122449
FAMILY-62,MOTHER,elastic,4206400,6.183866024017334,6.1778693199157715,9.896459579467773,10.83505892753601,13.972399711608887,2.819949150085449,92.20742984693877,76.15792410714286,52.220184948979586
FAMILY-62,MOTHER,local,4206401,4.755887508392334,4.907193183898926,7.404894590377808,8.04986572265625,10.268376350402832,2.04097318649292,90.8561862244898,62.21500318877551,28.880341198979593
FAMILY-62,MOTHER,bending,4206402,6.36044454574585,6.919339656829834,9.899020671844482,10.266752481460571,10.96970272064209,2.9603524208068848,88.63400829081633,74.12308673469387,58.282844387755105
FAMILY-62,MOTHER,elastic,4206410,6.1755146980285645,6.160762786865234,9.81137752532959,10.759433269500732,15.257288932800293,2.822443962097168,93.27766262755102,74.5376275510204,51.88735650510205
FAMILY-62,MOTHER,local,4206411,3.5155951976776123,3.223479747772217,6.2918195724487305,7.274625301361084,8.762804985046387,1.8819745779037476,76.92123724489795,35.790019132653065,11.71875
FAMILY-62,MOTHER,bending,4206412,5.107886791229248,5.5286760330200195,7.935216188430786,8.273331642150879,8.967814445495605,2.3587639331817627,85.40138711734694,66.65138711734694,43.68423150510204
FAMILY-62,MOTHER,elastic,4206420,5.126747131347656,4.9977521896362305,8.11795949935913,8.904395580291748,11.431808471679688,2.2347071170806885,92.05795599489795,67.11176658163265,34.24346301020408
FAMILY-62,MOTHER,local,4206421,3.6276943683624268,3.5138473510742188,6.054319620132446,6.939037919044495,9.412378311157227,1.8738945722579956,77.21819196428571,42.093829719387756,10.389429209183673
FAMILY-62,MOTHER,bending,4206422,3.9185702800750732,4.289455413818359,6.110322952270508,6.301472544670105,6.571754455566406,1.8455454111099243,79.28491709183673,54.25502232142857,12.840800382653061
FAMILY-62,MOTHER,elastic,4206430,5.621562957763672,5.257491588592529,9.490450859069824,10.75920057296753,14.484041213989258,2.7593562602996826,91.76498724489795,70.09526466836735,40.43168048469388
FAMILY-62,MOTHER,local,4206431,2.531702995300293,2.547913074493408,4.005773305892944,4.460948944091797,5.500063896179199,1.1469391584396362,64.49497767857143,10.054607780612244,0.0
FAMILY-62,MOTHER,bending,4206432,4.9162116050720215,5.376104354858398,7.664086818695068,7.906998634338379,8.299663543701172,2.309126615524292,84.10993303571429,65.06297831632652,41.65935905612245
FAMILY-62,MOTHER,elastic,4206440,7.832218170166016,7.883968830108643,12.386877536773682,13.739128589630127,18.530406951904297,3.444690465927124,96.0319674744898,84.63010204081633,68.68423150510205
FAMILY-62,MOTHER,local,4206441,3.7995502948760986,3.6844372749328613,5.876552581787109,6.502921223640442,9.421196937561035,1.5959385633468628,87.47608418367348,42.42466517857143,8.787069515306122
FAMILY-62,MOTHER,bending,4206442,4.342593193054199,4.70078706741333,6.746475696563721,7.033453464508057,7.6234307289123535,2.005450487136841,82.23453443877551,59.38895089285714,27.760283801020407
FAMILY-63,CHILD,elastic,4206450,7.660013198852539,7.538429260253906,12.45151948928833,13.80775785446167,17.87737274169922,3.575329542160034,94.8600924744898,82.91414221938776,65.54328762755102
FAMILY-63,CHILD,local,4206451,3.3796586990356445,3.1915740966796875,5.269602537155151,6.11829686164856,7.880449295043945,1.5091044902801514,81.87380420918367,31.724330357142854,5.486686862244898
FAMILY-63,CHILD,bending,4206452,3.8324790000915527,4.120523452758789,5.939671754837036,6.226380467414856,6.853360652923584,1.7554956674575806,79.62771045918367,52.06074617346938,8.56186224489796
FAMILY-63,CHILD,elastic,4206460,4.337541103363037,4.252765655517578,6.929187536239624,7.639601469039917,11.01406192779541,1.9992755651474,86.98182397959184,54.21316964285714,21.94076849489796
FAMILY-63,CHILD,local,4206461,2.9400668144226074,2.6948509216308594,4.9962379932403564,5.643927335739136,7.355783462524414,1.4874298572540283,69.83219068877551,24.37420280612245,3.085140306122449
FAMILY-63,CHILD,bending,4206462,3.643678903579712,3.8878989219665527,5.628482103347778,5.9378180503845215,6.644596099853516,1.6551090478897095,78.60530931122449,47.92928890306122,3.964046556122449
FAMILY-63,CHILD,elastic,4206470,5.1602301597595215,5.020827770233154,8.435390949249268,9.623841285705566,14.22559928894043,2.3814609050750732,91.40625,67.27519132653062,33.11543367346938
FAMILY-63,CHILD,local,4206471,4.8114752769470215,4.956151008605957,7.4826133251190186,8.037108182907104,8.733967781066895,2.012472152709961,90.74657206632652,63.53236607142857,31.425382653061224
FAMILY-63,CHILD,bending,4206472,4.432636737823486,4.723979949951172,6.8425843715667725,7.227539896965027,8.108843803405762,2.010880470275879,83.32071109693877,60.23995535714286,29.099569515306122
FAMILY-63,CHILD,elastic,4206480,4.46500825881958,4.441697597503662,7.108865737915039,7.8134835958480835,9.845878601074219,1.953471302986145,88.55827487244898,57.718829719387756,23.200334821428573
FAMILY-63,CHILD,local,4206481,2.9529268741607666,2.8256473541259766,4.755481004714966,5.723007082939148,7.543396949768066,1.3789591789245605,74.12707270408163,19.728555484693878,3.461814413265306
FAMILY-63,CHILD,bending,4206482,4.5942463874816895,4.9766387939453125,7.139766693115234,7.438808083534241,8.046577453613281,2.123842716217041,83.36854272959184,62.08944515306123,34.05014349489796
FAMILY-63,CHILD,elastic,4206490,5.915647506713867,5.963615417480469,9.473889350891113,10.539610385894775,13.475001335144043,2.7155332565307617,91.94634885204081,73.0648118622449,49.58545918367347
FAMILY-63,CHILD,local,4206491,2.605584144592285,2.480247735977173,4.290562391281128,4.999910593032837,5.922952175140381,1.2255998849868774,66.31855867346938,14.030612244897958,0.0
FAMILY-63,CHILD,bending,4206492,6.2434258460998535,6.837490081787109,9.736319065093994,10.039241075515747,10.44778823852539,2.943096160888672,87.8368144132653,73.31592793367348,57.56138392857143
FAMILY-63,FATHER,elastic,4206500,8.286726951599121,8.041518211364746,13.819385051727295,15.568512678146362,21.344112396240234,4.0091471672058105,95.30652104591837,84.77359693877551,69.55117984693877
FAMILY-63,FATHER,local,4206501,4.951028347015381,4.994121551513672,7.354787111282349,7.990643382072449,9.383244514465332,1.8315984010696411,93.37531887755102,71.07382015306123,28.80062181122449
FAMILY-63,FATHER,bending,4206502,5.739372253417969,6.259218215942383,8.940893650054932,9.24523377418518,9.80152702331543,2.682699203491211,86.9140625,70.79280931122449,52.68056441326531
FAMILY-63,FATHER,elastic,4206510,7.965145111083984,7.879064559936523,12.894323825836182,14.324357986450195,19.058368682861328,3.674697160720825,95.6672512755102,84.11192602040816,68.38129783163265
FAMILY-63,FATHER,local,4206511,3.211035966873169,3.006061553955078,5.764590263366699,6.402995944023132,7.25982141494751,1.6468197107315063,73.41358418367348,30.227598852040817,8.416374362244898
FAMILY-63,FATHER,bending,4206512,4.3955206871032715,4.819392204284668,6.856949806213379,7.064634323120117,7.320312976837158,2.079305410385132,81.68646364795919,60.29376594387755,30.442841198979593
FAMILY-63,FATHER,elastic,4206520,6.4487409591674805,6.068700790405273,10.951977729797363,12.08407735824585,15.053894996643066,3.1193087100982666,93.84367028061224,75.92873086734694,50.841039540816325
FAMILY-63,FATHER,local,4206521,4.260129451751709,4.067140579223633,7.305039644241333,8.152074337005615,10.317133903503418,2.1238651275634766,84.90513392857143,51.4030612244898,20.960220025510203
FAMILY-63,FATHER,bending,4206522,3.775850772857666,4.083702087402344,5.863685131072998,6.118626713752747,6.648798942565918,1.74136221408844,79.0477519132653,51.40106823979592,6.814014668367347
FAMILY-63,FATHER,elastic,4206530,6.629096031188965,6.603212356567383,10.481865882873535,11.691876888275146,15.384161949157715,2.9139068126678467,94.49338329081633,79.94060905612244,58.08354591836735
FAMILY-63,FATHER,local,4206531,2.9844937324523926,2.8829851150512695,4.727404832839966,5.085030436515808,6.154284954071045,1.277354121208191,76.78571428571429,24.77080676020408,0.4045758928571429
FAMILY-63,FATHER,bending,4206532,7.145664691925049,7.771549224853516,11.120196342468262,11.535305261611938,12.335183143615723,3.324495315551758,90.30213647959184,77.36766581632652,63.73565051020408
FAMILY-63,FATHER,elastic,4206540,7.870043754577637,7.826430320739746,12.346448421478271,13.819085121154785,21.26936149597168,3.5677661895751953,95.83864795918367,84.73772321428571,68.42713647959184
FAMILY-63,FATHER,local,4206541,3.9384965896606445,3.9829726219177246,6.060983180999756,6.840490341186523,8.909729957580566,1.7337722778320312,85.95344387755102,49.70503826530612,10.622608418367346
FAMILY-63,FATHER,bending,4206542,5.796002388000488,6.188398838043213,8.957650184631348,9.442139863967896,10.546309471130371,2.6351943016052246,88.34103954081633,71.6617506377551,52.16836734693877
FAMILY-63,MOTHER,elastic,4206550,8.222994804382324,8.102935791015625,13.669852256774902,15.27385926246643,20.277620315551758,4.0653076171875,94.8600924744898,82.50358737244898,67.29910714285714
FAMILY-63,MOTHER,local,4206551,4.4615983963012695,4.367592811584473,7.218857288360596,7.819079279899597,9.334853172302246,1.9366694688796997,89.453125,56.65058992346938,22.65625
FAMILY-63,MOTHER,bending,4206552,5.907863616943359,6.429068565368652,9.197407722473145,9.533710718154907,10.168608665466309,2.7521276473999023,87.51195790816327,71.76937181122449,54.302853954081634
FAMILY-63,MOTHER,elastic,4206560,5.672201156616211,5.550079822540283,8.989591598510742,10.158512353897095,14.967992782592773,2.5718767642974854,92.56417410714286,73.45145089285714,43.29161352040816
FAMILY-63,MOTHER,local,4206561,3.542454719543457,3.4765048027038574,5.493715763092041,6.371201157569885,8.451375961303711,1.5511928796768188,83.52798150510205,36.45169005102041,6.758211096938775
FAMILY-63,MOTHER,bending,4206562,4.5471062660217285,4.979107856750488,7.090411424636841,7.311924576759338,7.618346691131592,2.1424238681793213,82.48565051020408,61.80644132653062,34.06210140306122
FAMILY-63,MOTHER,elastic,4206570,4.885384559631348,4.687050819396973,8.007859230041504,8.902014255523682,14.493056297302246,2.3626670837402344,89.08442283163265,60.95942283163265,30.709901147959183
FAMILY-63,MOTHER,local,4206571,4.462549209594727,4.290958404541016,7.284516096115112,8.122820138931274,9.98995304107666,1.9929571151733398,89.19403698979592,56.25797193877551,21.81720344387755
FAMILY-63,MOTHER,bending,4206572,6.565237045288086,7.153072357177734,10.223859310150146,10.585761070251465,11.253097534179688,3.063889265060425,89.00271045918367,74.97608418367348,59.913105867346935
FAMILY-63,MOTHER,elastic,4206580,8.40476131439209,8.403341293334961,13.56066370010376,14.8689124584198,19.172271728515625,3.8861043453216553,96.57605229591837,85.10044642857143,69.00111607142857
FAMILY-63,MOTHER,local,4206581,3.8431355953216553,3.6163840293884277,6.783018589019775,7.256372809410095,8.073897361755371,1.9248178005218506,80.9829400510204,44.26419005102041,16.725127551020407
FAMILY-63,MOTHER,bending,4206582,3.368025779724121,3.5931403636932373,5.202029705047607,5.488880157470703,6.145141124725342,1.5295642614364624,76.43494897959184,41.7789381377551,0.27702487244897955
FAMILY-63,MOTHER,elastic,4206590,7.4666972160339355,7.334280014038086,11.739471912384033,12.627739429473877,17.855628967285156,3.222841501235962,96.3687818877551,85.28380102040816,63.79344706632652
FAMILY-63,MOTHER,local,4206591,3.762296199798584,3.709352493286133,6.213321924209595,6.629834532737732,9.499929428100586,1.8503113985061646,79.36065051020408,45.424107142857146,12.942442602040815
FAMILY-63,MOTHER,bending,4206592,5.531749725341797,6.051287651062012,8.625314235687256,8.896039009094238,9.306957244873047,2.6019091606140137,86.08697385204081,69.47943239795919,50.568000637755105
FAMILY-64,CHILD,elastic,4206600,5.894187927246094,5.796500205993652,9.278368473052979,10.398228883743286,14.643625259399414,2.5486977100372314,93.66031568877551,76.14795918367348,46.70161033163265
FAMILY-64,CHILD,local,4206601,3.84645414352417,4.009915351867676,5.706667184829712,5.948192238807678,6.6851887702941895,1.4534428119659424,86.28826530612244,50.19730548469388,4.155373086734694
FAMILY-64,CHILD,bending,4206602,6.6941094398498535,7.256060600280762,10.406025886535645,10.834582805633545,11.699769020080566,3.0974557399749756,89.68231823979592,75.74338329081633,60.75015943877551
FAMILY-64,CHILD,elastic,4206610,4.57517147064209,4.565197467803955,7.1832146644592285,7.743513584136963,10.76060962677002,1.9792271852493286,89.2319036989796,59.81943558673469,25.53810586734694
FAMILY-64,CHILD,local,4206611,3.8148581981658936,3.7706832885742188,6.50493860244751,7.5051820278167725,8.660591125488281,1.919506311416626,80.03029336734694,46.002072704081634,13.33904655612245
FAMILY-64,CHILD,bending,4206612,6.9723920822143555,7.41228723526001,10.747811794281006,11.381014585494995,12.846007347106934,3.1540367603302,92.1436543367347,77.5131536989796,62.669403698979586
FAMILY-64,CHILD,elastic,4206620,8.175187110900879,8.009138107299805,12.787743091583252,13.847171545028687,18.791244506835938,3.4531118869781494,96.95671237244898,87.51395089285714,71.77734375
FAMILY-64,CHILD,local,4206621,4.16744327545166,3.9363951683044434,6.692631244659424,7.679465293884277,9.629366874694824,1.8588628768920898,89.49896364795919,48.52519132653062,17.03603316326531
FAMILY-64,CHILD,bending,4206622,6.645095348358154,7.242740631103516,10.349430084228516,10.711581707000732,11.377913475036621,3.10257625579834,89.14620535714286,75.26307397959184,60.48907844387755
FAMILY-64,CHILD,elastic,4206630,8.565479278564453,8.525896072387695,13.382070064544678,14.540328025817871,18.863483428955078,3.5928328037261963,97.35132334183673,88.88113839285714,74.19084821428571
FAMILY-64,CHILD,local,4206631,2.789987564086914,2.6830649375915527,4.640155076980591,5.2547290325164795,6.917891025543213,1.38887619972229,68.4390943877551,19.9039381377551,1.6541772959183674
FAMILY-64,CHILD,bending,4206632,4.460466384887695,4.772143363952637,6.899322032928467,7.260263442993164,8.068799018859863,2.0329995155334473,83.2569355867347,60.61065051020408,30.108019770408163
FAMILY-64,CHILD,elastic,4206640,7.8263020515441895,7.839216232299805,12.64828109741211,13.690122365951538,17.101369857788086,3.5379040241241455,95.39421237244898,83.16127232142857,67.81529017857143
FAMILY-64,CHILD,local,4206641,3.939342498779297,3.9163126945495605,6.093061923980713,6.7385371923446655,7.686351776123047,1.6402045488357544,86.89811862244898,48.26411033163265,11.04312818877551
FAMILY-64,CHILD,bending,4206642,5.9702277183532715,6.529770374298096,9.308359146118164,9.601110219955444,10.05590534210205,2.806863784790039,87.25685586734694,71.98062818877551,55.115991709183675
FAMILY-64,FATHER,elastic,4206650,5.309077739715576,5.2897186279296875,8.084065437316895,8.952887535095215,12.431974411010742,2.137911319732666,93.97720025510205,71.83713329081633,36.98979591836735
FAMILY-64,FATHER,local,4206651,5.264652729034424,5.221761703491211,8.422399997711182,8.950785875320435,10.418519973754883,2.351332426071167,89.98724489795919,68.02654655612244,40.86216517857143
FAMILY-64,FATHER,bending,4206652,4.359677791595459,4.660503387451172,6.74111795425415,7.098941922187805,7.908843040466309,1.9846773147583008,82.78061224489795,59.42681760204081,27.3258131377551
FAMILY-64,FATHER,elastic,4206660,7.199621200561523,7.227201461791992,11.205584526062012,12.392223596572876,17.002620697021484,3.087402820587158,94.98764349489795,83.20910395408163,65.62898596938776
FAMILY-64,FATHER,local,4206661,5.373020648956299,5.414188385009766,8.588157176971436,9.28960657119751,10.407705307006836,2.4082119464874268,90.30014349489795,69.3897480867347,41.83075573979592
FAMILY-64,FATHER,bending,4206662,6.750110626220703,7.3826398849487305,10.524251461029053,10.855268239974976,11.369668006896973,3.1735005378723145,89.01466836734694,75.56401466836735,61.28427933673469
FAMILY-64,FATHER,elastic,4206670,10.288394927978516,10.144006729125977,16.426097869873047,17.832499504089355,24.293088912963867,4.620635986328125,97.80970982142857,90.30014349489795,80.11997767857143
FAMILY-64,FATHER,local,4206671,2.8477230072021484,2.8780999183654785,4.299402475357056,4.687748193740845,5.754921913146973,1.1017931699752808,76.79169323979592,15.053013392857142,0.0
FAMILY-64,FATHER,bending,4206672,5.551419734954834,5.983654022216797,8.610060214996338,9.011332988739014,9.870522499084473,2.5492749214172363,87.1273118622449,69.89397321428571,49.81265943877551
FAMILY-64,FATHER,elastic,4206680,7.1921210289001465,7.063971519470215,11.367293357849121,12.507622003555298,15.993595123291016,3.113463878631592,95.70113201530613,83.42633928571429,63.49649234693877
FAMILY-64,FATHER,local,4206681,4.1980299949646,4.0115861892700195,6.861210823059082,7.526707053184509,8.804920196533203,1.873637080192566,88.38289221938776,50.22520727040817,18.568638392857142
FAMILY-64,FATHER,bending,4206682,7.072729587554932,7.542675971984863,10.922814846038818,11.527393817901611,12.910396575927734,3.2114298343658447,92.06792091836735,77.8140943877551,63.33506058673469
FAMILY-64,FATHER,elastic,4206690,5.334997653961182,5.227001667022705,8.64007568359375,9.488587379455566,13.29609489440918,2.4524011611938477,91.36041135204081,67.02606823979592,39.229910714285715
FAMILY-64,FATHER,local,4206691,3.2818031311035156,3.145078182220459,5.351137161254883,5.655022501945496,7.383280277252197,1.4728999137878418,79.89277742346938,29.815051020408163,3.669084821428571
FAMILY-64,FATHER,bending,4206692,6.352811336517334,6.964051246643066,9.909159660339355,10.210516452789307,10.579858779907227,3.0032083988189697,87.94244260204081,73.83410395408163,58.51602359693877
FAMILY-64,MOTHER,elastic,4206700,7.204311847686768,7.049822807312012,11.657108306884766,13.017152547836304,18.070724487304688,3.4345109462738037,94.7086256377551,80.06218112244898,60.76411033163265
FAMILY-64,MOTHER,local,4206701,3.4779887199401855,3.455045700073242,5.432132005691528,5.729710340499878,7.0431904792785645,1.4537450075149536,82.57932079081633,38.49848533163265,2.15640943877551
FAMILY-64,MOTHER,bending,4206702,5.849353313446045,6.253111839294434,9.04452657699585,9.524655818939209,10.610970497131348,2.662858724594116,88.49250637755102,71.95073341836735,52.88384885204081
FAMILY-64,MOTHER,elastic,4206710,6.846272945404053,6.659476280212402,10.948227882385254,12.193672180175781,17.496227264404297,3.108736276626587,94.9577487244898,79.94658801020408,58.18120216836735
FAMILY-64,MOTHER,local,4206711,4.098393440246582,4.022945404052734,6.706402063369751,7.258243441581726,10.11953067779541,2.1349234580993652,77.39556760204081,50.275031887755105,23.594945790816325
FAMILY-64,MOTHER,bending,4206712,6.828334808349609,7.404858589172363,10.616349220275879,11.04859972000122,11.911550521850586,3.162240505218506,89.9055325255102,76.30939094387756,61.67889030612245
FAMILY-64,MOTHER,elastic,4206720,9.365894317626953,9.292428970336914,14.89140272140503,16.496853828430176,21.869421005249023,4.212547302246094,96.99258609693877,88.53236607142857,77.03085140306123
FAMILY-64,MOTHER,local,4206721,4.345520496368408,4.235936164855957,7.170608758926392,7.942453742027283,10.202653884887695,2.0700442790985107,86.47361288265306,54.07166772959183,22.36328125
FAMILY-64,MOTHER,bending,4206722,5.593080520629883,6.033487796783447,8.677625179290771,9.075523853302002,9.922436714172363,2.5709359645843506,87.20304528061224,70.15505420918367,50.41454081632652
FAMILY-64,MOTHER,elastic,4206730,5.6654253005981445,5.580352306365967,8.982455730438232,10.080047130584717,15.560094833374023,2.559027671813965,92.5342793367347,72.32342155612244,43.9094387755102
FAMILY-64,MOTHER,local,4206731,2.2921369075775146,2.1298131942749023,4.139397859573364,4.592511296272278,5.50515604019165,1.2121455669403076,53.607302295918366,11.658960459183673,0.0
FAMILY-64,MOTHER,bending,4206732,5.877890586853027,6.400427341461182,9.151700496673584,9.48167610168457,10.09804916381836,2.74039888381958,87.39437181122449,71.58203125,54.01586415816326
FAMILY-64,MOTHER,elastic,4206740,7.6129984855651855,7.623124122619629,11.97637414932251,12.981986284255981,19.522674560546875,3.3274357318878174,96.00207270408163,84.52845982142857,66.63145727040816
FAMILY-64,MOTHER,local,4206741,3.1846024990081787,3.0053796768188477,5.323127746582031,5.666223526000977,7.737800598144531,1.483443260192871,74.1569674744898,29.55795599489796,2.1643813775510203
FAMILY-64,MOTHER,bending,4206742,3.86350679397583,4.124610424041748,5.970656633377075,6.294180750846863,7.031144142150879,1.7564491033554077,80.04025829081633,52.15840242346938,9.303252551020408
FAMILY-69,CHILD,elastic,4206750,4.084820747375488,3.966982364654541,6.904593229293823,7.573038339614868,10.555778503417969,2.014601469039917,82.73875956632652,49.38018176020408,19.09677933673469
FAMILY-69,CHILD,local,4206751,3.6737654209136963,3.4465065002441406,6.072132349014282,6.67111349105835,8.706750869750977,1.7436034679412842,81.2061543367347,39.71619897959184,10.957429846938775
FAMILY-69,CHILD,bending,4206752,5.473331928253174,5.882822036743164,8.48140001296997,8.893285989761353,9.797123908996582,2.506033420562744,86.96986607142857,69.45750956632652,48.563058035714285
FAMILY-69,CHILD,elastic,4206760,7.27921724319458,7.15889835357666,11.65885877609253,12.82167363166809,19.301462173461914,3.338824510574341,94.7624362244898,81.87380420918367,61.918048469387756
FAMILY-69,CHILD,local,4206761,3.343508243560791,3.3290553092956543,5.270946264266968,6.125573754310608,7.490468502044678,1.5130913257598877,78.87834821428571,31.935586734693878,5.506616709183673
FAMILY-69,CHILD,bending,4206762,5.901328086853027,6.368348121643066,9.156663417816162,9.573426961898804,10.456893920898438,2.7140462398529053,88.07995854591837,72.04241071428571,53.880341198979586
FAMILY-69,CHILD,elastic,4206770,8.44946002960205,8.506134033203125,13.177370548248291,14.612648963928223,19.083759307861328,3.6566696166992188,96.80524553571429,87.13329081632652,72.11017219387756
FAMILY-69,CHILD,local,4206771,4.591401100158691,4.534736633300781,7.405051231384277,8.042571783065796,9.58435344696045,2.0455634593963623,88.5483099489796,58.86479591836735,26.145966198979593
FAMILY-69,CHILD,bending,4206772,5.378533840179443,5.792656421661377,8.340482711791992,8.73334264755249,9.5841646194458,2.4674954414367676,86.5951849489796,68.7061543367347,47.359295280612244
FAMILY-69,CHILD,elastic,4206780,5.021890163421631,4.9597859382629395,8.215417385101318,9.18004035949707,11.3475980758667,2.368572235107422,89.02264030612244,64.70025510204081,34.23748405612245
FAMILY-69,CHILD,local,4206781,2.9586446285247803,2.971606492996216,4.590284109115601,4.820080280303955,5.927114009857178,1.2407233715057373,74.30843431122449,25.0797193877551,0.0
FAMILY-69,CHILD,bending,4206782,5.061265468597412,5.5044684410095215,7.876374244689941,8.17037558555603,8.73660945892334,2.35478138923645,84.96890943877551,66.23883928571429,43.45703125
FAMILY-69,CHILD,elastic,4206790,8.962140083312988,8.749162673950195,14.543081283569336,16.096757888793945,20.84647560119629,3.9915454387664795,97.15800382653062,88.83330676020408,75.85897640306123
FAMILY-69,CHILD,local,4206791,4.228740215301514,4.239808082580566,6.678438663482666,7.638050317764282,10.004505157470703,1.9640332460403442,86.44571109693877,54.33673469387755,16.571667729591837
FAMILY-69,CHILD,bending,4206792,5.143837928771973,5.533215522766113,7.972571849822998,8.356534004211426,9.191792488098145,2.3569114208221436,85.83386479591837,66.99418048469387,43.763950892857146
FAMILY-69,FATHER,elastic,4206800,5.022602081298828,4.965908527374268,8.15108346939087,9.026190757751465,11.718429565429688,2.3265109062194824,88.8851243622449,65.49545599489795,33.22903380102041
FAMILY-69,FATHER,local,4206801,3.8468329906463623,3.732156276702881,6.20581316947937,6.903652548789978,10.291367530822754,1.8030681610107422,84.9430006377551,43.3414381377551,12.412308673469388
FAMILY-69,FATHER,bending,4206802,4.000171661376953,4.308698654174805,6.202909469604492,6.494801044464111,7.126047611236572,1.8353718519210815,80.61423788265306,54.811065051020414,14.74609375
FAMILY-69,FATHER,elastic,4206810,8.002936363220215,7.707695484161377,13.645630359649658,15.015808343887329,19.532705307006836,4.018918514251709,94.98166454081633,81.77614795918367,64.28970025510205
FAMILY-69,FATHER,local,4206811,3.3155336380004883,3.191216230392456,5.408084154129028,5.742284774780273,6.7607951164245605,1.4640979766845703,79.18925382653062,34.62611607142857,2.3875956632653064
FAMILY-69,FATHER,bending,4206812,6.696240425109863,7.135042667388916,10.335844993591309,10.920168399810791,12.261606216430664,3.036576271057129,91.29663584183673,76.31138392857143,60.62460140306123
FAMILY-69,FATHER,elastic,4206820,4.482609748840332,4.394523620605469,7.20192813873291,7.965978145599365,13.80797004699707,2.083488941192627,87.67338966836735,57.342155612244895,23.132573341836736
FAMILY-69,FATHER,local,4206821,3.1869635581970215,3.1442837715148926,4.816375970840454,5.373053669929504,6.214779376983643,1.2426106929779053,82.58928571428571,26.57047193877551,0.6636639030612245
FAMILY-69,FATHER,bending,4206822,3.866133451461792,4.203394412994385,6.015855073928833,6.242325067520142,6.680235862731934,1.7979581356048584,79.38655931122449,53.162866709183675,10.411352040816327
FAMILY-69,FATHER,elastic,4206830,7.351382732391357,7.164192199707031,12.238588809967041,13.317903757095337,18.322566986083984,3.564195156097412,94.44754464285714,80.08410395408163,60.56082589285714
FAMILY-69,FATHER,local,4206831,4.372688293457031,4.197792053222656,6.7856833934783936,7.717925310134888,10.48074722290039,1.8593534231185913,92.2492825255102,53.760762117346935,18.97720025510204
FAMILY-69,FATHER,bending,4206832,6.163106918334961,6.765790939331055,9.615094184875488,9.901025533676147,10.26424503326416,2.920299530029297,87.46213329081633,72.9053730867347,56.95352359693877
FAMILY-69,FATHER,elastic,4206840,6.4548468589782715,6.568739891052246,10.014598846435547,11.029993534088135,15.064634323120117,2.8084123134613037,93.94331951530613,78.00741390306123,56.45926339285714
FAMILY-69,FATHER,local,4206841,4.550117492675781,3.9730920791625977,8.218284130096436,9.063960313796997,11.274589538574219,2.3117167949676514,90.2164381377551,49.344308035714285,23.674665178571427
FAMILY-69,FATHER,bending,4206842,4.365761756896973,4.649264335632324,6.737203359603882,7.120537042617798,8.003734588623047,1.9788094758987427,82.97791772959184,59.45073341836735,27.19626913265306
FAMILY-69,MOTHER,elastic,4206850,6.3063273429870605,6.3706440925598145,9.908174514770508,10.72839903831482,13.855656623840332,2.728407144546509,94.11272321428571,77.29193239795919,54.878826530612244
FAMILY-69,MOTHER,local,4206851,4.685271739959717,4.7669758796691895,6.918914556503296,7.432311534881592,8.652883529663086,1.7485302686691284,92.62396364795919,63.958864795918366,25.294961734693878
FAMILY-69,MOTHER,bending,4206852,5.202569007873535,5.646242141723633,8.090158939361572,8.414403915405273,9.057729721069336,2.4114291667938232,85.61662946428571,67.33498086734694,45.4898756377551
FAMILY-69,MOTHER,elastic,4206860,6.279285430908203,6.1762261390686035,10.149177551269531,11.261897802352905,14.713062286376953,2.7953953742980957,94.4874043367347,76.82158801020408,52.49521683673469
FAMILY-69,MOTHER,local,4206861,3.8913280963897705,3.9166674613952637,5.968887805938721,6.3918137550354,7.12356424331665,1.5823625326156616,86.89014668367348,48.26610331632653,9.56234056122449
FAMILY-69,MOTHER,bending,4206862,3.441107988357544,3.752776622772217,5.360619068145752,5.54310142993927,5.876662731170654,1.6084388494491577,76.19977678571429,45.43008609693878,0.0
FAMILY-69,MOTHER,elastic,4206870,7.415686130523682,7.253604412078857,12.132163047790527,13.234403133392334,20.903398513793945,3.4478206634521484,95.6234056122449,82.19866071428571,62.98030931122449
FAMILY-69,MOTHER,local,4206871,3.1626486778259277,3.1957645416259766,5.196918725967407,5.588449239730835,6.207586765289307,1.4757506847381592,73.9616549744898,31.570870535714285,1.2775031887755102
FAMILY-69,MOTHER,bending,4206872,4.750021457672119,5.1801605224609375,7.39962363243103,7.651558995246887,8.11237621307373,2.220205783843994,83.66350446428571,63.645966198979586,38.002232142857146
FAMILY-69,MOTHER,elastic,4206880,4.2889909744262695,4.126145362854004,6.991120100021362,7.901947498321533,10.635614395141602,1.9725711345672607,87.86272321428571,52.489237882653065,19.545200892857142
FAMILY-69,MOTHER,local,4206881,4.780116081237793,4.66599702835083,8.132209777832031,8.9050133228302,10.482041358947754,2.3487958908081055,86.36001275510205,60.96938775510205,29.43837691326531
FAMILY-69,MOTHER,bending,4206882,3.4143576622009277,3.6802613735198975,5.29534649848938,5.542267084121704,6.072225570678711,1.5677483081817627,76.53061224489795,43.5367506377551,0.11957908163265306
FAMILY-69,MOTHER,elastic,4206890,5.567745685577393,5.437246322631836,9.200212478637695,10.295129537582397,12.7175931930542,2.6039717197418213,91.54974489795919,70.4819036989796,41.46205357142857
FAMILY-69,MOTHER,local,4206891,2.2913918495178223,2.13006591796875,4.214989423751831,4.549339652061462,5.424522876739502,1.2553387880325317,53.34422831632652,13.420758928571427,0.0
FAMILY-69,MOTHER,bending,4206892,7.017411708831787,7.597415447235107,10.902135372161865,11.364446640014648,12.314223289489746,3.2412734031677246,90.48549107142857,77.10658482142857,62.90457589285714
FAMILY-70,CHILD,elastic,4206900,6.982731342315674,6.758282661437988,11.628033638000488,13.184174299240112,17.8175106048584,3.4004766941070557,94.40569196428571,79.28691007653062,58.611686862244895
FAMILY-70,CHILD,local,4206901,2.9941530227661133,2.968290328979492,4.867299318313599,5.385237812995911,6.882180213928223,1.4460031986236572,72.40114795918367,26.265545280612244,2.4932238520408165
FAMILY-70,CHILD,bending,4206902,6.220387935638428,6.815033912658691,9.702967643737793,10.000019311904907,10.373753547668457,2.9362356662750244,87.73517219387756,73.19435586734694,57.37603635204081
FAMILY-70,CHILD,elastic,4206910,9.289067268371582,9.203495025634766,14.78229808807373,16.091347694396973,22.195608139038086,4.000935077667236,97.26961096938776,90.11479591836735,78.56146364795919
FAMILY-70,CHILD,local,4206911,3.232922315597534,3.2430367469787598,4.9455671310424805,5.438784718513489,6.3185505867004395,1.3368617296218872,80.4508131377551,30.432876275510207,1.8833705357142856
FAMILY-70,CHILD,bending,4206912,6.203568935394287,6.624711036682129,9.587414264678955,10.105507612228394,11.282471656799316,2.82106614112854,89.56074617346938,73.92378826530613,56.48517219387755
FAMILY-70,CHILD,elastic,4206920,6.955628871917725,6.93092155456543,10.896986484527588,11.939209938049316,16.006486892700195,3.078129768371582,94.10873724489795,80.96101721938776,61.95790816326531
FAMILY-70,CHILD,local,4206921,2.5289416313171387,2.5152668952941895,3.9860095977783203,4.348720550537109,5.320009231567383,1.1029081344604492,65.32007334183673,9.709821428571429,0.0
FAMILY-70,CHILD,bending,4206922,6.48362398147583,7.0847697257995605,10.10718822479248,10.428090333938599,10.966362953186035,3.0429575443267822,88.57222576530613,74.49776785714286,59.375
FAMILY-70,CHILD,elastic,4206930,7.1154255867004395,6.963436603546143,11.348228931427002,12.281680345535278,17.627403259277344,3.148861885070801,96.03396045918367,81.99139030612244,61.65497448979592
FAMILY-70,CHILD,local,4206931,3.606553077697754,3.6818573474884033,5.742482662200928,6.125280499458313,6.635654926300049,1.601892113685608,80.98094706632652,43.44905931122449,6.297831632653061
FAMILY-70,CHILD,bending,4206932,5.24293851852417,5.692162990570068,8.15351152420044,8.47511076927185,9.107657432556152,2.4325366020202637,85.72624362244898,67.61798469387756,46.21133609693878
FAMILY-70,CHILD,elastic,4206940,4.913032054901123,4.697368144989014,8.375244617462158,9.511617422103882,14.017199516296387,2.5081324577331543,87.40234375,60.14229910714286,31.552933673469386
FAMILY-70,CHILD,local,4206941,3.903336763381958,3.77290940284729,6.85309624671936,7.733475565910339,9.511690139770508,2.1095130443573,77.86591198979592,46.045918367346935,17.91892538265306
FAMILY-70,CHILD,bending,4206942,4.399737358093262,4.768196105957031,6.838629722595215,7.121443867683411,7.693859100341797,2.035334825515747,82.45376275510205,60.04264987244898,29.410475127551024
FAMILY-70,FATHER,elastic,4206950,7.417565822601318,7.232654094696045,11.854884147644043,13.200079679489136,18.46058464050293,3.258646249771118,96.50629783163265,84.2514349489796,64.80986926020408
FAMILY-70,FATHER,local,4206951,4.019077301025391,3.9348325729370117,6.576437950134277,7.646866679191589,9.951066970825195,2.028265953063965,81.1164700255102,48.91780931122449,15.778459821428573
FAMILY-70,FATHER,bending,4206952,4.744088649749756,5.194868087768555,7.397571325302124,7.629063367843628,7.945319652557373,2.235581398010254,83.31672512755102,63.653938137755105,38.46460459183674
FAMILY-70,FATHER,elastic,4206960,6.225315570831299,6.234718322753906,9.70515489578247,10.68927788734436,15.433741569519043,2.695599317550659,93.96125637755102,77.87986288265306,53.302375637755105
FAMILY-70,FATHER,local,4206961,4.721305847167969,4.766277313232422,7.36813497543335,7.802298665046692,8.641559600830078,1.9954842329025269,90.24433992346938,61.4875637755102,30.703922193877553
FAMILY-70,FATHER,bending,4206962,4.671749114990234,5.0668487548828125,7.263663291931152,7.558105826377869,8.14748764038086,2.163754463195801,83.62364477040816,62.84478635204081,35.82788584183674
FAMILY-70,FATHER,elastic,4206970,7.660581588745117,7.343569755554199,13.034642696380615,14.422538757324219,22.209707260131836,3.8643224239349365,94.53523596938776,80.7079081632653,62.82684948979592
FAMILY-70,FATHER,local,4206971,3.9825713634490967,3.927598476409912,6.638707637786865,7.33027446269989,9.015380859375,1.9218106269836426,82.87826849489795,48.2242506377551,15.862165178571427
FAMILY-70,FATHER,bending,4206972,3.8911643028259277,4.230440139770508,6.055107831954956,6.282030820846558,6.720938682556152,1.8098995685577393,79.54001913265306,53.5514987244898,11.358019770408163
FAMILY-70,FATHER,elastic,4206980,7.002658367156982,6.941169738769531,11.283063888549805,12.418673515319824,16.292449951171875,3.209299325942993,95.25669642857143,79.50215242346938,60.15824298469388
FAMILY-70,FATHER,local,4206981,3.9538567066192627,3.8143138885498047,6.5091259479522705,7.18494713306427,8.660877227783203,1.8046858310699463,85.03667091836735,46.4225924744898,14.764030612244897
FAMILY-70,FATHER,bending,4206982,4.453425884246826,4.792572975158691,6.904027223587036,7.234205365180969,7.946969985961914,2.04181170463562,83.00581951530613,60.53890306122449,30.287388392857146
FAMILY-70,FATHER,elastic,4206990,5.16916036605835,5.2588653564453125,7.924944877624512,8.817713499069214,11.823196411132812,2.176628589630127,91.56369579081633,70.19889987244898,35.933514030612244
FAMILY-70,FATHER,local,4206991,3.372907876968384,3.073643684387207,5.638009548187256,6.349568963050842,7.361879825592041,1.5316455364227295,82.40593112244898,29.7054368622449,7.146843112244898
FAMILY-70,FATHER,bending,4206992,6.173120021820068,6.589098930358887,9.539226531982422,10.057983875274658,11.238763809204102,2.806002140045166,89.51889349489795,73.7743144132653,56.18223852040817
FAMILY-70,MOTHER,elastic,4207000,8.322052955627441,8.163376808166504,13.339263439178467,14.353161334991455,22.541805267333984,3.772259473800659,96.53021364795919,85.7959980867347,70.09725765306123
FAMILY-70,MOTHER,local,4207001,4.6510467529296875,4.660268783569336,7.499073505401611,7.863598346710205,9.560208320617676,2.1759462356567383,85.93949298469387,59.63608099489795,32.34813456632653
FAMILY-70,MOTHER,bending,4207002,5.061870098114014,5.382853984832764,7.805499792098999,8.261196613311768,9.316803932189941,2.290687084197998,86.15473533163265,66.55173788265306,41.75701530612245
FAMILY-70,MOTHER,elastic,4207010,4.997642993927002,4.766056060791016,8.240094661712646,8.855677843093872,12.166448593139648,2.3908660411834717,89.07445790816327,61.54536033163265,34.42083864795919
FAMILY-70,MOTHER,local,4207011,3.1977105140686035,3.2242684364318848,4.887678384780884,5.438069105148315,6.834893703460693,1.368733286857605,80.94108737244898,29.189253826530614,2.7283960459183674
FAMILY-70,MOTHER,bending,4207012,5.2101054191589355,5.633530616760254,8.090053081512451,8.443297386169434,9.180825233459473,2.402064800262451,85.83984375,67.40672831632652,45.218829719387756
FAMILY-70,MOTHER,elastic,4207020,8.057180404663086,8.065361022949219,12.261503219604492,13.222846984863281,16.75291633605957,3.2527239322662354,97.43303571428571,87.64548788265306,71.89492984693877
FAMILY-70,MOTHER,local,4207021,3.258542537689209,3.2720251083374023,4.967845439910889,5.450325012207031,7.428171634674072,1.3067351579666138,82.53547512755102,27.03882334183674,1.8594547193877553
FAMILY-70,MOTHER,bending,4207022,5.669571399688721,6.189009666442871,8.83440113067627,9.125425100326538,9.646455764770508,2.654270887374878,86.63105867346938,70.3384088010204,51.99896364795919
FAMILY-70,MOTHER,elastic,4207030,9.071496963500977,8.944772720336914,14.240274429321289,15.680137872695923,20.993465423583984,3.8562281131744385,97.50677614795919,90.34000318877551,76.45089285714286
FAMILY-70,MOTHER,local,4207031,3.5779852867126465,3.4972128868103027,5.686519384384155,6.09278130531311,6.8148417472839355,1.56499445438385,82.67299107142857,40.84422831632653,5.947066326530613
FAMILY-70,MOTHER,bending,4207032,6.860607624053955,7.290711402893066,10.57340383529663,11.200059652328491,12.6641845703125,3.1011548042297363,91.96428571428571,77.08067602040816,61.866230867346935
FAMILY-70,MOTHER,elastic,4207040,6.052623748779297,5.952622413635254,10.089781761169434,11.30240273475647,14.180615425109863,2.9046995639801025,91.796875,73.73246173469387,49.420041454081634
FAMILY-70,MOTHER,local,4207041,3.4737255573272705,3.4126129150390625,5.778674125671387,6.559324383735657,7.2020440101623535,1.6337862014770508,80.19172512755102,35.10243941326531,8.454241071428571
FAMILY-70,MOTHER,bending,4207042,3.357452392578125,3.651399612426758,5.225044012069702,5.419910669326782,5.794773101806641,1.56216299533844,75.68160076530613,43.018574617346935,0.0
FAMILY-71,CHILD,elastic,4207050,5.376471519470215,5.218603134155273,8.56862735748291,9.65768551826477,13.21068286895752,2.3168294429779053,93.50685586734694,71.16948341836735,37.29472257653062
FAMILY-71,CHILD,local,4207051,3.41048264503479,3.2218265533447266,5.893306493759155,6.662254333496094,7.793783187866211,1.687992811203003,76.65816326530613,34.3132174744898,9.181680484693878
FAMILY-71,CHILD,bending,4207052,6.824678897857666,7.407390594482422,10.612793445587158,11.037712812423706,11.879887580871582,3.1635189056396484,89.83577806122449,76.28148915816327,61.66693239795919
FAMILY-71,CHILD,elastic,4207060,5.500521183013916,5.293789386749268,8.990360260009766,9.922376871109009,12.781172752380371,2.5733892917633057,91.796875,67.87507971938776,41.37436224489796
FAMILY-71,CHILD,local,4207061,3.3357644081115723,3.353422164916992,5.260878562927246,5.883302450180054,6.6449174880981445,1.4056098461151123,81.72831632653062,29.703443877551024,4.19124681122449
FAMILY-71,CHILD,bending,4207062,3.8414528369903564,4.090795993804932,5.928307294845581,6.265170931816101,7.0406293869018555,1.7413522005081177,80.01833545918367,51.568478954081634,8.669483418367346
FAMILY-71,CHILD,elastic,4207070,5.295572280883789,5.200045585632324,8.518630504608154,9.179438352584839,12.05262279510498,2.3426554203033447,92.33697385204081,67.90098852040816,38.47855548469388
FAMILY-71,CHILD,local,4207071,4.181934356689453,3.9732532501220703,6.950066804885864,7.805597543716431,9.284208297729492,1.9523653984069824,87.93048469387756,49.38815369897959,18.88153698979592
FAMILY-71,CHILD,bending,4207072,5.53839111328125,5.985800743103027,8.598437309265137,8.979116916656494,9.774227142333984,2.5516891479492188,86.95990114795919,69.75845025510205,49.832589285714285
FAMILY-71,CHILD,elastic,4207080,5.952701091766357,5.719359874725342,9.86460542678833,10.909995555877686,16.166162490844727,2.944422960281372,92.03204719387756,70.80676020408163,46.693638392857146
FAMILY-71,CHILD,local,4207081,2.501688003540039,2.3744497299194336,4.373569965362549,4.844345331192017,6.4279255867004395,1.3346130847930908,59.25741390306123,14.042570153061224,1.0642538265306123
FAMILY-71,CHILD,bending,4207082,7.083746433258057,7.558529853820801,10.942439556121826,11.543829441070557,12.917878150939941,3.2177305221557617,92.05197704081633,77.84398915816327,63.38887117346938
FAMILY-71,CHILD,elastic,4207090,4.253992557525635,3.9900121688842773,7.294560194015503,8.09224557876587,11.914121627807617,2.164480447769165,84.9788743622449,49.86049107142857,22.014508928571427
FAMILY-71,CHILD,local,4207091,4.409754753112793,4.088944435119629,7.073945045471191,7.720418572425842,9.394906997680664,1.8786966800689697,91.42617984693877,52.18231823979592,23.088727678571427
FAMILY-71,CHILD,bending,4207092,4.175546169281006,4.439050674438477,6.436335325241089,6.815809965133667,7.695462226867676,1.8886224031448364,82.07310267857143,56.895727040816325,19.963727678571427
FAMILY-71,FATHER,elastic,4207100,6.079392910003662,5.914094924926758,10.193447589874268,10.974825620651245,13.533037185668945,2.947392702102661,92.00215242346938,71.93478954081633,49.05532525510204
FAMILY-71,FATHER,local,4207101,4.472137928009033,4.175164222717285,7.9415435791015625,8.898177146911621,11.712591171264648,2.3869941234588623,85.12236926020408,52.95758928571429,23.170440051020407
FAMILY-71,FATHER,bending,4207102,4.463813781738281,4.809638023376465,6.9223597049713135,7.246368050575256,7.946387767791748,2.0487375259399414,83.01578443877551,60.694355867346935,30.644132653061224
FAMILY-71,FATHER,elastic,4207110,7.058132171630859,7.015308856964111,10.88408613204956,12.200473070144653,21.14034652709961,3.0425920486450195,95.92833227040816,82.32023278061224,61.86025191326531
FAMILY-71,FATHER,local,4207111,3.4677164554595947,3.4317007064819336,5.526321887969971,6.042676568031311,7.25221061706543,1.570139765739441,79.83697385204081,38.57621173469388,5.408960459183673
FAMILY-71,FATHER,bending,4207112,3.8827035427093506,4.179727554321289,6.019440412521362,6.305991530418396,6.924998760223389,1.7805458307266235,79.92466517857143,52.955596301020414,10.451211734693878
FAMILY-71,FATHER,elastic,4207120,9.157988548278809,9.299749374389648,14.42612075805664,15.507794618606567,19.846506118774414,3.992603063583374,96.74545599489795,88.00422512755102,75.55604272959184
FAMILY-71,FATHER,local,4207121,3.921520948410034,3.8770265579223633,6.297419309616089,6.773696303367615,7.864625453948975,1.7798346281051636,84.12786989795919,47.899394132653065,13.92498405612245
FAMILY-71,FATHER,bending,4207122,6.65718936920166,7.1882710456848145,10.331520557403564,10.797439575195312,11.782734870910645,3.063222885131836,89.93343431122449,75.76729910714286,60.40537308673469
FAMILY-71,FATHER,elastic,4207130,6.519538879394531,6.555307865142822,10.070691585540771,11.02107286453247,15.824865341186523,2.7597298622131348,94.89198022959184,80.00837053571429,56.58681441326531
FAMILY-71,FATHER,local,4207131,3.535179615020752,3.3084659576416016,5.887528419494629,6.475571155548096,7.198101043701172,1.5150889158248901,84.79551977040816,33.924585459183675,9.199617346938775
FAMILY-71,FATHER,bending,4207132,4.699246406555176,5.0629472732543945,7.287265300750732,7.629014492034912,8.367603302001953,2.1565544605255127,84.04815051020408,63.11383928571429,35.9195631377551
FAMILY-71,FATHER,elastic,4207140,4.54420280456543,4.460805416107178,7.054766654968262,7.744471311569214,10.38268756866455,1.8984260559082031,90.30811543367348,59.80947066326531,22.81967474489796
FAMILY-71,FATHER,local,4207141,3.2177371978759766,3.0925886631011963,5.123722791671753,5.447084426879883,6.682186126708984,1.3355945348739624,81.29783163265306,29.19323979591837,1.4209980867346939
FAMILY-71,FATHER,bending,4207142,4.192394733428955,4.4864702224731445,6.485390901565552,6.823737621307373,7.581843376159668,1.911035180091858,81.89971301020408,57.320232780612244,21.584024234693878
FAMILY-71,MOTHER,elastic,4207150,4.9768524169921875,4.800655841827393,8.244070053100586,9.030604362487793,11.580928802490234,2.3633763790130615,89.15218431122449,61.86025191326531,34.261399872448976
FAMILY-71,MOTHER,local,4207151,2.6270294189453125,2.4593632221221924,4.142506837844849,5.661140084266663,7.439897537231445,1.3640284538269043,66.94236288265306,11.330117984693878,4.167330994897959
FAMILY-71,MOTHER,bending,4207152,4.073984622955322,4.425844192504883,6.337156772613525,6.58328902721405,7.067226409912109,1.8913383483886719,80.67402742346938,56.14237882653062,18.22185905612245
FAMILY-71,MOTHER,elastic,4207160,8.88778018951416,8.795387268066406,13.389209270477295,14.777337312698364,19.96570587158203,3.493046522140503,98.3577806122449,91.63942920918367,79.04177295918367
FAMILY-71,MOTHER,local,4207161,3.7881011962890625,3.707465648651123,5.9147796630859375,7.04664421081543,8.793349266052246,1.646240472793579,86.99178890306123,41.476004464285715,9.307238520408163
FAMILY-71,MOTHER,bending,4207162,6.658961772918701,7.273553848266602,10.376883506774902,10.712016105651855,11.301255226135254,3.1207990646362305,88.99274553571429,75.29695471938776,60.63058035714286
FAMILY-71,MOTHER,elastic,4207170,8.618885040283203,8.649894714355469,13.165404319763184,14.154466390609741,17.772186279296875,3.50993013381958,97.47488839285714,88.83928571428571,74.91430165816327
FAMILY-71,MOTHER,local,4207171,4.180690765380859,4.0575971603393555,6.989437103271484,7.387264251708984,8.187678337097168,1.8981045484542847,86.5413743622449,50.982541454081634,20.19889987244898
FAMILY-71,MOTHER,bending,4207172,4.557661533355713,4.891243934631348,7.058157682418823,7.410273551940918,8.185333251953125,2.083757162094116,83.60172193877551,61.680883290816325,32.64110331632653
FAMILY-71,MOTHER,elastic,4207180,7.296184539794922,6.951210021972656,12.10572862625122,13.686801195144653,18.312091827392578,3.4747531414031982,95.67522321428571,81.7821269132653,60.73421556122449
FAMILY-71,MOTHER,local,4207181,3.1518988609313965,3.2592968940734863,4.550904750823975,4.776739001274109,5.479755878448486,1.127347469329834,83.45623405612244,26.132015306122447,0.0
FAMILY-71,MOTHER,bending,4207182,3.391233444213867,3.7234082221984863,5.290747404098511,5.4476447105407715,5.647926330566406,1.6075963973999023,75.60586734693877,44.9577487244898,0.0
FAMILY-71,MOTHER,elastic,4207190,9.463532447814941,9.340587615966797,15.149420738220215,16.501136779785156,23.932283401489258,4.276577472686768,96.9467474489796,88.6898118622449,77.30389030612244
FAMILY-71,MOTHER,local,4207191,3.3761918544769287,3.284405469894409,5.5750110149383545,6.473702430725098,8.577008247375488,1.6848124265670776,76.11407844387756,34.891183035714285,7.535475127551021
FAMILY-71,MOTHER,bending,4207192,4.0362067222595215,4.376565933227539,6.275030851364136,6.531094312667847,7.0429558753967285,1.8689464330673218,80.5404974489796,55.56441326530612,16.605548469387756
FAMILY-72,CHILD,elastic,4207200,8.690218925476074,8.576886177062988,14.206586360931396,15.699725151062012,19.595821380615234,4.049980640411377,96.07182716836735,85.87372448979592,72.1141581632653
FAMILY-72,CHILD,local,4207201,4.398972034454346,4.384010314941406,7.115196943283081,7.925163745880127,9.994750022888184,2.217435836791992,81.76020408163265,54.737324617346935,27.957589285714285
FAMILY-72,CHILD,bending,4207202,6.6366400718688965,7.091095447540283,10.258285522460938,10.809113025665283,12.05219554901123,3.0198845863342285,90.7047193877551,75.96460459183673,60.15425701530612
FAMILY-72,CHILD,elastic,4207210,6.864952087402344,6.67065954208374,10.616888523101807,12.006625413894653,17.079940795898438,2.9115149974823,96.83314732142857,83.06760204081633,58.02774234693877
FAMILY-72,CHILD,local,4207211,3.6678988933563232,3.6326098442077637,6.094781398773193,6.895431756973267,8.596542358398438,1.90407395362854,76.1280293367347,43.82772640306122,11.14875637755102
FAMILY-72,CHILD,bending,4207212,4.133734226226807,4.48771858215332,6.42833137512207,6.684018135070801,7.187466144561768,1.917123556137085,81.03276466836735,56.89373405612245,20.69714604591837
FAMILY-72,CHILD,elastic,4207220,7.651296138763428,7.664751052856445,12.046791553497314,13.265313863754272,16.751384735107422,3.3951122760772705,95.65728635204081,83.69140625,66.0514987244898
FAMILY-72,CHILD,local,4207221,4.137451648712158,4.0923967361450195,6.623127698898315,7.672098398208618,9.572076797485352,1.915284276008606,85.4053730867347,52.076690051020414,16.477997448979593
FAMILY-72,CHILD,bending,4207222,3.549781560897827,3.8912596702575684,5.537007808685303,5.705317497253418,5.911746978759766,1.6781575679779053,76.83553890306123,48.19036989795919,0.0
FAMILY-72,CHILD,elastic,4207230,8.054322242736816,8.169607162475586,11.99606466293335,13.011370420455933,16.872913360595703,3.0971837043762207,97.76985012755102,88.90704719387756,73.39166135204081
FAMILY-72,CHILD,local,4207231,2.994950294494629,2.793588638305664,5.29378342628479,6.425761699676514,8.379076957702637,1.6786553859710693,69.64086415816327,20.85459183673469,6.821986607142858
FAMILY-72,CHILD,bending,4207232,6.703957557678223,7.338678359985352,10.453699111938477,10.780919551849365,11.248233795166016,3.1568024158477783,88.85921556122449,75.37468112244898,61.009247448979586
FAMILY-72,CHILD,elastic,4207240,7.627464294433594,7.4628190994262695,12.382155895233154,13.46771502494812,19.87042999267578,3.5975303649902344,95.25669642857143,82.02327806122449,64.2040019132653
FAMILY-72,CHILD,local,4207241,4.48070764541626,4.456246376037598,7.341354608535767,7.892070651054382,9.929017066955566,2.0588183403015137,86.57326211734694,57.830436862244895,23.451450892857142
FAMILY-72,CHILD,bending,4207242,4.527096271514893,4.929032802581787,7.048624515533447,7.3037073612213135,7.783071994781494,2.109964370727539,82.80452806122449,61.48955676020408,32.98190369897959
FAMILY-72,FATHER,elastic,4207250,6.9543681144714355,6.679829120635986,11.203318119049072,12.433011054992676,15.765836715698242,3.0403199195861816,96.47441007653062,82.47767857142857,59.173708545918366
FAMILY-72,FATHER,local,4207251,3.8709468841552734,3.8086977005004883,6.0216522216796875,6.770289897918701,8.34089469909668,1.593793511390686,88.29719387755102,44.676737882653065,10.160235969387756
FAMILY-72,FATHER,bending,4207252,4.462249755859375,4.7835893630981445,6.907109022140503,7.2585402727127075,8.039037704467773,2.037383556365967,83.19714604591837,60.63058035714286,30.27941645408163
FAMILY-72,FATHER,elastic,4207260,5.142331600189209,5.1239213943481445,8.11004638671875,8.846593856811523,11.323888778686523,2.221897840499878,91.88257334183673,68.05843431122449,35.56879783163265
FAMILY-72,FATHER,local,4207261,2.454028606414795,2.437039375305176,3.848890781402588,4.210671901702881,5.291385650634766,1.0290976762771606,66.0335618622449,7.557397959183673,0.0
FAMILY-72,FATHER,bending,4207262,6.084421634674072,6.563288688659668,9.439707279205322,9.873704433441162,10.798294067382812,2.7963082790374756,88.55229591836735,73.05086096938776,55.66206951530612
FAMILY-72,FATHER,elastic,4207270,8.400128364562988,8.326918601989746,13.283729553222656,14.318736553192139,23.33407211303711,3.646845579147339,97.3373724489796,87.50797193877551,71.69961734693877
FAMILY-72,FATHER,local,4207271,3.512925386428833,3.5384249687194824,5.562772989273071,6.13361656665802,8.032318115234375,1.6441450119018555,78.44188456632652,39.77598852040816,5.970982142857143
FAMILY-72,FATHER,bending,4207272,6.891493320465088,7.517942428588867,10.737537384033203,11.10050916671753,11.759455680847168,3.222352981567383,89.55277423469387,76.27351721938776,62.18710140306123
FAMILY-72,FATHER,elastic,4207280,6.224346160888672,6.165308952331543,9.738029956817627,10.959807634353638,14.43179702758789,2.729011058807373,93.9014668367347,77.61678890306123,52.14046556122449
FAMILY-72,FATHER,local,4207281,4.605871677398682,4.678464889526367,6.5430169105529785,7.535225510597229,9.086052894592285,1.7087454795837402,91.62547831632652,66.90449617346938,18.42514349489796
FAMILY-72,FATHER,bending,4207282,4.0957746505737305,4.391712188720703,6.341745138168335,6.660845041275024,7.368692874908447,1.8711645603179932,81.31975446428571,56.04472257653062,17.908960459183675
FAMILY-72,FATHER,elastic,4207290,7.09128475189209,6.996157169342041,11.200799942016602,12.352313756942749,16.563751220703125,3.061612367630005,95.63337053571429,83.33067602040816,61.27232142857143
FAMILY-72,FATHER,local,4207291,2.824458599090576,2.7857413291931152,4.181909561157227,4.6198179721832275,6.347239971160889,1.012979507446289,79.56592793367348,12.858737244897958,0.5739795918367347
FAMILY-72,FATHER,bending,4207292,5.991589546203613,6.560988903045654,9.343185424804688,9.634654760360718,10.033117294311523,2.823617458343506,87.2329400510204,72.08426339285714,55.367107780612244
FAMILY-72,MOTHER,elastic,4207300,5.2231059074401855,5.08598518371582,8.399821758270264,9.341021060943604,14.424251556396484,2.3850629329681396,91.70121173469387,65.94786352040816,37.21699617346938
FAMILY-72,MOTHER,local,4207301,4.605433940887451,4.288033485412598,7.942969560623169,9.013985633850098,11.749185562133789,2.4493985176086426,85.90760522959184,54.61176658163265,25.76929209183674
FAMILY-72,MOTHER,bending,4207302,3.7648532390594482,4.127213478088379,5.872622489929199,6.0509456396102905,6.2699360847473145,1.7799917459487915,78.29041772959184,51.99697066326531,6.503109056122448
FAMILY-72,MOTHER,elastic,4207310,7.8765997886657715,7.665197372436523,12.643532752990723,14.168394565582275,19.013830184936523,3.503554105758667,96.73947704081633,85.59869260204081,68.27566964285714
FAMILY-72,MOTHER,local,4207311,4.582160472869873,4.398083686828613,7.358922958374023,8.482624292373657,11.146172523498535,1.99876070022583,91.9204400510204,57.33219068877551,21.00605867346939
FAMILY-72,MOTHER,bending,4207312,5.869263172149658,6.34312105178833,9.112021446228027,9.515986919403076,10.360333442687988,2.703878879547119,87.9085618622449,71.79328762755102,53.595344387755105
FAMILY-72,MOTHER,elastic,4207320,6.251804828643799,6.105623245239258,10.220170974731445,11.071547269821167,15.022439002990723,2.875455141067505,93.67625956632652,75.15345982142857,51.29942602040817
FAMILY-72,MOTHER,local,4207321,2.9929933547973633,2.9187283515930176,4.44109845161438,4.759205222129822,6.6857476234436035,1.1115812063217163,80.57039221938776,19.152582908163264,0.7493622448979591
FAMILY-72,MOTHER,bending,4207322,3.899137496948242,4.233098983764648,6.0635504722595215,6.30465304851532,6.780982971191406,1.8081566095352173,79.67753507653062,53.59135841836735,11.559311224489797
FAMILY-72,MOTHER,elastic,4207330,5.83835506439209,5.8748884201049805,9.431113719940186,10.522654056549072,14.344603538513184,2.712369680404663,91.51586415816327,72.39516900510205,48.17841198979592
FAMILY-72,MOTHER,local,4207331,3.0727834701538086,3.0054025650024414,5.089292764663696,5.511071443557739,6.613917827606201,1.4369431734085083,74.61535395408163,27.861926020408163,1.5784438775510203
FAMILY-72,MOTHER,bending,4207332,3.896820068359375,4.248260498046875,6.069643020629883,6.280575156211853,6.668464660644531,1.8198578357696533,79.45432079081633,53.75478316326531,11.72672193877551
FAMILY-72,MOTHER,elastic,4207340,8.0320463180542,7.986205101013184,12.7036771774292,14.120121240615845,18.645051956176758,3.5086259841918945,96.4405293367347,86.17865114795919,70.01753826530613
FAMILY-72,MOTHER,local,4207341,3.3116281032562256,3.3114662170410156,5.086508750915527,5.552446126937866,6.500112056732178,1.3255457878112793,81.73030931122449,31.897720025510207,2.184311224489796
FAMILY-72,MOTHER,bending,4207342,3.6602842807769775,3.901200771331787,5.651197910308838,5.9670737981796265,6.691679000854492,1.6609324216842651,78.75876913265306,48.182397959183675,4.4702646683673475
FAMILY-73,CHILD,elastic,4207350,8.609271049499512,8.434195518493652,14.064560413360596,15.57364535331726,21.4832763671875,4.057580947875977,96.0578762755102,85.97138073979592,70.75294961734694
FAMILY-73,CHILD,local,4207351,2.996166706085205,2.887728691101074,5.090787172317505,5.392453908920288,6.328784465789795,1.454611897468567,71.42458545918367,27.97154017857143,0.42849170918367346
FAMILY-73,CHILD,bending,4207352,7.033515930175781,7.516330718994141,10.87370491027832,11.453195333480835,12.764606475830078,3.2013535499572754,91.80883290816327,77.60881696428571,63.03411989795919
FAMILY-73,CHILD,elastic,4207360,6.509557723999023,6.534581661224365,9.961503505706787,10.66339111328125,14.712325096130371,2.6325151920318604,95.34438775510205,81.46125637755102,57.69092793367348
FAMILY-73,CHILD,local,4207361,3.4151623249053955,3.6248183250427246,5.432888746261597,5.823748707771301,7.681742191314697,1.6069475412368774,77.64668367346938,36.91605548469388,4.00390625
FAMILY-73,CHILD,bending,4207362,3.3733134269714355,3.6515841484069824,5.240693092346191,5.4635679721832275,5.921756267547607,1.5578396320343018,76.01642219387756,42.9069674744898,0.0
FAMILY-73,CHILD,elastic,4207370,8.027997970581055,7.983564853668213,12.492528438568115,14.093467950820923,20.851945877075195,3.690758228302002,94.81624681122449,84.58426339285714,69.0170599489796
FAMILY-73,CHILD,local,4207371,5.112127304077148,4.9232659339904785,8.593606948852539,9.328580856323242,12.33588695526123,2.5314364433288574,88.08793048469387,64.84375,33.40043048469388
FAMILY-73,CHILD,bending,4207372,3.953725814819336,4.202828884124756,6.094250679016113,6.454293727874756,7.292461395263672,1.7877334356307983,80.81353635204081,53.39405293367348,12.11734693877551
FAMILY-73,CHILD,elastic,4207380,7.0023064613342285,6.893035888671875,11.21535587310791,12.323961734771729,18.957307815551758,3.194408893585205,94.8501275510204,80.8334661989796,59.66597576530612
FAMILY-73,CHILD,local,4207381,5.1175456047058105,4.898032188415527,7.855503559112549,8.995603561401367,10.95673942565918,2.0888335704803467,94.3538743622449,67.13169642857143,33.0257493622449
FAMILY-73,CHILD,bending,4207382,4.833014965057373,5.166419982910156,7.4731433391571045,7.86985170841217,8.764554023742676,2.2004711627960205,84.95097257653062,64.4172512755102,38.07597257653062
FAMILY-73,CHILD,elastic,4207390,9.758255958557129,9.687714576721191,15.403631687164307,16.866297245025635,22.522968292236328,4.324662685394287,96.7514349489796,89.47704081632652,79.08163265306123
FAMILY-73,CHILD,local,4207391,2.456557512283325,2.46950101852417,4.124685764312744,4.609194993972778,6.030315399169922,1.2455381155014038,61.68885522959183,11.886160714285714,0.12356505102040817
FAMILY-73,CHILD,bending,4207392,6.530346393585205,7.1473798751831055,10.183690547943115,10.502309799194336,10.961822509765625,3.0744950771331787,88.55428890306123,74.6352838010204,59.77758290816326
FAMILY-73,FATHER,elastic,4207400,8.966014862060547,8.882230758666992,13.936651706695557,15.1593656539917,18.092126846313477,3.718414068222046,97.7000956632653,90.25430484693877,76.8734056122449
FAMILY-73,FATHER,local,4207401,2.787656307220459,2.8089990615844727,4.552852630615234,4.9833290576934814,6.448707103729248,1.3759031295776367,68.97919323979592,21.526227678571427,0.8928571428571428
FAMILY-73,FATHER,bending,4207402,5.356376647949219,5.795350074768066,8.319499969482422,8.678035736083984,9.42186164855957,2.4714434146881104,86.27232142857143,68.4829400510204,47.488839285714285
FAMILY-73,FATHER,elastic,4207410,5.833724021911621,5.785083770751953,9.371077537536621,10.406514167785645,14.071497917175293,2.615230083465576,92.8970025510204,73.42753507653062,46.98062818877551
FAMILY-73,FATHER,local,4207411,3.7824058532714844,3.7133545875549316,6.1068809032440186,6.649165749549866,8.659173011779785,1.7245709896087646,81.71635841836735,44.44156568877551,11.106903698979592
FAMILY-73,FATHER,bending,4207412,4.793221950531006,5.1014933586120605,7.3933515548706055,7.819940686225891,8.805797576904297,2.1707327365875244,84.97488839285714,64.11033163265306,37.03762755102041
FAMILY-73,FATHER,elastic,4207420,8.813652992248535,8.630983352661133,14.016141414642334,15.459409475326538,20.786441802978516,3.9517059326171875,96.97265625,87.97632334183673,74.4140625
FAMILY-73,FATHER,local,4207421,4.393926620483398,4.218982696533203,7.367738723754883,8.33262825012207,10.4992094039917,2.1499862670898438,86.44770408163265,53.73485331632652,22.684151785714285
FAMILY-73,FATHER,bending,4207422,5.413703918457031,5.860142230987549,8.410398960113525,8.768308162689209,9.503985404968262,2.5000739097595215,86.4078443877551,68.86160714285714,48.333864795918366
FAMILY-73,FATHER,elastic,4207430,7.77225399017334,7.536012649536133,12.540475368499756,14.141857624053955,23.718839645385742,3.7376086711883545,95.69714604591837,82.70487882653062,65.3140943877551
FAMILY-73,FATHER,local,4207431,2.9129390716552734,2.729534149169922,5.203760385513306,5.628180503845215,8.114933013916016,1.5639632940292358,67.86511479591837,22.472895408163264,2.7463329081632653
FAMILY-73,FATHER,bending,4207432,6.52931547164917,7.002228736877441,10.11049747467041,10.616507053375244,11.739039421081543,2.9837937355041504,90.08888711734694,75.37667410714286,59.375
FAMILY-73,FATHER,elastic,4207440,5.0832624435424805,5.057947158813477,8.212811946868896,8.971636056900024,12.49454402923584,2.378798723220825,88.88711734693877,64.96930803571429,36.94595025510204
FAMILY-73,FATHER,local,4207441,4.492875576019287,4.179120063781738,7.958188533782959,9.028874635696411,10.343745231628418,2.376708745956421,84.75964604591837,52.23413584183674,26.02638711734694
FAMILY-73,FATHER,bending,4207442,7.093164443969727,7.5588274002075195,10.94975471496582,11.565838098526001,12.978462219238281,3.217575788497925,92.19547193877551,77.91772959183673,63.46659757653062
FAMILY-73,MOTHER,elastic,4207450,7.68715763092041,7.669488430023193,12.134668827056885,13.518099308013916,17.7181453704834,3.3715975284576416,95.82071109693877,84.70782844387756,68.24577487244898
FAMILY-73,MOTHER,local,4207451,3.1281747817993164,3.182490825653076,5.089548826217651,5.377271771430969,6.217536449432373,1.4482996463775635,72.13408801020408,32.57732780612245,0.4743303571428571
FAMILY-73,MOTHER,bending,4207452,5.4594902992248535,5.961915016174316,8.507676124572754,8.78508996963501,9.274219512939453,2.557645320892334,86.04312818877551,69.01905293367348,49.57549426020408
FAMILY-73,MOTHER,elastic,4207460,6.09395170211792,6.031442165374756,9.65496015548706,10.579549074172974,14.142930030822754,2.7197086811065674,93.23979591836735,75.37667410714286,50.44443558673469
FAMILY-73,MOTHER,local,4207461,4.2398529052734375,3.8866310119628906,7.693817377090454,8.707327127456665,9.71073055267334,2.3103232383728027,82.32621173469387,48.096699617346935,22.941246811224488
FAMILY-73,MOTHER,bending,4207462,6.274912357330322,6.740715980529785,9.721230506896973,10.199753046035767,11.248311042785645,2.8712222576141357,89.33155293367348,74.1390306122449,57.28435905612245
FAMILY-73,MOTHER,elastic,4207470,5.222056865692139,5.150032997131348,8.49560546875,9.337067127227783,12.444609642028809,2.4212076663970947,90.12675382653062,65.99569515306123,38.23939732142857
FAMILY-73,MOTHER,local,4207471,4.4798407554626465,4.442432403564453,6.603260517120361,7.0606043338775635,8.875592231750488,1.6137847900390625,92.91892538265306,60.985331632653065,18.381297831632654
FAMILY-73,MOTHER,bending,4207472,4.195248603820801,4.5536274909973145,6.523954629898071,6.784626007080078,7.300480365753174,1.9449398517608643,81.37954400510205,57.66900510204081,23.29001913265306
FAMILY-73,MOTHER,elastic,4207480,7.045464992523193,6.798530578613281,11.228852272033691,12.802597045898438,19.921274185180664,3.2741827964782715,95.26466836734694,81.8538743622449,59.32916135204081
FAMILY-73,MOTHER,local,4207481,4.732246398925781,4.86094856262207,7.303782939910889,8.025200843811035,10.084569931030273,2.0890719890594482,88.20551658163265,63.31513073979592,31.373565051020407
FAMILY-73,MOTHER,bending,4207482,6.283156394958496,6.678446292877197,9.68352746963501,10.25674557685852,11.59477424621582,2.840465545654297,90.33601721938776,74.4399713010204,57.08306760204081
FAMILY-73,MOTHER,elastic,4207490,4.1548027992248535,3.887678623199463,7.163410186767578,8.133610963821411,11.322212219238281,2.1479599475860596,83.43630420918367,48.12260841836735,19.58107461734694
FAMILY-73,MOTHER,local,4207491,4.78450870513916,4.78024435043335,7.194122314453125,7.943222403526306,9.982237815856934,1.9252339601516724,92.0360331632653,65.7047193877551,26.90927933673469
FAMILY-73,MOTHER,bending,4207492,4.584524154663086,4.980713844299316,7.131990671157837,7.407529711723328,7.948652744293213,2.128852605819702,83.16924426020408,62.03563456632652,34.088010204081634
FAMILY-74,CHILD,elastic,4207500,4.838261127471924,4.841269016265869,7.720998764038086,8.529784440994263,11.972505569458008,2.243166446685791,86.98381696428571,63.8671875,31.961495535714285
FAMILY-74,CHILD,local,4207501,4.453292369842529,4.116194725036621,7.818248271942139,8.666867733001709,10.80305290222168,2.427814483642578,82.81449298469387,51.642219387755105,27.421476403061224
FAMILY-74,CHILD,bending,4207502,6.372015476226807,6.972374439239502,9.937017917633057,10.247574806213379,10.702277183532715,2.999241590499878,88.15569196428571,73.95368303571429,58.56385522959183
FAMILY-74,CHILD,elastic,4207510,7.195977210998535,6.615262985229492,12.59562063217163,14.21979808807373,18.841705322265625,3.7723803520202637,93.96922831632652,78.86838329081633,57.12890625
FAMILY-74,CHILD,local,4207511,4.156948089599609,4.286386013031006,6.336153984069824,7.032544732093811,8.397677421569824,1.8103761672973633,84.6938775510204,55.06816007653062,14.335538903061224
FAMILY-74,CHILD,bending,4207512,4.665820598602295,5.013243198394775,7.2292797565460205,7.583336710929871,8.3580322265625,2.1355981826782227,84.02224170918367,62.75908801020408,35.074537627551024
FAMILY-74,CHILD,elastic,4207520,6.376682281494141,6.228598117828369,10.266585350036621,11.3617684841156,15.964226722717285,2.96936297416687,94.04695471938776,75.02391581632652,52.60881696428571
FAMILY-74,CHILD,local,4207521,3.283268928527832,3.172140121459961,5.780350685119629,6.3608222007751465,7.38289737701416,1.7367329597473145,72.05636160714286,34.20360331632653,7.896205357142858
FAMILY-74,CHILD,bending,4207522,5.46523380279541,5.86348819732666,8.463855743408203,8.885951280593872,9.818032264709473,2.4983949661254883,87.01371173469387,69.43558673469387,48.30994897959184
FAMILY-74,CHILD,elastic,4207530,7.5009894371032715,7.297109603881836,12.04774522781372,13.690783739089966,18.767518997192383,3.3990230560302734,96.4225924744898,83.47616390306123,64.46707589285714
FAMILY-74,CHILD,local,4207531,5.612677097320557,5.660714149475098,8.818470001220703,9.362748622894287,10.947611808776855,2.4333853721618652,91.78491709183673,71.45647321428571,45.50581951530612
FAMILY-74,CHILD,bending,4207532,4.439900875091553,4.792016983032227,6.889468193054199,7.2025662660598755,7.865184307098389,2.042173385620117,82.83442283163265,60.41932397959183,30.13392857142857
FAMILY-74,CHILD,elastic,4207540,6.345701217651367,6.274319648742676,10.17653512954712,11.099131107330322,14.958864212036133,2.880039691925049,93.6702806122449,76.43096301020408,53.49968112244898
FAMILY-74,CHILD,local,4207541,2.8672242164611816,2.8876256942749023,5.068796157836914,5.6172943115234375,6.970829486846924,1.658605933189392,65.29416454081633,26.401068239795915,3.4099968112244894
FAMILY-74,CHILD,bending,4207542,5.258890628814697,5.7443647384643555,8.19610595703125,8.458830118179321,8.915664672851562,2.4657397270202637,85.36551339285714,67.67378826530613,47.000558035714285
FAMILY-74,FATHER,elastic,4207550,5.159122467041016,5.158197402954102,7.962925910949707,8.692589044570923,11.168429374694824,2.162855625152588,91.97225765306123,69.06289859693877,35.92952806122449
FAMILY-74,FATHER,local,4207551,2.707887649536133,2.7621283531188965,4.137881278991699,4.482515811920166,5.879673004150391,1.1253747940063477,71.7414700255102,12.509964923469388,0.0
FAMILY-74,FATHER,bending,4207552,6.543941020965576,6.966768264770508,10.09655237197876,10.674030780792236,12.006879806518555,2.965097188949585,90.97775829081633,75.63775510204081,59.38895089285714
FAMILY-74,FATHER,elastic,4207560,7.754626274108887,7.481210231781006,12.423983097076416,13.612065076828003,20.676883697509766,3.436051845550537,96.93279655612244,85.87173150510205,65.73262117346938
FAMILY-74,FATHER,local,4207561,2.9006614685058594,2.848505973815918,4.670648097991943,5.12244176864624,6.9742584228515625,1.3100686073303223,71.4305644132653,19.913903061224488,0.936702806122449
FAMILY-74,FATHER,bending,4207562,6.495884895324707,7.120814323425293,10.132377624511719,10.440404891967773,10.818134307861328,3.070876359939575,88.3071588010204,74.44395727040816,59.566326530612244
FAMILY-74,FATHER,elastic,4207570,6.603760242462158,6.622400283813477,10.3695969581604,11.477385759353638,17.249523162841797,2.9419174194335938,93.97520727040816,79.22712053571429,57.57732780612245
FAMILY-74,FATHER,local,4207571,3.711275339126587,3.662977933883667,5.941360235214233,6.498855233192444,9.379780769348145,1.8307294845581055,78.9321588010204,45.08529974489796,9.26937181122449
FAMILY-74,FATHER,bending,4207572,6.302329063415527,6.830055236816406,9.796074390411377,10.200971603393555,11.018664360046387,2.9157471656799316,88.78547512755102,73.94571109693877,57.71285076530612
FAMILY-74,FATHER,elastic,4207580,8.62826919555664,8.6729097366333,13.866273403167725,15.181369304656982,20.237808227539062,4.01192569732666,95.53172831632652,85.20408163265306,71.02399553571429
FAMILY-74,FATHER,local,4207581,4.722380638122559,4.621862411499023,7.5729968547821045,8.65537166595459,11.255958557128906,2.2109646797180176,87.9524075255102,60.81991390306123,28.555484693877553
FAMILY-74,FATHER,bending,4207582,3.535799980163574,3.876852035522461,5.515904903411865,5.683019638061523,5.888522624969482,1.6724547147750854,76.7219387755102,47.921316964285715,0.0
FAMILY-74,FATHER,elastic,4207590,6.563993453979492,6.334609031677246,10.652204036712646,12.0624520778656,15.570730209350586,2.998368263244629,95.18295599489795,78.66509885204081,54.37858737244898
FAMILY-74,FATHER,local,4207591,3.4404563903808594,3.3645081520080566,5.672967195510864,6.207944631576538,7.803538799285889,1.6080358028411865,78.9241868622449,35.758131377551024,6.4453125
FAMILY-74,FATHER,bending,4207592,6.734203338623047,7.37778377532959,10.503327369689941,10.825676918029785,11.22482681274414,3.1794261932373047,88.80141900510205,75.44244260204081,61.23046875
FAMILY-74,MOTHER,elastic,4207600,6.127467155456543,6.099365234375,9.661607265472412,10.509499073028564,16.34638023376465,2.655686616897583,93.55668048469387,77.38560267857143,51.38113839285714
FAMILY-74,MOTHER,local,4207601,3.164520263671875,3.1110095977783203,5.234296083450317,5.892463564872742,8.235269546508789,1.6627147197723389,71.44451530612244,30.630181760204085,4.534040178571429
FAMILY-74,MOTHER,bending,4207602,6.331615447998047,6.94499397277832,9.877225399017334,10.174559831619263,10.544769287109375,2.9969003200531006,87.8467793367347,73.72050382653062,58.3366549744898
FAMILY-74,MOTHER,elastic,4207610,5.0230913162231445,4.979792594909668,7.792270183563232,8.519758224487305,11.849790573120117,2.0941765308380127,91.73110650510205,67.46651785714286,32.54344706632653
FAMILY-74,MOTHER,local,4207611,3.5836050510406494,3.2776408195495605,6.511406660079956,7.205983877182007,9.797210693359375,1.9857579469680786,75.09566326530613,38.24736926020408,13.721699617346939
FAMILY-74,MOTHER,bending,4207612,6.19540548324585,6.793107986450195,9.664953708648682,9.957767724990845,10.317825317382812,2.930389165878296,87.60363520408163,73.0648118622449,57.208625637755105
FAMILY-74,MOTHER,elastic,4207620,7.929638385772705,7.599812030792236,13.142077445983887,15.031907558441162,19.99973487854004,3.9150307178497314,95.65330038265306,83.02973533163265,64.54081632653062
FAMILY-74,MOTHER,local,4207621,3.1888601779937744,3.1618528366088867,4.833572149276733,5.176697015762329,7.387609481811523,1.2430816888809204,82.83641581632652,25.868941326530614,1.1559311224489797
FAMILY-74,MOTHER,bending,4207622,4.874431610107422,5.243091583251953,7.554779291152954,7.9189958572387695,8.711347579956055,2.233360528945923,84.84933035714286,64.72417091836735,39.19204400510204
FAMILY-74,MOTHER,elastic,4207630,6.340867519378662,6.236893653869629,10.255107402801514,11.38628602027893,15.317476272583008,2.9321863651275635,93.70416135204081,75.66366390306123,52.77423469387755
FAMILY-74,MOTHER,local,4207631,4.801465034484863,4.947000503540039,7.10991644859314,7.6806981563568115,10.337651252746582,1.9219847917556763,90.70272640306123,65.52535076530613,30.13193558673469
FAMILY-74,MOTHER,bending,4207632,6.124733924865723,6.517536640167236,9.446704387664795,9.99229645729065,11.253912925720215,2.773549795150757,89.6125637755102,73.58298788265306,55.56839923469388
FAMILY-74,MOTHER,elastic,4207640,7.848094940185547,7.850593566894531,12.474827766418457,13.4597909450531,20.395055770874023,3.511234998703003,95.97417091836735,84.48062818877551,67.06792091836735
FAMILY-74,MOTHER,local,4207641,2.90657114982605,2.6569480895996094,4.694057464599609,6.248103380203247,9.263818740844727,1.6407331228256226,69.10076530612244,18.64237882653061,5.560427295918367
FAMILY-74,MOTHER,bending,4207642,5.254663467407227,5.59071159362793,8.104536533355713,8.573091983795166,9.658616065979004,2.3792076110839844,86.7984693877551,68.07637117346938,44.764429209183675
FAMILY-76,CHILD,elastic,4207650,8.43022346496582,8.404003143310547,13.764525890350342,14.852855443954468,23.684953689575195,3.994098663330078,95.41414221938776,84.26937181122449,69.62691326530613
FAMILY-76,CHILD,local,4207651,3.494572877883911,3.5214455127716064,5.411874055862427,5.669442296028137,8.178632736206055,1.487186312675476,81.39947385204081,39.13624043367347,3.1389508928571432
FAMILY-76,CHILD,bending,4207652,7.166133403778076,7.7055344581604,11.106578826904297,11.642436265945435,12.813862800598145,3.2825958728790283,91.41621492346938,77.90776466836735,63.83729272959183
FAMILY-76,CHILD,elastic,4207660,4.501915454864502,4.473348140716553,7.323970317840576,8.05469298362732,10.066143989562988,2.081451892852783,87.2329400510204,57.92012117346938,24.693080357142858
FAMILY-76,CHILD,local,4207661,4.240316867828369,4.170388698577881,6.650800943374634,7.522496223449707,9.183234214782715,1.7901185750961304,89.25980548469387,53.37412308673469,15.959821428571427
FAMILY-76,CHILD,bending,4207662,4.788751602172852,5.202577114105225,7.4496824741363525,7.737501263618469,8.302803039550781,2.223679304122925,84.0202487244898,63.96285076530612,38.35698341836735
FAMILY-76,CHILD,elastic,4207670,8.474329948425293,8.33411979675293,13.26146650314331,14.528842687606812,19.74004554748535,3.6201915740966797,96.69961734693877,88.2274394132653,74.12707270408163
FAMILY-76,CHILD,local,4207671,4.657163619995117,4.37165641784668,7.249277591705322,8.26577639579773,10.681039810180664,1.9929052591323853,93.21189413265306,58.45623405612245,24.342315051020407
FAMILY-76,CHILD,bending,4207672,6.158204555511475,6.6566596031188965,9.561632633209229,9.981772422790527,10.860025405883789,2.838186502456665,88.66191007653062,73.31991390306123,56.41541772959183
FAMILY-76,CHILD,elastic,4207680,4.9362688064575195,4.7520647048950195,8.269081592559814,9.194106340408325,10.945136070251465,2.413027763366699,88.06202168367348,60.86176658163265,33.34263392857143
FAMILY-76,CHILD,local,4207681,5.9008097648620605,5.794362545013428,8.59498929977417,9.43778109550476,11.586506843566895,2.0678863525390625,98.6328125,79.72735969387756,46.88695790816326
FAMILY-76,CHILD,bending,4207682,6.258234024047852,6.694510459899902,9.679672718048096,10.186925172805786,11.32797908782959,2.8516294956207275,89.5687181122449,74.14102359693877,57.027264030612244
FAMILY-76,CHILD,elastic,4207690,6.6466803550720215,6.376326084136963,11.249961853027344,12.599799394607544,18.50920295715332,3.3663105964660645,92.61997767857143,75.54408482142857,53.90824298469388
FAMILY-76,CHILD,local,4207691,3.274594783782959,3.294994831085205,5.181015729904175,5.600111961364746,6.661544322967529,1.4240280389785767,78.26251594387756,31.126434948979593,1.725924744897959
FAMILY-76,CHILD,bending,4207692,3.9952902793884277,4.266229629516602,6.174337148666382,6.508419156074524,7.267582416534424,1.8167157173156738,80.859375,54.376594387755105,13.984773596938776
FAMILY-76,FATHER,elastic,4207700,7.535905361175537,7.320446014404297,12.44854211807251,13.727522134780884,19.14828109741211,3.628222942352295,94.15656887755102,81.76817602040816,63.23939732142857
FAMILY-76,FATHER,local,4207701,2.372948408126831,2.3080251216888428,3.874356746673584,4.497753143310547,5.237507343292236,1.0885391235351562,60.61065051020408,8.822943239795919,0.0
FAMILY-76,FATHER,bending,4207702,6.129469394683838,6.685544013977051,9.549546241760254,9.874008893966675,10.46287727355957,2.8656065464019775,87.94642857142857,72.87946428571429,56.44331951530612
FAMILY-76,FATHER,elastic,4207710,6.04738712310791,5.800571441650391,9.729581356048584,10.596362829208374,14.61928653717041,2.7226860523223877,93.81377551020408,75.99250637755102,47.423070790816325
FAMILY-76,FATHER,local,4207711,2.8497424125671387,2.7945361137390137,4.551543951034546,4.981657147407532,6.149829387664795,1.249044418334961,72.66621492346938,19.67873086734694,0.4145408163265306
FAMILY-76,FATHER,bending,4207712,5.065170764923096,5.380363941192627,7.804668188095093,8.270636796951294,9.356683731079102,2.2889349460601807,86.23644770408163,66.59956951530613,41.71914859693878
FAMILY-76,FATHER,elastic,4207720,5.25131368637085,5.275021553039551,8.459471225738525,9.129326581954956,11.809060096740723,2.3840436935424805,90.2881855867347,66.79288903061224,39.18407206632653
FAMILY-76,FATHER,local,4207721,4.102640151977539,3.5955662727355957,7.46731162071228,8.470715284347534,11.859565734863281,2.351738929748535,81.8180006377551,42.5960618622449,19.802295918367346
FAMILY-76,FATHER,bending,4207722,4.6388840675354,5.080228328704834,7.234782695770264,7.458855628967285,7.7493085861206055,2.188246250152588,82.8563456632653,62.69730548469388,36.268335459183675
FAMILY-76,FATHER,elastic,4207730,7.556305408477783,7.372161388397217,12.282800197601318,13.416482210159302,17.62765884399414,3.4431142807006836,95.52973533163265,83.55588329081633,64.53085140306123
FAMILY-76,FATHER,local,4207731,3.755275249481201,3.5563764572143555,6.584336280822754,7.089382529258728,8.586871147155762,1.8384122848510742,82.08306760204081,42.578125,14.614556760204081
FAMILY-76,FATHER,bending,4207732,6.1160993576049805,6.60433292388916,9.492481708526611,9.919216394424438,10.821322441101074,2.814675807952881,88.58816964285714,73.16645408163265,55.96699617346938
FAMILY-76,FATHER,elastic,4207740,8.16735553741455,8.268678665161133,12.588919639587402,13.743331670761108,20.109546661376953,3.52543306350708,96.55014349489795,86.00725446428571,70.8545918367347
FAMILY-76,FATHER,local,4207741,3.653928756713867,3.2840685844421387,6.575207471847534,7.5650094747543335,8.538108825683594,1.8685790300369263,80.88727678571429,36.88018176020408,13.225446428571427
FAMILY-76,FATHER,bending,4207742,5.883152961730957,6.454748153686523,9.177419662475586,9.45331358909607,9.797919273376465,2.7854831218719482,86.78451849489795,71.46444515306123,54.4563137755102
FAMILY-76,MOTHER,elastic,4207750,5.3144450187683105,5.319685459136963,8.405641555786133,9.16672134399414,13.711993217468262,2.3847286701202393,91.6553730867347,67.88703762755102,40.38584183673469
FAMILY-76,MOTHER,local,4207751,3.513322114944458,3.432673215866089,5.596358776092529,6.272365927696228,10.119501113891602,1.7575644254684448,79.84494579081633,35.19610969387755,6.780133928571429
FAMILY-76,MOTHER,bending,4207752,5.943705081939697,6.401580810546875,9.216824054718018,9.65110445022583,10.590520858764648,2.7268612384796143,88.28922193877551,72.33139349489795,54.21914859693877
FAMILY-76,MOTHER,elastic,4207760,5.739267826080322,5.575896263122559,9.535723209381104,10.549277544021606,15.023077011108398,2.78182053565979,91.03954081632652,71.45647321428571,44.144610969387756
FAMILY-76,MOTHER,local,4207761,3.4974498748779297,3.4526026248931885,5.398334980010986,6.063554048538208,7.083608150482178,1.4448152780532837,84.54639668367348,35.25390625,5.369100765306122
FAMILY-76,MOTHER,bending,4207762,4.251100540161133,4.59028434753418,6.598035573959351,6.894369125366211,7.520533084869385,1.9565054178237915,81.89174107142857,58.25693558673469,24.766820790816325
FAMILY-76,MOTHER,elastic,4207770,6.758448600769043,6.718127250671387,10.689826488494873,11.809635877609253,15.778297424316406,2.9986560344696045,94.66677295918367,80.6281887755102,58.51203762755102
FAMILY-76,MOTHER,local,4207771,3.717228412628174,3.693378448486328,5.65170693397522,6.0501604080200195,6.96516752243042,1.406394600868225,88.94092793367348,41.585618622448976,5.556441326530613
FAMILY-76,MOTHER,bending,4207772,5.374650478363037,5.886549472808838,8.38165283203125,8.641724109649658,8.982556343078613,2.53485369682312,85.51498724489795,68.44308035714286,48.75039859693878
FAMILY-76,MOTHER,elastic,4207780,5.819770812988281,5.784295082092285,9.411940574645996,10.225088357925415,12.955989837646484,2.634798526763916,92.0360331632653,72.97313456632652,47.33338647959184
FAMILY-76,MOTHER,local,4207781,4.151951313018799,3.9861807823181152,6.971722364425659,8.3753342628479,10.863018035888672,2.1967687606811523,82.41390306122449,49.79671556122449,18.401227678571427
FAMILY-76,MOTHER,bending,4207782,4.474343299865723,4.9027814865112305,6.979069471359253,7.1928790807724,7.4547271728515625,2.1128437519073486,82.09901147959184,61.07501594387755,32.427853954081634
FAMILY-76,MOTHER,elastic,4207790,5.812445163726807,5.566380023956299,9.759037017822266,10.614702463150024,14.624427795410156,2.8099162578582764,91.77495216836735,70.3563456632653,44.88799426020408
FAMILY-76,MOTHER,local,4207791,2.792010545730591,2.574413537979126,4.995051622390747,5.5717453956604,6.52712345123291,1.5233993530273438,63.494499362244895,22.863520408163264,2.3995535714285716
FAMILY-76,MOTHER,bending,4207792,4.172275066375732,4.497663497924805,6.471403121948242,6.7727214097976685,7.417401313781738,1.9160672426223755,81.54695471938776,57.20264668367348,21.61391900510204
FAMILY-77,CHILD,elastic,4207800,4.995275497436523,4.8437418937683105,8.334563255310059,9.362382411956787,12.438265800476074,2.497842311859131,87.14724170918367,62.5,35.35355548469388
FAMILY-77,CHILD,local,4207801,4.336223602294922,4.175985336303711,7.817522048950195,8.955710649490356,11.282206535339355,2.4366025924682617,80.86734693877551,52.50916772959183,21.633848852040817
FAMILY-77,CHILD,bending,4207802,4.652734756469727,5.0834455490112305,7.252779483795166,7.483774662017822,7.876622676849365,2.182853937149048,83.10945471938776,62.77303890306123,36.160714285714285
FAMILY-77,CHILD,elastic,4207810,9.212693214416504,8.611942291259766,15.949877262115479,17.45427942276001,23.406475067138672,4.632735729217529,96.69563137755102,87.20304528061224,71.92083864795919
FAMILY-77,CHILD,local,4207811,3.3253397941589355,3.133261203765869,5.921707391738892,6.557687878608704,7.436241626739502,1.7772852182388306,73.78029336734694,34.183673469387756,9.40688775510204
FAMILY-77,CHILD,bending,4207812,4.640820026397705,4.99748420715332,7.19589638710022,7.535920143127441,8.271627426147461,2.128828763961792,83.83490114795919,62.52192283163265,34.65601084183674
FAMILY-77,CHILD,elastic,4207820,8.705495834350586,8.544157981872559,13.695433616638184,15.137020349502563,22.513900756835938,3.8407797813415527,96.88695790816327,88.0321269132653,74.72895408163265
FAMILY-77,CHILD,local,4207821,3.8547873497009277,3.725900173187256,6.265620708465576,6.853728652000427,8.43994426727295,1.634053349494934,87.54783163265306,42.99266581632653,11.812420280612244
FAMILY-77,CHILD,bending,4207822,6.953201770782471,7.4949564933776855,10.78345012664795,11.286931037902832,12.369586944580078,3.192230463027954,90.76450892857143,77.03483737244898,62.45814732142857
FAMILY-77,CHILD,elastic,4207830,7.692809581756592,7.5721282958984375,12.28649616241455,13.392911672592163,17.608381271362305,3.453378438949585,96.20735012755102,84.01825573979592,65.92594068877551
FAMILY-77,CHILD,local,4207831,3.365422487258911,3.463926076889038,5.103239059448242,5.432385683059692,6.28087854385376,1.3342889547348022,81.81401466836735,35.3336256377551,0.5819515306122449
FAMILY-77,CHILD,bending,4207832,4.787417888641357,5.10397481918335,7.392749071121216,7.804174423217773,8.747391700744629,2.172891616821289,84.86926020408163,64.05652104591837,37.05755739795919
FAMILY-77,CHILD,elastic,4207840,8.190400123596191,8.077917098999023,13.14676570892334,14.43228816986084,18.88202667236328,3.652880907058716,96.53419961734694,85.84382971938776,69.87005739795919
FAMILY-77,CHILD,local,4207841,3.025352716445923,2.934299945831299,5.066629886627197,5.6457144021987915,7.249582767486572,1.5112098455429077,73.2780612244898,26.566485969387756,2.7403539540816326
FAMILY-77,CHILD,bending,4207842,5.8671088218688965,6.375231742858887,9.128937244415283,9.478568315505981,10.164031028747559,2.725414276123047,87.5259088010204,71.57605229591837,53.826530612244895
FAMILY-77,FATHER,elastic,4207850,7.442201137542725,7.193477630615234,12.450677394866943,14.030029058456421,18.5925235748291,3.6697800159454346,94.94379783163265,80.27742346938776,62.06552933673469
FAMILY-77,FATHER,local,4207851,3.846827268600464,3.741640567779541,6.422241449356079,7.385221719741821,9.018082618713379,1.885522723197937,81.73429528061224,45.19092793367347,12.952407525510203
FAMILY-77,FATHER,bending,4207852,5.871463775634766,6.340749740600586,9.11387825012207,9.52197003364563,10.382741928100586,2.702753782272339,87.95440051020408,71.83314732142857,53.58936543367348
FAMILY-77,FATHER,elastic,4207860,7.360825538635254,7.046411991119385,11.92035436630249,13.181482315063477,18.739425659179688,3.4043798446655273,96.33490114795919,83.45623405612244,62.69730548469388
FAMILY-77,FATHER,local,4207861,2.689399242401123,2.514209747314453,4.389539957046509,5.147096037864685,6.7212347984313965,1.3497487306594849,63.52240114795919,16.603555484693878,2.293925382653061
FAMILY-77,FATHER,bending,4207862,4.903692245483398,5.272866249084473,7.599958658218384,7.966671943664551,8.767894744873047,2.2462897300720215,84.96293048469387,65.0031887755102,39.698262117346935
FAMILY-77,FATHER,elastic,4207870,6.621081829071045,6.617380142211914,10.681054592132568,11.720970869064331,14.571016311645508,2.991543769836426,93.79583864795919,78.84845344387756,57.59327168367348
FAMILY-77,FATHER,local,4207871,2.3993325233459473,2.3740737438201904,3.715818166732788,4.156606674194336,4.94396448135376,1.000030517578125,66.00366709183673,6.299824617346939,0.0
FAMILY-77,FATHER,bending,4207872,4.3815016746521,4.687688827514648,6.7771806716918945,7.1317291259765625,7.925930976867676,1.997011423110962,82.87029655612244,59.68191964285714,28.023357780612244
FAMILY-77,FATHER,elastic,4207880,7.544277191162109,7.45574426651001,12.116593837738037,13.611443281173706,17.819568634033203,3.5143613815307617,95.63536352040816,82.08306760204081,64.06648596938776
FAMILY-77,FATHER,local,4207881,4.585842132568359,4.529892921447754,7.171615839004517,7.827895998954773,11.166240692138672,1.9882457256317139,89.84574298469387,61.19858099489795,23.34582270408163
FAMILY-77,FATHER,bending,4207882,6.828185558319092,7.349000453948975,10.58545970916748,11.09087610244751,12.181808471679688,3.1309139728546143,90.52335778061224,76.56847895408163,61.61112882653062
FAMILY-77,FATHER,elastic,4207890,9.158904075622559,9.143574714660645,14.501923084259033,15.639670372009277,19.857013702392578,3.997945547103882,97.08625637755102,88.9289700255102,75.24713010204081
FAMILY-77,FATHER,local,4207891,5.64271879196167,5.645614147186279,8.863644123077393,9.644860029220581,11.641983985900879,2.3720526695251465,93.50286989795919,73.58298788265306,43.81776147959184
FAMILY-77,FATHER,bending,4207892,4.5828537940979,4.974347114562988,7.126712083816528,7.4114707708358765,7.97499418258667,2.124634265899658,83.22305484693877,61.993781887755105,33.96045918367347
FAMILY-77,MOTHER,elastic,4207900,8.506382942199707,8.390632629394531,13.640505313873291,14.833969116210938,19.67766761779785,3.813601493835449,96.62786989795919,86.33211096938776,72.02447385204081
FAMILY-77,MOTHER,local,4207901,3.1512439250946045,3.0900731086730957,5.113894701004028,5.479982018470764,6.262535095214844,1.3889838457107544,77.90178571428571,28.993941326530614,1.139987244897959
FAMILY-77,MOTHER,bending,4207902,6.650925636291504,7.153711318969727,10.308064937591553,10.805187940597534,11.887306213378906,3.047189474105835,90.19252232142857,75.83705357142857,60.347576530612244
FAMILY-77,MOTHER,elastic,4207910,8.187134742736816,8.031518936157227,12.77699089050293,14.305627822875977,18.56800651550293,3.4928481578826904,96.93279655612244,87.54185267857143,73.05285395408163
FAMILY-77,MOTHER,local,4207911,2.9213716983795166,2.951422691345215,4.4964210987091064,4.95766294002533,6.287407398223877,1.218737006187439,75.54408482142857,18.9453125,0.5919164540816326
FAMILY-77,MOTHER,bending,4207912,5.126735687255859,5.474334716796875,7.9231250286102295,8.351683378219604,9.326995849609375,2.331066846847534,86.13081951530613,67.03802614795919,43.04647640306122
FAMILY-77,MOTHER,elastic,4207920,8.030383110046387,7.792198181152344,13.147327899932861,14.455685138702393,17.79827308654785,3.6480274200439453,96.28507653061224,85.71029974489795,68.26570471938776
FAMILY-77,MOTHER,local,4207921,4.87799072265625,4.730341911315918,8.08188247680664,9.11612868309021,10.703916549682617,2.2581679821014404,90.84821428571429,60.69036989795919,28.673070790816325
FAMILY-77,MOTHER,bending,4207922,5.928686618804932,6.344928741455078,9.172182083129883,9.649363040924072,10.718008995056152,2.7029123306274414,88.60809948979592,72.36527423469387,53.826530612244895
FAMILY-77,MOTHER,elastic,4207930,4.502861022949219,4.350355625152588,7.522282600402832,8.484875202178955,12.554961204528809,2.2041866779327393,86.91605548469387,56.17227359693877,23.038903061224488
FAMILY-77,MOTHER,local,4207931,3.2031078338623047,3.067563056945801,5.099636077880859,5.461997747421265,6.524973392486572,1.4115219116210938,78.2944036989796,32.017299107142854,1.5405771683673468
FAMILY-77,MOTHER,bending,4207932,6.075626850128174,6.488039970397949,9.39001178741455,9.897155523300171,11.04885196685791,2.7629823684692383,89.15617028061224,73.24019451530613,55.26147959183674
FAMILY-77,MOTHER,elastic,4207940,5.333654880523682,5.295215606689453,9.025315761566162,9.711758852005005,12.227080345153809,2.5956292152404785,88.61208545918367,66.1391900510204,40.41972257653062
FAMILY-77,MOTHER,local,4207941,4.387800693511963,4.0853705406188965,7.3921427726745605,8.226773262023926,10.265663146972656,2.0850718021392822,88.35499043367348,51.612324617346935,22.419084821428573
FAMILY-77,MOTHER,bending,4207942,4.825893402099609,5.193910598754883,7.48155403137207,7.839020013809204,8.610209465026855,2.212740659713745,84.64803890306123,64.29767219387756,38.32708864795919
FAMILY-79,CHILD,elastic,4207950,5.6671142578125,5.4166741371154785,9.150364875793457,10.244844198226929,15.635809898376465,2.6646697521209717,92.6139987244898,70.12715242346938,42.6139987244898
FAMILY-79,CHILD,local,4207951,3.6087117195129395,3.5131752490997314,5.77680230140686,6.5320611000061035,9.128547668457031,1.5956255197525024,83.74123086734694,37.07748724489796,8.508051658163266
FAMILY-79,CHILD,bending,4207952,4.8770952224731445,5.31966495513916,7.598634243011475,7.856272578239441,8.324384689331055,2.280189275741577,84.11591198979592,64.75805165816327,40.5094068877551
FAMILY-79,CHILD,elastic,4207960,7.367539405822754,7.2674665451049805,11.930846691131592,13.175099611282349,17.088430404663086,3.3853070735931396,94.8780293367347,81.6147161989796,63.82134885204081
FAMILY-79,CHILD,local,4207961,2.6173927783966064,2.189208507537842,5.02597975730896,5.543575882911682,6.38287353515625,1.554791808128357,54.65959821428571,22.875478316326532,0.6397480867346939
FAMILY-79,CHILD,bending,4207962,3.792588949203491,4.152001857757568,5.913739442825317,6.098942875862122,6.361175060272217,1.7861313819885254,78.5415338010204,52.34375,7.730787627551021
FAMILY-79,CHILD,elastic,4207970,7.498419284820557,7.274775505065918,11.964597225189209,13.124955415725708,17.26068687438965,3.2629950046539307,96.83314732142857,84.39492984693877,65.23238201530613
FAMILY-79,CHILD,local,4207971,2.835151433944702,2.8319873809814453,4.545513391494751,4.878195405006409,6.5932512283325195,1.2778693437576294,71.48836096938776,19.913903061224488,0.9088010204081632
FAMILY-79,CHILD,bending,4207972,3.756067991256714,3.9933762550354004,5.790926933288574,6.130470156669617,6.91755485534668,1.6993553638458252,79.48222257653062,49.88241390306122,6.895727040816327
FAMILY-79,CHILD,elastic,4207980,7.699074745178223,7.377943992614746,13.394478797912598,15.174285173416138,21.36675453186035,3.9975643157958984,94.59901147959184,80.41892538265306,62.496014030612244
FAMILY-79,CHILD,local,4207981,3.4791128635406494,3.390885829925537,5.545899391174316,6.0036033391952515,8.220215797424316,1.5625873804092407,80.76371173469387,38.26929209183674,5.048230229591836
FAMILY-79,CHILD,bending,4207982,6.7642621994018555,7.356785774230957,10.527120113372803,10.918714046478271,11.672362327575684,3.147571086883545,89.53483737244898,75.91876594387756,61.30620216836735
FAMILY-79,CHILD,elastic,4207990,5.140659332275391,5.060914039611816,8.536655902862549,9.209315776824951,11.706319808959961,2.452836275100708,89.44116709183673,63.94092793367348,37.40433673469388
FAMILY-79,CHILD,local,4207991,4.211683750152588,4.070206642150879,7.0615246295928955,7.729294419288635,8.982160568237305,1.9219553470611572,86.46564094387756,51.86344068877551,18.183992346938776
FAMILY-79,CHILD,bending,4207992,3.464164972305298,3.7602391242980957,5.387283086776733,5.601853847503662,6.025875091552734,1.6062865257263184,76.64421237244898,45.43008609693878,0.03188775510204082
FAMILY-79,FATHER,elastic,4208000,6.135199546813965,6.026999473571777,10.087769985198975,11.006615161895752,14.014378547668457,2.9120371341705322,92.26323341836735,73.68463010204081,50.33482142857143
FAMILY-79,FATHER,local,4208001,3.503227949142456,3.588682174682617,5.426535129547119,5.66438353061676,6.242156505584717,1.4370378255844116,82.24649234693877,40.47552614795919,1.0184151785714286
FAMILY-79,FATHER,bending,4208002,5.536016464233398,5.888970375061035,8.53751802444458,9.033074617385864,10.180638313293457,2.5061216354370117,87.77702487244898,70.08330676020408,48.670679209183675
FAMILY-79,FATHER,elastic,4208010,7.482202529907227,7.389726638793945,11.985217094421387,13.307658910751343,17.097013473510742,3.327029228210449,95.99011479591837,84.00629783163265,64.05253507653062
FAMILY-79,FATHER,local,4208011,3.0873944759368896,3.087857723236084,4.766908645629883,5.106841206550598,6.357177257537842,1.3320077657699585,76.22967155612244,29.185267857142854,0.7752710459183674
FAMILY-79,FATHER,bending,4208012,3.8400654792785645,4.11749792098999,5.9456562995910645,6.245742678642273,6.911144733428955,1.7540689706802368,79.74728954081633,52.06273915816326,8.705357142857142
FAMILY-79,FATHER,elastic,4208020,7.377826690673828,7.1315693855285645,12.231755256652832,13.38137936592102,18.903446197509766,3.440864324569702,95.18295599489795,82.65106823979592,62.45416135204081
FAMILY-79,FATHER,local,4208021,3.1127047538757324,3.0987260341644287,4.9776694774627686,5.205173015594482,6.203233242034912,1.351896047592163,76.7139668367347,28.419961734693878,0.3567442602040816
FAMILY-79,FATHER,bending,4208022,4.519043445587158,4.812061309814453,6.973410606384277,7.370328307151794,8.287093162536621,2.048050880432129,83.74720982142857,61.256377551020414,31.20814732142857
FAMILY-79,FATHER,elastic,4208030,7.4095377922058105,7.406713962554932,11.996293067932129,13.178639888763428,16.159589767456055,3.455754518508911,94.1764987244898,80.6022799744898,63.285235969387756
FAMILY-79,FATHER,local,4208031,3.541867971420288,3.3517184257507324,5.673921823501587,6.632733106613159,9.110955238342285,1.6744333505630493,81.55691964285714,37.537866709183675,8.019770408163266
FAMILY-79,FATHER,bending,4208032,4.061267375946045,4.444039344787598,6.333063840866089,6.531384348869324,6.823903560638428,1.9112879037857056,80.15983737244898,56.24202806122449,18.48891900510204
FAMILY-79,FATHER,elastic,4208040,7.276827335357666,7.3471503257751465,11.330540180206299,12.369561910629272,16.304502487182617,3.102630138397217,95.18096301020408,83.39445153061224,65.49944196428571
FAMILY-79,FATHER,local,4208041,4.489383220672607,4.389517784118652,7.369483947753906,7.986978054046631,11.029679298400879,2.2535698413848877,84.04217155612244,55.646125637755105,28.792649872448976
FAMILY-79,FATHER,bending,4208042,6.838147163391113,7.346444129943848,10.59472942352295,11.114021301269531,12.2512788772583,3.129685878753662,90.6788105867347,76.67610012755102,61.668925382653065
FAMILY-79,MOTHER,elastic,4208050,6.282755374908447,6.355801105499268,9.680257320404053,10.587350606918335,15.108147621154785,2.662980318069458,94.1944355867347,78.0014349489796,54.96851084183674
FAMILY-79,MOTHER,local,4208051,2.8671536445617676,2.9738540649414062,4.369565963745117,4.691234350204468,5.289148807525635,1.1849452257156372,75.16342474489795,17.966757015306122,0.0
FAMILY-79,MOTHER,bending,4208052,6.504773139953613,7.1139116287231445,10.140601634979248,10.462389945983887,10.969614028930664,3.0566399097442627,88.57421875,74.5735012755102,59.56034757653062
FAMILY-79,MOTHER,elastic,4208060,7.049324035644531,7.068883895874023,10.973691463470459,12.282371997833252,17.43476676940918,3.089961290359497,95.41613520408163,82.06513073979592,62.03364158163265
FAMILY-79,MOTHER,local,4208061,5.125247955322266,5.243153095245361,7.817042827606201,8.813182830810547,10.694042205810547,2.1852948665618896,91.37236926020408,68.2079081632653,38.287228954081634
FAMILY-79,MOTHER,bending,4208062,4.672159194946289,5.055010795593262,7.256993055343628,7.569925308227539,8.219515800476074,2.1556050777435303,83.73126594387756,62.8547512755102,35.63655931122449
FAMILY-79,MOTHER,elastic,4208070,5.734280109405518,5.548434257507324,9.474639415740967,10.227735042572021,15.067399024963379,2.728342294692993,91.44013073979592,70.31050701530613,44.58506058673469
FAMILY-79,MOTHER,local,4208071,3.9696764945983887,3.5088322162628174,7.632979154586792,8.213086128234863,9.159826278686523,2.3250508308410645,77.31983418367348,42.779416454081634,22.441007653061224
FAMILY-79,MOTHER,bending,4208072,3.8776004314422607,4.132397174835205,5.985978603363037,6.3224300146102905,7.092073440551758,1.7592294216156006,80.19969706632652,52.29193239795919,9.695870535714286
FAMILY-79,MOTHER,elastic,4208080,7.944514274597168,7.700968265533447,13.436720371246338,14.56161117553711,17.252464294433594,3.782034158706665,96.25916772959184,83.1234056122449,64.94339923469387
FAMILY-79,MOTHER,local,4208081,4.5467095375061035,4.35702657699585,7.545409679412842,7.997312545776367,9.280618667602539,2.1433145999908447,86.6828762755102,54.56991390306123,31.162308673469386
FAMILY-79,MOTHER,bending,4208082,5.228041172027588,5.6881103515625,8.137832641601562,8.438291788101196,9.011542320251465,2.433901071548462,85.546875,67.48644770408163,46.21532206632653
FAMILY-79,MOTHER,elastic,4208090,8.346144676208496,8.19244384765625,13.362330913543701,14.92691969871521,21.8807373046875,3.8483879566192627,95.90840242346938,86.29623724489795,70.54567920918367
FAMILY-79,MOTHER,local,4208091,2.2997934818267822,2.338315486907959,3.4062678813934326,3.7713189721107483,4.475062370300293,0.8800238370895386,61.82437818877551,2.8439891581632653,0.0
FAMILY-79,MOTHER,bending,4208092,6.4949445724487305,6.977494239807129,10.06263017654419,10.557035446166992,11.640290260314941,2.972174644470215,89.87763073979592,75.18734056122449,59.12786989795919
FAMILY-8,CHILD,elastic,4208100,7.900805473327637,7.848345756530762,12.548901081085205,13.565545320510864,16.667816162109375,3.372568130493164,96.68367346938776,85.84382971938776,68.96922831632652
FAMILY-8,CHILD,local,4208101,4.6384501457214355,4.838039875030518,7.043867111206055,7.67663311958313,9.671876907348633,1.981009840965271,88.65194515306123,63.46460459183674,27.748325892857146
FAMILY-8,CHILD,bending,4208102,7.266312122344971,7.725039482116699,11.200358867645264,11.860553741455078,13.396525382995605,3.286127805709839,92.7555006377551,78.62922512755102,64.62850765306123
FAMILY-8,CHILD,elastic,4208110,5.766189098358154,5.44046688079834,9.898769855499268,11.203968286514282,15.51633358001709,3.0203640460968018,90.27423469387756,67.8272480867347,43.363360969387756
FAMILY-8,CHILD,local,4208111,5.555046081542969,5.686779975891113,8.22458553314209,8.851735830307007,10.720343589782715,2.0891036987304688,94.50932716836735,75.7095025510204,44.13265306122449
FAMILY-8,CHILD,bending,4208112,5.2094340324401855,5.551562309265137,8.041765689849854,8.494261026382446,9.532368659973145,2.3630247116088867,86.53140943877551,67.67976721938776,44.1764987244898
FAMILY-8,CHILD,elastic,4208120,4.806894779205322,4.747424602508545,7.5728349685668945,8.329062700271606,10.85666275024414,2.0700840950012207,90.7485650510204,63.22345344387755,29.23110650510204
FAMILY-8,CHILD,local,4208121,2.9042489528656006,2.8917107582092285,4.521358251571655,4.818308711051941,5.813682556152344,1.216704249382019,74.2625956632653,20.45001594387755,0.0
FAMILY-8,CHILD,bending,4208122,4.536109447479248,4.956326007843018,7.070127010345459,7.295809626579285,7.683349132537842,2.1276559829711914,82.61320153061224,61.63703762755102,33.533960459183675
FAMILY-8,CHILD,elastic,4208130,6.1412224769592285,6.14694881439209,9.918365478515625,10.941275596618652,14.218900680541992,2.8051183223724365,92.70966198979592,74.59542410714286,51.64022640306123
FAMILY-8,CHILD,local,4208131,2.9098117351531982,2.863176107406616,4.761485815048218,5.185947775840759,6.330257892608643,1.3842086791992188,71.67570153061224,23.869977678571427,0.7254464285714286
FAMILY-8,CHILD,bending,4208132,5.366265296936035,5.843748569488525,8.355270862579346,8.656428337097168,9.220417022705078,2.5017123222351074,85.9016262755102,68.4211575255102,48.18439094387755
FAMILY-8,CHILD,elastic,4208140,6.371020793914795,6.282683372497559,10.490814208984375,11.565230131149292,15.913253784179688,3.029885768890381,92.94483418367348,74.97608418367348,53.32230548469388
FAMILY-8,CHILD,local,4208141,3.066253662109375,2.982266426086426,5.283388614654541,5.9735718965530396,7.114040374755859,1.549293041229248,73.31792091836735,26.155931122448976,4.821029974489796
FAMILY-8,CHILD,bending,4208142,4.101136684417725,4.474781036376953,6.390296459197998,6.60425865650177,6.991542816162109,1.9183903932571411,80.55843431122449,56.63066007653062,19.83418367346939
FAMILY-8,FATHER,elastic,4208150,9.067634582519531,9.131340980529785,14.01530122756958,15.37697434425354,20.05207633972168,3.731698989868164,97.27758290816327,90.0829081632653,78.46380739795919
FAMILY-8,FATHER,local,4208151,3.942594528198242,4.131271839141846,6.087456464767456,6.5607147216796875,8.088149070739746,1.6775906085968018,84.1179049744898,52.75629783163265,11.094945790816327
FAMILY-8,FATHER,bending,4208152,5.241235256195068,5.690274715423584,8.150452136993408,8.474418640136719,9.11135482788086,2.430962562561035,85.73022959183673,67.61001275510205,46.163504464285715
FAMILY-8,FATHER,elastic,4208160,5.354842185974121,5.34210205078125,8.516139030456543,9.513419389724731,12.822639465332031,2.4425668716430664,90.51139987244898,68.33944515306123,41.15712691326531
FAMILY-8,FATHER,local,4208161,2.2433555126190186,2.2137258052825928,3.4960997104644775,3.8101168870925903,5.1193671226501465,0.97444748878479,57.27838010204081,3.4299266581632653,0.0
FAMILY-8,FATHER,bending,4208162,3.345510721206665,3.638561725616455,5.206571817398071,5.4002392292022705,5.772940158843994,1.556750774383545,75.5420918367347,42.74154974489796,0.0
FAMILY-8,FATHER,elastic,4208170,5.965398788452148,5.896702766418457,9.3808012008667,10.044904232025146,13.575864791870117,2.5396814346313477,94.03499681122449,76.3313137755102,48.54711415816326
FAMILY-8,FATHER,local,4208171,4.448176383972168,4.37984561920166,7.0457236766815186,7.803441643714905,9.841605186462402,2.037019729614258,87.58569834183673,55.84542410714286,25.986527423469386
FAMILY-8,FATHER,bending,4208172,5.314546585083008,5.825582504272461,8.289381980895996,8.542879104614258,8.85067081451416,2.5114049911499023,85.24992028061224,68.05046237244898,48.02694515306122
FAMILY-8,FATHER,elastic,4208180,5.0572052001953125,4.891106605529785,8.44835901260376,9.058692216873169,11.64310073852539,2.4127867221832275,89.26777742346938,62.38839285714286,35.28380102040816
FAMILY-8,FATHER,local,4208181,2.947406768798828,2.6860523223876953,5.552674293518066,6.1745758056640625,8.008977890014648,1.7014703750610352,65.17657844387756,24.56951530612245,6.210140306122449
FAMILY-8,FATHER,bending,4208182,5.1365180015563965,5.623554229736328,8.00924301147461,8.260087490081787,8.610912322998047,2.41955828666687,84.7915338010204,66.78890306122449,45.45200892857143
FAMILY-8,FATHER,elastic,4208190,7.956949710845947,7.782961845397949,12.912474632263184,14.404205083847046,20.801137924194336,3.7473785877227783,95.72504783163265,83.60969387755102,67.36886160714286
FAMILY-8,FATHER,local,4208191,2.2384800910949707,1.8588123321533203,4.174553632736206,4.809947729110718,6.412599086761475,1.3824588060379028,46.47640306122449,13.054049744897958,0.9048150510204082
FAMILY-8,FATHER,bending,4208192,7.19073486328125,7.686003684997559,11.118393421173096,11.708596467971802,13.046099662780762,3.273318290710449,92.11774553571429,78.17283163265306,64.07047193877551
FAMILY-8,MOTHER,elastic,4208200,7.732429504394531,7.784271240234375,12.34803819656372,13.490016460418701,17.95549964904785,3.578850507736206,94.75645727040816,82.38400829081633,66.05548469387756
FAMILY-8,MOTHER,local,4208201,4.180328845977783,4.0198140144348145,6.718469619750977,7.238225102424622,7.95562219619751,1.7703145742416382,88.26530612244898,50.56401466836735,17.53826530612245
FAMILY-8,MOTHER,bending,4208202,6.1670637130737305,6.746322154998779,9.616869449615479,9.918156147003174,10.373414993286133,2.9010140895843506,87.77702487244898,72.9930644132653,56.90569196428571
FAMILY-8,MOTHER,elastic,4208210,7.578706741333008,7.318082332611084,12.6679368019104,14.136293888092041,19.36054039001465,3.6326920986175537,95.57756696428571,82.19467474489795,62.58769132653062
FAMILY-8,MOTHER,local,4208211,5.26859712600708,5.33353328704834,7.854696989059448,8.467759847640991,10.495725631713867,2.0205881595611572,93.32948022959184,73.52120535714286,37.63950892857143
FAMILY-8,MOTHER,bending,4208212,5.462652683258057,5.983541011810303,8.52071237564087,8.782592535018921,9.115639686584473,2.577934503555298,85.77407525510205,69.02303890306123,49.84454719387755
FAMILY-8,MOTHER,elastic,4208220,8.416816711425781,8.458756446838379,13.076697826385498,14.021181583404541,17.641530990600586,3.470841407775879,97.44698660714286,88.17761479591837,73.57501594387756
FAMILY-8,MOTHER,local,4208221,4.243481159210205,4.041163444519043,6.866765260696411,8.112980604171753,10.371330261230469,2.0618717670440674,85.43726084183673,50.75932716836735,20.105229591836736
FAMILY-8,MOTHER,bending,4208222,6.2149152755737305,6.757016181945801,9.67088794708252,10.034762620925903,10.739558219909668,2.8901617527008057,88.36296237244898,73.39963329081633,57.091039540816325
FAMILY-8,MOTHER,elastic,4208230,7.499184608459473,7.228811264038086,12.343286991119385,13.423035860061646,17.64543914794922,3.5155694484710693,95.1430963010204,82.35212053571429,63.05404974489795
FAMILY-8,MOTHER,local,4208231,5.436291217803955,5.641561031341553,8.289311408996582,9.090087413787842,10.936570167541504,2.3411946296691895,90.99170918367348,71.49433992346938,45.15904017857143
FAMILY-8,MOTHER,bending,4208232,6.340648651123047,6.954781532287598,9.89120864868164,10.18889307975769,10.559808731079102,3.0010409355163574,87.8647161989796,73.75039859693877,58.41836734693877
FAMILY-8,MOTHER,elastic,4208240,5.18941068649292,5.022336006164551,8.441353797912598,9.530359029769897,12.631628036499023,2.4492719173431396,90.77048788265306,65.55923150510205,36.20655293367347
FAMILY-8,MOTHER,local,4208241,4.768691539764404,4.703896522521973,7.639490365982056,7.975626826286316,9.957401275634766,2.1730432510375977,88.00422512755102,59.78156887755102,32.92012117346938
FAMILY-8,MOTHER,bending,4208242,5.292828559875488,5.804117679595947,8.256370067596436,8.505930185317993,8.814718246459961,2.5042829513549805,85.12635522959184,67.9069674744898,47.813695790816325
FAMILY-80,CHILD,elastic,4208250,5.926658630371094,5.595773696899414,10.053786277770996,11.000915765762329,16.870750427246094,2.890451669692993,93.17402742346938,71.44451530612244,44.810267857142854
FAMILY-80,CHILD,local,4208251,4.0605645179748535,3.769566059112549,7.226664781570435,8.133790493011475,9.206415176391602,2.139946460723877,80.53651147959184,45.936304209183675,20.549665178571427
FAMILY-80,CHILD,bending,4208252,3.3462934494018555,3.6511332988739014,5.214117765426636,5.388869285583496,5.706550121307373,1.5650805234909058,75.4703443877551,43.17203443877551,0.0
FAMILY-80,CHILD,elastic,4208260,4.731496810913086,4.6136932373046875,7.4414355754852295,8.19380784034729,12.27519416809082,2.084146022796631,90.7047193877551,60.96540178571429,28.286431760204085
FAMILY-80,CHILD,local,4208261,4.371295928955078,4.326081275939941,6.716425180435181,7.325035452842712,9.213563919067383,1.8076785802841187,89.59661989795919,56.07461734693877,21.33888711734694
FAMILY-80,CHILD,bending,4208262,3.423391819000244,3.727708339691162,5.330521821975708,5.522570013999939,5.883579730987549,1.5957893133163452,76.15194515306123,44.852120535714285,0.0
FAMILY-80,CHILD,elastic,4208270,7.517059326171875,7.50968074798584,11.539515018463135,12.947440385818481,17.129243850708008,3.161254405975342,96.64779974489795,85.45320471938776,66.80883290816327
FAMILY-80,CHILD,local,4208271,3.5089774131774902,3.522756576538086,5.675001859664917,6.570416331291199,8.316667556762695,1.6787570714950562,79.55795599489795,38.01817602040816,7.878268494897959
FAMILY-80,CHILD,bending,4208272,5.974920272827148,6.399922847747803,9.2469801902771,9.721396446228027,10.777758598327637,2.726567268371582,88.671875,72.6203762755102,54.356664540816325
FAMILY-80,CHILD,elastic,4208280,7.992132663726807,7.90487003326416,12.425708293914795,13.314369916915894,18.327606201171875,3.3123841285705566,96.94276147959184,87.74314413265306,70.06138392857143
FAMILY-80,CHILD,local,4208281,3.3415699005126953,3.100306510925293,5.74921178817749,6.463860988616943,7.851700305938721,1.735241413116455,75.01594387755102,34.66996173469388,7.993861607142858
FAMILY-80,CHILD,bending,4208282,4.424099445343018,4.7870869636535645,6.872874736785889,7.165904879570007,7.774054050445557,2.0422120094299316,82.6351243622449,60.28380102040817,29.92665816326531
FAMILY-80,CHILD,elastic,4208290,8.055630683898926,8.078144073486328,12.808336734771729,14.154106140136719,18.92852020263672,3.687847137451172,95.24274553571429,84.00430484693877,69.3538743622449
FAMILY-80,CHILD,local,4208291,4.753795146942139,4.601255416870117,7.915240287780762,8.4577157497406,11.028186798095703,2.272988796234131,87.81688456632652,57.17474489795919,32.38002232142857
FAMILY-80,CHILD,bending,4208292,4.205875396728516,4.541457176208496,6.527834415435791,6.8210227489471436,7.440548896789551,1.935688853263855,81.67251275510205,57.68096301020408,23.166454081632654
FAMILY-80,FATHER,elastic,4208300,6.244852542877197,6.198394298553467,9.891976833343506,10.902496814727783,16.812076568603516,2.8752601146698,93.22185905612244,75.94268176020408,52.166374362244895
FAMILY-80,FATHER,local,4208301,4.175662994384766,4.072755813598633,6.758026599884033,7.7818485498428345,9.890681266784668,2.0617454051971436,83.42036033163265,51.175860969387756,18.943319515306122
FAMILY-80,FATHER,bending,4208302,5.872112274169922,6.342270851135254,9.115195751190186,9.523128271102905,10.38033390045166,2.7034618854522705,87.94642857142857,71.83514030612244,53.60331632653062
FAMILY-80,FATHER,elastic,4208310,9.0720796585083,8.709518432617188,14.694502353668213,16.38292932510376,21.332077026367188,4.091127395629883,97.73397640306123,90.6688456632653,74.78475765306123
FAMILY-80,FATHER,local,4208311,4.639164447784424,4.656063079833984,7.453294992446899,7.984256982803345,9.424263954162598,1.9862123727798462,90.19451530612244,61.278300382653065,25.181361607142854
FAMILY-80,FATHER,bending,4208312,6.483479976654053,6.982792854309082,10.053808212280273,10.527637243270874,11.553793907165527,2.974330425262451,89.67036033163265,75.06776147959184,59.076052295918366
FAMILY-80,FATHER,elastic,4208320,7.255169868469238,7.416108131408691,11.245294570922852,12.224930763244629,14.825630187988281,3.075239658355713,94.9836575255102,83.28683035714286,65.30014349489795
FAMILY-80,FATHER,local,4208321,2.8111348152160645,2.786757707595825,4.577033281326294,5.012097358703613,6.5716657638549805,1.347239375114441,68.24577487244898,20.683195153061224,1.1639030612244898
FAMILY-80,FATHER,bending,4208322,4.900335311889648,5.276067733764648,7.59732985496521,7.958697080612183,8.739333152770996,2.2472901344299316,84.89716198979592,64.97130102040816,39.71221301020408
FAMILY-80,FATHER,elastic,4208330,5.424442291259766,5.367342948913574,8.959073066711426,10.001831293106079,15.214447975158691,2.6329240798950195,90.96779336734694,66.98620854591837,40.22640306122449
FAMILY-80,FATHER,local,4208331,3.506732225418091,3.230313301086426,5.979456663131714,6.792448997497559,8.937867164611816,1.7978254556655884,78.68901466836735,35.58673469387755,9.849330357142858
FAMILY-80,FATHER,bending,4208332,4.512667655944824,4.924581527709961,7.031867504119873,7.264223694801331,7.684042453765869,2.1119532585144043,82.58928571428571,61.37994260204081,32.85833864795919
FAMILY-80,FATHER,elastic,4208340,5.882142543792725,5.700020790100098,9.701959133148193,11.036068201065063,15.62447738647461,2.8256852626800537,92.61997767857143,71.42857142857143,46.41661352040816
FAMILY-80,FATHER,local,4208341,3.7045249938964844,3.533863067626953,5.967788934707642,7.76410186290741,9.403895378112793,1.863953709602356,82.7945631377551,37.57374043367347,9.775589923469388
FAMILY-80,FATHER,bending,4208342,3.417462110519409,3.690937042236328,5.30484938621521,5.542267680168152,6.041675567626953,1.5733067989349365,76.49673150510205,43.77989477040816,0.06377551020408163
FAMILY-80,MOTHER,elastic,4208350,4.225476264953613,4.102538585662842,6.9779276847839355,7.635808229446411,10.02503776550293,1.9616605043411255,86.32613201530613,51.85347576530612,20.033482142857142
FAMILY-80,MOTHER,local,4208351,5.619505405426025,5.7548065185546875,8.701268196105957,9.205749750137329,11.143119812011719,2.3589000701904297,93.0305325255102,72.25964604591837,46.95272640306122
FAMILY-80,MOTHER,bending,4208352,3.7989299297332764,4.039949417114258,5.857876539230347,6.200093388557434,6.9930949211120605,1.719077467918396,79.79512117346938,50.69355867346938,7.82047193877551
FAMILY-80,MOTHER,elastic,4208360,6.00522518157959,5.756715774536133,9.687057971954346,10.736683130264282,15.189175605773926,2.6405389308929443,95.02750318877551,76.52861926020408,46.673708545918366
FAMILY-80,MOTHER,local,4208361,3.6400997638702393,3.767758846282959,5.79675555229187,6.682311296463013,8.228063583374023,1.7706462144851685,77.39955357142857,44.405691964285715,8.685427295918368
FAMILY-80,MOTHER,bending,4208362,3.737238645553589,4.092425346374512,5.827902793884277,6.009299993515015,6.254650592803955,1.7616186141967773,78.16685267857143,51.470822704081634,5.277423469387755
FAMILY-80,MOTHER,elastic,4208370,7.414000034332275,7.280056953430176,11.722537994384766,12.781569242477417,17.851619720458984,3.2373123168945312,95.5616230867347,84.40489477040816,64.83577806122449
FAMILY-80,MOTHER,local,4208371,4.105374813079834,4.126537322998047,6.603578567504883,7.32786500453949,8.565713882446289,1.8777529001235962,84.86726721938776,52.27798150510205,16.322544642857142
FAMILY-80,MOTHER,bending,4208372,6.986972332000732,7.631499290466309,10.8885178565979,11.238837480545044,11.853338241577148,3.275059461593628,89.66039540816327,76.58442283163265,62.81489158163265
FAMILY-80,MOTHER,elastic,4208380,4.65444278717041,4.564074516296387,7.492761135101318,8.169832468032837,10.07600212097168,2.1001367568969727,89.13225446428571,59.5085299744898,28.515625
FAMILY-80,MOTHER,local,4208381,3.768129587173462,3.576584815979004,6.874559164047241,7.2425007820129395,8.360007286071777,2.1061654090881348,73.89190051020408,44.991629464285715,18.903459821428573
FAMILY-80,MOTHER,bending,4208382,3.532648801803589,3.795348644256592,5.473615407943726,5.741406559944153,6.3276143074035645,1.616991639137268,77.57692920918367,46.07182716836735,1.0363520408163265
FAMILY-80,MOTHER,elastic,4208390,6.337921619415283,6.484386444091797,9.861455917358398,10.828510284423828,15.706487655639648,2.8731274604797363,92.47448979591837,76.45288584183673,55.44882015306123
FAMILY-80,MOTHER,local,4208391,2.6485595703125,2.5188589096069336,4.51377534866333,5.197866439819336,6.196991443634033,1.3237806558609009,65.7944036989796,16.647401147959183,0.48828125
FAMILY-80,MOTHER,bending,4208392,5.513517379760742,5.993602752685547,8.578340530395508,8.905031442642212,9.539772987365723,2.5625414848327637,86.51945153061224,69.4515306122449,49.92227359693878
FAMILY-81,CHILD,elastic,4208400,5.334668159484863,5.377199649810791,8.255234718322754,9.223076820373535,13.968764305114746,2.3950181007385254,90.62898596938776,69.50135522959184,41.15712691326531
FAMILY-81,CHILD,local,4208401,4.126802444458008,4.079244613647461,6.424454689025879,8.137896060943604,10.408007621765137,1.9455745220184326,86.92203443877551,51.54257015306123,13.175621811224488
FAMILY-81,CHILD,bending,4208402,6.681431293487549,7.154603958129883,10.339658260345459,10.872467279434204,12.06348991394043,3.0477468967437744,90.59111926020408,76.07421875,60.542889030612244
FAMILY-81,CHILD,elastic,4208410,7.102804183959961,7.018195152282715,11.402209281921387,12.573734760284424,15.565544128417969,3.2087647914886475,94.49139030612244,81.68646364795919,62.300701530612244
FAMILY-81,CHILD,local,4208411,3.472036361694336,3.2788023948669434,6.0527520179748535,6.668067097663879,7.757734775543213,1.7099266052246094,78.44786352040816,34.72576530612245,10.421316964285714
FAMILY-81,CHILD,bending,4208412,3.8256096839904785,4.149169921875,5.948090553283691,6.18918251991272,6.6718010902404785,1.7718619108200073,79.25502232142857,52.37563775510205,8.727279974489797
FAMILY-81,CHILD,elastic,4208420,7.017561435699463,7.047554969787598,10.973942279815674,11.945405960083008,18.48863410949707,3.07448673248291,95.07732780612244,81.75023915816327,61.6569674744898
FAMILY-81,CHILD,local,4208421,4.430792331695557,4.435807228088379,6.985215187072754,7.602787613868713,8.536412239074707,1.9662343263626099,87.23692602040816,58.38847257653062,25.15345982142857
FAMILY-81,CHILD,bending,4208422,6.260622501373291,6.861852645874023,9.76458215713501,10.064341306686401,10.426126480102539,2.957359552383423,87.77702487244898,73.37771045918367,57.752710459183675
FAMILY-81,CHILD,elastic,4208430,8.17554759979248,7.914752960205078,13.013699531555176,14.444860935211182,19.734773635864258,3.6376211643218994,97.05636160714286,86.97783801020408,69.58107461734694
FAMILY-81,CHILD,local,4208431,2.488473653793335,2.494119644165039,3.91521155834198,4.333203911781311,5.614043235778809,1.116098403930664,64.74609375,8.679448341836734,0.0
FAMILY-81,CHILD,bending,4208432,6.343408107757568,6.893991947174072,9.870214939117432,10.247326374053955,10.9858980178833,2.9470510482788086,88.68383290816327,74.06927614795919,58.13337053571429
FAMILY-81,CHILD,elastic,4208440,6.64910888671875,6.547917366027832,10.422685623168945,11.475119590759277,15.403518676757812,2.8677375316619873,95.21484375,80.65808354591837,57.01530612244898
FAMILY-81,CHILD,local,4208441,2.4705142974853516,2.459183931350708,4.094279050827026,4.432907223701477,5.784109115600586,1.2313385009765625,63.95487882653062,12.165178571428571,0.0
FAMILY-81,CHILD,bending,4208442,5.925710201263428,6.487493515014648,9.239964962005615,9.529048442840576,9.933059692382812,2.791405439376831,87.08944515306123,71.72552614795919,54.74330357142857
FAMILY-81,FATHER,elastic,4208450,4.861115455627441,4.651981830596924,7.974559783935547,9.025493621826172,11.92095947265625,2.262110471725464,90.40776466836735,60.81792091836735,29.862882653061224
FAMILY-81,FATHER,local,4208451,3.194849729537964,3.3744442462921143,5.030392169952393,5.407538056373596,6.9366536140441895,1.5027186870574951,74.55157844387756,34.90314094387755,1.3970822704081631
FAMILY-81,FATHER,bending,4208452,4.7437334060668945,5.065823554992676,7.331183195114136,7.727424263954163,8.627724647521973,2.157179594039917,84.5882493622449,63.58219068877551,36.29424426020408
FAMILY-81,FATHER,elastic,4208460,7.640865802764893,7.651180267333984,11.537112712860107,12.480814695358276,18.634668350219727,3.004088878631592,96.78730867346938,87.88863201530613,70.7569355867347
FAMILY-81,FATHER,local,4208461,3.6036672592163086,3.4399900436401367,5.753877401351929,6.670878767967224,7.995909214019775,1.7435976266860962,79.53404017857143,39.8796237244898,7.461734693877552
FAMILY-81,FATHER,bending,4208462,3.7104763984680176,4.036317348480225,5.774632453918457,5.9893083572387695,6.4008636474609375,1.7267969846725464,78.33027742346938,50.60786033163265,4.838966836734694
FAMILY-81,FATHER,elastic,4208470,5.976380825042725,5.811941623687744,9.672706604003906,10.714962720870972,14.883635520935059,2.767801284790039,92.50837053571429,74.16095344387756,47.69810267857143
FAMILY-81,FATHER,local,4208471,3.8187429904937744,3.717651844024658,6.159469366073608,6.538594484329224,7.756320476531982,1.6671043634414673,85.9733737244898,44.439572704081634,11.806441326530612
FAMILY-81,FATHER,bending,4208472,5.871091842651367,6.413140296936035,9.149388313293457,9.444245100021362,9.962944984436035,2.7516911029815674,87.17315051020408,71.49433992346938,54.09956951530612
FAMILY-81,FATHER,elastic,4208480,5.437024116516113,5.225103378295898,8.993271827697754,9.768013715744019,12.833917617797852,2.555731773376465,91.35044642857143,67.8890306122449,40.21444515306122
FAMILY-81,FATHER,local,4208481,3.9754021167755127,3.777233123779297,7.034191846847534,8.024993896484375,10.56179428100586,2.171231508255005,79.56194196428571,45.699139030612244,17.44658801020408
FAMILY-81,FATHER,bending,4208482,6.757946491241455,7.374679088592529,10.530659198760986,10.879153728485107,11.511167526245117,3.162297010421753,89.23389668367348,75.72345344387756,61.30620216836735
FAMILY-81,FATHER,elastic,4208490,5.369703769683838,5.23486328125,8.845991134643555,9.46588134765625,12.620399475097656,2.424980878829956,92.41071428571429,67.63791454081633,39.22393176020408
FAMILY-81,FATHER,local,4208491,4.789041519165039,4.770407676696777,7.519165992736816,7.917604684829712,8.32634449005127,1.994327425956726,92.35491071428571,61.59319196428571,33.05365114795919
FAMILY-81,FATHER,bending,4208492,5.832076072692871,6.224152565002441,9.011256217956543,9.503049612045288,10.621187210083008,2.6506340503692627,88.49649234693877,71.89492984693877,52.56098533163265
FAMILY-81,MOTHER,elastic,4208500,7.149836540222168,7.018636226654053,11.417174816131592,12.630572080612183,18.149669647216797,3.272745132446289,95.41414221938776,80.92912946428571,61.15672831632652
FAMILY-81,MOTHER,local,4208501,3.3843166828155518,3.1971099376678467,5.644791841506958,6.305776119232178,8.575848579406738,1.5683804750442505,80.76171875,29.795121173469386,6.7661830357142865
FAMILY-81,MOTHER,bending,4208502,5.320128917694092,5.678461074829102,8.221081256866455,8.668268203735352,9.685994148254395,2.4182546138763428,86.85427295918367,68.48493303571429,45.92036033163265
FAMILY-81,MOTHER,elastic,4208510,7.719406604766846,7.735987186431885,12.124436855316162,13.148962497711182,18.63483238220215,3.4871482849121094,95.31847895408163,83.84685905612244,65.58514030612244
FAMILY-81,MOTHER,local,4208511,3.5952281951904297,3.260319709777832,6.527236461639404,7.37178099155426,9.354186058044434,1.9850181341171265,76.35522959183673,35.975366709183675,14.596619897959185
FAMILY-81,MOTHER,bending,4208512,3.6931095123291016,4.034667491912842,5.755876302719116,5.940301179885864,6.260109901428223,1.73170804977417,78.00342793367348,50.55205676020408,3.8464604591836733
FAMILY-81,MOTHER,elastic,4208520,8.389875411987305,8.270946502685547,13.747045516967773,14.896354675292969,18.80242347717285,3.7959206104278564,96.21133609693877,86.77455357142857,70.64732142857143
FAMILY-81,MOTHER,local,4208521,4.594394207000732,4.6671528816223145,6.841943264007568,7.4605244398117065,10.44289493560791,1.947871446609497,90.22839604591837,59.45073341836735,27.275988520408163
FAMILY-81,MOTHER,bending,4208522,5.549863338470459,5.997122764587402,8.615843296051025,8.998233795166016,9.801376342773438,2.55617618560791,86.99577487244898,69.84614158163265,49.97010522959184
FAMILY-81,MOTHER,elastic,4208530,5.6070876121521,5.523930549621582,9.047321796417236,9.970417499542236,14.019142150878906,2.5305986404418945,92.26124043367348,72.02248086734694,42.962771045918366
FAMILY-81,MOTHER,local,4208531,2.3099613189697266,2.2150611877441406,3.8283900022506714,4.310335874557495,5.948739528656006,1.155187726020813,57.384008290816325,7.282366071428571,0.0
FAMILY-81,MOTHER,bending,4208532,3.551884889602661,3.8648386001586914,5.529464483261108,5.732609391212463,6.116579055786133,1.654252290725708,77.18032525510205,47.61240433673469,0.2650669642857143
FAMILY-81,MOTHER,elastic,4208540,8.295882225036621,8.284011840820312,13.806802749633789,15.430723190307617,19.900508880615234,3.9903063774108887,95.21882971938776,83.78706951530613,68.8655931122449
FAMILY-81,MOTHER,local,4208541,3.146836996078491,3.055706024169922,5.426107168197632,6.037551999092102,6.877253532409668,1.6471179723739624,70.44005102040816,31.377551020408163,5.237563775510204
FAMILY-81,MOTHER,bending,4208542,4.081822872161865,4.407436847686768,6.334717750549316,6.620356917381287,7.224755764007568,1.8781737089157104,80.98094706632652,56.0188137755102,17.916932397959183
FAMILY-82,CHILD,elastic,4208550,8.031784057617188,8.188993453979492,12.412650108337402,13.610412359237671,20.380361557006836,3.4824397563934326,95.8725286989796,85.42729591836735,70.70113201530613
FAMILY-82,CHILD,local,4208551,3.5890371799468994,3.4371824264526367,5.616708755493164,6.495204925537109,9.4392671585083,1.6158268451690674,85.3156887755102,34.61415816326531,6.923628826530612
FAMILY-82,CHILD,bending,4208552,5.710261821746826,6.062956809997559,8.796813011169434,9.324072360992432,10.555527687072754,2.579770088195801,88.51841517857143,71.27511160714286,50.73939732142857
FAMILY-82,CHILD,elastic,4208560,7.905824184417725,7.840247631072998,12.693303108215332,14.195524454116821,19.849571228027344,3.6531715393066406,95.65728635204081,84.00629783163265,68.09829400510205
FAMILY-82,CHILD,local,4208561,3.6782593727111816,3.7129814624786377,5.724515676498413,6.325573801994324,7.465806007385254,1.5818885564804077,82.66501913265306,42.92689732142857,7.238520408163265
FAMILY-82,CHILD,bending,4208562,5.871719837188721,6.368619918823242,9.129672050476074,9.49913477897644,10.239487648010254,2.719616174697876,87.67936862244898,71.67570153061224,53.80660076530612
FAMILY-82,CHILD,elastic,4208570,7.462243556976318,7.567408561706543,11.954081058502197,13.168053388595581,17.3306884765625,3.4075238704681396,94.90593112244898,81.73628826530613,64.82780612244898
FAMILY-82,CHILD,local,4208571,3.8542075157165527,3.841620922088623,5.760735988616943,6.189894318580627,7.271555423736572,1.438463807106018,89.01666135204081,46.14955357142857,7.144850127551021
FAMILY-82,CHILD,bending,4208572,3.9088191986083984,4.162685394287109,6.0322535037994385,6.375039577484131,7.164531707763672,1.771846055984497,80.4328762755102,52.728396045918366,10.730229591836734
FAMILY-82,CHILD,elastic,4208580,5.325138568878174,5.051501274108887,8.765735626220703,10.007083177566528,13.412001609802246,2.5716631412506104,91.07342155612244,65.71468431122449,37.94443558673469
FAMILY-82,CHILD,local,4208581,3.2475900650024414,3.22762393951416,5.220214366912842,5.801110148429871,7.181105613708496,1.4233853816986084,79.99441964285714,28.56943558673469,3.7926498724489797
FAMILY-82,CHILD,bending,4208582,6.845768451690674,7.347515106201172,10.602093696594238,11.130043983459473,12.290452003479004,3.1303417682647705,90.7665019132653,76.72991071428571,61.72672193877551
FAMILY-82,CHILD,elastic,4208590,6.453125476837158,6.151730060577393,10.673403263092041,11.501821994781494,16.831012725830078,3.0551276206970215,93.43710140306123,76.9969706632653,51.78571428571429
FAMILY-82,CHILD,local,4208591,3.1807899475097656,3.0978915691375732,5.052820682525635,6.026739597320557,8.428061485290527,1.5400428771972656,74.91430165816327,27.315848214285715,5.135921556122449
FAMILY-82,CHILD,bending,4208592,4.379891872406006,4.656197547912598,6.751471519470215,7.149484157562256,8.076143264770508,1.9806569814682007,83.13934948979592,59.61017219387755,27.39955357142857
FAMILY-82,FATHER,elastic,4208600,7.240782260894775,7.012155055999756,11.810658931732178,13.40465760231018,19.62599754333496,3.5240743160247803,95.08928571428571,79.85889668367348,61.04312818877551
FAMILY-82,FATHER,local,4208601,2.838125705718994,2.8741703033447266,4.358763933181763,4.788845419883728,5.449758529663086,1.1664122343063354,75.8250956632653,17.352917729591837,0.0
FAMILY-82,FATHER,bending,4208602,6.126676082611084,6.505823135375977,9.438907623291016,10.00368070602417,11.322460174560547,2.768162488937378,89.83577806122449,73.64477040816327,55.44084821428571
FAMILY-82,FATHER,elastic,4208610,8.61781120300293,8.243148803710938,14.644232273101807,16.181459426879883,21.87793731689453,4.2417521476745605,96.16749043367348,85.35355548469387,69.3000637755102
FAMILY-82,FATHER,local,4208611,3.218261957168579,3.2530534267425537,5.187030792236328,5.706303834915161,6.901731014251709,1.4803872108459473,75.04185267857143,31.53101084183674,3.3940529336734695
FAMILY-82,FATHER,bending,4208612,5.013605117797852,5.343375205993652,7.739412307739258,8.174877882003784,9.172133445739746,2.274388074874878,85.78204719387756,66.08936543367348,41.08139349489796
FAMILY-82,FATHER,elastic,4208620,9.349071502685547,9.112710952758789,15.712947845458984,17.59908103942871,22.118831634521484,4.52638578414917,96.46444515306123,87.22297512755102,74.60738201530613
FAMILY-82,FATHER,local,4208621,2.3106935024261475,2.2559399604797363,3.578187346458435,4.027544379234314,5.106967926025391,0.9802148938179016,59.89118303571429,5.247528698979592,0.0
FAMILY-82,FATHER,bending,4208622,3.602785348892212,3.94265079498291,5.618550062179565,5.794041037559509,6.050230503082275,1.695898175239563,77.2819674744898,49.03539540816326,0.09765625
FAMILY-82,FATHER,elastic,4208630,6.0283613204956055,5.984613418579102,9.510464668273926,10.532532215118408,14.640365600585938,2.6870956420898438,93.47098214285714,75.02192283163265,49.76084183673469
FAMILY-82,FATHER,local,4208631,2.429879903793335,2.2348265647888184,4.4227564334869385,5.232705116271973,6.144847393035889,1.4098907709121704,55.55245535714286,14.237882653061224,0.9267378826530612
FAMILY-82,FATHER,bending,4208632,4.756993293762207,5.208948135375977,7.41782283782959,7.649752855300903,7.9673285484313965,2.241617202758789,83.37651466836735,63.74760841836735,38.73565051020408
FAMILY-82,FATHER,elastic,4208640,4.341405868530273,4.269942283630371,7.257277488708496,7.8951321840286255,10.220609664916992,2.077651262283325,84.79950573979592,54.38456632653062,22.827646683673468
FAMILY-82,FATHER,local,4208641,3.008756637573242,2.6325831413269043,5.374428749084473,6.401312828063965,7.8967485427856445,1.6513701677322388,68.50685586734694,24.800701530612244,6.172273596938775
FAMILY-82,FATHER,bending,4208642,6.796594142913818,7.382449150085449,10.571628093719482,10.983911752700806,11.794723510742188,3.154770851135254,89.71420599489795,76.11208545918367,61.49952168367348
FAMILY-82,MOTHER,elastic,4208650,8.055241584777832,7.79106330871582,13.113506317138672,14.291970491409302,17.333415985107422,3.582821846008301,97.2118144132653,86.55731823979592,67.92889030612244
FAMILY-82,MOTHER,local,4208651,5.034114837646484,5.338120937347412,7.968300104141235,8.427018642425537,10.537758827209473,2.3727633953094482,85.09646045918367,66.97823660714286,38.65991709183674
FAMILY-82,MOTHER,bending,4208652,5.407674312591553,5.887495517730713,8.419678688049316,8.724612712860107,9.298033714294434,2.5202553272247314,86.04113520408163,68.73007015306123,48.736447704081634
FAMILY-82,MOTHER,elastic,4208660,6.8926591873168945,6.832398414611816,11.009113311767578,11.93835997581482,16.853086471557617,3.055487632751465,94.91988201530613,80.66007653061224,59.75366709183674
FAMILY-82,MOTHER,local,4208661,3.301016092300415,2.8494229316711426,5.935247421264648,6.936628818511963,8.019574165344238,1.7568678855895996,75.70352359693877,30.53451849489796,9.743702168367346
FAMILY-82,MOTHER,bending,4208662,5.811925888061523,6.288700103759766,9.02894401550293,9.414118528366089,10.20984172821045,2.6831865310668945,87.6514668367347,71.36678890306123,53.0632174744898
FAMILY-82,MOTHER,elastic,4208670,8.000743865966797,8.13150405883789,12.370337963104248,13.566835880279541,19.967607498168945,3.5123159885406494,95.7210618622449,84.89716198979592,69.05691964285714
FAMILY-82,MOTHER,local,4208671,3.8877933025360107,3.8056018352508545,5.852595567703247,6.676619291305542,9.601465225219727,1.6411113739013672,87.83482142857143,44.427614795918366,8.653539540816327
FAMILY-82,MOTHER,bending,4208672,5.4876837730407715,5.988015174865723,8.55078411102295,8.834522724151611,9.349536895751953,2.5676512718200684,86.17067920918367,69.2024075255102,49.86049107142857
FAMILY-82,MOTHER,elastic,4208680,5.39596700668335,5.244418621063232,8.71864366531372,9.567247867584229,14.915278434753418,2.540437936782837,91.45806760204081,67.75350765306123,39.94937818877551
FAMILY-82,MOTHER,local,4208681,3.9172651767730713,3.7771191596984863,6.689059257507324,7.402743339538574,8.847112655639648,1.9048229455947876,82.49561543367348,45.25470344387755,16.338488520408163
FAMILY-82,MOTHER,bending,4208682,5.262609481811523,5.738102912902832,8.197900772094727,8.479064702987671,8.992480278015137,2.4592459201812744,85.51498724489795,67.72361288265306,46.890943877551024
FAMILY-82,MOTHER,elastic,4208690,4.820752143859863,4.493298530578613,8.034449100494385,9.404207944869995,12.920994758605957,2.4875800609588623,87.6335299744898,57.665019132653065,31.0726243622449
FAMILY-82,MOTHER,local,4208691,2.884761333465576,2.759552478790283,4.753661394119263,5.194095134735107,6.832298278808594,1.4209696054458618,68.99713010204081,25.083705357142854,0.9725765306122449
FAMILY-82,MOTHER,bending,4208692,6.162889003753662,6.690585136413574,9.583903312683105,9.962291240692139,10.706865310668945,2.8592264652252197,88.36296237244898,73.2162786989796,56.57485650510205
FAMILY-84,CHILD,elastic,4208700,4.765302658081055,4.750857830047607,7.711723327636719,8.370847225189209,9.806848526000977,2.2097017765045166,87.70926339285714,60.467155612244895,32.49760841836735
FAMILY-84,CHILD,local,4208701,4.975042343139648,4.764135360717773,8.360949516296387,9.059661149978638,10.39427375793457,2.3238513469696045,90.21843112244898,64.34550382653062,31.094547193877553
FAMILY-84,CHILD,bending,4208702,6.881868839263916,7.552451133728027,10.73592233657837,11.057446718215942,11.461225509643555,3.2597498893737793,88.97082270408163,75.98254145408163,62.22895408163265
FAMILY-84,CHILD,elastic,4208710,5.693284034729004,5.532698631286621,9.214964389801025,10.3213632106781,16.588260650634766,2.6954991817474365,93.00063775510205,68.81975446428571,43.87157206632653
FAMILY-84,CHILD,local,4208711,2.446810245513916,2.384373664855957,3.9988012313842773,4.529784560203552,6.851729869842529,1.265974998474121,60.076530612244895,9.980867346938775,1.4010682397959182
FAMILY-84,CHILD,bending,4208712,6.168447494506836,6.705339431762695,9.597469806671143,9.963104009628296,10.674066543579102,2.866807699203491,88.28324298469387,73.1983418367347,56.646603954081634
FAMILY-84,CHILD,elastic,4208720,8.160239219665527,7.946340560913086,13.043646335601807,14.523664951324463,20.604591369628906,3.6411781311035156,96.8311543367347,86.91007653061224,70.26267538265306
FAMILY-84,CHILD,local,4208721,4.852847576141357,4.645976543426514,7.6797404289245605,8.257393836975098,9.737181663513184,1.9955042600631714,92.10180165816327,64.6125637755102,29.366629464285715
FAMILY-84,CHILD,bending,4208722,5.887327194213867,6.446784019470215,9.180641174316406,9.466341495513916,9.855986595153809,2.7747700214385986,86.98381696428571,71.5102838010204,54.40648915816326
FAMILY-84,CHILD,elastic,4208730,7.457027435302734,7.253425598144531,12.155055046081543,13.622807502746582,19.085115432739258,3.527439594268799,95.21085778061224,81.2858737244898,62.21500318877551
FAMILY-84,CHILD,local,4208731,2.0826780796051025,2.0077059268951416,3.3652349710464478,3.901939272880554,5.054257869720459,1.0016090869903564,50.2570950255102,4.542012117346939,0.0
FAMILY-84,CHILD,bending,4208732,4.012820243835449,4.366817474365234,6.247189044952393,6.475625991821289,6.9070048332214355,1.8693208694458008,80.21564094387756,55.389030612244895,16.02160395408163
FAMILY-84,CHILD,elastic,4208740,8.20145320892334,8.213744163513184,13.138509273529053,14.532120704650879,21.99949073791504,3.8751590251922607,95.60945471938776,83.99234693877551,68.57661033163265
FAMILY-84,CHILD,local,4208741,3.5821642875671387,3.3940858840942383,5.8801538944244385,6.580570459365845,7.74953556060791,1.6989022493362427,81.64261798469387,38.460618622448976,9.09000318877551
FAMILY-84,CHILD,bending,4208742,5.824304580688477,6.220890998840332,9.001943588256836,9.486769437789917,10.587882041931152,2.6491007804870605,88.43470982142857,71.82916135204081,52.521125637755105
FAMILY-84,FATHER,elastic,4208750,8.994606018066406,8.93217945098877,14.57407283782959,15.775537014007568,19.46742057800293,4.052660942077637,96.00007971938776,87.53786670918367,75.37468112244898
FAMILY-84,FATHER,local,4208751,5.093113422393799,4.8194427490234375,8.691102981567383,9.246242761611938,11.439469337463379,2.5562329292297363,87.47209821428571,61.07501594387755,36.72871492346938
FAMILY-84,FATHER,bending,4208752,4.846917629241943,5.280709266662598,7.547783851623535,7.815554261207581,8.309109687805176,2.261826276779175,84.04815051020408,64.46906887755102,39.77798150510204
FAMILY-84,FATHER,elastic,4208760,7.467964172363281,7.622017860412598,11.509944438934326,12.382164001464844,18.105138778686523,3.1845345497131348,95.49386160714286,83.70137117346938,66.88655931122449
FAMILY-84,FATHER,local,4208761,3.758655548095703,3.63614559173584,6.32386326789856,7.186272382736206,10.001944541931152,1.8868201971054077,80.0422512755102,42.04799107142857,12.513950892857142
FAMILY-84,FATHER,bending,4208762,3.796968460083008,4.169005393981934,5.923969745635986,6.09946870803833,6.323636531829834,1.7996487617492676,78.44188456632652,52.58091517857143,7.914142219387756
FAMILY-84,FATHER,elastic,4208770,8.584665298461914,8.448539733886719,13.4630446434021,14.644010305404663,20.70673370361328,3.750279188156128,97.19587053571429,87.99625318877551,72.91533801020408
FAMILY-84,FATHER,local,4208771,3.345210075378418,3.258254289627075,5.491792440414429,6.867501497268677,8.290979385375977,1.7426598072052002,74.81265943877551,31.3655931122449,6.8638392857142865
FAMILY-84,FATHER,bending,4208772,5.930191993713379,6.350238800048828,9.176458358764648,9.650175094604492,10.709864616394043,2.7047698497772217,88.58617665816327,72.36926020408163,53.86639030612245
FAMILY-84,FATHER,elastic,4208780,7.966187000274658,7.939102649688721,12.515314102172852,13.618042469024658,17.627647399902344,3.4311635494232178,96.09972895408163,86.08298788265306,70.10124362244898
FAMILY-84,FATHER,local,4208781,3.4522244930267334,3.3678579330444336,5.382709980010986,5.758938670158386,7.440779685974121,1.454830288887024,82.70886479591837,35.20208864795919,2.513153698979592
FAMILY-84,FATHER,bending,4208782,6.7850661277771,7.243372440338135,10.485373973846436,11.053828477859497,12.348936080932617,3.0845727920532227,91.24481823979592,76.62228954081633,61.27032844387755
FAMILY-84,FATHER,elastic,4208790,6.752148151397705,6.742754936218262,10.642937183380127,11.70822548866272,16.377721786499023,2.977553367614746,94.58904655612244,80.86136798469387,59.48461415816326
FAMILY-84,FATHER,local,4208791,4.414806842803955,4.132423400878906,7.272035598754883,8.262140035629272,10.628872871398926,2.13181471824646,87.33856823979592,52.491230867346935,23.842075892857142
FAMILY-84,FATHER,bending,4208792,6.018743515014648,6.397534370422363,9.276111602783203,9.825068712234497,11.106512069702148,2.720961093902588,89.45113201530613,73.0727838010204,54.31879783163265
FAMILY-84,MOTHER,elastic,4208800,6.3276896476745605,6.330319404602051,9.958673000335693,10.84591007232666,15.713837623596191,2.7039732933044434,94.64485012755102,78.16485969387756,54.80110012755102
FAMILY-84,MOTHER,local,4208801,2.7358145713806152,2.7176904678344727,4.344266414642334,4.617257595062256,5.130217552185059,1.1698585748672485,69.55117984693877,18.359375,0.0
FAMILY-84,MOTHER,bending,4208802,7.025979042053223,7.680517196655273,10.952678680419922,11.300027847290039,11.867539405822754,3.2993698120117188,89.6305006377551,76.66015625,63.05404974489795
FAMILY-84,MOTHER,elastic,4208810,5.431501865386963,5.305501937866211,8.816322803497314,9.678063154220581,14.528227806091309,2.496427536010742,92.24529655612244,68.57661033163265,39.31361607142857
FAMILY-84,MOTHER,local,4208811,3.0444774627685547,2.870410919189453,5.252692937850952,5.889310121536255,7.627166748046875,1.543966293334961,72.2835618622449,25.916772959183675,4.617745535714286
FAMILY-84,MOTHER,bending,4208812,6.165040493011475,6.718003273010254,9.600699424743652,9.93980622291565,10.564406394958496,2.877445936203003,88.09390943877551,73.09669961734694,56.70440051020408
FAMILY-84,MOTHER,elastic,4208820,7.052858352661133,6.851325988769531,11.618199348449707,12.69467806816101,19.241310119628906,3.302126884460449,94.68072385204081,80.2555006377551,58.6296237244898
FAMILY-84,MOTHER,local,4208821,4.501560211181641,4.480472564697266,6.787321090698242,7.455802083015442,8.325057983398438,1.7634952068328857,90.9438775510204,61.49154974489795,21.805245535714285
FAMILY-84,MOTHER,bending,4208822,4.808938026428223,5.25444221496582,7.495321989059448,7.734691500663757,8.1451416015625,2.2556638717651367,83.72329400510205,64.16613520408163,39.42323022959184
FAMILY-84,MOTHER,elastic,4208830,5.946146011352539,5.922677993774414,9.301499843597412,10.430374145507812,14.317915916442871,2.6156938076019287,93.52080676020408,75.66764987244898,48.78427933673469
FAMILY-84,MOTHER,local,4208831,4.1708664894104,4.083589553833008,7.103535890579224,7.955648303031921,11.340338706970215,2.2727136611938477,79.26897321428571,51.20575573979592,21.82716836734694
FAMILY-84,MOTHER,bending,4208832,4.972925186157227,5.380517482757568,7.723997116088867,8.056668996810913,8.747123718261719,2.2945468425750732,84.96890943877551,65.55125956632652,41.336495535714285
FAMILY-84,MOTHER,elastic,4208840,7.987310409545898,7.902007102966309,12.248962879180908,13.488547801971436,19.741127014160156,3.2151639461517334,97.4071269132653,88.67386798469387,72.4868463010204
FAMILY-84,MOTHER,local,4208841,4.001989364624023,3.7783470153808594,7.088571548461914,8.07787275314331,9.380724906921387,2.054706573486328,81.82397959183673,45.958227040816325,16.80285395408163
FAMILY-84,MOTHER,bending,4208842,5.433416843414307,5.800714492797852,8.396942138671875,8.85175609588623,9.887852668762207,2.470207452774048,87.19706632653062,69.30803571428571,47.530691964285715
FAMILY-85,CHILD,elastic,4208850,5.3231730461120605,5.271000862121582,8.389434814453125,9.29780387878418,12.903055191040039,2.3445851802825928,92.3030931122449,69.08083545918367,38.7077487244898
FAMILY-85,CHILD,local,4208851,3.278259038925171,3.2833495140075684,5.133373260498047,5.674083232879639,7.435412883758545,1.4333500862121582,79.76124043367348,29.8828125,3.5235969387755106
FAMILY-85,CHILD,bending,4208852,3.5805203914642334,3.85453462600708,5.550994396209717,5.815158247947693,6.385959148406982,1.64197838306427,77.8679049744898,47.23573022959184,1.4807876275510203
FAMILY-85,CHILD,elastic,4208860,6.670139789581299,6.4316606521606445,11.263147354125977,12.929047346115112,17.250978469848633,3.345883846282959,92.56218112244898,76.8993144132653,55.082110969387756
FAMILY-85,CHILD,local,4208861,4.138561248779297,4.1371026039123535,6.203305006027222,6.676074743270874,8.258345603942871,1.5985000133514404,89.92745535714286,53.28842474489795,13.518415178571427
FAMILY-85,CHILD,bending,4208862,5.839611530303955,6.21329402923584,9.00686502456665,9.5274977684021,10.733489036560059,2.644092559814453,88.76753826530613,72.0085299744898,52.44339923469388
FAMILY-85,CHILD,elastic,4208870,7.291508674621582,7.145901679992676,11.92099666595459,13.446812152862549,17.729768753051758,3.507863759994507,94.35586734693877,80.27144451530613,61.83035714285714
FAMILY-85,CHILD,local,4208871,4.770565986633301,4.673348426818848,7.979992151260376,8.915472507476807,11.08275318145752,2.3170459270477295,87.40632971938776,59.24545599489795,29.270966198979593
FAMILY-85,CHILD,bending,4208872,3.7565269470214844,4.0783891677856445,5.841813802719116,6.072462201118469,6.527156352996826,1.7427079677581787,78.76076211734694,51.28348214285714,6.154336734693878
FAMILY-85,CHILD,elastic,4208880,8.882181167602539,8.489959716796875,14.77888822555542,16.24569845199585,22.878568649291992,4.197493553161621,96.41860650510205,88.03411989795919,73.12858737244898
FAMILY-85,CHILD,local,4208881,5.541679382324219,5.521932601928711,8.177378177642822,8.839001893997192,10.150115013122559,1.968151330947876,95.34638073979592,79.17729591836735,40.304129464285715
FAMILY-85,CHILD,bending,4208882,4.389507293701172,4.701017379760742,6.792848348617554,7.142464756965637,7.9206647872924805,2.002790689468384,82.8842474489796,59.771603954081634,28.32828443877551
FAMILY-85,CHILD,elastic,4208890,8.71679973602295,8.488664627075195,13.918813705444336,15.487565279006958,22.844377517700195,3.9247140884399414,97.57254464285714,87.81688456632652,72.95121173469387
FAMILY-85,CHILD,local,4208891,4.24007511138916,4.357048511505127,6.430739879608154,7.015482187271118,8.626460075378418,1.7614045143127441,86.78651147959184,56.788105867346935,16.64540816326531
FAMILY-85,CHILD,bending,4208892,5.201551914215088,5.529597282409668,8.017937183380127,8.490599393844604,9.590872764587402,2.3522579669952393,86.68088329081633,67.69571109693877,43.907445790816325
FAMILY-85,FATHER,elastic,4208900,6.917885780334473,6.9670257568359375,10.510161399841309,11.518908262252808,16.251253128051758,2.785921096801758,96.8311543367347,83.16525829081633,62.72321428571429
FAMILY-85,FATHER,local,4208901,4.685903549194336,4.501856803894043,7.551536798477173,8.778704166412354,10.67602825164795,2.032928466796875,91.60754145408163,62.39237882653062,20.725047831632654
FAMILY-85,FATHER,bending,4208902,5.3035454750061035,5.716486930847168,8.225627899169922,8.608975887298584,9.429767608642578,2.4354517459869385,86.33609693877551,68.1999362244898,46.34088010204081
FAMILY-85,FATHER,elastic,4208910,7.149601936340332,7.01191520690918,11.716925621032715,12.965106725692749,17.20818328857422,3.3773133754730225,94.28013392857143,80.27543048469387,61.0969387755102
FAMILY-85,FATHER,local,4208911,4.911299228668213,4.9993672370910645,7.088871717453003,8.30314326286316,11.439668655395508,1.9739673137664795,92.08187181122449,67.93088329081633,29.856903698979593
FAMILY-85,FATHER,bending,4208912,3.664341449737549,3.980806827545166,5.700048446655273,5.921236634254456,6.356201648712158,1.7012107372283936,78.11702806122449,49.68112244897959,3.549505739795918
FAMILY-85,FATHER,elastic,4208920,9.587407112121582,9.785247802734375,14.776910305023193,16.138721466064453,21.34916877746582,4.141984462738037,97.65824298469387,89.31361607142857,77.68853635204081
FAMILY-85,FATHER,local,4208921,3.8205983638763428,3.654951572418213,5.942658424377441,6.897690415382385,8.664987564086914,1.6537575721740723,86.38791454081633,42.33896683673469,9.592235331632654
FAMILY-85,FATHER,bending,4208922,6.345310688018799,6.753805160522461,9.789613246917725,10.351273775100708,11.647773742675781,2.874566078186035,90.2961575255102,74.70105229591837,57.696906887755105
FAMILY-85,FATHER,elastic,4208930,5.009136199951172,4.784494876861572,8.226191997528076,9.29549765586853,13.08976936340332,2.376958131790161,90.83027742346938,62.037627551020414,32.37005739795919
FAMILY-85,FATHER,local,4208931,2.2273128032684326,2.1272003650665283,3.823997378349304,4.226680040359497,4.723380088806152,1.12617027759552,53.26849489795919,7.505580357142858,0.0
FAMILY-85,FATHER,bending,4208932,6.161993503570557,6.583706855773926,9.52470874786377,10.035944700241089,11.192880630493164,2.803626537322998,89.41127232142857,73.69658801020408,56.11049107142857
FAMILY-85,FATHER,elastic,4208940,5.848529815673828,5.680955410003662,10.083755016326904,11.069064617156982,14.173930168151855,3.0017361640930176,89.2936862244898,68.79583864795919,46.414620535714285
FAMILY-85,FATHER,local,4208941,2.822904348373413,2.7089719772338867,4.423644542694092,4.758571624755859,5.651756286621094,1.1017004251480103,74.94419642857143,17.185507015306122,0.0
FAMILY-85,FATHER,bending,4208942,4.511838436126709,4.868382453918457,7.000407695770264,7.319474816322327,7.996680736541748,2.074795961380005,83.16525829081633,61.19658801020408,31.905691964285715
FAMILY-85,MOTHER,elastic,4208950,9.490175247192383,9.624475479125977,14.692480087280273,15.64553713798523,19.833253860473633,4.0442891120910645,97.55062181122449,89.74210778061224,77.65664859693877
FAMILY-85,MOTHER,local,4208951,4.370523452758789,4.520838737487793,6.797032833099365,7.478222727775574,8.770620346069336,1.8306089639663696,87.94244260204081,59.446747448979586,19.425621811224488
FAMILY-85,MOTHER,bending,4208952,6.279060363769531,6.782284736633301,9.747280597686768,10.182835817337036,11.098251342773438,2.8909852504730225,89.0007174744898,73.99154974489795,57.427853954081634
FAMILY-85,MOTHER,elastic,4208960,5.356716632843018,5.064033031463623,9.133765697479248,10.048306941986084,17.0870361328125,2.7231593132019043,89.98325892857143,65.0649713010204,38.5124362244898
FAMILY-85,MOTHER,local,4208961,4.534430503845215,4.234559535980225,7.838038206100464,8.462065696716309,9.978072166442871,2.2196781635284424,87.52192283163265,53.770727040816325,26.448899872448976
FAMILY-85,MOTHER,bending,4208962,4.143481731414795,4.496716022491455,6.4432313442230225,6.7013161182403564,7.217067241668701,1.9201560020446777,81.10451211734694,57.01530612244898,21.14357461734694
FAMILY-85,MOTHER,elastic,4208970,7.528501987457275,7.7775044441223145,11.60994815826416,12.457602739334106,15.5127592086792,3.197432518005371,95.4360650510204,82.99784757653062,67.14963329081633
FAMILY-85,MOTHER,local,4208971,3.757539987564087,3.752580404281616,5.794035196304321,6.312312126159668,8.725974082946777,1.5460790395736694,86.00725446428571,44.00111607142857,7.3939732142857135
FAMILY-85,MOTHER,bending,4208972,4.814489364624023,5.194944381713867,7.469982147216797,7.8104623556137085,8.53311538696289,2.2139694690704346,84.48660714285714,64.17410714285714,38.25932716836735
FAMILY-85,MOTHER,elastic,4208980,8.849895477294922,8.718124389648438,14.656708240509033,16.186996936798096,21.25632667541504,4.179281711578369,96.64979272959184,85.88568239795919,72.0085299744898
FAMILY-85,MOTHER,local,4208981,4.084237098693848,4.209737777709961,6.081423282623291,6.649574041366577,8.618741989135742,1.6461910009384155,87.90058992346938,55.05420918367348,11.24641262755102
FAMILY-85,MOTHER,bending,4208982,5.165811538696289,5.564598083496094,8.010485649108887,8.38721776008606,9.201994895935059,2.370258331298828,85.8657525510204,67.16358418367348,44.19842155612245
FAMILY-85,MOTHER,elastic,4208990,8.3034086227417,8.070845603942871,13.337107181549072,14.731310367584229,20.83945655822754,3.785386323928833,97.16996173469387,86.37994260204081,68.80181760204081
FAMILY-85,MOTHER,local,4208991,2.803767681121826,2.733206272125244,4.1548919677734375,4.664284706115723,6.9625678062438965,1.1731603145599365,72.74992028061224,14.140226403061224,1.1419802295918369
FAMILY-85,MOTHER,bending,4208992,4.7207159996032715,5.132306098937988,7.34605598449707,7.62131929397583,8.153550148010254,2.195774555206299,83.70535714285714,63.34502551020408,37.105389030612244
FAMILY-87,CHILD,elastic,4209000,7.790045738220215,7.859206199645996,12.18694019317627,13.301765203475952,17.175386428833008,3.4080240726470947,95.57358099489795,84.48660714285714,68.14014668367348
FAMILY-87,CHILD,local,4209001,2.809460401535034,2.812765121459961,4.345251083374023,4.768170714378357,5.597222328186035,1.1996562480926514,71.38472576530613,18.25573979591837,0.0
FAMILY-87,CHILD,bending,4209002,7.051047325134277,7.6801676750183105,10.978390216827393,11.371545791625977,12.102178573608398,3.288682222366333,90.01913265306123,76.95910395408163,63.18160076530612
FAMILY-87,CHILD,elastic,4209010,7.2218017578125,7.00765323638916,11.962748527526855,13.099433660507202,15.944354057312012,3.372180461883545,95.63735650510205,80.37308673469387,60.22401147959183
FAMILY-87,CHILD,local,4209011,5.089659690856934,4.941194534301758,8.172883033752441,9.558150053024292,11.612298011779785,2.313748836517334,91.83474170918367,66.01961096938776,33.16127232142857
FAMILY-87,CHILD,bending,4209012,5.178118705749512,5.50488805770874,7.981598377227783,8.452187776565552,9.544485092163086,2.3419666290283203,86.58721301020408,67.5163424744898,43.550701530612244
FAMILY-87,CHILD,elastic,4209020,5.833380222320557,5.706374168395996,9.498613357543945,10.20595669746399,12.171639442443848,2.520264148712158,94.33992346938776,73.67067920918367,46.107700892857146
FAMILY-87,CHILD,local,4209021,3.9279489517211914,3.8901283740997314,6.231333017349243,6.606382250785828,9.666115760803223,1.7344309091567993,85.0944674744898,46.912866709183675,13.667889030612246
FAMILY-87,CHILD,bending,4209022,6.798736572265625,7.456757068634033,10.60567331314087,10.925471782684326,11.322700500488281,3.2174878120422363,88.8054049744898,75.69953762755102,61.68486926020408
FAMILY-87,CHILD,elastic,4209030,6.093369960784912,6.015922546386719,9.530160903930664,10.262333869934082,14.089447975158691,2.5930087566375732,94.21835140306123,77.88982780612244,50.21524234693877
FAMILY-87,CHILD,local,4209031,2.7231180667877197,2.5617873668670654,4.24157977104187,5.209620475769043,7.944947242736816,1.3822458982467651,68.83968431122449,13.410794005102042,3.4319196428571432
FAMILY-87,CHILD,bending,4209032,3.8979790210723877,4.233585357666016,6.062929630279541,6.299893260002136,6.766019821166992,1.8091437816619873,79.6336894132653,53.60132334183674,11.53140943877551
FAMILY-87,CHILD,elastic,4209040,5.8445210456848145,5.700113773345947,9.399656295776367,10.845473527908325,15.025701522827148,2.7262442111968994,92.73955676020408,72.86352040816327,46.055883290816325
FAMILY-87,CHILD,local,4209041,3.9840281009674072,3.938655376434326,6.765125751495361,7.318533539772034,8.635481834411621,2.019037961959839,78.42793367346938,49.15497448979592,18.482940051020407
FAMILY-87,CHILD,bending,4209042,5.4104180335998535,5.755019664764404,8.343640327453613,8.828414678573608,9.950237274169922,2.4492077827453613,87.38042091836735,69.21835140306123,47.00454400510204
FAMILY-87,FATHER,elastic,4209050,7.449949264526367,7.423840522766113,11.661898612976074,13.18921685218811,17.94812774658203,3.2734405994415283,96.29304846938776,83.66151147959184,65.32605229591837
FAMILY-87,FATHER,local,4209051,2.8233275413513184,2.7961459159851074,4.458572864532471,4.999208927154541,6.8930253982543945,1.279199481010437,70.56760204081633,19.202407525510203,0.8988360969387755
FAMILY-87,FATHER,bending,4209052,4.484503269195557,4.888331890106201,6.984999895095825,7.227434754371643,7.6726274490356445,2.0944900512695312,82.52949617346938,61.06903698979592,32.0671237244898
FAMILY-87,FATHER,elastic,4209060,6.7941107749938965,6.782522678375244,10.851087093353271,11.791500568389893,15.467984199523926,3.0436573028564453,94.10873724489795,79.98445471938776,59.23150510204081
FAMILY-87,FATHER,local,4209061,4.282565593719482,4.388965129852295,6.851562976837158,7.3939865827560425,9.326689720153809,1.9547468423843384,84.73772321428571,55.74976084183674,20.609454719387756
FAMILY-87,FATHER,bending,4209062,5.2603230476379395,5.761058807373047,8.204742431640625,8.457581043243408,8.783535957336426,2.4818289279937744,85.12236926020408,67.69770408163265,47.26761798469388
FAMILY-87,FATHER,elastic,4209070,8.046836853027344,7.915493965148926,13.350155353546143,14.572712421417236,19.63705062866211,3.8815970420837402,94.95376275510205,82.55341198979592,67.1516262755102
FAMILY-87,FATHER,local,4209071,3.248560667037964,2.969082832336426,5.727883815765381,6.377151727676392,10.05471420288086,1.8539386987686157,70.53571428571429,32.15880102040816,7.294323979591836
FAMILY-87,FATHER,bending,4209072,5.2677435874938965,5.768357753753662,8.214524269104004,8.470173835754395,8.816564559936523,2.482999563217163,85.18614477040816,67.73557079081633,47.33139349489796
FAMILY-87,FATHER,elastic,4209080,9.226879119873047,9.129015922546387,14.631179809570312,16.337647914886475,19.61941909790039,4.0434980392456055,97.35331632653062,89.05652104591837,76.96906887755102
FAMILY-87,FATHER,local,4209081,3.791435718536377,3.8553881645202637,5.570817947387695,5.9439698457717896,7.9468207359313965,1.4299863576889038,87.82286352040816,46.96269132653062,4.446348852040816
FAMILY-87,FATHER,bending,4209082,5.294809818267822,5.7566328048706055,8.239102363586426,8.550651550292969,9.15560245513916,2.4615697860717773,85.79201211734694,67.97074298469387,47.084263392857146
FAMILY-87,FATHER,elastic,4209090,4.846926212310791,4.834653854370117,7.429282188415527,8.221893787384033,12.452613830566406,2.085604190826416,90.43168048469387,65.24035395408163,29.44435586734694
FAMILY-87,FATHER,local,4209091,5.454687595367432,4.90340518951416,9.329835891723633,10.402945280075073,13.107124328613281,2.6250603199005127,93.39724170918367,68.42315051020408,35.399394132653065
FAMILY-87,FATHER,bending,4209092,5.613339900970459,5.960746765136719,8.648117542266846,9.16551947593689,10.373563766479492,2.5362472534179688,88.2095025510204,70.63934948979592,49.571508290816325
FAMILY-87,MOTHER,elastic,4209100,5.040081977844238,4.825951099395752,8.51470947265625,9.38733434677124,15.082011222839355,2.4605307579040527,88.73963647959184,63.00023915816326,34.88919005102041
FAMILY-87,MOTHER,local,4209101,4.286621570587158,4.36012601852417,6.652212381362915,7.1630717515945435,8.494227409362793,1.8111387491226196,87.19706632653062,56.104512117346935,19.2562181122449
FAMILY-87,MOTHER,bending,4209102,5.074749946594238,5.508279800415039,7.89164924621582,8.206987380981445,8.83102798461914,2.3526744842529297,85.15824298469387,66.35443239795919,43.41517857142857
FAMILY-87,MOTHER,elastic,4209110,7.660521030426025,7.508540630340576,12.195978164672852,13.461683511734009,21.99748992919922,3.539323329925537,95.20288584183673,83.53794642857143,66.9124681122449
FAMILY-87,MOTHER,local,4209111,3.1667590141296387,3.0101842880249023,5.361542224884033,5.99979043006897,10.113882064819336,1.6934621334075928,73.8639987244898,26.96109693877551,5.000398596938775
FAMILY-87,MOTHER,bending,4209112,6.461910724639893,7.06730842590332,10.074614524841309,10.391690969467163,10.885366439819336,3.037874937057495,88.43869579081633,74.36822385204081,59.23349808673469
FAMILY-87,MOTHER,elastic,4209120,5.89907169342041,5.841558456420898,9.456398963928223,10.347721338272095,14.068678855895996,2.6555533409118652,92.21739477040816,74.48979591836735,47.28555484693878
FAMILY-87,MOTHER,local,4209121,3.5700089931488037,3.431706666946411,6.01613187789917,6.967942476272583,8.891829490661621,1.8049169778823853,77.99346301020408,38.2194674744898,10.152264030612244
FAMILY-87,MOTHER,bending,4209122,6.2296319007873535,6.816522598266602,9.714448928833008,10.018512487411499,10.466585159301758,2.931828737258911,87.87866709183673,73.29201211734694,57.403938137755105
FAMILY-87,MOTHER,elastic,4209130,9.48453426361084,9.29351806640625,14.96772575378418,16.35158348083496,24.164752960205078,4.152096271514893,97.64030612244898,89.81983418367348,78.44587053571429
FAMILY-87,MOTHER,local,4209131,3.2470345497131348,3.219233989715576,5.473342418670654,5.906465411186218,6.795788764953613,1.55423104763031,76.16788903061224,32.3600924744898,3.9779974489795924
FAMILY-87,MOTHER,bending,4209132,7.148903846740723,7.7699785232543945,11.123901844024658,11.547496318817139,12.37550163269043,3.321908950805664,90.38384885204081,77.42546237244898,63.75358737244898
FAMILY-87,MOTHER,elastic,4209140,7.0512261390686035,6.743727684020996,11.567197799682617,12.705381155014038,17.31979751586914,3.2621817588806152,94.95376275510205,81.07661033163265,60.30970982142857
FAMILY-87,MOTHER,local,4209141,5.61238956451416,5.628209590911865,8.28289794921875,9.11772608757019,11.212076187133789,2.052767753601074,96.71356823979592,76.40704719387756,43.71014030612245
FAMILY-87,MOTHER,bending,4209142,3.4789862632751465,3.7964582443237305,5.421191215515137,5.60048234462738,5.924380302429199,1.6281310319900513,76.52463329081633,46.31895727040816,0.0
FAMILY-88,CHILD,elastic,4209150,7.9034247398376465,7.585313320159912,13.69239854812622,15.078883647918701,18.44102668762207,4.022430419921875,93.94132653061224,81.06664540816327,64.22791772959184
FAMILY-88,CHILD,local,4209151,4.661862373352051,4.617467880249023,7.3346779346466064,7.907263159751892,10.119318008422852,2.0062098503112793,90.3858418367347,60.64652423469388,26.171875
FAMILY-88,CHILD,bending,4209152,3.8897407054901123,4.145002841949463,6.004491567611694,6.342743754386902,7.120408058166504,1.7641175985336304,80.28140943877551,52.467315051020414,10.09048150510204
FAMILY-88,CHILD,elastic,4209160,8.405699729919434,8.255860328674316,13.077465057373047,14.455883026123047,20.356689453125,3.5742130279541016,97.13608099489795,88.29121492346938,73.44746492346938
FAMILY-88,CHILD,local,4209161,3.4652962684631348,3.564321517944336,5.635511875152588,6.763068437576294,8.328570365905762,1.748375415802002,76.50669642857143,39.33155293367347,7.698899872448979
FAMILY-88,CHILD,bending,4209162,5.123385429382324,5.445477485656738,7.895983457565308,8.36359715461731,9.455642700195312,2.3160576820373535,86.42976721938776,67.04400510204081,42.671795280612244
FAMILY-88,CHILD,elastic,4209170,7.742702960968018,7.41084098815918,13.307358741760254,14.922999382019043,20.38747215270996,3.9568848609924316,93.4390943877551,80.95105229591837,64.64644451530613
FAMILY-88,CHILD,local,4209171,3.4908576011657715,3.4555211067199707,5.286851167678833,5.721750736236572,6.842167377471924,1.3238636255264282,86.27630739795919,34.34311224489796,3.168845663265306
FAMILY-88,CHILD,bending,4209172,3.5688693523406982,3.840272903442383,5.532524347305298,5.7973915338516235,6.369167804718018,1.6361855268478394,77.79217155612244,46.956712372448976,1.3372927295918369
FAMILY-88,CHILD,elastic,4209180,6.624845027923584,6.393623352050781,11.157143592834473,12.874027013778687,17.703937530517578,3.311577796936035,93.52080676020408,75.57597257653062,54.65361926020408
FAMILY-88,CHILD,local,4209181,4.4559645652771,4.1022491455078125,7.935840845108032,9.09622073173523,10.003005981445312,2.424283027648926,83.23700573979592,51.580436862244895,27.421476403061224
FAMILY-88,CHILD,bending,4209182,6.538602828979492,7.114029884338379,10.17836332321167,10.553483247756958,11.267203330993652,3.044424057006836,89.07047193877551,74.94220344387756,59.68391262755102
FAMILY-88,CHILD,elastic,4209190,7.88201904296875,7.648459434509277,12.990422248840332,14.981863975524902,23.49396324157715,3.9378502368927,95.1171875,81.9874043367347,65.51937181122449
FAMILY-88,CHILD,local,4209191,5.449324607849121,5.5690598487854,8.170726776123047,9.351372480392456,11.168828964233398,2.2276086807250977,91.13321109693877,77.31385522959184,40.50542091836735
FAMILY-88,CHILD,bending,4209192,5.346319675445557,5.854276657104492,8.336681842803955,8.597155094146729,8.956501960754395,2.5190811157226562,85.44323979591837,68.27168367346938,48.345822704081634
FAMILY-88,FATHER,elastic,4209200,6.488702774047852,6.413398742675781,10.600166320800781,11.617052555084229,16.231624603271484,3.0188350677490234,93.46500318877551,76.76977040816327,54.74529655612245
FAMILY-88,FATHER,local,4209201,3.202340602874756,3.2032785415649414,4.981037855148315,5.384816527366638,6.280899524688721,1.3805756568908691,77.98549107142857,31.895727040816325,1.0144292091836735
FAMILY-88,FATHER,bending,4209202,4.74294376373291,5.153505325317383,7.37949013710022,7.6626681089401245,8.217741966247559,2.2030723094940186,83.84685905612244,63.53435905612245,37.450175382653065
FAMILY-88,FATHER,elastic,4209210,4.796702861785889,4.7233781814575195,7.810909986495972,8.715768814086914,11.244239807128906,2.239586114883423,88.9209980867347,60.49505739795919,30.464764030612244
FAMILY-88,FATHER,local,4209211,4.163794994354248,3.991868019104004,6.8657121658325195,7.702696681022644,9.352764129638672,1.9626336097717285,86.0889668367347,49.81465242346938,18.60451211734694
FAMILY-88,FATHER,bending,4209212,6.32650089263916,6.933907508850098,9.866870403289795,10.16958498954773,10.535889625549316,2.9890048503875732,87.9085618622449,73.69658801020408,58.24896364795919
FAMILY-88,FATHER,elastic,4209220,6.950939178466797,6.650075912475586,11.58515214920044,12.882757663726807,16.44370460510254,3.2435972690582275,95.33442283163265,80.52853954081633,58.38448660714286
FAMILY-88,FATHER,local,4209221,3.746023178100586,3.4497156143188477,6.602504730224609,7.435279726982117,9.140763282775879,1.9027512073516846,82.10698341836735,37.99824617346938,14.36144770408163
FAMILY-88,FATHER,bending,4209222,5.698366165161133,6.12602424621582,8.831230640411377,9.258012771606445,10.192737579345703,2.609872341156006,87.66541772959184,70.8725286989796,51.468829719387756
FAMILY-88,FATHER,elastic,4209230,6.2506937980651855,6.12589168548584,10.052893161773682,11.40343976020813,16.584733963012695,3.0148911476135254,92.66382334183673,75.1335299744898,51.56449298469388
FAMILY-88,FATHER,local,4209231,2.8675951957702637,2.9420130252838135,4.231722831726074,4.542681694030762,5.394716262817383,1.0883471965789795,79.30484693877551,15.196508290816327,0.0
FAMILY-88,FATHER,bending,4209232,6.0912652015686035,6.590815544128418,9.462888240814209,9.866458892822266,10.702722549438477,2.811896562576294,88.3529974489796,72.95320471938776,55.81951530612245
FAMILY-88,FATHER,elastic,4209240,6.953047752380371,6.8890862464904785,11.214736461639404,12.385689973831177,15.318989753723145,3.175882577896118,94.95575573979592,79.3765943877551,58.58577806122449
FAMILY-88,FATHER,local,4209241,4.073135852813721,4.163931846618652,6.111687183380127,6.688853144645691,9.260473251342773,1.6662641763687134,86.7805325255102,54.296875,11.485570790816327
FAMILY-88,FATHER,bending,4209242,5.102769374847412,5.580877304077148,7.955819129943848,8.206066370010376,8.595026016235352,2.399007558822632,84.7397161989796,66.53380102040816,44.830197704081634
FAMILY-88,MOTHER,elastic,4209250,7.127266883850098,6.991451263427734,11.78423261642456,13.17189884185791,16.81096839904785,3.4504964351654053,93.84964923469387,79.18726084183673,60.27582908163265
FAMILY-88,MOTHER,local,4209251,4.507319927215576,4.516892433166504,6.8161139488220215,7.46114456653595,9.002982139587402,1.7751473188400269,91.52782206632652,59.75566007653062,22.19985650510204
FAMILY-88,MOTHER,bending,4209252,3.559906005859375,3.804004192352295,5.502983570098877,5.798279523849487,6.463418006896973,1.6200190782546997,77.93168048469387,46.275111607142854,1.7418686224489797
FAMILY-88,MOTHER,elastic,4209260,6.611924648284912,6.476627349853516,10.549732208251953,11.578832864761353,14.894946098327637,2.8296122550964355,96.04392538265306,80.29336734693877,55.97098214285714
FAMILY-88,MOTHER,local,4209261,2.5236399173736572,2.3665783405303955,3.9950658082962036,4.297000288963318,7.584109783172607,1.1480411291122437,63.52838010204081,9.905133928571429,1.5066964285714286
FAMILY-88,MOTHER,bending,4209262,4.005098342895508,4.329325199127197,6.218730449676514,6.490738868713379,7.060257434844971,1.8461846113204956,80.49266581632652,54.986447704081634,15.19451530612245
FAMILY-88,MOTHER,elastic,4209270,7.222564697265625,7.145923614501953,11.554462909698486,12.674444437026978,18.440677642822266,3.1750996112823486,95.9781568877551,83.33466198979592,62.3046875
FAMILY-88,MOTHER,local,4209271,2.746964454650879,2.5603652000427246,4.577960014343262,5.248706936836243,7.0446457862854,1.337500810623169,70.16900510204081,18.052455357142858,2.144451530612245
FAMILY-88,MOTHER,bending,4209272,6.500774383544922,6.966452598571777,10.061295986175537,10.575031280517578,11.716922760009766,2.9675538539886475,90.05899234693877,75.26307397959184,59.14979272959183
FAMILY-88,MOTHER,elastic,4209280,5.370017051696777,5.223586559295654,8.734539031982422,9.686729907989502,13.633316040039062,2.476552963256836,91.01163903061224,68.5188137755102,39.21396683673469
FAMILY-88,MOTHER,local,4209281,5.605391025543213,5.481805801391602,8.796985626220703,9.460962772369385,11.530696868896484,2.288050651550293,93.83569834183673,76.19180484693877,40.0749362244898
FAMILY-88,MOTHER,bending,4209282,4.228816509246826,4.617986679077148,6.589852571487427,6.804758191108704,7.183600902557373,1.9811065196990967,81.20017538265306,58.2649075255102,25.073740433673468
FAMILY-88,MOTHER,elastic,4209290,5.631163120269775,5.66749382019043,8.85577917098999,9.458815097808838,15.881064414978027,2.5501952171325684,91.06544961734694,71.82716836734694,45.7210618622449
FAMILY-88,MOTHER,local,4209291,2.9542131423950195,2.9723663330078125,4.490914821624756,4.991322159767151,6.097899436950684,1.198523998260498,77.9117506377551,20.10124362244898,0.1913265306122449
FAMILY-88,MOTHER,bending,4209292,5.651836395263672,6.200680732727051,8.816617012023926,9.081786394119263,9.412677764892578,2.675880193710327,86.18263711734694,70.18295599489795,52.09064094387755
FAMILY-90,CHILD,elastic,4209300,8.324396133422852,8.395905494689941,13.036468982696533,14.206921339035034,22.118972778320312,3.6048853397369385,96.8032525510204,87.1452487244898,72.07629145408163
FAMILY-90,CHILD,local,4209301,4.701204776763916,4.439093589782715,8.129560947418213,9.061866044998169,10.708552360534668,2.2262392044067383,90.08888711734694,57.84438775510205,24.677136479591837
FAMILY-90,CHILD,bending,4209302,4.455474853515625,4.85427188873291,6.938252210617065,7.184486150741577,7.638454437255859,2.0791120529174805,82.421875,60.75813137755102,31.277901785714285
FAMILY-90,CHILD,elastic,4209310,8.170738220214844,7.994354724884033,13.2771635055542,14.755675077438354,18.99886703491211,3.841003656387329,95.92633928571429,84.3211894132653,68.02853954081633
FAMILY-90,CHILD,local,4209311,3.3912651538848877,3.657134532928467,5.3621203899383545,5.808143615722656,8.441451072692871,1.6258327960968018,74.81664540816327,42.30907206632653,4.115513392857143
FAMILY-90,CHILD,bending,4209312,4.779029846191406,5.246331214904785,7.455774545669556,7.677358627319336,7.959158897399902,2.264519691467285,83.26690051020408,63.95089285714286,39.686304209183675
FAMILY-90,CHILD,elastic,4209320,7.214072227478027,6.8877410888671875,12.235779762268066,13.845198392868042,20.124492645263672,3.646193742752075,94.0788424744898,79.44634885204081,59.22154017857143
FAMILY-90,CHILD,local,4209321,3.983071804046631,4.028361797332764,6.3302435874938965,7.051753878593445,8.26569652557373,1.792414665222168,83.34861288265306,50.49625318877551,14.0625
FAMILY-90,CHILD,bending,4209322,6.673968315124512,7.19000244140625,10.34968614578247,10.835028648376465,11.885335922241211,3.062614679336548,90.14070471938776,75.90880102040816,60.499043367346935
FAMILY-90,CHILD,elastic,4209330,7.635689735412598,7.3539886474609375,12.532253742218018,13.758978605270386,22.20963478088379,3.556333541870117,96.18542729591837,83.59375,64.41127232142857
FAMILY-90,CHILD,local,4209331,3.1543376445770264,3.207019805908203,4.617332458496094,4.94930374622345,6.688561916351318,1.1819472312927246,81.82597257653062,24.238679846938776,1.3651945153061225
FAMILY-90,CHILD,bending,4209332,4.030477523803711,4.414622783660889,6.286698341369629,6.480624437332153,6.728147029876709,1.9017914533615112,79.90672831632652,55.88129783163265,17.31903698979592
FAMILY-90,CHILD,elastic,4209340,7.367751121520996,7.175397872924805,12.005340099334717,13.063330173492432,17.823162078857422,3.3553240299224854,95.71109693877551,82.85235969387756,61.65098852040817
FAMILY-90,CHILD,local,4209341,2.61216139793396,2.5210914611816406,4.642583131790161,5.102435350418091,6.81035041809082,1.4539724588394165,63.06600765306123,18.873565051020407,1.139987244897959
FAMILY-90,CHILD,bending,4209342,5.514457702636719,6.017543315887451,8.592932224273682,8.877269506454468,9.393854141235352,2.5803303718566895,86.2484056122449,69.37579719387756,50.201291454081634
FAMILY-90,FATHER,elastic,4209350,5.265769958496094,5.218513488769531,8.306585788726807,9.124204158782959,12.821444511413574,2.2709925174713135,92.53627232142857,69.26817602040816,36.658960459183675
FAMILY-90,FATHER,local,4209351,3.9031929969787598,3.5696234703063965,6.700842618942261,7.341607213020325,9.824175834655762,2.008765935897827,82.23054846938776,43.255739795918366,18.387276785714285
FAMILY-90,FATHER,bending,4209352,6.763405799865723,7.31306791305542,10.501978874206543,10.960543394088745,11.917977333068848,3.1181929111480713,90.02710459183673,76.1280293367347,61.18861607142857
FAMILY-90,FATHER,elastic,4209360,4.915516376495361,4.770932674407959,8.025277614593506,8.71065354347229,11.409588813781738,2.283271074295044,89.76004464285714,61.11886160714286,33.21109693877551
FAMILY-90,FATHER,local,4209361,4.964120388031006,5.073936462402344,7.76405930519104,8.740276575088501,12.418998718261719,2.3663063049316406,87.71922831632652,65.29017857142857,33.42036033163265
FAMILY-90,FATHER,bending,4209362,6.597568035125732,7.23179817199707,10.290520191192627,10.60530710220337,10.98736572265625,3.1176350116729736,88.51044323979592,74.88639987244898,60.2897799744898
FAMILY-90,FATHER,elastic,4209370,7.584042072296143,7.45274543762207,12.34001636505127,13.675244569778442,19.23138999938965,3.617504835128784,95.0992506377551,81.50111607142857,63.372927295918366
FAMILY-90,FATHER,local,4209371,5.276494979858398,5.03297233581543,8.81311321258545,9.783773422241211,11.480270385742188,2.472947597503662,92.96675701530613,64.04655612244898,38.721699617346935
FAMILY-90,FATHER,bending,4209372,5.1295905113220215,5.624428749084473,8.002009391784668,8.244232177734375,8.542840957641602,2.4266510009765625,84.60220025510205,66.75502232142857,45.52973533163265
FAMILY-90,FATHER,elastic,4209380,7.6758341789245605,7.409265995025635,12.57032299041748,13.882089614868164,19.55440330505371,3.5703654289245605,95.82071109693877,83.94451530612244,65.00119579081633
FAMILY-90,FATHER,local,4209381,3.8279483318328857,3.5843372344970703,6.846614122390747,7.713218927383423,10.203378677368164,2.137704372406006,76.94714604591837,43.23780293367347,17.554209183673468
FAMILY-90,FATHER,bending,4209382,6.537418842315674,7.121593952178955,10.179949760437012,10.541893005371094,11.209794044494629,3.0503923892974854,88.96085778061224,74.8584980867347,59.69188456632652
FAMILY-90,FATHER,elastic,4209390,4.825970649719238,4.717739105224609,7.8289570808410645,8.709874629974365,12.463376998901367,2.236515760421753,89.25382653061224,61.26036352040817,30.544483418367346
FAMILY-90,FATHER,local,4209391,2.7485480308532715,2.698655128479004,4.672996759414673,5.250560283660889,5.7870564460754395,1.337033748626709,67.86112882653062,19.421635841836736,0.0
FAMILY-90,FATHER,bending,4209392,5.4234209060668945,5.925776481628418,8.452742576599121,8.723461151123047,9.191291809082031,2.5432674884796143,85.86973852040816,68.7858737244898,49.14301658163265
FAMILY-90,MOTHER,elastic,4209400,7.723325252532959,7.657189846038818,12.500279426574707,13.659222602844238,17.797298431396484,3.496490240097046,96.19937818877551,83.49410076530613,65.11280293367348
FAMILY-90,MOTHER,local,4209401,2.73234224319458,2.6934752464294434,4.211299657821655,4.871657729148865,6.538033485412598,1.2337599992752075,72.36926020408163,12.438217474489797,2.188297193877551
FAMILY-90,MOTHER,bending,4209402,4.5086259841918945,4.839444160461426,6.982724189758301,7.330212593078613,8.09376049041748,2.0617258548736572,83.33864795918367,61.158721301020414,31.485172193877553
FAMILY-90,MOTHER,elastic,4209410,5.39607572555542,5.423313140869141,8.544757843017578,9.338266611099243,13.25399398803711,2.443647861480713,90.56122448979592,69.55117984693877,41.75302933673469
FAMILY-90,MOTHER,local,4209411,3.8888633251190186,4.051422119140625,5.976869106292725,6.491684913635254,7.473156929016113,1.6255009174346924,84.41685267857143,51.26953125,9.478635204081632
FAMILY-90,MOTHER,bending,4209412,5.422558784484863,5.879760265350342,8.430327892303467,8.774474859237671,9.462203025817871,2.510873556137085,86.32413903061224,68.88153698979592,48.628826530612244
FAMILY-90,MOTHER,elastic,4209420,6.318667888641357,5.991578102111816,10.91942310333252,12.368151426315308,16.207862854003906,3.2216672897338867,92.97273596938776,73.61886160714286,49.88042091836735
FAMILY-90,MOTHER,local,4209421,3.050413131713867,3.1071057319641113,4.689694404602051,5.083959460258484,6.015772819519043,1.2616974115371704,76.47680165816327,24.64923469387755,0.033880739795918366
FAMILY-90,MOTHER,bending,4209422,6.690903663635254,7.23115348815918,10.38766860961914,10.84777545928955,11.812918663024902,3.082136869430542,89.92546237244898,75.87093431122449,60.694355867346935
FAMILY-90,MOTHER,elastic,4209430,7.185888290405273,7.141623020172119,11.332385063171387,12.499186754226685,15.880064010620117,3.1608450412750244,95.8187181122449,81.83394451530613,62.40433673469388
FAMILY-90,MOTHER,local,4209431,4.192355632781982,4.088169097900391,6.489285707473755,6.836015820503235,8.571074485778809,1.6561352014541626,89.58466198979592,52.42546237244898,17.803332270408163
FAMILY-90,MOTHER,bending,4209432,7.123368263244629,7.6920270919799805,11.055825233459473,11.552801847457886,12.603032112121582,3.2782816886901855,90.94786352040816,77.62675382653062,63.59813456632652
FAMILY-90,MOTHER,elastic,4209440,7.949896812438965,7.8090715408325195,13.087099075317383,14.546913623809814,18.694988250732422,3.7313528060913086,94.79233099489795,84.20360331632652,67.82924107142857
FAMILY-90,MOTHER,local,4209441,4.782977104187012,4.933577060699463,7.660292387008667,8.395720481872559,9.789703369140625,2.1893694400787354,87.59765625,61.37197066326531,30.893255739795915
FAMILY-90,MOTHER,bending,4209442,3.9203338623046875,4.277658462524414,6.108696937561035,6.312373399734497,6.68206787109375,1.833962082862854,79.53005420918367,54.14142219387755,12.673389668367346
FAMILY-92,CHILD,elastic,4209450,5.780094146728516,5.596399307250977,9.667901039123535,10.643710136413574,14.924108505249023,2.7805943489074707,92.48046875,70.00757334183673,44.71659757653062
FAMILY-92,CHILD,local,4209451,2.8994853496551514,2.8888797760009766,4.566460371017456,4.9964693784713745,5.600292682647705,1.191967487335205,76.54655612244898,18.969228316326532,0.0
FAMILY-92,CHILD,bending,4209452,5.2600836753845215,5.748764514923096,8.20050573348999,8.459918737411499,8.888795852661133,2.469648599624634,85.31369579081633,67.6578443877551,47.066326530612244
FAMILY-92,CHILD,elastic,4209460,7.64840030670166,7.559113502502441,12.207717895507812,13.389998197555542,16.300138473510742,3.3905482292175293,95.6851881377551,84.3211894132653,65.89604591836735
FAMILY-92,CHILD,local,4209461,4.227581024169922,3.8331520557403564,7.801706552505493,8.403513431549072,10.064477920532227,2.2609689235687256,83.0795599489796,48.02096619897959,23.01299426020408
FAMILY-92,CHILD,bending,4209462,4.44843053817749,4.871174335479736,6.936826229095459,7.152836441993713,7.445773124694824,2.0967535972595215,82.03922193877551,60.79400510204081,31.662547831632654
FAMILY-92,CHILD,elastic,4209470,7.003698348999023,6.878241539001465,11.23704481124878,12.633228778839111,16.557979583740234,3.184382677078247,94.6647799744898,80.6202168367347,60.736208545918366
FAMILY-92,CHILD,local,4209471,4.360851764678955,4.300799369812012,7.398533582687378,8.46178674697876,10.214679718017578,2.251309871673584,82.05915178571429,54.78714923469388,24.774792729591837
FAMILY-92,CHILD,bending,4209472,4.973844528198242,5.44237756729126,7.75638484954834,7.999220609664917,8.359445571899414,2.340508222579956,84.2594068877551,65.54727359693877,42.787388392857146
FAMILY-92,CHILD,elastic,4209480,8.168318748474121,7.880078315734863,13.659894466400146,15.013637781143188,21.53912925720215,3.9737632274627686,95.83864795918367,83.14532844387756,67.70966198979592
FAMILY-92,CHILD,local,4209481,3.0701727867126465,3.0034241676330566,5.241265058517456,5.76628565788269,6.808971881866455,1.52488374710083,73.6328125,27.465322066326532,3.3083545918367347
FAMILY-92,CHILD,bending,4209482,7.08065128326416,7.566658020019531,10.946506977081299,11.529945373535156,12.850333213806152,3.222787857055664,91.89253826530613,77.78619260204081,63.33904655612245
FAMILY-92,CHILD,elastic,4209490,5.746364593505859,5.577640533447266,9.536298751831055,10.593409299850464,15.616334915161133,2.7203774452209473,92.4625318877551,71.6796875,44.038982780612244
FAMILY-92,CHILD,local,4209491,3.1698310375213623,3.101284980773926,5.343387126922607,5.865108132362366,7.501603126525879,1.5677745342254639,73.32788584183673,29.87484056122449,4.0776466836734695
FAMILY-92,CHILD,bending,4209492,3.3176655769348145,3.6294851303100586,5.173098564147949,5.335374712944031,5.582791328430176,1.5603861808776855,75.12555803571429,42.80333227040816,0.0
FAMILY-92,FATHER,elastic,4209500,7.0776047706604,6.884321212768555,11.59403371810913,12.992108821868896,18.55348014831543,3.339667797088623,95.59749681122449,80.18176020408163,60.04663584183674
FAMILY-92,FATHER,local,4209501,4.627017498016357,4.400808334350586,8.01545763015747,8.702117919921875,10.616266250610352,2.3494045734405518,86.90609056122449,54.7492825255102,29.918686224489793
FAMILY-92,FATHER,bending,4209502,4.259921073913574,4.624695777893066,6.624589443206787,6.88614809513092,7.400847911834717,1.976354718208313,81.67051977040816,58.47417091836735,25.546077806122447
FAMILY-92,FATHER,elastic,4209510,4.808046340942383,4.6525092124938965,7.752902984619141,8.515867233276367,11.535507202148438,2.12363338470459,91.21492346938776,61.519451530612244,28.958067602040817
FAMILY-92,FATHER,local,4209511,3.3464293479919434,3.1740407943725586,5.3899853229522705,6.224290609359741,8.625576972961426,1.6239022016525269,77.05277423469387,31.887755102040817,5.693957270408164
FAMILY-92,FATHER,bending,4209512,4.8839921951293945,5.352676868438721,7.61749792098999,7.851324796676636,8.134537696838379,2.3065881729125977,83.7890625,64.8178411989796,41.45208864795919
FAMILY-92,FATHER,elastic,4209520,6.899831771850586,7.049352645874023,11.089893341064453,11.950072288513184,15.464282035827637,3.2448596954345703,93.0923150510204,76.7139668367347,60.29775191326531
FAMILY-92,FATHER,local,4209521,3.4401538372039795,3.1188387870788574,6.202727556228638,6.713720798492432,8.416611671447754,1.836567997932434,75.86495535714286,36.019212372448976,11.768574617346939
FAMILY-92,FATHER,bending,4209522,6.243443489074707,6.813374996185303,9.728939533233643,10.05100679397583,10.633334159851074,2.9217119216918945,88.14572704081633,73.4554368622449,57.43183992346938
FAMILY-92,FATHER,elastic,4209530,7.361871242523193,7.162046432495117,11.865567684173584,13.288016080856323,17.93010139465332,3.438969850540161,95.15505420918367,81.9515306122449,61.95591517857143
FAMILY-92,FATHER,local,4209531,4.986412525177002,4.97783088684082,7.9731316566467285,8.583041667938232,11.014235496520996,2.2585325241088867,89.80189732142857,64.94738520408163,35.064572704081634
FAMILY-92,FATHER,bending,4209532,3.801647901535034,4.116328239440918,5.9070539474487305,6.155991792678833,6.6643595695495605,1.7567390203475952,79.16533801020408,51.9172512755102,7.718829719387756
FAMILY-92,FATHER,elastic,4209540,5.9432878494262695,5.921351432800293,9.295633792877197,10.238170862197876,13.361003875732422,2.5378170013427734,93.6084980867347,76.06026785714286,48.86798469387755
FAMILY-92,FATHER,local,4209541,3.2110483646392822,3.1977877616882324,4.941338539123535,5.773715376853943,7.7505784034729,1.3956407308578491,79.8648756377551,25.43447066326531,4.01985012755102
FAMILY-92,FATHER,bending,4209542,5.299379348754883,5.7536396980285645,8.241506099700928,8.565974712371826,9.20492935180664,2.4588136672973633,85.89564732142857,68.02455357142857,47.042410714285715
FAMILY-92,MOTHER,elastic,4209550,5.0796308517456055,5.098258972167969,8.113701820373535,8.811509132385254,12.240236282348633,2.321100950241089,89.84175701530613,64.67235331632652,37.64947385204081
FAMILY-92,MOTHER,local,4209551,4.279363632202148,4.2941741943359375,6.756898403167725,7.115259885787964,9.159455299377441,1.84709632396698,88.05404974489795,54.83896683673469,20.619419642857142
FAMILY-92,MOTHER,bending,4209552,5.535009860992432,5.910820007324219,8.553919792175293,9.01656460762024,10.067177772521973,2.516974925994873,87.5358737244898,70.02152423469387,48.9078443877551
FAMILY-92,MOTHER,elastic,4209560,4.930654048919678,4.836464881896973,8.188904762268066,9.016960620880127,13.64698600769043,2.39823579788208,88.16964285714286,62.45814732142857,33.101482780612244
FAMILY-92,MOTHER,local,4209561,4.251952648162842,3.887800693511963,7.632301568984985,8.495631456375122,10.795594215393066,2.3061363697052,81.25797193877551,48.345822704081634,23.66669323979592
FAMILY-92,MOTHER,bending,4209562,5.2170209884643555,5.691603660583496,8.129034519195557,8.40156102180481,8.897906303405762,2.439896821975708,85.34159757653062,67.37882653061224,46.285076530612244
FAMILY-92,MOTHER,elastic,4209570,8.117691040039062,7.994109630584717,12.82231616973877,14.095832586288452,21.100887298583984,3.567870616912842,96.68367346938776,87.16119260204081,70.22082270408163
FAMILY-92,MOTHER,local,4209571,3.000819206237793,2.943039655685425,4.699860095977783,5.37788462638855,6.466573238372803,1.336961030960083,74.26857461734694,23.927774234693878,2.33577806122449
FAMILY-92,MOTHER,bending,4209572,5.828220367431641,6.359718322753906,9.081500053405762,9.382730722427368,9.92945671081543,2.7270164489746094,87.13926977040816,71.26514668367348,53.63719706632652
FAMILY-92,MOTHER,elastic,4209580,6.555824279785156,6.483402252197266,10.349727153778076,11.305230140686035,15.419647216796875,2.8083863258361816,95.49784757653062,79.99641262755102,55.51060267857143
FAMILY-92,MOTHER,local,4209581,5.174558162689209,5.204567909240723,7.682104110717773,8.372066497802734,13.240386009216309,2.0936241149902344,93.64237882653062,69.53324298469387,37.35849808673469
FAMILY-92,MOTHER,bending,4209582,3.9026002883911133,4.23201847076416,6.067456007003784,6.314690589904785,6.8084635734558105,1.8072397708892822,79.7313456632653,53.60530931122449,11.623086734693878
FAMILY-92,MOTHER,elastic,4209590,6.5396857261657715,6.620080947875977,9.79086685180664,10.810364484786987,17.38437271118164,2.706315279006958,95.01355229591837,81.5070950255102,58.30277423469388
FAMILY-92,MOTHER,local,4209591,3.045018196105957,2.9986019134521484,5.038708925247192,5.608739852905273,7.06678581237793,1.4064505100250244,74.95017538265306,23.325892857142858,2.1285076530612246
FAMILY-92,MOTHER,bending,4209592,6.323304653167725,6.871805191040039,9.83921194076538,10.213751554489136,10.949173927307129,2.9379360675811768,88.64198022959184,73.97759885204081,57.989875637755105
FAMILY-93,CHILD,elastic,4209600,4.5938005447387695,4.546050071716309,7.5879106521606445,8.382296085357666,11.879201889038086,2.2015774250030518,86.51147959183673,58.10546875,27.012914540816325
FAMILY-93,CHILD,local,4209601,3.8199262619018555,3.686189889907837,6.408064603805542,7.381546139717102,9.24141788482666,1.938010811805725,81.76817602040816,44.112723214285715,12.751116071428573
FAMILY-93,CHILD,bending,4209602,5.090693473815918,5.563638687133789,7.936478614807129,8.187512636184692,8.602291107177734,2.390148401260376,84.7476881377551,66.45408163265306,44.601004464285715
FAMILY-93,CHILD,elastic,4209610,9.409208297729492,9.240568161010742,14.520988464355469,15.916042566299438,27.048995971679688,3.9434406757354736,97.55660076530613,91.56369579081633,79.61176658163265
FAMILY-93,CHILD,local,4209611,3.2060678005218506,3.2193379402160645,5.101660490036011,5.5556535720825195,6.3165130615234375,1.4022669792175293,78.33227040816327,30.106026785714285,1.6442123724489797
FAMILY-93,CHILD,bending,4209612,3.3805534839630127,3.5963997840881348,5.213466167449951,5.515454053878784,6.215610027313232,1.5304710865020752,76.6063456632653,41.90449617346938,0.4683514030612245
FAMILY-93,CHILD,elastic,4209620,4.931273937225342,4.957589149475098,7.789376735687256,8.462366819381714,12.43865966796875,2.2023661136627197,89.9154974489796,64.49298469387756,32.3062818877551
FAMILY-93,CHILD,local,4209621,2.5213463306427,2.406777858734131,4.452811241149902,5.10239851474762,6.088107585906982,1.3686254024505615,59.92904974489795,15.206473214285715,0.2989477040816326
FAMILY-93,CHILD,bending,4209622,6.512362003326416,7.124443054199219,10.154254913330078,10.473072528839111,10.958093643188477,3.0630011558532715,88.55827487244898,74.57150829081633,59.60419323979592
FAMILY-93,CHILD,elastic,4209630,8.169364929199219,7.839148998260498,13.543969631195068,14.95384931564331,24.523548126220703,3.926912784576416,96.02598852040816,84.8194355867347,67.29711415816327
FAMILY-93,CHILD,local,4209631,3.6718902587890625,3.700979709625244,6.0611491203308105,6.477962613105774,7.357376575469971,1.7513855695724487,79.24705038265306,44.852120535714285,10.949457908163266
FAMILY-93,CHILD,bending,4209632,7.241823196411133,7.7272868156433105,11.188959121704102,11.801052808761597,13.192144393920898,3.290982961654663,92.35889668367348,78.42594068877551,64.3913424744898
FAMILY-93,CHILD,elastic,4209640,5.1895751953125,5.070614814758301,8.413628101348877,9.181633949279785,12.374979019165039,2.333961009979248,91.5397799744898,66.7530293367347,35.72225765306122
FAMILY-93,CHILD,local,4209641,4.908061504364014,4.803442001342773,7.98292875289917,8.72568964958191,10.095592498779297,2.1618106365203857,91.09135841836735,62.691326530612244,30.259486607142854
FAMILY-93,CHILD,bending,4209642,3.8024637699127197,4.0496392250061035,5.8678789138793945,6.201783180236816,6.970554351806641,1.72353994846344,79.77120535714286,50.84701849489795,7.866310586734694
FAMILY-93,FATHER,elastic,4209650,7.705231189727783,7.447340965270996,12.62789535522461,13.750975847244263,17.354816436767578,3.578054428100586,96.11567283163265,83.24298469387756,63.494499362244895
FAMILY-93,FATHER,local,4209651,4.018574237823486,4.092212200164795,6.240860462188721,6.8830225467681885,8.232836723327637,1.725096583366394,85.55883290816327,52.37364477040817,15.222417091836734
FAMILY-93,FATHER,bending,4209652,4.433587074279785,4.806859016418457,6.892704010009766,7.174907684326172,7.744825839996338,2.0519580841064453,82.58330676020408,60.45121173469388,30.32724808673469
FAMILY-93,FATHER,elastic,4209660,7.10623025894165,6.837701797485352,12.039383888244629,13.563166618347168,19.242599487304688,3.537233591079712,94.40170599489795,78.8624043367347,58.43829719387755
FAMILY-93,FATHER,local,4209661,3.1314592361450195,2.95529842376709,5.383141994476318,6.1867653131484985,8.965432167053223,1.6891064643859863,71.58003826530613,29.05771683673469,5.84343112244898
FAMILY-93,FATHER,bending,4209662,5.728240966796875,6.289292812347412,8.937156677246094,9.201708555221558,9.540072441101074,2.715155601501465,86.3460618622449,70.59948979591837,52.89779974489795
FAMILY-93,FATHER,elastic,4209670,4.618333339691162,4.414405822753906,7.618472576141357,8.311035633087158,11.415447235107422,2.2143967151641846,87.3844068877551,57.013313137755105,28.170838647959183
FAMILY-93,FATHER,local,4209671,4.86685848236084,4.6268815994262695,7.9340314865112305,8.724351644515991,11.055139541625977,2.2144031524658203,91.02957589285714,60.74019451530612,31.18423150510204
FAMILY-93,FATHER,bending,4209672,6.652225971221924,7.217167854309082,10.343922138214111,10.760236024856567,11.591139793395996,3.0822346210479736,89.52088647959184,75.53611288265306,60.47313456632652
FAMILY-93,FATHER,elastic,4209680,4.284872055053711,4.183100700378418,7.154553174972534,8.094202280044556,10.714470863342285,2.0645899772644043,85.86973852040816,53.421954719387756,20.143096301020407
FAMILY-93,FATHER,local,4209681,3.3729665279388428,3.2612109184265137,5.495790719985962,6.4861568212509155,8.609313011169434,1.7113533020019531,75.98054846938776,34.72576530612245,6.53499681122449
FAMILY-93,FATHER,bending,4209682,3.711345672607422,4.024175643920898,5.770200490951538,6.005641460418701,6.479060649871826,1.718172311782837,78.51163903061224,50.438456632653065,5.092075892857143
FAMILY-93,FATHER,elastic,4209690,4.742472171783447,4.618998050689697,7.769860506057739,8.442269086837769,11.115886688232422,2.241281032562256,88.06401466836735,60.08848852040817,30.721859056122447
FAMILY-93,FATHER,local,4209691,3.1323587894439697,3.039264678955078,5.435827732086182,5.957300901412964,6.9196696281433105,1.626265287399292,70.16900510204081,32.04121492346938,4.60578762755102
FAMILY-93,FATHER,bending,4209692,6.5007243156433105,7.073005676269531,10.119699954986572,10.492284774780273,11.197787284851074,3.027275562286377,88.95687181122449,74.7429049744898,59.392936862244895
FAMILY-93,MOTHER,elastic,4209700,4.64781379699707,4.281866073608398,8.200191974639893,8.945125341415405,12.7833251953125,2.3741097450256348,87.6415019132653,54.19124681122449,27.004942602040817
FAMILY-93,MOTHER,local,4209701,5.016481876373291,4.779858589172363,7.625078201293945,8.715840339660645,12.750365257263184,2.1592025756835938,94.88400829081633,63.4147799744898,29.85092474489796
FAMILY-93,MOTHER,bending,4209702,6.006734371185303,6.5304670333862305,9.347410678863525,9.697606086730957,10.373936653137207,2.7940428256988525,87.80691964285714,72.33936543367348,55.213647959183675
FAMILY-93,MOTHER,elastic,4209710,6.109344482421875,6.17855167388916,9.438580989837646,10.399173021316528,13.569952011108398,2.5758817195892334,93.71014030612244,77.6008450255102,52.381616709183675
FAMILY-93,MOTHER,local,4209711,3.3030495643615723,3.2302894592285156,5.732537746429443,6.38285219669342,9.287095069885254,1.7701330184936523,74.0593112244898,32.93008609693878,7.91812818877551
FAMILY-93,MOTHER,bending,4209712,4.720685958862305,5.0781989097595215,7.316819906234741,7.669038891792297,8.435357093811035,2.1630547046661377,84.1976243622449,63.32708864795919,36.25438456632653
FAMILY-93,MOTHER,elastic,4209720,7.042978763580322,7.089245796203613,10.653153896331787,11.597883224487305,16.17581558227539,2.925537109375,95.28061224489795,83.67147640306123,63.99872448979592
FAMILY-93,MOTHER,local,4209721,2.211785078048706,2.0233054161071777,4.0312416553497314,4.460127830505371,4.933473110198975,1.1466054916381836,50.785235969387756,10.337611607142858,0.0
FAMILY-93,MOTHER,bending,4209722,4.440226078033447,4.867591381072998,6.926183700561523,7.1363221406936646,7.394698619842529,2.09938383102417,81.89174107142857,60.73022959183674,31.624681122448976
FAMILY-93,MOTHER,elastic,4209730,6.560165882110596,6.368162155151367,10.764084815979004,11.920020580291748,16.6296329498291,3.1674375534057617,94.21436543367348,75.29496173469387,54.32477678571429
FAMILY-93,MOTHER,local,4209731,3.817281723022461,3.831988573074341,6.126197338104248,6.600412607192993,7.535006999969482,1.6802691221237183,83.6475605867347,46.36080994897959,11.50749362244898
FAMILY-93,MOTHER,bending,4209732,3.6770262718200684,3.9347705841064453,5.687950611114502,5.985068678855896,6.650254249572754,1.6760650873184204,78.73883928571429,48.83011798469388,4.759247448979592
FAMILY-93,MOTHER,elastic,4209740,7.705744743347168,7.620220184326172,12.175480842590332,13.057019472122192,18.0583438873291,3.3641016483306885,96.22927295918367,84.30125956632652,66.5656887755102
FAMILY-93,MOTHER,local,4209741,4.157118797302246,4.019347190856934,6.693446636199951,7.180322051048279,9.515436172485352,1.811866283416748,88.42474489795919,50.4264987244898,16.579639668367346
FAMILY-93,MOTHER,bending,4209742,5.6828694343566895,6.049572944641113,8.768295288085938,9.269963502883911,10.428285598754883,2.574810743331909,88.23142538265306,71.03595344387756,50.56401466836735
FAMILY-94,CHILD,elastic,4209750,6.823818206787109,6.715337753295898,11.11683464050293,12.147804737091064,17.54021644592285,3.1222281455993652,94.86407844387756,79.77718431122449,57.94005102040817
FAMILY-94,CHILD,local,4209751,4.734557151794434,4.773443222045898,7.582341432571411,8.454353094100952,10.974547386169434,2.256399154663086,86.72472895408163,60.49505739795919,30.387037627551024
FAMILY-94,CHILD,bending,4209752,4.685085773468018,4.9877824783325195,7.228638648986816,7.642052531242371,8.59645938873291,2.122816801071167,84.52048788265306,63.04408482142857,34.90712691326531
FAMILY-94,CHILD,elastic,4209760,7.963476657867432,7.641465187072754,12.582348346710205,14.319679737091064,24.393510818481445,3.635146379470825,96.85905612244898,86.3998724489796,69.19044961734694
FAMILY-94,CHILD,local,4209761,5.533926010131836,5.307923316955566,8.801734447479248,9.784664869308472,11.53327751159668,2.347762107849121,95.12914540816327,71.17944834183673,40.79639668367347
FAMILY-94,CHILD,bending,4209762,6.725528717041016,7.288989067077637,10.453658103942871,10.88583755493164,11.761828422546387,3.1111562252044678,89.75805165816327,75.87890625,60.955436862244895
FAMILY-94,CHILD,elastic,4209770,8.314690589904785,8.266542434692383,13.004765033721924,13.960347652435303,17.781192779541016,3.5452396869659424,97.24968112244898,86.70878507653062,70.87053571428571
FAMILY-94,CHILD,local,4209771,4.011857032775879,3.707934617996216,7.0002219676971436,8.454973936080933,10.786800384521484,2.2256269454956055,80.53651147959184,44.81226084183674,16.328523596938776
FAMILY-94,CHILD,bending,4209772,3.7296345233917236,4.058255195617676,5.806094169616699,6.0191041231155396,6.421448230743408,1.7371819019317627,78.44786352040816,50.96859056122449,5.303332270408164
FAMILY-94,CHILD,elastic,4209780,6.832869529724121,6.743264198303223,10.980643272399902,12.586954593658447,17.913009643554688,3.263611316680908,94.30803571428571,77.98748405612244,58.067602040816325
FAMILY-94,CHILD,local,4209781,4.366539001464844,3.9650349617004395,8.318997383117676,9.304499864578247,12.049522399902344,2.5241758823394775,82.01530612244898,49.420041454081634,23.523198341836736
FAMILY-94,CHILD,bending,4209782,5.123111248016357,5.5275774002075195,7.948408126831055,8.31178593635559,9.083083152770996,2.3555498123168945,85.62858737244898,66.80285395408163,43.638392857142854
FAMILY-94,CHILD,elastic,4209790,7.438344955444336,7.378586769104004,11.964963912963867,13.356223344802856,17.546234130859375,3.3863637447357178,95.26068239795919,82.79655612244898,64.48700573979592
FAMILY-94,CHILD,local,4209791,3.43052077293396,3.3865270614624023,5.300353050231934,5.665204405784607,8.927915573120117,1.5751738548278809,80.74776785714286,37.12930484693878,3.7806919642857144
FAMILY-94,CHILD,bending,4209792,5.482348918914795,5.907050132751465,8.501846313476562,8.899815797805786,9.75947093963623,2.5162203311920166,86.8881536989796,69.45352359693877,48.842075892857146
FAMILY-94,FATHER,elastic,4209800,4.383075714111328,4.302953720092773,6.989916086196899,7.810992479324341,11.64385986328125,2.0150206089019775,87.22696109693877,55.79161352040817,21.366788903061224
FAMILY-94,FATHER,local,4209801,4.3940534591674805,4.29494571685791,7.393035888671875,8.129833936691284,10.844887733459473,2.2620136737823486,82.08107461734694,53.61328125,25.858976403061224
FAMILY-94,FATHER,bending,4209802,7.021010398864746,7.604305267333984,10.910388469696045,11.367839813232422,12.299878120422363,3.245349168777466,90.45758928571429,77.11057079081633,62.928491709183675
FAMILY-94,FATHER,elastic,4209810,8.082695960998535,8.120820045471191,12.540021896362305,13.702655553817749,20.01719856262207,3.4203734397888184,96.69164540816327,86.76857461734694,70.88847257653062
FAMILY-94,FATHER,local,4209811,3.0698001384735107,3.138801097869873,4.934072732925415,5.4869691133499146,6.2705230712890625,1.4285733699798584,73.76235650510205,26.990991709183675,2.0208864795918364
FAMILY-94,FATHER,bending,4209812,6.206449508666992,6.68919563293457,9.625287055969238,10.07456636428833,11.042226791381836,2.8492703437805176,88.97680165816327,73.69060905612244,56.74625318877551
FAMILY-94,FATHER,elastic,4209820,8.590649604797363,8.509492874145508,13.782508850097656,15.012854099273682,19.710390090942383,3.8552780151367188,96.17745535714286,86.92801339285714,72.46691645408163
FAMILY-94,FATHER,local,4209821,2.9183714389801025,2.794644355773926,5.187433481216431,5.793655872344971,7.030148029327393,1.5393831729888916,67.84717793367348,23.858019770408163,3.9939413265306123
FAMILY-94,FATHER,bending,4209822,6.195781707763672,6.700176239013672,9.621579647064209,10.040107011795044,10.911030769348145,2.8572752475738525,88.71970663265306,73.52718431122449,56.732302295918366
FAMILY-94,FATHER,elastic,4209830,6.110648155212402,5.920083522796631,10.125190734863281,10.942359209060669,14.697969436645508,2.9014406204223633,93.41119260204081,71.69961734693877,49.222735969387756
FAMILY-94,FATHER,local,4209831,4.53541898727417,4.594620704650879,6.765700101852417,7.246380686759949,8.10586166381836,1.678341031074524,91.83075573979592,63.871173469387756,21.15154655612245
FAMILY-94,FATHER,bending,4209832,4.48886775970459,4.895610332489014,6.992737293243408,7.2309629917144775,7.665199279785156,2.0982766151428223,82.50956632653062,61.12484056122449,32.20463966836735
FAMILY-94,FATHER,elastic,4209840,7.156349182128906,7.097017288208008,10.969005107879639,11.982191562652588,18.512779235839844,2.949738025665283,96.60395408163265,84.68191964285714,63.56425382653062
FAMILY-94,FATHER,local,4209841,2.1633074283599854,2.0607149600982666,3.593554139137268,4.273548483848572,5.710716247558594,1.0717296600341797,53.10108418367348,6.825972576530612,0.0
FAMILY-94,FATHER,bending,4209842,6.453608989715576,7.058568954467773,10.06148386001587,10.379474639892578,10.879603385925293,3.033026695251465,88.4406887755102,74.3423150510204,59.16972257653062
FAMILY-94,MOTHER,elastic,4209850,6.638149261474609,6.640563011169434,10.342963695526123,11.276293277740479,14.837953567504883,2.7801706790924072,95.03148915816327,81.1961894132653,58.392458545918366
FAMILY-94,MOTHER,local,4209851,3.6233532428741455,3.52925968170166,5.489933252334595,6.023189067840576,7.286469459533691,1.394053339958191,87.00374681122449,38.97680165816326,5.129942602040816
FAMILY-94,MOTHER,bending,4209852,4.928434371948242,5.332711219787598,7.655025482177734,7.985236883163452,8.67164134979248,2.273695230484009,84.79551977040816,65.16063456632652,40.55723852040816
FAMILY-94,MOTHER,elastic,4209860,10.083405494689941,10.19308090209961,15.257772445678711,16.600778579711914,22.135498046875,3.991058826446533,98.60291772959184,93.09032206632652,82.58529974489795
FAMILY-94,MOTHER,local,4209861,4.716997146606445,4.771882057189941,7.35079550743103,7.9647499322891235,9.284361839294434,1.9736591577529907,90.49944196428571,62.47209821428571,27.77822066326531
FAMILY-94,MOTHER,bending,4209862,5.263232707977295,5.722262382507324,8.189910888671875,8.498080253601074,9.094602584838867,2.4476442337036133,85.69036989795919,67.73357780612244,46.6438137755102
FAMILY-94,MOTHER,elastic,4209870,4.934086799621582,4.955615043640137,7.819575548171997,8.374868869781494,13.002283096313477,2.1928675174713135,89.7281568877551,64.92546237244898,32.87826849489796
FAMILY-94,MOTHER,local,4209871,3.652616500854492,3.492091178894043,5.649190664291382,6.203353404998779,8.54560661315918,1.5212571620941162,87.04360650510205,38.30317283163265,6.501116071428571
FAMILY-94,MOTHER,bending,4209872,3.7307960987091064,4.07045316696167,5.813345432281494,6.007920265197754,6.361362457275391,1.7450190782546997,78.35817920918367,51.16390306122449,5.143893494897959
FAMILY-94,MOTHER,elastic,4209880,6.459731101989746,6.375652313232422,10.541664123535156,11.345993041992188,14.76885986328125,2.962568521499634,93.85762117346938,76.47879464285714,54.31680484693877
FAMILY-94,MOTHER,local,4209881,3.701841354370117,3.7685089111328125,5.497807502746582,5.9727160930633545,7.952824115753174,1.4237709045410156,85.84183673469387,44.447544642857146,4.781170280612245
FAMILY-94,MOTHER,bending,4209882,7.088661193847656,7.754463195800781,11.053064346313477,11.399960994720459,11.926030158996582,3.334259271621704,89.65640943877551,76.8993144132653,63.458625637755105
FAMILY-94,MOTHER,elastic,4209890,4.637433052062988,4.658900260925293,7.117492198944092,7.809327602386475,10.7118558883667,1.928790807723999,90.35594706632652,62.50199298469388,24.711017219387756
FAMILY-94,MOTHER,local,4209891,4.370171546936035,4.241134166717529,7.136339902877808,7.9638800621032715,11.236898422241211,1.8808588981628418,91.45408163265306,55.63416772959183,16.996173469387756
FAMILY-94,MOTHER,bending,4209892,3.538008689880371,3.8845624923706055,5.519965887069702,5.683370232582092,5.892359733581543,1.6769930124282837,76.69403698979592,48.05484693877551,0.0
FAMILY-95,CHILD,elastic,4209900,8.483338356018066,8.329375267028809,13.813898086547852,15.192052841186523,20.609622955322266,3.9093704223632812,96.86902104591837,86.21053890306123,70.13711734693877
FAMILY-95,CHILD,local,4209901,3.3429808616638184,3.4942827224731445,4.6999616622924805,4.946990013122559,6.456115245819092,1.2048906087875366,84.64405293367348,34.04815051020408,0.9147799744897959
FAMILY-95,CHILD,bending,4209902,6.026866912841797,6.592400550842285,9.396418571472168,9.69272232055664,10.158182144165039,2.832700490951538,87.44220344387756,72.30747767857143,55.62021683673469
FAMILY-95,CHILD,elastic,4209910,7.43601131439209,7.192601203918457,11.774253368377686,13.096337795257568,19.034242630004883,3.2798056602478027,96.33689413265306,85.01873405612244,63.94092793367348
FAMILY-95,CHILD,local,4209911,3.402473211288452,2.9903275966644287,6.19572639465332,7.142259120941162,9.308940887451172,1.9593713283538818,72.72999043367348,34.59422831632653,11.62109375
FAMILY-95,CHILD,bending,4209912,6.041138172149658,6.504554748535156,9.366325855255127,9.811135292053223,10.772187232971191,2.7706503868103027,88.56624681122449,72.84757653061224,55.16581632653062
FAMILY-95,CHILD,elastic,4209920,6.802622318267822,6.565841197967529,11.129562377929688,12.495376586914062,16.92917823791504,3.2136008739471436,94.14859693877551,79.23907844387756,56.202168367346935
FAMILY-95,CHILD,local,4209921,2.55614972114563,2.4898643493652344,4.2897796630859375,4.688816428184509,5.389347553253174,1.2295234203338623,63.07796556122449,14.365433673469388,0.0
FAMILY-95,CHILD,bending,4209922,6.0255842208862305,6.515404224395752,9.356276512145996,9.764900207519531,10.617435455322266,2.7780745029449463,88.25733418367348,72.65425701530613,55.17378826530612
FAMILY-95,CHILD,elastic,4209930,8.129831314086914,8.308218002319336,12.594519138336182,13.774466514587402,19.128345489501953,3.5718860626220703,95.69116709183673,85.26785714285714,70.3842474489796
FAMILY-95,CHILD,local,4209931,3.654233932495117,3.3333187103271484,6.654170274734497,7.493449807167053,9.258882522583008,2.053760051727295,75.92673788265306,37.92051977040816,15.379862882653061
FAMILY-95,CHILD,bending,4209932,6.026354789733887,6.414467811584473,9.296350479125977,9.831333875656128,11.06596565246582,2.7297074794769287,89.32158801020408,73.05683992346938,54.54400510204081
FAMILY-95,CHILD,elastic,4209940,7.569692134857178,7.451042652130127,12.212453365325928,13.70671796798706,18.53931999206543,3.4426941871643066,96.50829081632652,83.42036033163265,64.68829719387756
FAMILY-95,CHILD,local,4209941,5.011876583099365,5.130212783813477,7.35226845741272,7.859408855438232,9.704188346862793,1.794956922531128,95.17697704081633,68.42315051020408,32.64309630102041
FAMILY-95,CHILD,bending,4209942,5.173813343048096,5.646280288696289,8.0617995262146,8.327879667282104,8.80639934539795,2.4217734336853027,85.14827806122449,67.06792091836735,45.687181122448976
FAMILY-95,FATHER,elastic,4209950,8.536688804626465,8.521821975708008,13.663371086120605,15.212268114089966,19.95966339111328,3.7897579669952393,97.2476881377551,86.92801339285714,72.11017219387756
FAMILY-95,FATHER,local,4209951,2.699204206466675,2.4927120208740234,4.732479810714722,5.169998645782471,6.956944942474365,1.3906216621398926,65.53531568877551,18.775908801020407,1.3612085459183674
FAMILY-95,FATHER,bending,4209952,6.4931230545043945,7.078604221343994,10.11369800567627,10.464381456375122,11.1084623336792,3.0327060222625732,88.79743303571429,74.65122767857143,59.38695790816326
FAMILY-95,FATHER,elastic,4209960,5.382966995239258,5.266823768615723,8.778030395507812,9.580440998077393,12.073380470275879,2.443030834197998,92.12970344387756,68.6084980867347,39.34550382653062
FAMILY-95,FATHER,local,4209961,3.7422842979431152,3.6837282180786133,6.336193084716797,6.945783257484436,8.290556907653809,1.7538809776306152,82.82645089285714,42.64190051020408,12.661431760204081
FAMILY-95,FATHER,bending,4209962,3.8385627269744873,4.200759410858154,5.986210584640503,6.173245191574097,6.4456892013549805,1.8069385290145874,78.8703762755102,53.0632174744898,9.616151147959185
FAMILY-95,FATHER,elastic,4209970,8.411206245422363,8.231620788574219,13.583441734313965,14.886592626571655,21.925918579101562,3.85640025138855,96.0140306122449,86.12085459183673,71.4664381377551
FAMILY-95,FATHER,local,4209971,4.529996871948242,4.258796691894531,7.4485108852386475,8.562450885772705,11.132593154907227,2.208956241607666,88.02614795918367,53.748804209183675,25.283003826530614
FAMILY-95,FATHER,bending,4209972,5.085322856903076,5.487732887268066,7.890012264251709,8.250572204589844,9.018505096435547,2.337898015975952,85.51299426020408,66.46603954081633,43.02654655612245
FAMILY-95,FATHER,elastic,4209980,7.297919273376465,6.957104206085205,12.324171543121338,13.847657203674316,18.07990264892578,3.537691116333008,95.21085778061224,81.07063137755102,60.52694515306123
FAMILY-95,FATHER,local,4209981,2.697545051574707,2.665234327316284,4.291757822036743,4.74748694896698,5.878536224365234,1.1677800416946411,71.29703443877551,15.094866071428573,0.0
FAMILY-95,FATHER,bending,4209982,4.986019134521484,5.46561336517334,7.776956558227539,8.014744520187378,8.303542137145996,2.3560619354248047,84.12388392857143,65.64692283163265,43.257732780612244
FAMILY-95,FATHER,elastic,4209990,7.73696231842041,7.697427749633789,12.295332908630371,13.417904138565063,21.17853355407715,3.5732812881469727,95.36033163265306,83.4422831632653,66.56768176020408
FAMILY-95,FATHER,local,4209991,4.05325174331665,3.997849464416504,6.197903871536255,7.058372974395752,8.142712593078613,1.6422218084335327,89.78794642857143,49.94419642857143,11.943957270408163
FAMILY-95,FATHER,bending,4209992,5.793531894683838,6.200194835662842,8.963380336761475,9.429167985916138,10.471518516540527,2.641526460647583,88.1656568877551,71.59398915816327,52.34375
FAMILY-95,MOTHER,elastic,4210000,4.846023082733154,4.680165767669678,7.971418857574463,8.765300989151001,12.420795440673828,2.293410301208496,89.16613520408163,60.20806760204081,31.610730229591837
FAMILY-95,MOTHER,local,4210001,3.8867554664611816,3.9671714305877686,5.722644567489624,6.2708820104599,6.85637092590332,1.4886387586593628,87.69331951530613,49.29049744897959,7.13687818877551
FAMILY-95,MOTHER,bending,4210002,5.3131632804870605,5.6894965171813965,8.221814632415771,8.64587664604187,9.595039367675781,2.423393726348877,86.65896045918367,68.35738201530613,46.055883290816325
FAMILY-95,MOTHER,elastic,4210010,7.1818318367004395,6.9502410888671875,11.829156875610352,13.01012635231018,20.01694679260254,3.52048921585083,94.12069515306123,79.3407206632653,60.03866390306123
FAMILY-95,MOTHER,local,4210011,3.4315073490142822,3.4834463596343994,5.536701679229736,6.182734489440918,7.704604625701904,1.664728045463562,76.2256855867347,37.8288424744898,5.84343112244898
FAMILY-95,MOTHER,bending,4210012,6.9962077140808105,7.473062515258789,10.813486576080322,11.395866632461548,12.715346336364746,3.182429790496826,91.76498724489795,77.4673150510204,62.80691964285714
FAMILY-95,MOTHER,elastic,4210020,5.3173956871032715,5.135058879852295,8.43409776687622,9.34557557106018,16.132915496826172,2.390084981918335,92.98867984693877,68.88950892857143,36.17665816326531
FAMILY-95,MOTHER,local,4210021,4.156593322753906,3.972785472869873,7.026538372039795,7.97538697719574,11.003166198730469,2.082841157913208,83.63958864795919,49.60738201530612,18.50087691326531
FAMILY-95,MOTHER,bending,4210022,5.809213638305664,6.216247081756592,8.986831188201904,9.455148696899414,10.505002975463867,2.6481235027313232,88.22146045918367,71.69563137755102,52.51116071428571
FAMILY-95,MOTHER,elastic,4210030,7.280677795410156,7.068029880523682,11.638455867767334,12.795289754867554,20.361045837402344,3.2617111206054688,95.91238839285714,83.0875318877551,62.86670918367348
FAMILY-95,MOTHER,local,4210031,2.4622957706451416,2.379633665084839,4.031510353088379,4.426057577133179,5.279317855834961,1.1150251626968384,64.83577806122449,10.53890306122449,0.0
FAMILY-95,MOTHER,bending,4210032,3.6669678688049316,3.9396772384643555,5.681752681732178,5.959628701210022,6.5678534507751465,1.678512692451477,78.53954081632652,48.887914540816325,4.3207908163265305
FAMILY-95,MOTHER,elastic,4210040,5.043582916259766,4.936683177947998,8.072795391082764,8.926339626312256,11.869084358215332,2.2161343097686768,91.26076211734694,66.9383769132653,32.40991709183674
FAMILY-95,MOTHER,local,4210041,3.1252715587615967,2.9765615463256836,5.114046335220337,5.7064173221588135,7.5733442306518555,1.5174603462219238,72.66222895408163,30.458785076530614,2.9854910714285716
FAMILY-95,MOTHER,bending,4210042,4.901450157165527,5.376806735992432,7.646248817443848,7.876021504402161,8.162958145141602,2.3202152252197266,83.76116071428571,64.97927295918367,41.85467155612245
FAMILY-96,CHILD,elastic,4210050,6.304259777069092,6.16156005859375,10.17589282989502,11.099985599517822,15.4782075881958,2.892136335372925,93.16007653061224,76.13998724489795,51.88735650510205
FAMILY-96,CHILD,local,4210051,4.784076690673828,4.891674041748047,7.155681133270264,7.900028347969055,9.406906127929688,1.8696274757385254,91.2109375,66.99617346938776,25.761320153061224
FAMILY-96,CHILD,bending,4210052,6.999077796936035,7.640929222106934,10.90630054473877,11.264724969863892,11.901535034179688,3.27751088142395,89.7201849489796,76.66214923469387,62.88863201530612
FAMILY-96,CHILD,elastic,4210060,7.089648246765137,6.981100082397461,12.02816915512085,13.308710813522339,18.291332244873047,3.5335161685943604,93.07039221938776,78.05125956632652,59.85530931122449
FAMILY-96,CHILD,local,4210061,2.895414113998413,2.7470412254333496,4.687729358673096,5.439338684082031,6.192137718200684,1.294989824295044,73.67267219387756,19.142617984693878,1.6083386479591837
FAMILY-96,CHILD,bending,4210062,4.249488830566406,4.6498589515686035,6.626762390136719,6.834332585334778,7.141408443450928,1.9997247457504272,81.15234375,58.58179209183674,25.948660714285715
FAMILY-96,CHILD,elastic,4210070,5.092269420623779,5.13591194152832,8.115211009979248,8.882405281066895,11.899089813232422,2.3437395095825195,88.90505420918367,65.21843112244898,37.75111607142857
FAMILY-96,CHILD,local,4210071,5.218250274658203,5.329492568969727,8.108371257781982,8.832063913345337,10.942089080810547,2.1707265377044678,92.37085459183673,69.00111607142857,38.94292091836735
FAMILY-96,CHILD,bending,4210072,3.6152901649475098,3.9670357704162598,5.639819622039795,5.809399485588074,6.020984172821045,1.7121490240097046,77.26801658163265,49.50175382653062,0.2989477040816326
FAMILY-96,CHILD,elastic,4210080,8.816673278808594,8.696981430053711,14.553889751434326,15.62451958656311,20.95130157470703,4.201880931854248,96.41462053571429,85.45519770408163,70.82868303571429
FAMILY-96,CHILD,local,4210081,2.850055694580078,2.6837263107299805,4.98628830909729,5.374927401542664,6.415247440338135,1.5122697353363037,65.63895089285714,25.23716517857143,1.7657844387755102
FAMILY-96,CHILD,bending,4210082,6.301711559295654,6.887790679931641,9.824409484863281,10.135403633117676,10.651912689208984,2.9583640098571777,88.13177614795919,73.6507493622449,57.97393176020408
FAMILY-96,CHILD,elastic,4210090,6.190443992614746,5.826044082641602,10.358944416046143,11.371440887451172,16.872337341308594,3.0028767585754395,93.2079081632653,74.01945153061224,48.08673469387755
FAMILY-96,CHILD,local,4210091,4.409302234649658,4.290245532989502,7.126080274581909,7.905819654464722,9.099043846130371,1.9352139234542847,88.02016900510205,56.734295280612244,20.641342474489797
FAMILY-96,CHILD,bending,4210092,6.369729995727539,6.771727561950684,9.818451881408691,10.39729356765747,11.740104675292969,2.8809866905212402,90.60108418367348,74.86248405612244,57.884247448979586
FAMILY-96,FATHER,elastic,4210100,4.652677536010742,4.422595024108887,7.837479591369629,8.834725856781006,13.066628456115723,2.3632733821868896,86.93797831632652,56.49912308673469,27.794164540816325
FAMILY-96,FATHER,local,4210101,4.828597068786621,4.800187110900879,7.636139154434204,8.642495155334473,10.868805885314941,2.08553409576416,91.34845344387756,63.56425382653062,28.5953443877551
FAMILY-96,FATHER,bending,4210102,4.346948623657227,4.620867729187012,6.7005109786987305,7.096244215965271,8.017375946044922,1.9655699729919434,82.99984056122449,59.197624362244895,26.42299107142857
FAMILY-96,FATHER,elastic,4210110,8.161609649658203,7.995813369750977,13.201171398162842,14.454519510269165,19.516693115234375,3.711193323135376,96.15951849489795,85.48110650510205,70.46197385204081
FAMILY-96,FATHER,local,4210111,2.6151227951049805,2.3449840545654297,4.593547582626343,5.087094187736511,6.44760799407959,1.3686692714691162,61.615114795918366,19.214365433673468,1.1280293367346939
FAMILY-96,FATHER,bending,4210112,3.736137866973877,4.006725311279297,5.785189151763916,6.075649857521057,6.718708038330078,1.7071889638900757,79.05970982142857,50.12555803571429,6.158322704081633
FAMILY-96,FATHER,elastic,4210120,7.722533702850342,7.653215408325195,12.072613716125488,13.136685371398926,16.523395538330078,3.2777254581451416,96.82716836734694,85.49107142857143,68.06640625
FAMILY-96,FATHER,local,4210121,3.0841312408447266,3.12410569190979,4.888639688491821,5.261900305747986,6.750258445739746,1.354007601737976,75.4623724489796,26.879384566326532,1.110092474489796
FAMILY-96,FATHER,bending,4210122,5.5789008140563965,6.078194618225098,8.687734127044678,8.996005296707153,9.564201354980469,2.603379249572754,86.51745854591837,69.82222576530613,50.83705357142857
FAMILY-96,FATHER,elastic,4210130,6.945789337158203,6.759219169616699,11.520301818847656,12.547532796859741,18.22332763671875,3.3645310401916504,94.30803571428571,77.46133609693877,57.88026147959183
FAMILY-96,FATHER,local,4210131,3.08609938621521,2.933107376098633,5.24196720123291,5.775635838508606,7.0048956871032715,1.5638705492019653,71.89094387755102,30.506616709183675,3.063217474489796
FAMILY-96,FATHER,bending,4210132,7.098204135894775,7.55056095123291,10.946610927581787,11.582262754440308,13.053776741027832,3.213284969329834,92.34893176020408,77.97951211734694,63.54033801020408
FAMILY-96,FATHER,elastic,4210140,6.183106899261475,6.08244514465332,10.32375192642212,11.528970003128052,14.558687210083008,3.018547296524048,91.98022959183673,72.83960459183673,50.9147799744898
FAMILY-96,FATHER,local,4210141,4.218600273132324,4.057035446166992,7.223160266876221,7.881511569023132,8.94277286529541,2.0356109142303467,84.28930165816327,51.070232780612244,21.470424107142858
FAMILY-96,FATHER,bending,4210142,5.221191883087158,5.649641990661621,8.11085557937622,8.456848382949829,9.175433158874512,2.41007399559021,85.83984375,67.5063775510204,45.46795280612245
FAMILY-96,MOTHER,elastic,4210150,5.367417812347412,5.212958335876465,8.771103382110596,9.671921730041504,12.92802906036377,2.413996934890747,93.10028698979592,68.03252551020408,38.37890625
FAMILY-96,MOTHER,local,4210151,2.677154302597046,2.729559898376465,4.1119654178619385,4.494424104690552,5.080524444580078,1.108208417892456,69.1585618622449,12.51594387755102,0.0
FAMILY-96,MOTHER,bending,4210152,6.222446918487549,6.820854187011719,9.705471992492676,10.002260684967041,10.362648010253906,2.940325975418091,87.69929846938776,73.20232780612244,57.425860969387756
FAMILY-96,MOTHER,elastic,4210160,7.786890983581543,7.758662223815918,12.093809127807617,13.353553295135498,18.907276153564453,3.3738772869110107,96.3508450255102,85.05859375,68.70814732142857
FAMILY-96,MOTHER,local,4210161,3.3777737617492676,3.1933770179748535,5.980465888977051,6.9287532567977905,8.39344310760498,1.8927570581436157,71.98860012755102,36.10092474489796,9.867267219387756
FAMILY-96,MOTHER,bending,4210162,5.115079879760742,5.580700397491455,7.970281600952148,8.23723554611206,8.720973014831543,2.392580270767212,84.95097257653062,66.63345025510205,44.77040816326531
FAMILY-96,MOTHER,elastic,4210170,6.134283065795898,6.167237281799316,9.901456832885742,10.697212219238281,14.244404792785645,2.8189778327941895,91.79886798469387,75.34080038265306,52.13647959183674
FAMILY-96,MOTHER,local,4210171,4.616542816162109,4.605574607849121,7.711462736129761,8.277230262756348,9.242660522460938,2.1821823120117188,86.56529017857143,58.04169323979592,28.89429209183674
FAMILY-96,MOTHER,bending,4210172,7.061020851135254,7.5255231857299805,10.901104927062988,11.512031078338623,12.911639213562012,3.2038066387176514,92.09582270408163,77.78021364795919,63.2453762755102
FAMILY-96,MOTHER,elastic,4210180,6.22250509262085,6.186758995056152,10.126338005065918,11.214574813842773,15.105059623718262,2.928992748260498,92.47847576530613,74.70503826530613,52.16238839285714
FAMILY-96,MOTHER,local,4210181,5.163832187652588,5.158796310424805,8.218990325927734,8.903584480285645,10.298815727233887,2.2135586738586426,92.39676339285714,66.3444674744898,36.56529017857143
FAMILY-96,MOTHER,bending,4210182,5.50087308883667,5.979405403137207,8.559067726135254,8.884944915771484,9.51952838897705,2.5564727783203125,86.48955676020408,69.37380420918367,49.7688137755102
FAMILY-96,MOTHER,elastic,4210190,6.339157581329346,6.193857669830322,10.149946689605713,11.322889566421509,15.414728164672852,2.8474361896514893,95.22480867346938,76.44092793367348,52.41350446428571
FAMILY-96,MOTHER,local,4210191,3.1035962104797363,3.094217300415039,5.075552701950073,5.372919321060181,6.023959636688232,1.3933039903640747,74.98007015306123,28.17881058673469,0.12555803571428573
FAMILY-96,MOTHER,bending,4210192,5.018664836883545,5.467099189758301,7.814655303955078,8.092810869216919,8.607431411743164,2.341514825820923,84.72576530612244,65.89604591836735,42.95878507653062
FAMILY-97,CHILD,elastic,4210200,6.9399614334106445,7.110342502593994,10.415033340454102,11.496882438659668,16.060626983642578,2.8714306354522705,95.2865911989796,82.72879464285714,63.536352040816325
FAMILY-97,CHILD,local,4210201,3.974377155303955,3.911533832550049,6.678281307220459,7.5180903673172,8.519527435302734,1.9394835233688354,82.4039381377551,48.36973852040816,16.262755102040817
FAMILY-97,CHILD,bending,4210202,4.075748920440674,4.463775634765625,6.357091188430786,6.553239345550537,6.806005477905273,1.9228960275650024,80.1399075255102,56.47321428571429,19.258211096938776
FAMILY-97,CHILD,elastic,4210210,5.5491414070129395,5.3283538818359375,9.232133865356445,10.494084358215332,14.169366836547852,2.734755039215088,90.76251594387756,67.38879145408163,41.56768176020408
FAMILY-97,CHILD,local,4210211,2.4239823818206787,2.303071975708008,4.1239659786224365,4.602837324142456,5.867508888244629,1.2323224544525146,60.052614795918366,11.886160714285714,0.0
FAMILY-97,CHILD,bending,4210212,5.201063632965088,5.647288799285889,8.088847637176514,8.406692028045654,9.03300952911377,2.413332223892212,85.56680484693877,67.31505102040816,45.555644132653065
FAMILY-97,CHILD,elastic,4210220,6.6412763595581055,6.562082290649414,10.608838081359863,11.747754096984863,15.386744499206543,3.005035400390625,94.35985331632652,78.43391262755102,56.52901785714286
FAMILY-97,CHILD,local,4210221,2.8002452850341797,2.8251185417175293,4.414937496185303,4.965223789215088,6.385256290435791,1.2396831512451172,73.41557716836735,15.666852678571427,0.7971938775510204
FAMILY-97,CHILD,bending,4210222,4.649417400360107,5.101222038269043,7.252986907958984,7.470918416976929,7.7432332038879395,2.2013888359069824,82.7586894132653,62.80293367346938,36.800462372448976
FAMILY-97,CHILD,elastic,4210230,5.646734237670898,5.653151512145996,8.914212226867676,9.662523031234741,13.028220176696777,2.4908432960510254,91.9563137755102,72.21380739795919,44.907924107142854
FAMILY-97,CHILD,local,4210231,3.872351884841919,3.350809097290039,7.231403112411499,8.888872623443604,11.654498100280762,2.352386951446533,79.11352040816327,38.765545280612244,15.158641581632654
FAMILY-97,CHILD,bending,4210232,3.309983253479004,3.6187801361083984,5.160050392150879,5.32352352142334,5.589614391326904,1.554499626159668,75.08968431122449,42.52232142857143,0.0
FAMILY-97,CHILD,elastic,4210240,6.71005916595459,6.635257720947266,10.595321655273438,11.921438694000244,17.330896377563477,3.0370638370513916,94.93781887755102,78.81656568877551,57.884247448979586
FAMILY-97,CHILD,local,4210241,4.730710506439209,4.541533470153809,7.835268974304199,8.807678461074829,9.64928913116455,2.1636648178100586,88.98676658163265,61.49354272959183,28.06919642857143
FAMILY-97,CHILD,bending,4210242,6.4158244132995605,6.901166915893555,9.943787097930908,10.423127889633179,11.465909957885742,2.939608573913574,89.5866549744898,74.7608418367347,58.48612882653062
FAMILY-97,FATHER,elastic,4210250,9.274063110351562,9.189455032348633,14.408989429473877,16.025516033172607,22.660743713378906,4.061190128326416,97.16996173469387,90.00518176020408,77.81808035714286
FAMILY-97,FATHER,local,4210251,5.14321756362915,4.843983173370361,8.953400135040283,10.148818731307983,11.361283302307129,2.6050360202789307,88.83330676020408,62.61160714285714,35.57278380102041
FAMILY-97,FATHER,bending,4210252,3.536653757095337,3.8760082721710205,5.51595139503479,5.685416221618652,5.889754295349121,1.6705118417739868,76.75581951530613,47.899394132653065,0.0
FAMILY-97,FATHER,elastic,4210260,8.371589660644531,8.343908309936523,13.534022331237793,14.60867428779602,19.7839412689209,3.759451150894165,96.2711256377551,85.48309948979592,71.51426977040816
FAMILY-97,FATHER,local,4210261,2.561945915222168,2.461853504180908,4.29431414604187,4.918867111206055,6.4226531982421875,1.2463979721069336,65.12476084183673,13.715720663265307,0.8191167091836735
FAMILY-97,FATHER,bending,4210262,6.187145233154297,6.611027717590332,9.564057350158691,10.077350378036499,11.234130859375,2.8155369758605957,89.49099170918367,73.81417410714286,56.33370535714286
FAMILY-97,FATHER,elastic,4210270,6.202486515045166,6.055269241333008,10.330705642700195,11.599431037902832,14.4906587600708,2.9531757831573486,92.68176020408163,75.0,50.755341198979586
FAMILY-97,FATHER,local,4210271,4.971159934997559,5.0309906005859375,7.8121867179870605,8.391987562179565,11.04443073272705,2.1580650806427,90.22441007653062,64.97130102040816,34.8812181122449
FAMILY-97,FATHER,bending,4210272,4.106389999389648,4.5016584396362305,6.405616283416748,6.599834322929382,6.838737487792969,1.9416273832321167,80.26745854591837,56.91167091836735,20.970184948979593
FAMILY-97,FATHER,elastic,4210280,7.010601043701172,6.98513126373291,11.227420806884766,12.647748947143555,19.780176162719727,3.2943413257598877,93.63639987244898,79.84295280612244,60.8039700255102
FAMILY-97,FATHER,local,4210281,3.0648467540740967,2.6400146484375,5.8298468589782715,6.601246237754822,8.414202690124512,1.8055752515792847,68.62444196428571,26.440927933673468,8.84685905612245
FAMILY-97,FATHER,bending,4210282,3.4674389362335205,3.7064313888549805,5.362105846405029,5.646019697189331,6.284551620483398,1.5791031122207642,77.1922831632653,44.30604272959184,0.7553411989795918
FAMILY-97,FATHER,elastic,4210290,4.7311692237854,4.680120468139648,7.5868518352508545,8.732568264007568,14.593304634094238,2.3411989212036133,87.66143176020408,61.15672831632652,27.23413584183674
FAMILY-97,FATHER,local,4210291,4.617018222808838,4.5338616371154785,7.2560954093933105,8.101862668991089,11.334576606750488,2.0661323070526123,88.86320153061224,60.02471301020408,24.362244897959183
FAMILY-97,FATHER,bending,4210292,4.041162967681885,4.409598350524902,6.296987533569336,6.50674295425415,6.887731075286865,1.8905203342437744,80.24354272959184,55.841438137755105,17.3648756377551
FAMILY-97,MOTHER,elastic,4210300,8.63634967803955,8.402169227600098,14.356223106384277,15.515745878219604,19.684457778930664,4.094116687774658,95.80676020408163,85.72823660714286,70.20886479591837
FAMILY-97,MOTHER,local,4210301,4.040838241577148,4.395569801330566,6.132955074310303,6.8001017570495605,8.994217872619629,1.8044288158416748,82.76267538265306,57.78260522959183,11.716757015306122
FAMILY-97,MOTHER,bending,4210302,3.8250317573547363,4.0722551345825195,5.901662588119507,6.238946318626404,7.017246246337891,1.733238697052002,79.93463010204081,51.25956632653062,8.336654974489797
FAMILY-97,MOTHER,elastic,4210310,6.4972028732299805,6.303548336029053,10.690619945526123,11.769064903259277,16.56789779663086,3.023165702819824,94.15058992346938,77.73636798469387,53.89229910714286
FAMILY-97,MOTHER,local,4210311,3.1911163330078125,3.269563674926758,4.888089895248413,5.569163084030151,8.58977222442627,1.4561580419540405,78.59135841836735,27.501195790816325,2.8001434948979593
FAMILY-97,MOTHER,bending,4210312,6.332575798034668,6.756107330322266,9.782948970794678,10.318285465240479,11.541494369506836,2.8771941661834717,89.9852519132653,74.58745216836735,57.62914540816326
FAMILY-97,MOTHER,elastic,4210320,4.842716693878174,4.810574531555176,7.777814865112305,8.601141929626465,11.196879386901855,2.1888842582702637,88.66788903061224,63.917012117346935,30.484693877551024
FAMILY-97,MOTHER,local,4210321,3.945971965789795,3.843536853790283,6.4213855266571045,6.904148101806641,8.155677795410156,1.7791162729263306,84.4009088010204,47.0703125,14.871651785714285
FAMILY-97,MOTHER,bending,4210322,6.855277061462402,7.370939254760742,10.624485492706299,11.13723111152649,12.259782791137695,3.1400034427642822,90.6509088010204,76.70798788265306,61.798469387755105
FAMILY-97,MOTHER,elastic,4210330,8.662280082702637,8.549959182739258,13.88455867767334,15.022207021713257,19.027387619018555,3.864625930786133,96.74545599489795,87.57573341836735,72.06831951530613
FAMILY-97,MOTHER,local,4210331,4.219367980957031,4.249894142150879,6.577604532241821,7.09123432636261,7.908251762390137,1.750522255897522,87.78898278061224,56.24800701530612,17.012117346938776
FAMILY-97,MOTHER,bending,4210332,6.676325798034668,7.13614559173584,10.323781490325928,10.871235847473145,12.10568618774414,3.039907217025757,90.75454400510205,76.11208545918367,60.49107142857143
FAMILY-97,MOTHER,elastic,4210340,6.5549211502075195,6.340976715087891,10.831167697906494,11.703283786773682,14.589190483093262,3.004462718963623,94.32597257653062,77.86192602040816,53.99593431122449
FAMILY-97,MOTHER,local,4210341,3.2849864959716797,3.129448413848877,5.2641496658325195,5.94974410533905,8.51894760131836,1.5373567342758179,79.43239795918367,30.117984693877553,4.7632334183673475
FAMILY-97,MOTHER,bending,4210342,6.0607709884643555,6.53269100189209,9.399933815002441,9.83801817893982,10.776895523071289,2.7830913066864014,88.54432397959184,72.95121173469387,55.39301658163265
FAMILY-98,CHILD,elastic,4210350,9.965898513793945,10.051519393920898,15.482222557067871,16.799975395202637,21.726850509643555,4.142899990081787,98.10267857142857,91.82876275510205,81.36957908163265
FAMILY-98,CHILD,local,4210351,2.6989991664886475,2.7830424308776855,4.127302408218384,4.496732473373413,5.798364162445068,1.1512837409973145,73.33785076530613,12.641501913265307,0.0
FAMILY-98,CHILD,bending,4210352,6.167705535888672,6.613979339599609,9.548539638519287,10.03195834159851,11.104905128479004,2.8167872428894043,89.19204400510205,73.6328125,56.267936862244895
FAMILY-98,CHILD,elastic,4210360,6.036478519439697,5.831408500671387,9.743943691253662,10.776662826538086,16.67098617553711,2.831904411315918,93.15609056122449,73.63879145408163,47.670200892857146
FAMILY-98,CHILD,local,4210361,3.7675676345825195,3.8337697982788086,5.490456581115723,5.716661810874939,6.476703643798828,1.3340967893600464,88.35499043367348,45.18096301020408,2.0487882653061225
FAMILY-98,CHILD,bending,4210362,7.018528938293457,7.566407680511475,10.886193752288818,11.39287519454956,12.475961685180664,3.2233424186706543,90.8741230867347,77.27399553571429,62.92051977040817
FAMILY-98,CHILD,elastic,4210370,7.685945987701416,7.489009857177734,12.79643726348877,14.248185157775879,20.518707275390625,3.839384078979492,94.11272321428571,81.02080676020408,62.61360012755102
FAMILY-98,CHILD,local,4210371,5.59922456741333,5.563983917236328,8.99292802810669,9.603914260864258,11.133806228637695,2.421210289001465,93.41517857142857,69.90792410714286,44.7624362244898
FAMILY-98,CHILD,bending,4210372,4.01929235458374,4.375850677490234,6.257704257965088,6.484708189964294,6.911928176879883,1.8730682134628296,80.23158482142857,55.474728954081634,16.2906568877551
FAMILY-98,CHILD,elastic,4210380,7.374485015869141,7.309554100036621,11.705111980438232,13.10929536819458,16.440902709960938,3.2986209392547607,94.78435905612244,82.93407206632652,64.81983418367348
FAMILY-98,CHILD,local,4210381,3.006014108657837,2.922483205795288,5.409174919128418,5.876270532608032,6.737276077270508,1.6055275201797485,71.08976403061224,27.411511479591837,3.9221938775510203
FAMILY-98,CHILD,bending,4210382,4.15822172164917,4.431231498718262,6.419029951095581,6.780191659927368,7.6082563400268555,1.8862478733062744,81.87579719387756,56.744260204081634,19.62890625
FAMILY-98,CHILD,elastic,4210390,5.063532829284668,5.104512691497803,7.958240985870361,8.647550106048584,13.16823959350586,2.2425897121429443,90.33003826530613,66.7610012755102,34.86328125
FAMILY-98,CHILD,local,4210391,4.987693786621094,5.155964374542236,7.545698404312134,8.380837440490723,10.225113868713379,2.089289426803589,90.5532525510204,66.52582908163265,36.40585140306122
FAMILY-98,CHILD,bending,4210392,4.1226630210876465,4.502293586730957,6.424723386764526,6.633161902427673,7.001375675201416,1.9315972328186035,80.6281887755102,56.981425382653065,21.119658801020407
FAMILY-98,FATHER,elastic,4210400,5.017510414123535,4.945262432098389,8.19966745376587,8.802577495574951,11.347620964050293,2.250542640686035,89.96532206632652,65.1805644132653,33.96045918367347
FAMILY-98,FATHER,local,4210401,4.534740924835205,4.3241286277771,7.5108962059021,8.270596265792847,9.876219749450684,2.12221360206604,87.8647161989796,55.018335459183675,27.45336415816326
FAMILY-98,FATHER,bending,4210402,5.113964080810547,5.556485176086426,7.956261396408081,8.262797117233276,8.863946914672852,2.3750126361846924,85.19810267857143,66.63942920918367,44.21237244897959
FAMILY-98,FATHER,elastic,4210410,4.464615345001221,4.214860916137695,7.567450761795044,8.394336223602295,12.383639335632324,2.2011263370513916,86.73469387755102,53.62723214285714,24.87045599489796
FAMILY-98,FATHER,local,4210411,2.793795585632324,2.6914429664611816,4.452174186706543,4.889306426048279,5.760663986206055,1.1915757656097412,71.90290178571429,18.672273596938776,0.0
FAMILY-98,FATHER,bending,4210412,4.351998329162598,4.655935287475586,6.731653690338135,7.083832025527954,7.8760151863098145,1.9831938743591309,82.71484375,59.35108418367348,27.168367346938776
FAMILY-98,FATHER,elastic,4210420,7.175337314605713,7.0411529541015625,11.44877290725708,12.528713464736938,17.00201416015625,3.1715586185455322,95.82469706632652,82.34813456632652,62.13329081632652
FAMILY-98,FATHER,local,4210421,4.899133205413818,5.014360427856445,7.337862968444824,7.9262813329696655,9.29769515991211,1.9182754755020142,91.89453125,68.0305325255102,30.725845025510207
FAMILY-98,FATHER,bending,4210422,3.5632686614990234,3.885009765625,5.5503339767456055,5.741682767868042,6.0921831130981445,1.664730191230774,77.15840242346938,48.018973214285715,0.1992984693877551
FAMILY-98,FATHER,elastic,4210430,7.545751571655273,7.241297245025635,12.556564807891846,13.81072449684143,19.380165100097656,3.6143932342529297,94.77240114795919,82.49561543367348,63.29320790816326
FAMILY-98,FATHER,local,4210431,4.525761127471924,4.529288291931152,6.756157398223877,7.378594398498535,9.379183769226074,1.803904414176941,92.1615911989796,59.29328762755102,24.42004145408163
FAMILY-98,FATHER,bending,4210432,4.1548027992248535,4.499043941497803,6.456009387969971,6.727316975593567,7.281796455383301,1.9201247692108154,81.25,57.11694834183674,21.42059948979592
FAMILY-98,FATHER,elastic,4210440,4.027454853057861,3.9224538803100586,6.76186990737915,7.590770483016968,10.118951797485352,1.9825676679611206,83.02774234693877,48.549107142857146,17.103794642857142
FAMILY-98,FATHER,local,4210441,3.0580251216888428,3.009143829345703,5.1335155963897705,5.481700778007507,6.864748954772949,1.4730957746505737,74.05731823979592,27.578922193877553,1.628268494897959
FAMILY-98,FATHER,bending,4210442,6.0233845710754395,6.588929176330566,9.392039775848389,9.686573266983032,10.137933731079102,2.832716226577759,87.39835778061224,72.28555484693877,55.604272959183675
FAMILY-98,MOTHER,elastic,4210450,6.959051132202148,6.8979811668396,11.520764350891113,12.810978174209595,18.597095489501953,3.3714070320129395,93.9453125,77.7084661989796,58.60371492346938
FAMILY-98,MOTHER,local,4210451,3.648282051086426,3.549684762954712,5.975489616394043,6.6604249477386475,9.31205940246582,1.781266450881958,80.47871492346938,41.12523915816326,9.763632015306122
FAMILY-98,MOTHER,bending,4210452,5.888680458068848,6.455387592315674,9.185128688812256,9.464533567428589,9.806900978088379,2.783748149871826,86.85427295918367,71.49633290816327,54.474250637755105
FAMILY-98,MOTHER,elastic,4210460,5.123262882232666,4.95864200592041,8.421971321105957,9.331237077713013,11.653633117675781,2.3382179737091064,91.98222257653062,64.36543367346938,33.92059948979592
FAMILY-98,MOTHER,local,4210461,3.809598445892334,3.6991777420043945,6.287266731262207,6.64536726474762,7.866639614105225,1.7867472171783447,81.41541772959184,44.642857142857146,13.649952168367346
FAMILY-98,MOTHER,bending,4210462,5.010011196136475,5.4477219581604,7.7964067459106445,8.087990522384644,8.651056289672852,2.3305904865264893,84.79950573979592,65.82629145408163,42.562181122448976
FAMILY-98,MOTHER,elastic,4210470,9.5984525680542,9.573619842529297,15.05459213256836,16.469218730926514,20.756879806518555,4.087789058685303,97.77782206632652,90.53930165816327,78.34821428571429
FAMILY-98,MOTHER,local,4210471,4.614786148071289,4.438702583312988,7.578252792358398,8.438446044921875,10.274422645568848,2.0591325759887695,90.7485650510204,58.35658482142857,24.01347257653061
FAMILY-98,MOTHER,bending,4210472,3.366940975189209,3.6408896446228027,5.228620290756226,5.456148147583008,5.929615020751953,1.5526801347732544,76.00446428571429,42.66382334183674,0.0
FAMILY-98,MOTHER,elastic,4210480,5.6792097091674805,5.606559753417969,9.235007762908936,10.048535585403442,13.077116012573242,2.589080333709717,92.3389668367347,70.28459821428571,44.917889030612244
FAMILY-98,MOTHER,local,4210481,3.823474407196045,3.566446304321289,6.598888397216797,7.591693878173828,8.878520011901855,1.9178699254989624,82.17474489795919,40.826291454081634,14.750079719387754
FAMILY-98,MOTHER,bending,4210482,4.975884914398193,5.330004692077637,7.70045018196106,8.096229553222656,8.977252006530762,2.2704992294311523,85.38145727040816,65.69475446428571,40.75255102040816
FAMILY-98,MOTHER,elastic,4210490,5.451034069061279,5.479979515075684,8.858983993530273,9.799087047576904,14.120681762695312,2.6118602752685547,89.13624043367348,68.68423150510205,42.225366709183675
FAMILY-98,MOTHER,local,4210491,3.414750337600708,3.431210517883301,5.672461271286011,6.1107563972473145,7.965427875518799,1.6241847276687622,77.2999043367347,36.9758450255102,6.55094068877551
FAMILY-98,MOTHER,bending,4210492,4.986790657043457,5.415201663970947,7.7560648918151855,8.060256958007812,8.659614562988281,2.3140556812286377,84.82342155612244,65.64891581632652,41.976243622448976
